Nitrogen,Phosphorus,Potassium,OC,pH,Crop
200.6,39.9,136,0.86,6.1,Rice
243.3,36.6,146.3,0.89,6.2,Rice
224.8,39,155.2,0.92,6.1,Rice
289.7,44.3,141.8,1.13,6,Rice
236.3,42,138.8,1.02,5.6,Rice
194.9,26.4,108.2,0.83,5.9,Rice
203.9,32.9,132.9,0.88,6.1,Rice
230,30.9,137.3,0.94,6,Rice
182.1,29.1,110.9,0.89,6.2,Rice
252.1,39.9,146.1,0.94,5.9,Rice
220.3,28.6,141.4,0.88,5.9,Rice
328,46,195.3,1.3,5.7,Rice
193.1,32,96.3,0.75,5.8,Rice
308,48.8,157.6,1.39,6,Rice
211.6,40.1,135.7,0.86,6.3,Rice
250,30.5,112.8,0.92,5.4,Rice
263.2,40.2,140.6,0.98,5.7,Rice
182.2,35.1,131.3,0.8,5.8,Rice
269.2,47.6,151.6,1.09,5.7,Rice
281.3,40.6,140.6,1.17,5.9,Rice
326,42,140.6,1.04,6.6,Rice
316.4,43.8,161.7,1.17,5.7,Rice
261.4,43.9,134.7,1.03,5.6,Rice
307.7,44.8,138.2,1.21,6.4,Rice
258.2,33.5,108.3,1.12,5.9,Rice
310.9,51.7,152.8,1.22,5.8,Rice
244.7,40,130.8,1,6,Rice
203.5,32,117.2,0.93,5.7,Rice
263.7,45,158.2,1.17,5.4,Rice
185.4,26.2,114.7,0.72,5.6,Rice
271.2,41.5,131.8,1.12,6.2,Rice
250.8,35.9,165,0.99,5.6,Rice
316,44.6,179.1,1.3,6.6,Rice
264.8,41.7,135,1.07,5.8,Rice
190.8,38.4,94.9,0.78,5.9,Rice
313.9,46.2,167.5,1.31,6.2,Rice
304.7,43.5,167.6,1.28,5.7,Rice
239.3,36.9,128.6,1.04,5.7,Rice
191,27.5,130.1,0.81,5.8,Rice
224.1,36.9,146.4,1.07,5.9,Rice
236.5,36.4,137.5,1.14,6.2,Rice
263.9,43.6,155.5,1.06,6,Rice
282.4,40.8,133.6,1.09,5.7,Rice
292.4,49.5,166.7,1.13,6.2,Rice
203.1,24.9,130.3,0.73,5.7,Rice
285,45.2,126.3,1.23,6,Rice
246.9,34.8,138.7,0.99,5.7,Rice
260.8,43.5,147.1,1,6.3,Rice
200.2,40.2,134,0.92,6.2,Rice
264.4,37.5,125.1,1.14,5.5,Rice
293,42.6,159.6,1.19,6.6,Rice
323.8,49.1,141.8,1.23,6.1,Rice
187.7,30.1,113.7,0.93,6.2,Rice
303.4,36.1,144.4,1.26,5.6,Rice
358.8,45.2,164.3,1.25,6.4,Rice
265.5,39.8,130.5,1.04,6.1,Rice
190.5,26.3,120.9,0.93,5.3,Rice
215,30.7,134,0.85,6.3,Rice
201.2,28,127.9,0.84,6.5,Rice
208.4,32.2,101.7,0.78,6.2,Rice
224,32.2,134.3,0.97,5.6,Rice
316.9,48.3,177.1,1.38,6.4,Rice
272.8,29.4,122.1,1.09,5.3,Rice
193.6,34.3,120.3,0.77,5.7,Rice
244.9,41.2,137.1,0.98,5.7,Rice
293.5,42.6,142.9,1.16,6.4,Rice
303.2,46.4,146.7,1.16,6.3,Rice
178,29.4,92.7,0.7,5.7,Rice
253.1,40.4,146,0.98,5.8,Rice
255.5,33.6,126,0.94,6,Rice
290.3,44.7,157.2,1.12,6.4,Rice
354.9,44.2,149.7,1.22,6.3,Rice
213.2,40,126.3,1.04,5.6,Rice
224.5,31.5,137.4,0.83,6.5,Rice
218.7,31.2,121,0.88,6.2,Rice
228.1,36.8,124.6,1.02,6.2,Rice
263.4,37.6,147.9,0.97,5.7,Rice
261.4,44.5,130.6,0.82,5.9,Rice
252.3,38.5,156.3,1.04,6.2,Rice
281.9,38.8,153,1.16,6.8,Rice
282.4,44.6,156.4,1.29,6.1,Rice
274.5,36.1,139.4,1.03,5.8,Rice
339.6,51.9,175.5,1.16,6,Rice
244,37.5,123.2,0.96,6.1,Rice
262.8,45.7,154,1.07,5.8,Rice
272.3,44.6,144.1,1.05,6.1,Rice
189.3,26.3,100.6,0.74,6.1,Rice
321.5,47.1,153.5,1.2,5.7,Rice
175.5,38.6,122.1,0.94,6,Rice
237.8,33.4,161.9,1.06,6.3,Rice
169.5,28.8,115.2,0.87,6,Rice
168.9,30.9,122.4,0.77,5.8,Rice
256.1,40,123.6,1.02,6.3,Rice
332.8,49.6,187.3,1.28,6.2,Rice
260.8,38.7,128.4,0.92,5.5,Rice
240.5,37.9,159.5,0.97,5.5,Rice
236.4,41.9,136.8,1.01,5.8,Rice
187.3,27.2,103.7,0.7,5.5,Rice
209.6,37.5,114.4,0.76,5.9,Rice
215.4,37.1,136.5,0.93,5.8,Rice
396,52.4,170.2,1.32,5.9,Rice
156.5,20,93.8,0.6,6.3,Rice
189.8,30.3,101.1,0.83,6.4,Rice
250.6,47.8,161,1.15,5.5,Rice
252.8,42.3,128.1,0.95,5.9,Rice
259.3,36.2,161.1,0.98,5.8,Rice
307.4,44,178.6,1.19,6.3,Rice
220.4,31.9,93,0.68,6.2,Rice
315.1,42.7,172.3,1.09,6.5,Rice
171.7,27.3,142.8,0.82,5.2,Rice
199,31.1,132.6,0.7,5.7,Rice
379,56.1,172.1,1.25,6.1,Rice
300.9,45.5,150.3,1.17,5.5,Rice
222.8,34.1,132.7,1.02,6,Rice
259.2,38.5,158.5,0.93,6.2,Rice
285.9,41.4,105.9,1.12,6.6,Rice
264.6,42.6,141.3,0.92,6,Rice
272.4,34.6,152.6,1.05,6.2,Rice
361.6,51.6,177.9,1.38,5.8,Rice
176.3,23.9,92.9,0.69,5.6,Rice
309.9,38.7,157.4,1.1,6.6,Rice
294.3,41.5,159.7,1.32,6.2,Rice
246.6,41.8,125.1,0.97,6,Rice
358.9,52.1,178.7,1.29,5.8,Rice
163.3,29.3,91.4,0.67,5.8,Rice
218.7,28.6,131.7,0.86,5.1,Rice
376.4,52.6,200,1.36,6.4,Rice
188.5,38.5,124.8,0.66,5.9,Rice
161.5,22.1,97.2,0.67,6.8,Rice
302.7,42.9,155.4,1.1,5.5,Rice
311,49.2,171.1,1.16,6.2,Rice
341.4,47.9,173.7,1.09,6.2,Rice
125.5,24.3,80,0.52,5.8,Rice
342.3,46.8,150,1.33,5.7,Rice
243.8,41.1,144,0.93,5.9,Rice
280.5,37.6,155,1.03,5.5,Rice
251.1,36.2,148.5,0.91,5.4,Rice
357.5,52.4,168.7,1.32,5.8,Rice
351.7,48.8,158.5,1.31,6,Rice
115.8,21.4,102.8,0.72,6.4,Rice
280,40.4,161.7,1.08,5.9,Rice
168,34.5,104.8,0.85,6.8,Rice
170.5,28.3,120.8,0.61,5.9,Rice
218.5,35.9,147,1.07,6.2,Rice
247.6,45.5,124.7,1.09,5.9,Rice
231.9,33.5,130.4,1,6.5,Rice
207.2,35.3,114.8,0.92,6.1,Rice
220.6,35.1,114.4,0.93,6.4,Rice
112.8,25.5,111.7,0.62,6.8,Rice
113.3,27,94.3,0.63,6.1,Rice
237,30.1,131.9,0.93,5.3,Rice
220.5,46.7,159.5,1.08,6,Rice
149.8,25.2,115.6,0.76,6.1,Rice
155.9,27.2,112.2,0.62,5.4,Rice
207.3,37.3,129.3,0.94,5.8,Rice
269.5,34.9,162,1.1,6.3,Rice
233.8,36.4,122.3,1,5.9,Rice
113.9,20,90.2,0.5,5.6,Rice
202.5,33.3,117,0.72,5.9,Rice
210.9,34.9,124.6,0.98,5.3,Rice
295.8,46.2,129.4,1.15,5.5,Rice
264,39.8,138.6,1.13,5.7,Rice
165.2,30.2,121.7,0.78,6.1,Rice
260.2,40,152.5,1.11,5.7,Rice
297.8,47.4,193.5,1.29,6.4,Rice
181.2,33.3,123.4,0.72,5.9,Rice
286.5,40.1,163.6,1.1,5.7,Rice
370,54,200,1.36,6.3,Rice
219.9,31.3,145,0.88,5.1,Rice
268.2,39.9,137.5,1.16,5.9,Rice
151,20.6,109.8,0.59,5.1,Rice
346.9,57.5,200,1.29,6.2,Rice
233.7,33.2,140.1,0.89,6,Rice
183.5,30,122.5,0.84,6.2,Rice
255.5,35.3,125.9,1.03,6.4,Rice
288.4,43.9,160.4,1.14,6.1,Rice
219,33.2,128.2,0.84,5.4,Rice
208.9,33.2,116.6,0.79,6,Rice
199.7,31.1,137.2,0.81,5.9,Rice
150.4,27,96.2,0.76,5.5,Rice
314,52.9,157.3,1.26,6,Rice
199.4,34.3,127.2,0.77,5.4,Rice
161.1,32,118,0.8,6.1,Rice
303,41.9,152.3,1.19,5.9,Rice
229.3,38.1,132.3,1.03,6.5,Rice
245.2,36.2,166.7,0.96,5.7,Rice
297.5,36,144,1.14,5.4,Rice
354.7,50.7,193.7,1.44,6.9,Rice
198.5,33.6,114.9,0.71,5.9,Rice
100,21.4,81,0.59,6.2,Rice
400,53.3,186.9,1.5,5.7,Rice
278,46.6,147.8,1.15,6.2,Rice
268.1,42.3,149.9,1.02,6.5,Rice
251.3,31.8,143.1,0.93,5.6,Rice
229.6,28.5,123.3,0.99,5.1,Rice
190.1,31.3,114.2,0.76,5.5,Rice
364.8,45.8,200,1.5,6.6,Rice
128.9,23.4,99.9,0.78,6.1,Rice
268,36.3,141.8,1.1,5.8,Rice
201.4,30.2,129.3,0.77,6.4,Rice
289.2,39.6,125.3,0.92,6.6,Rice
121.8,20,106.8,0.61,6.6,Rice
279.8,42.4,167.7,1.13,6.3,Rice
174.9,27,124.1,0.83,5.6,Rice
254.3,42,138.2,1.04,6.2,Rice
299.7,46.4,170.7,1.21,6.6,Rice
286,43.1,153.1,1.12,5.6,Rice
276.2,46.1,185.2,1.21,6.2,Rice
255,35.8,140.1,1.07,6.5,Rice
343.7,55.9,144.6,1.27,6,Rice
292.6,42.8,168.1,1.25,6.1,Rice
183.6,34.3,105.7,0.78,6.4,Rice
237.2,41.9,143.1,0.84,5.6,Rice
228.3,36.6,125.8,0.79,6,Rice
301.9,49.3,183.3,1.15,6.1,Rice
274.4,36.9,136.6,1.11,6.4,Rice
369.4,53.6,190.5,1.5,6.4,Rice
355,57.7,161.8,1.36,5.5,Rice
146.3,20.8,120.3,0.68,6.4,Rice
208,31.4,113.9,0.9,6.1,Rice
177,20,102.8,0.62,6.9,Rice
231.8,36,120.7,0.98,6.3,Rice
241.2,38.7,125.4,1.03,6,Rice
142.6,20,80,0.53,6.1,Rice
203.4,23.7,117.8,0.83,6.4,Rice
286.6,37.9,155.7,0.9,5.7,Rice
255,34.5,136.8,0.88,6.3,Rice
120.9,24.6,119.6,0.55,6,Rice
351.1,54.6,199.9,1.26,6.5,Rice
374,46.9,190.3,1.26,5.8,Rice
217.7,39.1,151.1,1.12,6.1,Rice
208.3,29.8,139.8,0.76,5.5,Rice
309.8,40.6,142.9,1.1,5.6,Rice
307.7,35.3,145.5,1.07,6.7,Rice
237.1,39.2,115.5,0.92,6,Rice
315.7,38.1,131,1.24,6.4,Rice
268.6,35.1,136.6,1,6.1,Rice
180.9,28.9,131.6,0.88,5.6,Rice
307.3,46.1,154.2,1.45,5.2,Rice
192.2,32.9,98.6,0.64,5.7,Rice
295.6,40.6,149.3,1.13,5.7,Rice
157.1,27.1,101.7,0.8,5.6,Rice
346,53.8,181.9,1.48,5.1,Rice
207.1,34.8,123.1,0.89,6.2,Rice
149.3,28.5,81.8,0.52,6.6,Rice
287.3,39.1,153,1.06,6.1,Rice
141,21.2,121.3,0.64,5.4,Rice
211.8,30.4,117.4,0.87,6.3,Rice
282.1,45.9,145.1,1,6,Rice
208.9,42.6,159.8,0.82,5.9,Rice
198.2,29.2,121.4,0.74,6.7,Rice
137.7,26.6,129.6,0.66,6.2,Rice
326.2,49.8,155,1.3,6,Rice
141,30.5,105.5,0.66,5.7,Rice
330.7,52.1,169.7,1.22,5.9,Rice
354.3,53.3,200,1.36,5.6,Rice
284.1,48.4,156.5,1.26,5.7,Rice
198.5,26.6,122.9,0.71,6.2,Rice
161,30.1,114.9,0.71,6.4,Rice
293.5,45.5,151.3,1.17,5.5,Rice
251.8,37.8,154.8,1.08,6,Rice
278.2,43.5,149.7,1.32,6,Rice
319,44.2,156.5,1.2,5.8,Rice
208.2,36.6,116.3,0.92,6.3,Rice
274.4,38.5,151.8,1.04,6.7,Rice
326.9,53.7,154.6,1.18,6.2,Rice
133.5,23.8,93.5,0.73,6.4,Rice
307.9,48.1,171.5,1.08,5.8,Rice
379.3,47.9,177.8,1.37,6.5,Rice
281.3,37.8,170.5,1.17,6.6,Rice
223.7,41.4,147.1,0.87,6.1,Rice
251,38.4,148.1,1.03,5.3,Rice
134.4,20,83.6,0.53,6.3,Rice
138.6,22.6,89.7,0.75,6,Rice
255.7,49,152.3,1.1,5.9,Rice
252.5,44.7,141.6,1.04,6.2,Rice
161.9,31.2,118.5,0.78,6.2,Rice
176.7,27,125,0.84,5.7,Rice
139.3,27.4,109.7,0.7,6.4,Rice
295.4,38.2,149.2,1.15,6.8,Rice
278.3,37.8,145.8,1.08,5.6,Rice
334.5,46.2,197,1.29,5.6,Rice
199.4,31.3,133.2,0.81,6.3,Rice
281.6,37.1,172.9,1.11,6.5,Rice
321.7,42.9,169.7,1.3,6.4,Rice
368.4,50.5,152.6,1.34,6.4,Rice
263.7,40.5,132.1,0.93,6,Rice
354.5,51.7,187.1,1.28,6,Rice
339.2,43.6,190.1,1.41,5.2,Rice
319.4,57.1,198.2,1.34,5.7,Rice
258,37.5,126.5,1,5.6,Rice
303.3,43.8,171.5,1.28,5.2,Rice
240.4,41.9,145.4,1.08,5.9,Rice
208.3,32.5,135,1.03,5.5,Rice
303.1,43.3,165.9,1.1,5.6,Rice
157.6,26.6,98.7,0.78,6.3,Rice
223.2,26.7,107.5,0.88,5.5,Rice
245.6,41.9,127.6,0.96,6.6,Rice
219.8,36,124.7,0.98,5.4,Rice
221.1,44.4,154,1.11,6.2,Rice
246,36.3,118.1,0.99,6.5,Rice
314.1,49.2,166.7,1.36,5.5,Rice
217,28.2,131.8,1,5.2,Rice
200.9,30.4,129.4,0.76,5.9,Rice
291,36.6,150.6,1.16,6.7,Rice
148.5,22.8,80,0.5,6.4,Rice
188.4,32.1,106.9,0.88,5.7,Rice
107.2,20,80,0.55,5.8,Rice
282.9,40.3,160.4,1.1,6.2,Rice
265.4,43.3,158.2,1.1,5.9,Rice
356.4,41.6,163,1.16,5.4,Rice
311,38.3,122.2,1.01,5.9,Rice
249.2,36.8,146.4,0.92,5.2,Rice
220.1,25.8,115.6,0.9,5.4,Rice
207.8,28.4,108,0.71,6.7,Rice
334.9,49.5,157.1,1.36,6.4,Rice
262.1,37.6,126.8,0.8,5.9,Rice
172.4,25.7,130,0.76,5.5,Rice
197.3,28.2,104.5,0.73,6.7,Rice
270.4,49.1,162,1.14,6.9,Rice
238.2,38,146.2,1.02,5.3,Rice
216.8,33.8,144.6,0.92,6.3,Rice
294.2,45.5,164.8,1.09,5.6,Rice
295.2,44.9,151.5,1.16,6.6,Rice
229.5,40.7,165.8,0.83,5.7,Rice
372.7,52.7,182.3,1.4,6,Rice
214.4,36.5,126,0.87,5.5,Rice
263.8,38.5,130.8,0.97,5.4,Rice
183.1,20.9,90.7,0.63,6.3,Rice
147.1,20.6,91.5,0.67,5.8,Rice
194.2,29.6,112.2,0.82,6.1,Rice
207.5,33.9,107.8,0.92,6.2,Rice
201.7,33,141.5,0.93,5.7,Rice
223.8,32,150.4,0.95,5.6,Rice
204,31.8,120,0.88,5.8,Rice
199.5,30.6,118.4,0.98,5.7,Rice
161.8,30.6,109.6,0.73,6.2,Rice
302.8,43.6,154.7,1.17,6.3,Rice
235.1,30.9,147.9,1.07,6.4,Rice
267.3,34.5,135.8,1.01,6.6,Rice
262,46.2,130,1.15,6,Rice
196.2,26.8,129.7,0.6,6.3,Rice
326.8,49.5,154,1.15,6.2,Rice
244.5,43,134.7,1.11,6.5,Rice
306.9,36.1,132.9,1,6.4,Rice
108,20,81.9,0.53,5.8,Rice
256.8,37.9,127,0.92,5.6,Rice
241.3,32.5,123.7,0.8,6.8,Rice
327.5,44.8,166.6,1.2,5.8,Rice
110.5,27.3,126.5,0.69,6.4,Rice
307,56.9,179.6,1.29,6.4,Rice
114.5,23.3,106,0.65,5.9,Rice
137.7,21.5,89.3,0.63,6.5,Rice
126.2,20,80,0.7,6.7,Rice
168.8,25.4,82.4,0.65,6.5,Rice
261.2,34.5,133.3,0.96,6.5,Rice
119.9,20,112,0.54,5.4,Rice
333.3,42,171.5,1.26,5.3,Rice
149.4,33.7,120.3,0.69,6.1,Rice
188.8,24.9,88.4,0.78,5.5,Rice
357.1,49.5,168.7,1.25,6.8,Rice
235.9,33.7,129.3,0.91,5.1,Rice
350.7,41,172.5,1.24,5.7,Rice
190.1,26.2,125.3,0.89,5.1,Rice
172.5,32.3,128.2,0.63,5.7,Rice
127.7,22.1,88.1,0.63,6.7,Rice
200.1,24,124.7,0.75,5.5,Rice
118.9,20.5,84.2,0.51,5.9,Rice
334,44.3,185.2,1.39,6.8,Rice
183.6,26.5,122.3,0.86,6.5,Rice
106.9,20,80,0.53,5.3,Rice
222.9,27.5,104.3,0.87,5.7,Rice
331.7,53.8,189.4,1.3,5.7,Rice
201.1,33.7,136.1,0.93,5.4,Rice
116.5,29.1,90.6,0.66,6,Rice
172.1,26,108.4,0.65,6.6,Rice
320.7,43.2,179.8,1.25,6.6,Rice
363.8,47.1,159.3,1.45,5.2,Rice
165,25.7,128.6,0.78,6.4,Rice
400,52.2,181.4,1.39,6.9,Rice
150,20,107.6,0.61,5.3,Rice
351.4,46.3,176.8,1.48,6.8,Rice
125.8,20.7,92.4,0.62,5.7,Rice
276.2,40,134.4,1.17,6.4,Rice
400,52.6,184.1,1.44,5.4,Rice
347.6,44.1,189.4,1.36,5.6,Rice
173,28.7,120.7,0.83,6.9,Rice
351.1,57.8,174.4,1.4,5.6,Rice
380.3,53.9,182.7,1.38,5.4,Rice
122.3,20,108.9,0.5,6.9,Rice
132,28.9,80.2,0.74,6,Rice
257.4,40.7,159,1,6,Rice
345.5,48.7,167.3,1.4,6.8,Rice
210.7,26.3,102.5,0.71,6.6,Rice
230.9,37.4,155.1,0.92,6.8,Rice
100,20,80,0.53,5.8,Rice
128.7,20,92.6,0.64,6.2,Rice
400,51.6,184.6,1.5,5.6,Rice
375.6,51.3,190.4,1.4,5.3,Rice
360.9,48.3,165.8,1.23,5.1,Rice
284.7,35.4,149.1,1.08,6.8,Rice
344.7,51.9,182.8,1.39,5,Rice
147.9,22.2,105.3,0.64,6.6,Rice
256.5,35.8,157.7,1.08,5.2,Rice
224.8,30.9,119.5,0.87,6.6,Rice
159.3,20,103.3,0.58,5.1,Rice
379.4,54.1,200,1.42,6.5,Rice
100,23,80.6,0.62,6.1,Rice
170,20,116.1,0.63,5.1,Rice
181.9,23,113.2,0.91,6.7,Rice
279,41.5,157.2,1.17,5.8,Rice
363.3,53.2,188.5,1.42,6.4,Rice
335,46.7,182.2,1.26,5.1,Rice
152.8,20,81.2,0.69,5.4,Rice
116.4,20,98,0.5,6.6,Rice
208,33.5,130.6,0.95,5.4,Rice
210.5,31.9,117,0.77,5.7,Rice
219.5,29,116.4,0.75,6.8,Rice
144.2,22.8,119.4,0.55,7,Rice
400,52.3,200,1.38,6.5,Rice
335.9,51.1,160.6,1.29,5.5,Rice
303.5,40.1,149.2,1.14,5.5,Rice
356.6,53.3,200,1.34,6.6,Rice
317.6,49.2,200,1.28,6.4,Rice
268,46.1,160.1,1.28,5.8,Rice
132.5,20,103.2,0.63,5.6,Rice
128.7,20,80,0.51,5.1,Rice
184.5,31.6,142.7,0.89,5.1,Rice
300.7,50.3,181.8,1.29,6.1,Rice
334.1,38.8,183.5,1.27,6.9,Rice
292.8,45.4,158.4,1.14,6.3,Rice
179.6,31,117.6,0.88,6.8,Rice
255.9,44.7,141,0.99,5.5,Rice
204.7,31.2,111.4,0.83,6.8,Rice
314.3,40.9,154,1.06,5.6,Rice
333.6,44.1,146,1.33,6.9,Rice
369.2,51.3,175,1.44,5.8,Rice
232.8,30.5,118.9,0.86,6.2,Rice
136.9,20,92.4,0.64,6.3,Rice
400,50.8,177.9,1.32,5,Rice
146.8,20,97.8,0.71,5.3,Rice
265.4,32.4,141.6,0.97,5.4,Rice
169.1,22,94.1,0.71,5.8,Rice
365.6,48.6,190.3,1.4,5.1,Rice
169.9,23.5,111.6,0.84,6.7,Rice
301.3,45.9,174.4,1.07,6.4,Rice
253.2,31.8,143.5,0.96,5.3,Rice
338,42.7,198.5,1.38,5.3,Rice
193.2,26.2,128.5,0.93,6.9,Rice
168.7,28.1,106.9,0.7,5.3,Rice
351.2,50.6,185.1,1.36,6.9,Rice
202.1,25.5,111.3,0.7,5.2,Rice
241.4,40.4,156.4,1.2,5.5,Rice
273.3,41.9,139.2,1.11,6.4,Rice
149.2,20,114.8,0.7,6.8,Rice
143.7,21.2,112.4,0.77,5.3,Rice
377.3,46,174.3,1.29,6.6,Rice
277.8,42.7,171.7,1.17,5.3,Rice
300.2,34.2,154.6,1.14,6.5,Rice
400,60,195.2,1.5,6.1,Rice
294.3,42.6,161.1,1.15,5.4,Rice
333.2,40,148.1,1.17,6.7,Rice
400,50.5,186.7,1.4,6,Rice
134.9,28.7,114.1,0.76,6.8,Rice
354.2,54.6,172.5,1.38,6.6,Rice
319.5,36.6,171.6,1.2,5.3,Rice
209.7,31.7,134.6,0.95,5.2,Rice
162.1,23.1,107.2,0.67,5.4,Rice
282,35.4,160.5,1.13,6.6,Rice
143.2,26.2,98.3,0.8,6.5,Rice
375.9,58.9,189.6,1.48,5.6,Rice
315.5,47.4,163.8,1.22,5.9,Rice
168.4,23.7,110.2,0.68,6.4,Rice
337.1,43.7,183.4,1.36,5.7,Rice
100,23.4,95,0.5,5.7,Rice
264.4,50.3,133.2,1.16,5.9,Rice
312.5,45.2,159.2,1.19,6,Rice
100,20,90.9,0.65,6.5,Rice
172.5,20,118.8,0.72,6.4,Rice
257.1,29.2,149.5,0.86,6.6,Rice
154.2,20,118.2,0.77,5.4,Rice
400,54.4,200,1.48,5.9,Rice
291.4,41.7,157.3,1.1,5.2,Rice
324.3,57.8,163.7,1.25,5.7,Rice
307.5,43.1,146.2,1.09,5.4,Rice
155.9,21.9,108.4,0.57,5.4,Rice
252.1,32.5,144.7,1.01,6.9,Rice
227.1,35.2,143.2,0.84,6.8,Rice
383.7,52,200,1.5,6.6,Rice
100,20,104.5,0.5,5.1,Rice
266.7,40.9,141,0.83,6.8,Rice
219.4,40,101.9,0.96,5.7,Rice
207.4,32.2,113.1,0.81,6.9,Rice
197.2,31.9,122.3,0.69,6.1,Rice
170,20,97.6,0.62,5.4,Rice
163,26.2,104.1,0.7,5.9,Rice
107.2,20,98.1,0.59,6.9,Rice
143.6,22.8,102.7,0.56,5.3,Rice
310.8,45.9,164.7,0.99,6.6,Rice
365.7,54.1,170.4,1.34,5.1,Rice
342.5,51.2,191.9,1.11,6.9,Wheat
230.6,43.1,185.4,0.96,6.5,Wheat
378.9,59.6,241.9,1.65,7,Wheat
211.2,43.1,142.9,1.04,6.5,Wheat
306.7,57.4,204.4,1.45,6.7,Wheat
336.3,52.9,201.8,1.56,6.5,Wheat
297.9,50,188.5,1.22,6.6,Wheat
404.1,65.5,222.7,1.6,6.5,Wheat
191.8,36.5,122.1,0.93,6.8,Wheat
209.1,41.3,127.8,0.97,6.6,Wheat
392.6,61.3,268.3,1.72,6.5,Wheat
282.4,45.4,194.4,1.22,6.9,Wheat
223.9,41.3,177.4,1.13,6.7,Wheat
330.1,49.7,195.2,1.35,7.1,Wheat
343.6,53.2,185.7,1.32,7,Wheat
303.1,47.8,191.4,1.17,6.9,Wheat
235.4,45.8,172.3,1.1,6.9,Wheat
300.4,47.2,192.5,1.34,6.6,Wheat
245.5,43.3,178.2,1.04,6.7,Wheat
361.5,51.6,190.6,1.53,7.1,Wheat
192.3,32.1,143.5,0.89,7.1,Wheat
313.8,47.4,190,1.24,7.1,Wheat
280.6,46.4,177.6,1.11,7.1,Wheat
329.7,59.8,238.7,1.47,6.9,Wheat
261.1,49.1,156.4,1.16,6.7,Wheat
307.5,46.1,191.6,1.12,6.9,Wheat
229.6,50.8,180.7,0.99,6.8,Wheat
298.9,51.2,187.3,1.22,6.9,Wheat
284.4,45.4,177.3,1.19,6.8,Wheat
347.4,61.2,207.5,1.39,6.9,Wheat
159.4,33.9,117.3,0.69,6.7,Wheat
355.4,55,227.5,1.49,6.7,Wheat
321.6,53.4,257.7,1.54,6.9,Wheat
277,44.4,209.8,1.04,6.7,Wheat
215.1,34.6,140.8,0.99,6.6,Wheat
216.9,47.4,122.1,1.09,6.6,Wheat
351.3,52.1,238.8,1.54,6.9,Wheat
345.3,52.5,232.4,1.37,6.6,Wheat
265,47.3,222.8,1.36,6.9,Wheat
233.9,42.3,218.2,1.16,7,Wheat
229.6,35.5,190.5,0.9,7,Wheat
260.5,44.7,222.5,1.17,7,Wheat
290.9,51.3,183.1,1.35,6.8,Wheat
238.6,42.2,153.1,1.05,6.4,Wheat
378.6,65.8,216.3,1.6,6.8,Wheat
311.8,52.7,217.8,1.27,7.3,Wheat
386.7,64.8,278,1.48,7.1,Wheat
273.1,43.7,203.5,1.03,6.8,Wheat
332.9,53.5,210.3,1.22,6.9,Wheat
204.8,37.1,168.9,0.82,6.7,Wheat
329.6,55.1,206.9,1.22,6.7,Wheat
369.6,58.8,214.8,1.51,7,Wheat
257.8,41.7,189.1,0.97,6.5,Wheat
226.7,50.2,187.2,1.09,6.5,Wheat
265,36.7,170.6,1.06,6.8,Wheat
331.6,47.8,187.6,1.47,7.1,Wheat
364,51.4,196,1.61,7.1,Wheat
249.2,45.9,190.2,1.11,6.6,Wheat
209.1,40,154.1,0.93,6.9,Wheat
294.7,49.2,186.4,1.28,7.1,Wheat
329.3,51.9,202,1.36,6.7,Wheat
303.5,48.6,183.4,1.42,7.2,Wheat
283.9,56.3,213.5,1.17,6.7,Wheat
247.5,45.9,172,1.17,6.8,Wheat
267,49.6,134.6,1.23,7,Wheat
288.7,50.6,180.4,1.16,7.1,Wheat
222.2,40.8,163.7,0.96,6.9,Wheat
278.1,44.4,199.8,1.05,7.2,Wheat
300.9,48.2,203.8,1.11,6.8,Wheat
249.8,42.3,225,1.07,6.9,Wheat
344.6,59.8,225,1.46,6.5,Wheat
281.2,54.2,205.8,1.27,6.7,Wheat
231.2,44.3,151.8,0.98,6.9,Wheat
280.2,46.4,196.6,1.18,6.8,Wheat
305.2,48.4,183.7,1.14,6.4,Wheat
335.6,50.1,210.1,1.27,6.7,Wheat
219.6,37.4,162.5,1.08,7,Wheat
293.1,53.2,169.5,1.06,6.6,Wheat
265.9,46.3,214.1,1.21,6.4,Wheat
264.1,50.3,167.6,1.29,7,Wheat
265.4,39.1,182,1.24,7.1,Wheat
294.1,42.7,173.7,1.07,7.2,Wheat
283.7,50.9,206.2,1.24,6.6,Wheat
309.1,48.3,195.7,1.29,6.9,Wheat
332.2,57,212.5,1.27,6.4,Wheat
370.4,63.3,273.6,1.43,6.7,Wheat
298.7,50.9,191.3,1.19,6.6,Wheat
312.6,48.6,183.9,1.31,7,Wheat
229.8,37.2,168.2,0.96,6.8,Wheat
241.4,52.9,181.4,1.06,6.7,Wheat
269.3,38.4,180.3,1.05,6.9,Wheat
339,52.8,188.1,1.51,6.6,Wheat
296.9,54.1,210.9,1.26,6.9,Wheat
307.1,53.8,193.4,1.22,6.7,Wheat
197,43.8,133,1.03,6.9,Wheat
207.2,40.9,187.9,0.99,6.4,Wheat
267.5,47.6,171.5,0.99,6.7,Wheat
341.5,52.2,187.4,1.37,6.9,Wheat
314,45.7,196.6,1.35,6.8,Wheat
240.5,39.4,189.8,0.92,6.3,Wheat
219.5,38.4,149.7,0.79,6.8,Wheat
274.8,45.1,181,1.33,6.5,Wheat
236.8,34,104.3,0.83,6.8,Wheat
199.6,38.4,140.7,0.87,6.8,Wheat
309.7,49.6,183,1.21,7.1,Wheat
430.8,68.5,275.3,1.8,6.7,Wheat
327.4,51.2,215.2,1.24,6.2,Wheat
294.2,45.8,187.4,1.14,7.3,Wheat
297.6,44.3,175.3,1.11,6.8,Wheat
376.7,52.4,228.7,1.46,6.8,Wheat
215.2,41.7,175,0.93,6.6,Wheat
362.2,46.5,183.6,1.55,7.4,Wheat
227.8,41.1,171.4,1.04,6.6,Wheat
277.3,38.3,180,1.29,7.2,Wheat
291.8,51.9,194.5,1.29,6.6,Wheat
263,51.9,206.5,1.26,6.7,Wheat
418.4,68.8,280,1.64,6.7,Wheat
414.1,65,244.2,1.67,6.4,Wheat
317.7,56.6,248,1.31,6.6,Wheat
342.8,59.3,265.1,1.57,7.2,Wheat
163.5,32.2,107.3,0.74,6.4,Wheat
330.3,47.3,236.4,1.34,6.4,Wheat
393.5,60.3,242.7,1.56,6.3,Wheat
289.7,46.8,217.5,1.19,6.6,Wheat
297,51.3,186.3,1.41,6.8,Wheat
272.9,51.9,185.6,1.02,6.8,Wheat
212.5,31.3,179,0.82,7.1,Wheat
190.3,36,134.5,0.65,6.3,Wheat
211.3,37.6,119.2,0.64,6.5,Wheat
254.6,46.5,183.4,1.17,6.5,Wheat
275.8,55.2,173.4,1.24,6.7,Wheat
218.2,42.2,168.4,1.11,6.8,Wheat
200,32.9,170.8,1,6.4,Wheat
185.6,44.9,115.8,0.71,6.6,Wheat
329.5,45.5,218.3,1.25,6.2,Wheat
265.2,49.1,196.8,1.2,6.8,Wheat
236.2,36.4,139.6,1.16,7,Wheat
197.4,46.4,206.6,0.91,6.7,Wheat
223.9,43.7,190.8,1.05,6.9,Wheat
223.5,38.6,151.2,0.96,6.8,Wheat
448.1,61.2,265.4,1.54,6.5,Wheat
286.7,53,201,1.08,6.6,Wheat
270.1,45.2,180.5,0.91,6.5,Wheat
278.9,52.9,197.5,1.16,6.6,Wheat
208.1,40.7,100,0.99,6.3,Wheat
303.7,50.9,237.2,1.42,7.3,Wheat
292.3,45.1,219.4,1.3,6.9,Wheat
233.7,44.6,194.2,0.98,6.4,Wheat
268.8,41.7,183.7,1.12,7,Wheat
199.1,33.7,155.2,1.09,6.1,Wheat
325,52,214.7,1.25,6.3,Wheat
218.5,34.1,157.2,0.98,6.6,Wheat
387.7,60.8,252.4,1.67,6.8,Wheat
265.9,35.8,160.8,1.09,7.2,Wheat
299.8,48.3,253.9,1.4,7.3,Wheat
270.6,37.4,163.4,1.01,6.3,Wheat
350.4,48.7,219.8,1.22,6.4,Wheat
311.5,51.4,222.9,1.38,6.4,Wheat
269,40.5,193,1.13,6.4,Wheat
376.9,60.8,267.8,1.75,7.1,Wheat
292.8,47.7,187.6,1.22,6.8,Wheat
303,55.5,223.3,1.15,6.8,Wheat
246,45.4,135.9,1.07,6.8,Wheat
376,56.5,280,1.53,7,Wheat
293.6,53.5,213.1,1.24,6.8,Wheat
311.3,49.1,196.4,1.18,6.8,Wheat
366.1,60,239.5,1.65,6.7,Wheat
262.8,42.5,169.9,1.02,6.5,Wheat
298,50.6,254.3,1.52,7.1,Wheat
364.9,58.4,221.5,1.7,7.2,Wheat
404,58.2,272,1.33,7.3,Wheat
243.4,44.8,153.7,1.11,6.8,Wheat
396,56,227.9,1.3,7.1,Wheat
280.7,44.3,172.7,1.22,7.1,Wheat
269.4,42,183.5,1.19,7.3,Wheat
382.1,57.4,254.4,1.48,6.6,Wheat
302.4,49.3,233.1,1.27,7,Wheat
281.5,47.7,158,1.11,7,Wheat
431.7,62.8,238.1,1.61,6.8,Wheat
216.6,42.6,181.3,1.03,7.2,Wheat
294.9,47.3,197.2,1.08,7.1,Wheat
288.9,46.8,180.1,1.19,6.1,Wheat
242.1,37,151.2,1,7.2,Wheat
246.2,43.9,175.2,1.11,7.2,Wheat
323.6,51.9,241.9,1.3,6.2,Wheat
305.8,45.9,206.7,1.22,7.1,Wheat
192.9,40.3,146.9,1.08,7.1,Wheat
365.1,54.9,255.1,1.46,7,Wheat
331.5,54.7,187.9,1.48,6.4,Wheat
409,55.1,266.1,1.62,7.2,Wheat
230.6,44.7,162.3,1,7,Wheat
234.7,36.9,136.2,0.77,6.6,Wheat
299.6,53.4,217.9,1.25,6.9,Wheat
263.7,47.6,161.6,1.24,6.9,Wheat
241.2,43,182.3,0.93,6.5,Wheat
253.6,44.9,163.4,1.18,6.2,Wheat
260.9,39.9,188.1,1.1,6.5,Wheat
305.1,58.1,205,1.45,6.6,Wheat
415.6,68.6,246.5,1.75,6.8,Wheat
255.9,48.2,189.3,1.09,7.1,Wheat
370.6,57.4,209.3,1.43,6.7,Wheat
195,35,156.6,0.86,6.9,Wheat
331.5,47.8,195.8,1.44,6.9,Wheat
180.5,33.8,100,0.64,6.9,Wheat
337.4,50.9,224.9,1.29,6.5,Wheat
276.8,47.8,154.5,1.06,6.5,Wheat
265.6,45.9,215.4,1.19,6.4,Wheat
242.8,47.1,177.2,0.98,7,Wheat
209.9,35.2,163.1,1.12,7,Wheat
230.2,42.1,178.2,1.01,6.3,Wheat
217.8,38.6,168.5,0.9,6.5,Wheat
190.7,35,147.9,0.66,7,Wheat
405.2,61.5,280,1.57,7.2,Wheat
405.5,52.4,203,1.66,7.2,Wheat
290.8,55,222.4,1.12,6.9,Wheat
228.3,46.7,176.5,0.99,7,Wheat
173.4,30,100,0.86,6.4,Wheat
333.1,49.6,188.7,1.32,6.7,Wheat
335.5,46.7,196.9,1.51,6.2,Wheat
402.4,58.2,280,1.73,7.2,Wheat
311.4,45.1,162,1.28,6.2,Wheat
415.8,63.1,244.7,1.58,6.8,Wheat
164.6,30.2,110.3,0.6,7.4,Wheat
413.8,61.1,218.3,1.8,6.6,Wheat
157.6,36.3,109.9,0.83,7.4,Wheat
188.1,43.8,140.7,0.83,6.5,Wheat
358.1,60.5,251.3,1.55,6.5,Wheat
290.6,51.7,223.6,1.31,6.4,Wheat
415.3,63.2,273.8,1.62,6.4,Wheat
275.5,43.7,191.7,1.03,7.3,Wheat
120,30,100,0.6,6.8,Wheat
340.9,51.2,195.7,1.3,6.2,Wheat
163.4,37,133.3,0.88,6.8,Wheat
219.3,36.5,139.2,0.94,7.3,Wheat
245.9,49.2,155.3,1.14,6.9,Wheat
298.2,52.6,200.6,1.31,7.3,Wheat
140.4,33.9,117.2,0.62,6.9,Wheat
292.4,49.2,186.2,1.38,6.6,Wheat
397.9,64.8,280,1.55,6.5,Wheat
138.1,30,129.5,0.65,6.4,Wheat
308.9,62.4,260.9,1.52,6.7,Wheat
253.6,57.5,207.2,1.28,6.3,Wheat
180.2,34.9,141.4,0.85,6.7,Wheat
232.5,37.9,149.3,0.68,6.6,Wheat
234.8,41.2,190.8,1.02,7.3,Wheat
197.6,33.7,171.1,0.94,7.2,Wheat
205.2,35.6,130.6,0.9,6.6,Wheat
258.1,42.3,197.6,0.91,7.1,Wheat
339,54.8,231.5,1.51,6.9,Wheat
341.5,54.6,214,1.4,6.6,Wheat
366.3,60.1,243.3,1.25,6.3,Wheat
406.8,58.4,265.4,1.61,7.2,Wheat
330.3,53.4,207.7,1.32,6.7,Wheat
356.1,56.7,233.5,1.5,6.5,Wheat
450,66.5,261.8,1.8,7.1,Wheat
406.5,61.5,252.1,1.52,6.9,Wheat
272.3,43.9,155.9,1.4,6.9,Wheat
195.5,39.3,144.6,0.77,6.4,Wheat
143.7,31.4,109.5,0.97,6.5,Wheat
267,40.5,158.2,0.93,6.6,Wheat
262.7,50,186.3,1.23,7.1,Wheat
329.3,54.6,218.1,1.46,6.9,Wheat
243.3,38,198.9,1.04,6.4,Wheat
256.1,40.5,156.7,0.96,6.4,Wheat
244.3,35.6,155,1.15,7.3,Wheat
366,60.8,278.5,1.45,6.8,Wheat
387.3,59.8,192.9,1.55,6.9,Wheat
248.3,39.5,149.7,0.99,6.7,Wheat
149.4,30,117.1,0.86,6.5,Wheat
405.5,58.1,280,1.72,7.3,Wheat
427.9,66.7,270,1.8,7.1,Wheat
390,57.7,265.7,1.7,7,Wheat
322.5,54.1,208.2,1.42,7,Wheat
279.4,53.9,157.9,1.17,6.5,Wheat
271.6,45.7,168.7,1.21,6.2,Wheat
366.1,48.9,235.1,1.43,6.8,Wheat
244,33.7,149.5,0.94,7.1,Wheat
323.8,54.3,227.2,1.33,7.3,Wheat
168.6,33.8,163.1,0.78,6.7,Wheat
287.4,56.8,212.6,1.34,7.4,Wheat
298.4,46.1,208.8,1.46,6.5,Wheat
332.6,59.3,222,1.42,6.6,Wheat
233,45.1,162.8,0.99,6.8,Wheat
146.4,38,142.7,0.82,7,Wheat
235.9,41.6,160.3,1.31,6.8,Wheat
443.6,60.4,233.1,1.74,6.6,Wheat
314.9,53.7,174.2,1.31,6.7,Wheat
366,58.6,218.4,1.33,6.4,Wheat
245.8,41,148.5,1.19,6.3,Wheat
377.8,52.4,238.5,1.51,7.3,Wheat
284.7,51.5,197.6,1.09,6.6,Wheat
391.2,58.9,255.4,1.62,7,Wheat
257.4,34.4,139.4,0.77,6.4,Wheat
358.5,53,245.3,1.5,7.2,Wheat
334.8,47.5,211.1,1.41,6.5,Wheat
260.8,48.2,207.4,1.25,6.8,Wheat
292.3,47.5,172.4,1.27,6.2,Wheat
403.8,61.4,224.5,1.44,6.9,Wheat
361.4,57.8,242.6,1.41,7,Wheat
344.2,51.9,238.6,1.49,7.3,Wheat
290.1,42.8,201.7,1.25,6.7,Wheat
297.9,44.5,210.7,1.23,6.6,Wheat
217.2,30.5,148.2,1.08,6.5,Wheat
221.8,46.7,169.1,1.1,6.9,Wheat
240.3,41.9,111.5,0.95,6.7,Wheat
174.7,38,147.9,0.88,6.8,Wheat
185.6,30,119.9,0.72,7,Wheat
348.4,53.3,192.7,1.55,6.2,Wheat
381.8,63.4,229.1,1.39,6.7,Wheat
372.4,52.4,244,1.51,7.1,Wheat
266.3,38.2,205.6,1.06,6.4,Wheat
324.3,56,212,1.43,6.7,Wheat
227.8,41.3,131.8,0.88,6.6,Wheat
146.7,33.3,108.8,0.6,7.2,Wheat
337.4,67,210.1,1.42,6.7,Wheat
284.1,60.9,170.3,1.35,6.9,Wheat
244.5,44.9,166,1.17,7.3,Wheat
196,43.8,169.5,0.92,6.9,Wheat
192.3,37.7,145,0.88,6.9,Wheat
171.5,38.5,143.4,0.7,6.9,Wheat
239.6,41.4,138.5,1.08,7.1,Wheat
292,49.7,179.2,1.19,7,Wheat
203,35.7,132.1,0.78,7,Wheat
382.9,55.5,226.1,1.59,7.1,Wheat
194.6,33.1,119.7,0.74,6.4,Wheat
385.7,60.1,243.3,1.72,6.6,Wheat
195.1,40.6,160.2,0.94,6.8,Wheat
335,49.7,171.3,1.48,7.2,Wheat
222.1,36.2,191.2,0.93,7.3,Wheat
214.5,39.3,159.3,0.86,6.8,Wheat
381.4,61.5,238.4,1.66,6.6,Wheat
374.2,53.3,252.3,1.55,6.5,Wheat
177,39,138.7,0.85,7,Wheat
271.2,48.7,218.1,1.15,6.7,Wheat
298.8,49.8,168.5,1.13,6.6,Wheat
335.2,50.9,235.1,1.27,7.1,Wheat
149.4,34.3,100,0.61,6.7,Wheat
357.2,58.7,243.4,1.69,6.7,Wheat
151.9,37.5,132.5,0.61,6.5,Wheat
373.4,57.1,254.5,1.58,6.9,Wheat
275.4,49.8,196.4,1.19,6.4,Wheat
379.9,53.3,231.2,1.59,6.3,Wheat
270.2,45,202.5,1.21,7,Wheat
185.7,35.3,158.5,0.87,7.3,Wheat
260.7,41.8,168.6,1.14,6.6,Wheat
288.8,50,207.7,1.14,6.8,Wheat
285.4,46.8,168.6,1.14,6.3,Wheat
288.4,49.5,204.6,1.43,7.1,Wheat
181.1,32.5,178.7,0.83,6.3,Wheat
335.6,42.5,193.1,1.36,7.1,Wheat
357.8,51.5,194,1.4,6.8,Wheat
450,67.3,275.6,1.72,6.3,Wheat
120,30,119.9,0.6,7.4,Wheat
141.7,30.1,100,0.6,6.6,Wheat
335,50.7,231.4,1.42,6.6,Wheat
366,52,212.2,1.4,7,Wheat
342.6,49.2,204.1,1.34,6,Wheat
324.9,58.7,231.6,1.45,6.8,Wheat
155.7,33.6,162.6,0.7,7.1,Wheat
265.5,58.5,213.9,1.05,6.8,Wheat
388.7,66.3,273.4,1.7,6.8,Wheat
450,70,277.3,1.8,6.7,Wheat
167.6,42,162.6,0.88,6.6,Wheat
267.2,45.1,172.7,0.99,7.3,Wheat
367.4,54.6,253.8,1.54,7.2,Wheat
384.2,55.9,227.7,1.35,7,Wheat
396.2,63.8,260.2,1.77,6.2,Wheat
314.4,52,213.1,1.17,7.1,Wheat
259.9,49.8,191.4,1.03,6.5,Wheat
403.4,57.6,247.8,1.43,6.9,Wheat
197.9,34.1,142.5,0.81,6.1,Wheat
450,67.7,278.9,1.73,6.3,Wheat
270.9,46.6,144.2,1.18,7,Wheat
279.6,46.8,207.1,1.31,6.6,Wheat
195.4,30,140.1,0.87,7.4,Wheat
122.5,30,136.5,0.6,6.5,Wheat
270.4,43.3,165,1.01,6.7,Wheat
294,49.8,178.6,1.29,7.1,Wheat
270.4,38,177,1.14,6.1,Wheat
315.2,59,187.7,1.42,6.1,Wheat
334.6,61.1,219.2,1.22,6.8,Wheat
375.1,68.3,273.3,1.43,6.8,Wheat
140.9,30,101.2,0.7,7.2,Wheat
275.6,54.8,230.3,1.29,6.4,Wheat
268.4,47.2,156.2,1.11,7,Wheat
159.5,33,146.6,0.85,6.7,Wheat
281.8,41.4,233.7,1.21,7.5,Wheat
374.1,62.6,244.5,1.53,6.5,Wheat
269.4,40,175.6,1.02,7.1,Wheat
449.7,64,202.1,1.71,6.2,Wheat
120,30,100,0.73,6.5,Wheat
333.3,55.5,218.3,1.33,7.3,Wheat
221.8,35,124.7,1,6.3,Wheat
205.2,34.2,124.3,0.83,6,Wheat
432.7,64.4,237.3,1.57,6.4,Wheat
364.4,53.8,280,1.54,6.4,Wheat
154.6,35.3,113.6,0.6,6.9,Wheat
159.8,30,135.6,0.76,7.2,Wheat
159.1,30,117.3,0.78,7.4,Wheat
133.9,30,147.6,0.68,6.5,Wheat
256.9,31.7,160.2,0.97,6.6,Wheat
365.4,51.7,247.6,1.64,6.3,Wheat
415.9,64.8,271.4,1.64,6.5,Wheat
183,30,100,0.87,6.1,Wheat
269,41.5,159.1,1.02,6.2,Wheat
126.9,30.8,114.9,0.78,6.1,Wheat
200.7,36.3,168.8,0.84,7.2,Wheat
160.9,30,170.8,0.86,7.4,Wheat
277.8,48.8,227.6,1.21,7.2,Wheat
215.4,36.2,192,0.94,7.2,Wheat
124.3,30,100,0.6,6.5,Wheat
393.5,55.3,243,1.41,6.6,Wheat
192.9,41.8,151,0.95,7.1,Wheat
152.8,30.7,156.8,0.75,7.1,Wheat
292.4,45.7,218.4,1.12,6.5,Wheat
334.2,48.5,227.4,1.49,7.2,Wheat
120,30,147.3,0.6,6.1,Wheat
279,38.7,151.3,1.05,7.4,Wheat
393,58.3,251.3,1.54,6.2,Wheat
450,63.1,280,1.78,6.3,Wheat
276.6,48.7,194,1.11,6.9,Wheat
353,62.1,244.9,1.56,7,Wheat
292.3,44.5,216.3,1.15,7,Wheat
375.6,52.1,244.1,1.52,6.1,Wheat
275.9,45.2,177.3,1.2,7.4,Wheat
349.6,51.4,271,1.32,7.3,Wheat
182.9,30,111.7,0.64,7.3,Wheat
158.8,30,121.5,0.75,7.4,Wheat
390.5,61.4,260.2,1.69,6.3,Wheat
138.1,33.4,116.7,0.72,6.9,Wheat
432.8,55.4,192.8,1.53,7.4,Wheat
425.4,57.2,267.8,1.7,7.4,Wheat
318.3,52.9,205.3,1.43,6.6,Wheat
172.7,32.9,130.5,0.69,6.2,Wheat
160.6,38.9,130.7,0.86,6.7,Wheat
124.9,35.1,100,0.64,6.4,Wheat
388.2,63.9,206.1,1.65,6.8,Wheat
166.8,31.4,118.7,0.84,6.5,Wheat
137.1,30,100,0.67,7.4,Wheat
386.6,62.3,273.1,1.66,6.9,Wheat
373.8,59.3,192.1,1.54,7.1,Wheat
430.1,61.8,280,1.65,7.1,Wheat
341.3,53.8,237.3,1.57,6.1,Wheat
257,46.3,203.4,0.99,7.1,Wheat
120,30,104.6,0.6,6.2,Wheat
442.5,67.2,280,1.69,7.3,Wheat
447,66.2,280,1.8,7.2,Wheat
349.5,65.3,235.4,1.43,6.8,Wheat
376.5,60.3,265.6,1.52,6.2,Wheat
292.1,41.5,188.3,1.28,6.5,Wheat
201.7,36.4,154.2,0.95,7.3,Wheat
312.4,54.4,191.6,1.3,7.1,Wheat
325,47.1,182.3,1.23,6.1,Wheat
223.8,43,188.9,0.9,6.9,Wheat
365.5,48,230.4,1.42,6,Wheat
327.3,51.6,222.1,1.41,7.3,Wheat
125.3,30,119.9,0.6,7.1,Wheat
350.3,59.6,191.5,1.48,7,Wheat
253,50.5,193.2,1.2,6.9,Wheat
194.2,34.1,135.4,0.75,7.2,Wheat
405.3,61,251.3,1.71,6.4,Wheat
322.5,51.9,144.7,1.12,6.4,Wheat
423.1,58.8,260.2,1.78,6,Wheat
391.5,60.4,255.7,1.64,6.3,Wheat
348.7,56.7,214.7,1.49,7.1,Wheat
393.3,55.3,249.6,1.59,6.3,Wheat
327.8,46.3,227.3,1.26,7.5,Wheat
186.9,30,108.3,0.73,7.2,Wheat
343.1,46.6,189.7,1.49,6.1,Wheat
309.6,49.1,218.7,1.44,7.4,Wheat
236.5,49.2,138.4,1.06,6.7,Wheat
197.5,33.4,151.4,0.84,7.1,Wheat
238.6,39.7,178.9,1.17,6.1,Wheat
366.6,55.5,255.7,1.41,6.1,Wheat
416.2,59.8,256.3,1.58,7.3,Wheat
338.2,56.6,230.8,1.54,6.5,Wheat
138.4,30.9,140.7,0.65,7.5,Wheat
201.9,49.3,181.2,0.96,6.7,Wheat
410.8,61.1,264.6,1.75,7.1,Wheat
223.2,37.7,133,0.98,7.2,Wheat
436.2,63.6,280,1.73,6,Wheat
353.5,55.7,227.7,1.39,6.5,Wheat
201.2,39.2,162.5,0.83,7.2,Wheat
227.7,38.8,155.3,1.05,6.4,Wheat
392.1,62.6,249.5,1.53,6.3,Wheat
362.8,58.2,220.4,1.6,7.5,Wheat
173.3,32.4,139.6,0.86,7.3,Wheat
207.3,43.5,143.8,0.99,6.6,Wheat
293.9,53.8,192.5,1.25,7,Wheat
213.4,32.5,120.1,0.79,6,Wheat
238.7,37.5,156.2,1.11,6.1,Wheat
122.8,30,114,0.7,7.3,Wheat
169.2,30,117.8,0.73,6.1,Wheat
384,57.3,214.4,1.63,7.1,Wheat
182.4,33.3,132.3,0.95,6.4,Wheat
390.9,63,248.7,1.64,6.1,Wheat
234.9,35.9,154.8,1.05,6.2,Wheat
274,50,174.2,1.26,7,Wheat
274.3,57.2,153.5,1.22,6.7,Wheat
131.2,30,100,0.65,6.5,Wheat
223.4,40.6,173.9,0.9,6.8,Maize
241.2,39.4,153,1.1,7,Maize
190.5,35.9,125.4,0.76,6.4,Maize
257.5,45.4,192.5,1.01,6.3,Maize
231.8,43,172.1,0.93,6,Maize
248.3,43.6,148.2,0.85,6.5,Maize
271.2,45.6,184.9,1,6.8,Maize
301.7,50,200.4,1.21,6.2,Maize
331.3,53.7,227.4,1.5,6.1,Maize
143.2,25,152.2,0.78,6.6,Maize
246.6,35.2,132,0.89,7,Maize
238,41.5,175.8,1.08,6.6,Maize
248.4,37.7,174,1.05,6.2,Maize
279.5,49.2,217.7,1.18,6.7,Maize
155,32.5,113.3,0.65,6.3,Maize
306.5,53.4,187.7,1.24,6.8,Maize
265.7,44.2,203.9,1.13,6.7,Maize
170.3,35.4,95.5,0.79,6.3,Maize
228.9,37.7,163.1,0.99,6.3,Maize
270,52.2,184.4,1.17,6.6,Maize
269.9,43.9,161.1,1.08,6.3,Maize
177.1,42.8,132.6,0.78,6.7,Maize
182.3,35.2,173,0.78,6.9,Maize
205.7,38.5,150.2,0.88,6.9,Maize
264.5,51.6,213.5,1.13,7,Maize
239.7,47.4,174.3,1.13,6.8,Maize
161.9,34.1,158.8,0.83,7,Maize
279.1,48.3,159.1,1.09,6.7,Maize
179.7,32,127.4,0.84,6.8,Maize
251.2,40.4,182.2,0.96,5.8,Maize
228.8,35.2,153.5,0.85,6.1,Maize
256.1,45,167.1,1.1,6.3,Maize
251.1,44.6,188.2,1.01,6.2,Maize
196.8,32.1,132.6,0.85,6.2,Maize
233.6,37.2,174.6,0.9,6.2,Maize
170.2,38.7,125.2,0.75,6.4,Maize
207,43.9,165.2,0.87,6.5,Maize
292,51.6,166.1,1.07,6.6,Maize
280.5,38.5,227.8,1.07,6.1,Maize
280.7,45.2,213.9,1.25,6.5,Maize
211.7,40.3,170.3,0.91,7,Maize
183.6,35.3,154.2,0.86,6.2,Maize
136.9,29.2,91.1,0.6,6.4,Maize
318.5,56.8,197.7,1.31,6.9,Maize
218.7,39.6,150.2,1.05,6.4,Maize
262.9,52.8,192.7,1.11,6.3,Maize
327,48.4,209.8,1.12,6.8,Maize
218,41,154.1,0.96,6.4,Maize
287.6,53.1,168.9,1.07,6.4,Maize
336.1,54.3,242.3,1.27,6.3,Maize
302.6,48.9,229.8,1.15,6.1,Maize
230.1,37.3,168.9,0.88,6.5,Maize
236.6,42.1,168.1,0.94,7,Maize
250.1,38,146.7,0.99,6.3,Maize
188,25,144.1,0.75,7,Maize
269,54.5,202.7,1.2,6.4,Maize
207.2,30.4,124.5,0.76,6.1,Maize
335.9,55.3,241,1.28,6.7,Maize
218.4,37.1,169.3,0.98,6.7,Maize
272.6,37.8,211.5,1.19,7.2,Maize
281.7,42.3,172.9,1.02,6.5,Maize
280.3,46.3,209.7,1.16,6.3,Maize
293.3,47.5,225.4,1.15,5.8,Maize
241.2,45.7,186.1,1.23,6.1,Maize
190.6,37.8,139.7,0.87,6.7,Maize
237.3,43.7,164.2,0.95,6.1,Maize
324.1,51.6,207.4,1.25,6.6,Maize
245,49.7,214.4,1.02,6.5,Maize
250.4,47.8,205.6,1.06,6.3,Maize
274.8,46.7,195.7,0.94,6.5,Maize
227.7,33.3,150.7,0.88,6.6,Maize
273.4,48.5,176,0.98,6.5,Maize
197.1,41.5,164.3,0.99,6.5,Maize
225.8,45.9,151.9,0.94,6.7,Maize
250.1,36.1,177.4,1.04,7.1,Maize
270.5,42,185.2,1.22,5.7,Maize
244.5,45.4,197.2,1.12,6.1,Maize
181.2,29,124.6,0.74,6,Maize
260.5,56,196.8,1.17,6.6,Maize
247.7,44.5,142.2,0.98,6.2,Maize
184.1,35.1,116.7,0.88,6.3,Maize
263.4,51.2,184.4,1.11,6.3,Maize
275.7,41.8,216.4,1.14,7.1,Maize
240.5,45.4,168.7,1.11,6.4,Maize
168.5,36.4,139.4,0.87,5.9,Maize
223.7,41.4,160,0.92,6.1,Maize
278.7,50,189.1,1.2,6.1,Maize
276.6,45.4,157.1,1.08,6.5,Maize
194,35.1,151.2,0.89,7.1,Maize
193.6,35.2,146.1,0.88,5.8,Maize
248.2,52.9,175.7,1.21,6.6,Maize
324.8,50.2,197.6,1.13,6.4,Maize
237.5,37.9,186.8,1.18,6.7,Maize
254.9,54.6,225.8,1.18,6.3,Maize
236.2,42.9,156.9,0.92,6.5,Maize
228.7,42,174.6,0.94,6.3,Maize
280.2,44.9,218.2,1.27,6.9,Maize
301,47.5,213.2,1.24,6.2,Maize
253.9,39,217.5,1.02,7.3,Maize
237.3,48.2,194.7,1.01,6.3,Maize
163.6,27.6,173.4,0.87,7.3,Maize
282,49.4,200.6,1.29,6.7,Maize
181.2,32.5,170.1,0.8,6.9,Maize
276.8,48.9,171.4,1.16,6.6,Maize
302.8,57.3,222.6,1.34,6.6,Maize
221.8,39,160.4,0.95,6.3,Maize
226.2,47.2,149.9,1.08,6.8,Maize
357.9,59,235.6,1.41,6.9,Maize
370,56.5,227.8,1.43,6.1,Maize
274.8,53.5,222.5,1.23,6.8,Maize
314.7,51.4,191.4,1.14,6.1,Maize
151,36.2,128.3,0.77,6.6,Maize
227.7,44.3,160,0.9,6.6,Maize
354.1,65,198.1,1.32,6.3,Maize
217.6,41.6,190.1,0.99,6.2,Maize
266.5,46,183.5,1.19,6.7,Maize
223.1,40,179.1,0.93,6.9,Maize
255.8,39,205.7,1.27,5.9,Maize
300.3,48,193.1,1.17,6.2,Maize
298.6,54.6,197.2,1.19,6,Maize
239.3,38,157.3,1.09,6.4,Maize
126.3,27.4,96.2,0.51,7.1,Maize
149.6,30.8,115.4,0.7,6.4,Maize
354.5,53.8,203.4,1.29,6.4,Maize
128.4,25.9,123.6,0.74,6.8,Maize
226,40.9,156.9,0.94,6.9,Maize
248.1,44.3,164.6,0.96,6.4,Maize
260.5,38.9,157.1,1.1,5.6,Maize
111.7,25,98.6,0.61,6.3,Maize
221.9,42.2,183.5,1.1,6.4,Maize
191.4,34.5,162.8,0.91,6,Maize
178.6,32.1,152.8,0.83,6.3,Maize
253.1,39.3,151,1.03,6.3,Maize
273.5,38.6,226.5,1.14,7.1,Maize
271.4,43.5,182.9,1.11,7,Maize
283.4,46,179,1.05,6.8,Maize
101.3,25,90,0.59,6.9,Maize
257.1,55.9,207.5,1.19,7.2,Maize
237.9,53.2,194.2,1.16,6.4,Maize
211.8,41.8,193.6,1,6.7,Maize
149.5,35.5,119.9,0.66,6.5,Maize
207.4,35.9,163.6,0.78,6,Maize
166.8,25.8,135.5,0.78,6.9,Maize
190.3,29.6,120.8,0.8,6.6,Maize
269.7,48.4,184.4,1.17,6,Maize
331.6,53.3,209.9,1.33,6.4,Maize
379.5,52.2,185.3,1.41,7.2,Maize
244,47.2,183.4,0.97,6.9,Maize
179.9,34.7,135.5,0.88,6.1,Maize
294.4,45.9,198.3,1.18,6.1,Maize
162.4,35.1,90,0.68,6.2,Maize
275.1,39.9,198.8,1.2,6.9,Maize
357.3,56.9,224.6,1.4,6.5,Maize
346.7,56.7,243.1,1.32,6.2,Maize
256.1,41.9,176.7,0.96,6.7,Maize
298.7,47.1,202.5,1.32,6.9,Maize
380,61.8,234.2,1.42,6.2,Maize
123.6,25.3,100,0.61,6.7,Maize
322.7,61.2,207.6,1.46,6.5,Maize
260.6,50.3,214.8,1.07,6.6,Maize
218.7,39.6,137.9,0.97,6.7,Maize
247.8,38.2,214.1,0.98,6.7,Maize
184.4,37.5,151.8,0.7,6.8,Maize
322.5,55.8,241.5,1.29,6.5,Maize
165.3,30.9,95.6,0.69,6.1,Maize
166.8,33.5,118.8,0.8,6.5,Maize
317.7,52.4,251.9,1.2,6.3,Maize
264.7,42.7,138.6,0.83,6.9,Maize
240.2,33.8,193.5,1,7.3,Maize
282,57,182.8,1.17,6.5,Maize
170.4,33.4,116.4,0.73,7.4,Maize
325.5,47.6,180,1.21,6.8,Maize
270.8,46.5,186.5,1.06,7.2,Maize
339.1,53.1,249.3,1.42,5.8,Maize
143.6,25.2,109.4,0.69,6.1,Maize
127.7,25,101.6,0.61,6.3,Maize
311.3,48,186.5,1.27,7.1,Maize
254.6,40.8,159.1,1.18,6.7,Maize
172.3,36,103.3,0.82,6.2,Maize
182.1,38.2,125.1,0.79,6.3,Maize
246.5,45.8,204.8,1.14,6.6,Maize
254.5,48.6,191.5,0.92,6.1,Maize
278.3,46.2,195.5,1.11,7.2,Maize
155.7,30.9,104.9,0.63,6.7,Maize
283.6,45.7,181,1.34,7.1,Maize
270.3,47,236.1,0.99,6.6,Maize
215.8,37.8,157.4,0.87,6.3,Maize
250.2,35.1,206.7,1.05,7.1,Maize
209.6,33.2,144.1,0.97,6.2,Maize
280.6,47.9,198.3,1.3,6.9,Maize
163.3,36.9,138.4,0.87,6.4,Maize
151,29.4,132.5,0.69,5.7,Maize
220.8,35.3,157.3,0.99,7.2,Maize
145.5,30.6,125.1,0.71,6.1,Maize
229,36.5,154.6,0.85,6.3,Maize
333.7,51,211.8,1.17,6.3,Maize
239.2,47,193.9,1.05,6.8,Maize
282.8,50.5,174,1.2,6.5,Maize
194,46.3,174.5,0.85,6.7,Maize
216.6,38.9,155.9,0.95,7.4,Maize
200.6,38.3,174.6,0.93,6.4,Maize
298.9,52.5,253.5,1.29,5.6,Maize
352.2,56.2,228.4,1.45,6.6,Maize
293.2,54.7,177.3,1.18,6.5,Maize
221.9,40.3,165.2,1.08,5.9,Maize
307.5,52.7,241.4,1.14,6.2,Maize
153.3,34.5,133.3,0.65,6.4,Maize
217.5,47.5,169.4,0.86,6.4,Maize
229.3,47,172.6,1.01,6.6,Maize
223.2,42.1,172.8,0.88,7.2,Maize
311.8,52.8,245.7,1.32,6.9,Maize
276.9,47,175.4,1.14,6.9,Maize
222.1,33.9,150.6,0.93,5.6,Maize
226.8,41.1,128.3,0.97,5.8,Maize
216.6,43.1,174.4,0.99,6.9,Maize
291.8,56.3,187.4,1.4,6.3,Maize
266.4,47.3,192.5,1.3,5.9,Maize
258,45.7,227.1,1.13,6.9,Maize
160,28,161.8,0.86,6.4,Maize
196.1,40.5,158.1,0.82,6.5,Maize
302,55.9,186.7,1.21,6.6,Maize
373.5,57,249,1.28,6.7,Maize
213.9,35.9,186.4,0.91,5.8,Maize
246,49.1,147,1.06,6.6,Maize
289.8,50.5,233,1.14,6.7,Maize
318,60.6,219.4,1.34,6.5,Maize
149.8,25.6,150.5,0.55,6.3,Maize
346.8,57.9,232.3,1.5,5.9,Maize
294.6,50.3,151.2,1.06,6.1,Maize
226.8,43.3,186.3,0.96,6.9,Maize
175.5,38.3,143.8,0.79,6.1,Maize
212.3,30.8,185.4,0.89,6.4,Maize
306.8,51.2,190,1.22,6.3,Maize
330.4,49.6,204.4,1.39,5.9,Maize
322.6,47.7,237.4,1.11,5.9,Maize
263,41.8,161.2,0.93,6.6,Maize
374.9,60.1,239,1.37,6.8,Maize
139.3,34.1,90,0.5,6.8,Maize
289.6,61.5,219.1,1.13,6.6,Maize
207.6,42,165.6,1.11,6.2,Maize
258.2,49.3,197.6,1.1,6.4,Maize
257.6,38.1,202.7,0.98,6,Maize
196.7,39.3,173.2,0.88,6.9,Maize
353.9,61.7,223.1,1.38,6.2,Maize
327.6,58.1,186.6,1.13,6.4,Maize
218.6,38.1,149.9,0.93,7,Maize
240.6,38.6,168.8,1.07,6.4,Maize
284.7,43.5,174.4,1.05,6.7,Maize
217.2,46,192.9,0.98,6.7,Maize
153,30.9,101.8,0.69,6.7,Maize
309.7,51,233.2,1.38,6.6,Maize
263.6,37.5,158.2,1.13,7,Maize
206.5,42.2,135.1,0.86,6.2,Maize
290.9,45.8,214.4,1.1,7,Maize
256.6,41.7,193,1.1,6.8,Maize
233.5,48.6,157.2,1.02,6.3,Maize
172.8,34.8,139.3,0.97,6,Maize
215.9,43,154,0.82,6.5,Maize
347,56.7,260,1.44,6.3,Maize
251.6,45.3,163.2,1.02,5.9,Maize
295.4,55,206.2,1.17,6.4,Maize
216.3,30.6,145.8,0.92,7.2,Maize
220.3,34.9,157.8,0.99,7.3,Maize
166.7,38.3,142.1,0.87,6.5,Maize
252.8,34.8,179.7,0.91,7.1,Maize
182,32.5,111,0.67,6.9,Maize
230.1,41.9,169.1,1.01,5.9,Maize
157.2,34.5,120.7,0.81,6.3,Maize
225.1,42.8,150,0.84,6.7,Maize
202.6,30.7,109.9,0.91,5.8,Maize
171.3,33.9,128.2,0.78,7.2,Maize
214.9,36,167.6,0.8,6.7,Maize
144.6,31.4,142.7,0.98,6.7,Maize
283.5,49.9,242.1,1.11,6.2,Maize
264.7,50.9,174.1,1.04,6.6,Maize
238,45.4,200.5,1.17,6.5,Maize
100,25,90,0.55,6,Maize
210.1,35.7,145.9,0.75,6.4,Maize
107.9,26.1,90,0.65,6.7,Maize
277.2,46.9,173.1,1.12,6,Maize
170.3,33.6,123.5,0.77,6.8,Maize
229.8,49.3,148.4,0.93,6.6,Maize
106.2,25,90,0.5,6.9,Maize
218.8,44.8,190.2,0.99,6.3,Maize
176.5,35.9,137.7,0.94,6.3,Maize
269.5,42.2,193.4,1.09,6.4,Maize
223.1,47.1,154.3,0.94,6.9,Maize
206.2,35.7,153.4,0.92,5.8,Maize
244.1,43.9,207,1.07,6.8,Maize
164.3,38.3,127.1,0.83,6.3,Maize
368.5,59.9,252.5,1.35,6.4,Maize
327,47.8,221.9,1.3,7.4,Maize
326,57.2,169.4,1.26,6.4,Maize
160.6,35.6,129.6,0.75,6.4,Maize
250.1,52.9,212,1.04,6.8,Maize
327.5,62.4,250.6,1.49,6.5,Maize
208.2,41.5,170.1,0.86,6.5,Maize
253.2,39.5,211.3,1.04,7.1,Maize
295,57,232.2,1.26,6.7,Maize
264.3,47.7,135.2,0.99,6.9,Maize
257.1,38,170.7,0.98,5.9,Maize
152.2,37.2,120.7,0.92,6.5,Maize
219.4,32,137.9,0.98,7.2,Maize
311.6,52.6,257.7,1.31,6.8,Maize
142.4,25,140.3,0.68,5.6,Maize
358.7,57,252.4,1.33,6.6,Maize
175.5,29.9,160.2,0.81,7.4,Maize
178.5,32,121.8,0.62,6,Maize
332.6,61.1,236.2,1.44,6.4,Maize
231.2,42.8,193.2,0.93,6,Maize
380,57,234.1,1.34,6.9,Maize
132.5,27.5,111.7,0.58,7,Maize
150.3,32.8,134.1,0.74,6.3,Maize
289.3,54.7,199.2,1.23,6.3,Maize
306.4,53.9,215.6,1.09,6.6,Maize
341.9,54.8,247.6,1.35,6.9,Maize
228.3,43.4,163.9,0.95,6.8,Maize
278.1,50.7,187.3,1.17,6.7,Maize
207.5,31.3,140.8,0.75,6.3,Maize
205.9,42.5,153,0.87,6.4,Maize
225,39.4,179,0.97,5.8,Maize
194.7,37.5,157.4,0.9,6.9,Maize
273.6,46.3,197.8,1.09,6.9,Maize
326.7,55.8,195.9,1.32,6.2,Maize
127.7,25.3,90,0.72,6,Maize
168.8,33.4,133.7,0.83,6,Maize
198,31.2,136.7,0.92,6,Maize
296.4,51,197.3,1.11,5.8,Maize
269.6,53.5,184.1,1.03,6.7,Maize
111.2,25.7,94.1,0.56,6,Maize
158,32.7,167.2,0.72,6.6,Maize
216.5,37.9,159.5,0.84,5.9,Maize
321.5,59,224.8,1.34,6,Maize
324,59,246.2,1.3,6.1,Maize
265.7,42,195.4,1.02,6,Maize
227.4,46.5,164.6,0.9,6.4,Maize
144.8,32.3,146.9,0.74,6.7,Maize
148,28.5,159.5,0.64,6.8,Maize
221.7,47.5,180.3,1.11,6,Maize
253.8,37,215.2,0.84,7.3,Maize
181.2,32.7,137.8,0.64,6.5,Maize
215.1,41.5,164.9,0.89,6,Maize
246.4,50,210.7,0.95,6.6,Maize
140.7,37.7,141.5,0.74,6.5,Maize
287.1,46.9,163.5,1.27,6.2,Maize
173.7,33.5,173.6,0.7,7.2,Maize
250.3,43.1,158.8,0.97,6.4,Maize
174.3,34.4,90,0.66,6.6,Maize
333.3,58,208.5,1.32,7,Maize
125.9,25,105.7,0.69,5.6,Maize
371.3,63.2,230.8,1.5,7.4,Maize
329.9,62.5,226.1,1.39,6.3,Maize
298.3,46.4,224.8,1.01,6.9,Maize
217,36.6,195.5,1.07,7.3,Maize
247.9,43.8,195.5,1,6.2,Maize
344.9,52.7,209.6,1.28,7.1,Maize
235.8,43.2,155.1,0.95,5.8,Maize
169.2,32.5,133.5,0.81,7,Maize
166.9,35.1,137.1,0.76,6.4,Maize
340.4,58.1,238.2,1.43,7.1,Maize
324.7,50.4,204.6,1.4,7.4,Maize
307.6,55.8,190.8,1.17,6.7,Maize
329.4,64,211.5,1.5,6.6,Maize
348.5,53.3,238.1,1.41,5.8,Maize
319.1,60.5,187.1,1.29,6.4,Maize
372.8,55.5,260,1.5,6,Maize
262.8,47.4,188.2,1.14,6.5,Maize
302.4,59.7,260,1.33,6.4,Maize
322.3,61.3,220.7,1.25,6.5,Maize
238.1,38.5,147.5,0.87,7,Maize
170,28.2,112.9,0.7,6.6,Maize
130.6,25,90,0.61,5.8,Maize
130.9,25,101.4,0.62,7.3,Maize
360.4,62.9,254.4,1.27,7.1,Maize
192,27.8,172.7,0.69,6.1,Maize
276.2,49,191.7,1.08,6,Maize
141.5,25,129,0.55,7,Maize
169,34.4,110.9,0.71,7.3,Maize
136.1,27.1,125.1,0.62,6.8,Maize
301.3,56.1,235.6,1.24,6.7,Maize
151.5,25.2,106,0.63,7.2,Maize
339.2,54.4,236.9,1.34,5.7,Maize
209.9,34.5,139.1,0.88,6.4,Maize
292.3,55.8,199,1.41,6.6,Maize
150.7,25,90,0.55,7.5,Maize
134.4,25,107.8,0.65,7.1,Maize
337.1,51.9,227.5,1.23,6.9,Maize
137.4,25,132.5,0.56,7.3,Maize
212.3,30.5,135.6,0.8,7.4,Maize
362.5,57.2,257,1.49,5.5,Maize
297.7,48,253.7,1.28,5.5,Maize
356.1,65,239.8,1.35,6.8,Maize
268.9,40.7,210.9,1.13,6.1,Maize
283.5,54.2,196.5,1.26,5.7,Maize
321,50.9,216.8,1.45,5.6,Maize
374,56.3,250.6,1.5,6,Maize
313.3,61.4,227.7,1.34,6.9,Maize
100.1,25,90,0.5,6,Maize
169.1,29.8,165.1,0.7,5.7,Maize
234.2,38.8,164.2,0.98,5.9,Maize
380,60.1,260,1.47,5.8,Maize
219.3,35.6,167.1,0.89,7.4,Maize
318.5,53.3,218.4,1.14,6.9,Maize
266,43.1,197.3,1.13,6,Maize
242.1,41.3,148,0.97,5.8,Maize
280.8,44,202.4,1.22,7.2,Maize
289.4,52.6,204.5,1.22,6.8,Maize
337.9,56.5,258.6,1.48,5.8,Maize
125.6,28.5,128.5,0.72,7.1,Maize
106.1,25,95.9,0.57,5.8,Maize
174.1,28.8,149,0.8,6.3,Maize
180,37.6,199.4,0.9,7.1,Maize
277.5,49.2,208.3,1.14,5.9,Maize
347.4,65,254.5,1.35,6.4,Maize
332.3,56.3,209.5,1.44,7,Maize
224.4,42,180.3,0.96,7.2,Maize
243.1,42.9,169.7,0.98,5.9,Maize
237.3,43.3,171.2,0.99,6.3,Maize
274.6,37.5,204.8,0.98,5.5,Maize
361.3,52,232.6,1.47,5.5,Maize
276.7,47.4,197.4,1.16,5.7,Maize
211.5,35.4,156.3,0.98,5.7,Maize
211.3,37.9,166.6,0.87,7.4,Maize
184.9,28.5,125.4,0.8,6,Maize
100,25,110,0.56,5.6,Maize
328.2,59.3,253,1.32,6.2,Maize
210.9,45.5,176.8,0.89,6.5,Maize
149.3,25,90,0.7,5.6,Maize
166.2,25,136.9,0.61,7.3,Maize
292.8,49.6,213.6,1.18,7.4,Maize
266,57.3,160.7,1.04,6.1,Maize
261.7,43.4,202.2,1.09,7.1,Maize
295.7,44.4,185.6,1.22,7.4,Maize
210.5,43.7,183.7,1.01,6.5,Maize
207,37.2,157.9,0.88,6.2,Maize
255.6,32.6,186.1,1.12,7,Maize
237.1,34.9,133.7,0.78,7.1,Maize
188.2,40.2,161.8,0.95,6.4,Maize
197.7,46.8,168.7,0.94,6.4,Maize
342.8,55.9,236.1,1.32,6.5,Maize
173.1,32.4,129.5,0.8,6.8,Maize
380,57.3,260,1.45,5.7,Maize
331.3,64.7,260,1.38,6.3,Maize
376.1,53.7,256.3,1.39,6,Maize
100,25,90,0.54,7.1,Maize
380,58.6,252.8,1.46,7.4,Maize
156.8,25,90,0.59,5.5,Maize
340.1,55.5,233.4,1.37,7.1,Maize
117.8,30.8,90,0.61,7.3,Maize
293.2,50.8,221.4,1.31,7.1,Maize
284.7,44.1,212.6,1.21,7.3,Maize
135.1,25,100.8,0.61,5.7,Maize
117.6,25,114,0.71,5.7,Maize
160.4,29.7,111.1,0.89,7,Maize
308.4,49.7,246,1.26,7.3,Maize
297.1,39.1,189.3,1.08,5.8,Maize
284.8,44.5,205.5,1.24,7.1,Maize
338.5,53.3,208.1,1.17,6,Maize
380,55.3,217.9,1.45,5.9,Maize
180.6,32.1,121.6,0.73,6.7,Maize
340.2,55.8,244,1.48,6.3,Maize
254.3,40.8,195,1.06,5.8,Maize
209.4,25,166.6,0.75,7.5,Maize
236.5,37.2,157.2,0.91,6,Maize
295.9,51.5,260,1.23,5.7,Maize
252.8,47,203.7,1.23,7.3,Maize
291.1,43.6,192,1.11,5.7,Maize
174.7,33.9,165.6,0.87,6.7,Maize
359.3,60.7,196.9,1.25,6.3,Maize
355.7,62,240,1.48,6.9,Maize
129.6,25,123.8,0.64,7.3,Maize
299.9,46,196,1.28,5.7,Maize
313,41.6,211.6,1.19,5.6,Maize
311.2,50.2,219.2,1.34,6.1,Maize
238.1,45.6,185.2,1.02,7.4,Maize
281.6,46.4,218.8,1.14,7.3,Maize
101.6,29.1,98.2,0.63,7,Maize
142.3,25,117.4,0.58,7.1,Maize
288.5,48.3,218.1,1.19,6.2,Maize
286.7,46.7,174.8,1.07,6,Maize
147.3,25,115.9,0.55,6.5,Maize
114.4,25,122.4,0.52,7.4,Maize
212.5,37.2,168.3,1.03,7.4,Maize
116.4,27.3,119.2,0.69,6.3,Maize
374.8,61.8,260,1.47,6.8,Maize
121.1,25,90,0.57,7.3,Maize
376.7,59.6,260,1.46,6,Maize
182.7,30.9,171.7,0.79,7.3,Maize
379.7,61.8,260,1.34,7.3,Maize
342.1,59.6,254,1.37,7.4,Maize
228.9,46.9,192.9,1,6.4,Maize
165.5,32.8,104.7,0.61,5.7,Maize
207.4,34.9,135.7,0.81,6.3,Maize
136.3,26.6,129.4,0.78,5.9,Maize
269.1,42.9,184.6,1.11,7.4,Maize
113.6,25,90.2,0.51,6.3,Maize
355.2,60.8,257.8,1.46,6.6,Maize
296.4,45.3,235.1,1.22,6.9,Maize
144.1,25,90,0.5,7.2,Maize
340.5,57.3,243.1,1.39,6.8,Maize
309.1,53.5,258.3,1.34,6.4,Sugarcane
350,58.7,290,1.39,7.3,Sugarcane
366.6,64.5,315.7,1.42,6.9,Sugarcane
357,63,332.8,1.5,7.2,Sugarcane
459.6,76.3,375.5,1.89,6.8,Sugarcane
397.5,62,291.1,1.54,6.9,Sugarcane
451,68.7,291.4,1.89,7.4,Sugarcane
336.1,48.5,256.8,1.44,7.4,Sugarcane
210,44.6,195,1.04,7.1,Sugarcane
417.4,64.3,307.6,1.75,7.5,Sugarcane
379.1,64.4,291,1.72,6.6,Sugarcane
348.2,58.1,270.1,1.54,7.4,Sugarcane
205.5,53.1,219.8,1.04,6.9,Sugarcane
287.7,57.6,284.8,1.19,7.4,Sugarcane
287.1,48.5,227.3,1.18,7.5,Sugarcane
215.9,53.6,236.6,1.27,7.4,Sugarcane
355.2,68.2,293.1,1.66,7,Sugarcane
150,52.2,164.7,1.02,7.2,Sugarcane
294.1,60.6,276.5,1.45,7.3,Sugarcane
403.3,70.4,349.3,1.77,6.3,Sugarcane
431.8,52.9,377.5,1.85,6.3,Sugarcane
316.9,52.8,255.7,1.4,7.3,Sugarcane
353.7,56.5,304.8,1.66,6.7,Sugarcane
395.1,71.2,324.9,1.56,7.1,Sugarcane
397,69.6,275.7,1.64,7,Sugarcane
317.6,58,308.6,1.46,6.7,Sugarcane
371.1,67.9,346.7,1.39,7.6,Sugarcane
361.9,68.5,364.7,1.37,7.1,Sugarcane
244.3,59,203,1.17,7.2,Sugarcane
294.3,49.2,237.4,1.27,6.7,Sugarcane
346.9,51.8,299.5,1.46,7.1,Sugarcane
375.7,58.9,295.8,1.48,7.3,Sugarcane
341.5,61.3,322.8,1.31,6.9,Sugarcane
367.1,66.6,317.9,1.64,6.8,Sugarcane
256.4,47.5,246.6,1.34,7,Sugarcane
220.3,55.4,198.7,1.2,7.2,Sugarcane
317.2,52.8,230.4,1.27,6.6,Sugarcane
388.2,66.1,383,1.55,6.8,Sugarcane
339,57.5,265.4,1.47,7.1,Sugarcane
278.7,52.4,301.3,1.3,7,Sugarcane
380.7,69.6,310,1.54,6.9,Sugarcane
337.3,61.7,259.3,1.48,7.3,Sugarcane
276.2,55.8,212.7,1.32,7,Sugarcane
286.9,59.7,245,1.31,7.5,Sugarcane
311.7,55.8,268.2,1.28,6.3,Sugarcane
340,56.4,262,1.5,7.3,Sugarcane
300.8,49.9,206.3,1.22,6.7,Sugarcane
316.7,57.1,262.8,1.31,7.3,Sugarcane
282.8,57.3,280.7,1.37,7,Sugarcane
344.1,59.1,301.7,1.48,7.2,Sugarcane
253.9,56.3,286.3,1.04,7,Sugarcane
219.2,54.8,167,0.8,7,Sugarcane
256.4,55.3,227.2,1.24,6.9,Sugarcane
229.9,47.5,208.5,1.21,6.4,Sugarcane
232.1,48.8,199.6,1.09,6.6,Sugarcane
308,50.1,300.3,1.3,7,Sugarcane
370,61.6,326,1.62,7.4,Sugarcane
368.4,57.8,324.5,1.46,6.9,Sugarcane
308.2,55.1,272.5,1.35,7,Sugarcane
400.9,69,326,1.72,7.4,Sugarcane
374.9,59.1,300.2,1.41,6.6,Sugarcane
263.3,54.8,208.2,1.28,7.3,Sugarcane
297,60.2,352.4,1.47,7.1,Sugarcane
416.9,67.7,335.6,1.7,6.8,Sugarcane
299.1,51.3,273.8,1.28,6.6,Sugarcane
394,58,293.8,1.81,7.5,Sugarcane
352.1,54.1,271.2,1.41,7.4,Sugarcane
351.8,57.7,295.3,1.46,7.4,Sugarcane
343.6,64.9,282.1,1.44,7,Sugarcane
409.4,64.5,343.7,1.78,7.2,Sugarcane
424.8,74.5,354,1.63,7.2,Sugarcane
238.7,49.4,220.1,1.07,6.7,Sugarcane
276.6,51,228.4,1.15,7.1,Sugarcane
323.8,59.5,323,1.48,7,Sugarcane
322.7,57.1,234.4,1.36,6.9,Sugarcane
348.3,69.6,240.2,1.48,6.9,Sugarcane
318.9,61.3,290.3,1.46,6.8,Sugarcane
322.5,51.3,251.1,1.29,7.2,Sugarcane
310.2,56.5,309.6,1.17,6.5,Sugarcane
303.7,48.8,257.1,1.21,7.4,Sugarcane
272.8,53.2,208,1.18,7.2,Sugarcane
256.4,50.2,301.3,1.12,6.7,Sugarcane
313.9,55.3,266.8,1.33,7.4,Sugarcane
297.7,57.3,304.5,1.34,6.6,Sugarcane
288.6,53.2,235.3,1.41,6.6,Sugarcane
346.1,60.8,246.5,1.46,7,Sugarcane
302.9,53.8,207.7,1.39,7,Sugarcane
312.9,65.6,283.5,1.28,6.8,Sugarcane
389.3,62.2,272,1.33,7.2,Sugarcane
311.4,59.8,230.8,1.25,7.2,Sugarcane
248.8,45.6,244.5,1.24,7.2,Sugarcane
280,55,280.7,1.22,6.9,Sugarcane
280.2,54.1,296.4,1.29,7.4,Sugarcane
383.9,69.1,351.2,1.73,6.9,Sugarcane
390.1,62.4,288.4,1.65,7.2,Sugarcane
310.2,62.1,283.4,1.55,7.6,Sugarcane
340.1,60.4,247,1.4,6.6,Sugarcane
257.9,46,234.7,1.13,7.4,Sugarcane
314.5,54,289.5,1.65,6.4,Sugarcane
354.2,48.8,287,1.28,6.8,Sugarcane
466.7,66.4,347.8,1.79,7.1,Sugarcane
307.8,51.5,277.9,1.37,7.2,Sugarcane
298.4,55.4,321.3,1.25,7.6,Sugarcane
234,51.4,218.8,1.14,7.4,Sugarcane
254.7,48,287.9,1.22,7.2,Sugarcane
386.3,70.2,272.2,1.62,7,Sugarcane
419,72.6,380.1,1.81,6.9,Sugarcane
397.3,66.5,343.1,1.5,7.1,Sugarcane
438.5,66.4,331.5,1.87,7.2,Sugarcane
296.5,48.2,276.2,1.16,6.5,Sugarcane
287.7,48.3,291,1.39,7.4,Sugarcane
265.3,47.8,218.4,1.03,7.4,Sugarcane
253.6,43,219.9,1.15,6.5,Sugarcane
346.2,59.7,278.4,1.53,7.2,Sugarcane
199.2,54.6,191.1,1.08,7.2,Sugarcane
217,40,190.3,0.93,6.2,Sugarcane
388.6,58.6,291.8,1.62,6.7,Sugarcane
304.4,61.9,328.5,1.23,6.7,Sugarcane
337.9,63.9,291.8,1.33,7.1,Sugarcane
310.4,54.7,278.9,1.32,7,Sugarcane
317.8,47.4,276.6,1.16,7.4,Sugarcane
214.2,43.6,203.4,1.05,6.8,Sugarcane
237.4,58.1,246,1.02,7.1,Sugarcane
464.1,70.6,368.8,1.85,7.2,Sugarcane
212.8,48.6,219.1,0.92,7.3,Sugarcane
308.1,56.9,253.4,1.34,7.4,Sugarcane
302.9,52.6,333.2,1.31,6.9,Sugarcane
274.3,53.9,269.1,1.19,7.2,Sugarcane
282.4,48.7,233.1,1.28,6.7,Sugarcane
285.3,54.1,252.3,1.42,7.9,Sugarcane
421.5,73.3,355.5,1.85,7.5,Sugarcane
317.2,51.4,269.2,1.41,7.8,Sugarcane
253.3,45.5,210,1,7.7,Sugarcane
463.9,80,330.4,1.9,7.2,Sugarcane
390.8,63.7,340,1.66,7.3,Sugarcane
314,59.8,233.5,1.33,7.5,Sugarcane
374.9,55,257,1.39,6.8,Sugarcane
237.4,47.3,202.8,1.07,6.7,Sugarcane
219.8,46.6,175.5,0.98,7,Sugarcane
375.9,56.1,317.4,1.55,6.4,Sugarcane
235.1,52,243.5,1.08,7.3,Sugarcane
256.9,48.4,220.7,1.16,6.5,Sugarcane
308.9,62.9,276.4,1.21,6.6,Sugarcane
417.8,67.9,288.8,1.63,7.5,Sugarcane
384.2,69,270.5,1.68,6.4,Sugarcane
267.2,52.8,204.8,1.17,6.6,Sugarcane
307.9,52.8,276.6,1.43,7.4,Sugarcane
392.2,64.5,288.2,1.64,7.8,Sugarcane
278.1,60.3,225.3,1.32,7,Sugarcane
280.7,62.5,281,1.37,7,Sugarcane
377.7,61.6,305.5,1.69,7.5,Sugarcane
362.4,66.6,314.8,1.39,7,Sugarcane
225.4,42.6,260.2,1.2,7.9,Sugarcane
299.7,53.1,202.2,1.12,7.1,Sugarcane
282.3,55.8,222.7,1.13,6.9,Sugarcane
322.9,58.4,277.7,1.37,6.3,Sugarcane
420.8,64.1,297.8,1.61,6.9,Sugarcane
217.5,40.9,268.3,1.05,7.8,Sugarcane
323.4,67.5,303.6,1.49,7,Sugarcane
362.3,66.8,281.1,1.47,6.9,Sugarcane
405.7,63.7,368.4,1.49,7.4,Sugarcane
376.3,60.8,293.8,1.66,7.3,Sugarcane
298.5,55.3,275.8,1.28,6.8,Sugarcane
359.6,67.1,344.8,1.66,6.7,Sugarcane
296.5,55.3,214.3,1.34,7.3,Sugarcane
334.8,61.1,302.1,1.55,6.9,Sugarcane
338.2,48.5,276.2,1.49,7.7,Sugarcane
432.3,69.2,347.9,1.92,6.3,Sugarcane
386.7,69.4,250.5,1.43,6.9,Sugarcane
193,44.6,202.9,0.94,7.9,Sugarcane
191.6,42.6,150,0.9,7.7,Sugarcane
311,55.4,292.6,1.41,7,Sugarcane
265.4,42.8,213.3,1.18,7.2,Sugarcane
205.9,44.9,181.9,0.92,7.3,Sugarcane
390,59.3,247.7,1.44,7.6,Sugarcane
341,56.6,295.6,1.57,7.8,Sugarcane
250.9,42,224.4,1.07,6.2,Sugarcane
329.9,55.8,320.8,1.44,7.5,Sugarcane
398,62,316.3,1.63,6.7,Sugarcane
344.8,54,208.7,1.42,6.5,Sugarcane
443.5,65.4,371.5,1.75,7,Sugarcane
424.3,64.5,352.2,1.51,7.5,Sugarcane
302.6,49.2,229.7,1.28,6.3,Sugarcane
405.9,68.2,299.7,1.52,7.2,Sugarcane
434.1,73.2,354.6,1.8,7.6,Sugarcane
282.4,50.5,170.7,1.15,7.9,Sugarcane
414.9,73.1,286.2,1.8,6.8,Sugarcane
150,41.6,207.2,0.8,6.5,Sugarcane
259.9,56.1,187.3,1.43,7.1,Sugarcane
282.5,52,253.3,1.08,7.2,Sugarcane
352.6,59.3,271,1.43,6.9,Sugarcane
206.5,53.9,197.6,1.1,7.1,Sugarcane
383.1,64.9,277.7,1.64,6.6,Sugarcane
248.8,44.7,210.6,1.05,7.5,Sugarcane
284.9,56.2,308.2,1.25,7.5,Sugarcane
271.5,50.1,250.6,1.21,7.1,Sugarcane
323.3,53.9,274.9,1.26,6.4,Sugarcane
298.1,51.5,194.7,1.25,6.7,Sugarcane
346.3,52.4,318.1,1.55,7.8,Sugarcane
372.2,62.6,349.1,1.52,7.4,Sugarcane
235.8,42.6,235.7,1.16,7.7,Sugarcane
324.6,59.9,302,1.49,7.5,Sugarcane
295.5,51.9,241.2,1.31,6.3,Sugarcane
238,52.2,206.5,1.17,7.8,Sugarcane
434.4,67.4,369,1.83,6.5,Sugarcane
355.8,62.7,277.6,1.57,6.8,Sugarcane
183.5,40.4,180,1.05,7.6,Sugarcane
244.4,52.2,223.1,1.21,6.8,Sugarcane
248.4,47.3,212.1,1.17,7.6,Sugarcane
340.8,56.7,306.1,1.38,6.5,Sugarcane
422.3,70.4,400,1.85,7.9,Sugarcane
304,56.3,244.1,1.27,7.1,Sugarcane
187.8,49.8,201.1,0.89,6.9,Sugarcane
352.6,65.1,374.1,1.62,7.3,Sugarcane
228.3,52.2,218,1.28,6.8,Sugarcane
321.9,61.2,261.4,1.17,6.9,Sugarcane
399.2,69.4,366.8,1.8,6.5,Sugarcane
360.4,64.3,317.7,1.39,7.7,Sugarcane
424,66.9,353.7,1.79,6.5,Sugarcane
309.7,48.6,272.7,1.3,6.8,Sugarcane
178.8,40.2,150,0.96,7.6,Sugarcane
267.5,48.1,202.7,1.1,7,Sugarcane
378.5,59,299.2,1.53,7.6,Sugarcane
363.2,63.9,295.8,1.59,7.3,Sugarcane
320.9,55.2,265.4,1.4,7.8,Sugarcane
241.6,49.1,196.2,0.96,6.6,Sugarcane
473.6,69.9,316.6,1.8,7.5,Sugarcane
391.7,65.5,356.5,1.81,6.7,Sugarcane
292.7,47.8,182.8,1.16,6.5,Sugarcane
197.9,42,163.2,1.05,6.6,Sugarcane
361.8,57.9,308.8,1.45,7.4,Sugarcane
238,42.7,200.6,1.12,6.4,Sugarcane
304.2,46.3,273.1,1.24,7.8,Sugarcane
280.7,53.7,303.4,1.36,7.1,Sugarcane
217.2,42.4,150,0.93,7.5,Sugarcane
462.6,73.1,387,1.85,6.4,Sugarcane
369.3,72.1,358.2,1.62,7,Sugarcane
334.6,54.7,316.8,1.28,6.6,Sugarcane
334.7,63,276.1,1.45,6.9,Sugarcane
440.9,68.3,372.3,1.87,7.3,Sugarcane
233,48.5,189.6,0.99,7.6,Sugarcane
358,67.8,330.9,1.49,6.5,Sugarcane
347.6,61.7,263.8,1.53,6.4,Sugarcane
409.4,69.9,373.3,1.8,7.2,Sugarcane
313.5,48.5,282.9,1.25,6.5,Sugarcane
225.9,47.3,222.3,1.18,6.9,Sugarcane
188.1,40,186.7,0.97,7.4,Sugarcane
329.4,52.1,220,1.16,7.2,Sugarcane
334.2,57.8,311.6,1.42,6.3,Sugarcane
239.4,52.4,213.4,1.23,7.3,Sugarcane
398.1,62.8,297.9,1.38,7.1,Sugarcane
342.3,60.9,291.6,1.65,7,Sugarcane
291.8,58.1,309.1,1.37,6.9,Sugarcane
268.6,48.6,222.5,1.22,7.3,Sugarcane
263.6,56,232.8,1.34,7.3,Sugarcane
267.8,49.5,240.4,1.1,7.2,Sugarcane
450.2,70.2,343,1.76,7.2,Sugarcane
302.9,50.7,256.7,1.33,6.9,Sugarcane
254.4,48.2,197.3,1.23,6.9,Sugarcane
439.3,73.8,349.1,1.89,7.6,Sugarcane
442.5,73.5,338.7,1.81,7,Sugarcane
358.4,62.6,272,1.44,7.2,Sugarcane
321.3,58.9,250.4,1.31,6.9,Sugarcane
266.8,51.6,225.6,1.02,6.2,Sugarcane
401.7,72.8,324.3,1.61,7,Sugarcane
256.2,46.3,226.5,1.22,6.6,Sugarcane
266.1,48.4,236.9,1.08,7.2,Sugarcane
434.8,68.5,335.4,1.64,7.2,Sugarcane
389.4,65,287.2,1.56,7,Sugarcane
341.3,63.6,340.9,1.36,7.1,Sugarcane
218.4,48.1,150,1.06,7,Sugarcane
300.4,55.5,311.2,1.26,7.2,Sugarcane
356.9,59.8,291.4,1.36,7.7,Sugarcane
261.6,53.9,280.2,1.19,7.5,Sugarcane
328.1,61.5,293.7,1.46,7.5,Sugarcane
269.2,53.9,274.8,1.27,7.2,Sugarcane
493.4,71.6,400,1.88,6.3,Sugarcane
300.5,56,237.3,1.24,7.2,Sugarcane
488.4,72.2,400,1.95,7.4,Sugarcane
483.3,68,400,1.81,6.4,Sugarcane
342.3,59.2,279.6,1.5,6.2,Sugarcane
225.3,46.3,178,1.15,7.7,Sugarcane
334.2,61.9,277.3,1.51,7.1,Sugarcane
420.2,64.3,304.1,1.56,6.7,Sugarcane
437.4,71.9,400,1.77,7,Sugarcane
367.7,58.9,285.6,1.64,6.4,Sugarcane
210.9,43.4,247.7,0.96,6.8,Sugarcane
322.9,58.8,294.3,1.54,7.4,Sugarcane
395.7,64.8,282.7,1.61,7.5,Sugarcane
298.4,55.6,238.6,1.49,7.1,Sugarcane
413.6,65.5,357.9,1.62,6.8,Sugarcane
374.2,65.9,344.8,1.5,7.4,Sugarcane
261.1,48.7,253.2,1.2,7,Sugarcane
291.1,54.8,227.2,1.24,6.9,Sugarcane
301.1,54,260.9,1.44,6.4,Sugarcane
299.5,52.6,242.2,1.16,7.4,Sugarcane
233.5,44.8,159.1,0.97,7.3,Sugarcane
278.1,46.2,219.7,1.06,6.7,Sugarcane
333.3,71.8,288.5,1.59,7,Sugarcane
281.3,50.5,167.5,1.16,8,Sugarcane
280.6,54.9,272.9,1.36,7,Sugarcane
341.6,60.6,238.1,1.61,7.6,Sugarcane
230.8,48,209.5,1.21,7,Sugarcane
258.3,53.5,242.6,1.12,6.9,Sugarcane
346.3,50.9,328.4,1.39,6.5,Sugarcane
348.1,60.7,229.9,1.21,7.2,Sugarcane
282,52.9,293.3,1.22,6.7,Sugarcane
150,41.1,150,0.91,6.9,Sugarcane
395.1,66.2,332.3,1.71,7.3,Sugarcane
459.8,65.6,363.4,1.83,7,Sugarcane
440.2,75.5,363.4,1.76,7.2,Sugarcane
276.5,55.2,282,1.27,6.6,Sugarcane
374.8,74.3,356.3,1.67,7.1,Sugarcane
262.5,56.4,195.3,1.23,6.9,Sugarcane
258.3,45.1,240.3,1.3,6.8,Sugarcane
307.4,59,263.9,1.28,7.1,Sugarcane
337.4,52.7,242.5,1.32,7.4,Sugarcane
334,50.5,272.4,1.47,6.8,Sugarcane
378.9,57.1,287.1,1.57,7.6,Sugarcane
336.1,61,285.2,1.42,6.9,Sugarcane
391.9,58.2,306.9,1.5,7.5,Sugarcane
161,40,166.5,0.88,7.2,Sugarcane
219.5,42.8,197.1,1.03,7.8,Sugarcane
375.8,64.4,323.4,1.68,6.9,Sugarcane
346.4,59.8,269.4,1.49,6.8,Sugarcane
327.5,54.7,287.1,1.41,7.7,Sugarcane
389.8,71.2,362.9,1.7,7.2,Sugarcane
314.2,56.1,261.3,1.35,7.3,Sugarcane
347.8,61,262,1.56,7.7,Sugarcane
284.7,47.1,296.9,1.2,6.4,Sugarcane
200.8,44.6,193.4,1.16,7.3,Sugarcane
344.4,70.9,278.1,1.37,6.9,Sugarcane
417.5,62.8,317.9,1.6,6.7,Sugarcane
421.4,72.7,400,1.96,7.2,Sugarcane
320.2,59.4,290.5,1.4,6.4,Sugarcane
306.8,53.9,217.6,1.32,6.4,Sugarcane
269.6,48.7,243.4,1.31,6.3,Sugarcane
236.7,49.1,216,1.22,6.3,Sugarcane
334,60.4,243.9,1.65,6.9,Sugarcane
305.9,57.2,295.9,1.6,7.4,Sugarcane
278.3,46.4,263.2,1.28,6.4,Sugarcane
330.6,70.8,288.6,1.53,6.7,Sugarcane
347.8,70.8,287.2,1.69,7.2,Sugarcane
414.6,73.5,367.3,1.65,7.2,Sugarcane
457.4,67.8,365.9,1.69,7.3,Sugarcane
210.4,47.6,223.9,0.95,6.4,Sugarcane
309.9,51.3,260.3,1.28,7.2,Sugarcane
403.8,67.7,350.5,1.71,7,Sugarcane
179.3,43.5,195.6,0.91,6.8,Sugarcane
218.7,46.9,183.7,1.02,7.5,Sugarcane
169.6,40,193.9,1.02,6.2,Sugarcane
223.4,44.2,214.3,1.13,7.6,Sugarcane
177,41.1,208.1,0.95,7.9,Sugarcane
211.1,44.5,199,0.94,6.9,Sugarcane
173.5,40,150,0.83,6.1,Sugarcane
271.6,46.8,210.4,1.27,6.4,Sugarcane
211.7,40,240.7,0.94,7.6,Sugarcane
150,40,150,0.83,6.5,Sugarcane
376.7,63.8,344.5,1.63,6.2,Sugarcane
182,40.4,181,0.89,6.7,Sugarcane
293.9,49.7,206.5,1.32,6.2,Sugarcane
403.8,62.7,328.1,1.59,6.7,Sugarcane
200.9,42.3,222.8,1.05,6.3,Sugarcane
358.7,55.9,261.2,1.51,7.9,Sugarcane
265.1,58.9,269.2,1.3,6.9,Sugarcane
154,40,150,0.94,6.7,Sugarcane
335.2,67.4,291.9,1.37,7.4,Sugarcane
254.4,40,207,0.99,6,Sugarcane
297.7,48.8,224.1,1.13,6.1,Sugarcane
175.4,41.4,151.1,0.98,6.6,Sugarcane
302.6,53.2,230.6,1.46,7.4,Sugarcane
179,43.7,177.8,0.89,7.1,Sugarcane
150,44.1,150,0.81,7.1,Sugarcane
247.6,43.5,206.3,1.14,7,Sugarcane
274.9,50.9,215.4,1.22,6.1,Sugarcane
439.7,76.4,360.7,1.79,6.4,Sugarcane
226.9,40,199.4,0.85,6.3,Sugarcane
289.1,48.8,246.2,1.4,6.1,Sugarcane
477.5,76.2,370.7,1.99,7,Sugarcane
447.8,63.9,352.1,1.72,7.6,Sugarcane
224.6,46.9,165.2,1.17,7.1,Sugarcane
450,78.4,390.4,1.97,7.6,Sugarcane
197.5,47,189.8,1.09,7.6,Sugarcane
253.4,40,150,0.94,6.5,Sugarcane
385.5,64.7,335,1.59,7.6,Sugarcane
177.4,40,225.6,1.04,7.5,Sugarcane
395.9,69.7,348,1.7,7.6,Sugarcane
358.9,57.1,277.8,1.68,7.5,Sugarcane
231.5,49.6,271.3,1.12,6.3,Sugarcane
474,71.9,369.3,1.93,7.3,Sugarcane
400.9,58.3,287.8,1.53,8,Sugarcane
449.1,66.1,354.5,1.7,6.1,Sugarcane
461.7,65.6,350.9,1.88,6.3,Sugarcane
186.1,41.6,150,0.9,7.3,Sugarcane
323.9,47.4,225.8,1.23,7.9,Sugarcane
433.6,70.7,385.1,1.94,7.4,Sugarcane
500,74.9,400,2,7.8,Sugarcane
289.9,49.1,261.9,1.22,6.6,Sugarcane
185.3,43.6,180.5,0.91,7.4,Sugarcane
500,78.4,394.1,1.86,6.3,Sugarcane
276.2,48.4,218.7,1.08,6,Sugarcane
420.9,68.1,341.7,1.7,7.7,Sugarcane
297.5,57.2,286,1.33,6.6,Sugarcane
217.6,40,157.2,0.98,7.9,Sugarcane
297.9,49.7,270.1,1.26,7.9,Sugarcane
259.7,52.2,244.8,1.13,6.6,Sugarcane
339,59.3,340.2,1.46,7,Sugarcane
166.2,40,258.1,0.94,8,Sugarcane
450.5,77.8,376.9,1.87,7.6,Sugarcane
300.6,50.5,231.3,1.16,6.5,Sugarcane
385.1,62.5,285.2,1.62,6,Sugarcane
371.2,55.8,249.7,1.31,6.3,Sugarcane
361.9,64.5,304.4,1.59,7.9,Sugarcane
205.2,44.9,150,0.91,6.4,Sugarcane
353.4,65,329.3,1.34,6.8,Sugarcane
237.3,43.9,226.6,1.11,7.7,Sugarcane
359.7,52.3,240.9,1.37,6.3,Sugarcane
422.5,70,369,1.74,7.1,Sugarcane
320,53.5,246.2,1.39,7.4,Sugarcane
482.7,77.1,395.8,2,6.6,Sugarcane
249.9,42.9,223.8,0.96,7.6,Sugarcane
494.7,70.4,368.4,2,7.6,Sugarcane
422.7,68.6,324,1.65,7.5,Sugarcane
207.3,40.5,173.3,1.15,6.3,Sugarcane
297.1,62.1,272.8,1.4,6.8,Sugarcane
374.3,72.5,300.7,1.62,6.8,Sugarcane
150,40,150,0.8,7.7,Sugarcane
173.2,41.6,198.3,1.08,7.5,Sugarcane
471.6,78.1,400,2,6.1,Sugarcane
370.7,69,273.2,1.69,7.6,Sugarcane
327.3,58.4,262.4,1.36,6.8,Sugarcane
401.7,66.7,275.8,1.66,6.2,Sugarcane
400.5,78.9,400,1.82,7.7,Sugarcane
340.5,63.9,285.9,1.63,6.7,Sugarcane
336.8,62.2,274.3,1.49,7.4,Sugarcane
277.5,50.5,234.4,1.37,7.9,Sugarcane
299.4,59.2,272.1,1.36,7.1,Sugarcane
281.6,53.2,251.2,1.5,6.7,Sugarcane
273.8,41.6,271,1.01,7.6,Sugarcane
295.3,58.6,271.4,1.33,7.2,Sugarcane
253,43.5,222.8,1.17,7.8,Sugarcane
169.6,42.4,170.6,0.83,7.6,Sugarcane
313.2,51.2,273.4,1.31,6.2,Sugarcane
468.6,79.1,395.1,2,7.7,Sugarcane
246,45.7,180.7,1.1,7.6,Sugarcane
500,80,386.9,2,6.9,Sugarcane
250.8,48,250.3,1.27,6,Sugarcane
381.6,64.8,323.5,1.62,7,Sugarcane
151.1,40,150,0.9,7.1,Sugarcane
455.2,64.1,383.6,2,6.4,Sugarcane
218.9,44.2,257.6,1.17,7,Sugarcane
184,44.4,160.3,0.97,6.8,Sugarcane
453.5,65.9,373.6,1.93,7.8,Sugarcane
266.7,45.2,186.4,1.24,6.2,Sugarcane
218.5,54.4,162.6,1.1,6.9,Sugarcane
221.8,47.3,237.8,1.06,7.7,Sugarcane
379.8,65.1,322.1,1.57,7.1,Sugarcane
356.6,62.2,354.8,1.49,6.4,Sugarcane
217.9,40,150,0.85,6.3,Sugarcane
187.4,40,162.4,0.93,7.9,Sugarcane
218.5,40,189.8,1.13,6.5,Sugarcane
218.2,41.1,199.8,1.04,7.5,Sugarcane
409.3,66.9,334.7,1.63,7.6,Sugarcane
297,57.3,271.8,1.39,7.8,Sugarcane
245.9,47.7,202,1.02,7.2,Sugarcane
374.7,61.1,277.6,1.75,7.8,Sugarcane
277.8,49.9,216.3,1.32,7.4,Sugarcane
403.8,66,341.7,1.71,6.9,Sugarcane
439.5,70.8,338,1.95,7.3,Sugarcane
264.4,44.8,166.7,1.34,7.8,Sugarcane
446.3,73,292.4,1.65,6.7,Sugarcane
484.5,72.6,400,2,7.7,Sugarcane
198.8,48.8,202.4,0.92,7.2,Sugarcane
485.6,75.6,400,1.92,6.3,Sugarcane
180.1,40,182.5,0.82,7.7,Sugarcane
430.6,69.1,382.4,1.74,7.4,Sugarcane
202.5,45.8,197,1.11,6.3,Sugarcane
260.5,53.2,246.8,1.39,7.4,Sugarcane
351.5,56.9,270.9,1.43,7.1,Sugarcane
466.6,70.7,333.2,1.79,6.2,Sugarcane
328.9,55.8,232.2,1.48,7.5,Sugarcane
337.6,55.8,282.2,1.37,6.3,Sugarcane
432,74,342.5,1.8,7.6,Sugarcane
227.1,41.2,220.7,1.12,7.9,Sugarcane
218.8,40.8,151.5,0.91,6.8,Sugarcane
423,66.7,390.9,1.76,7.9,Sugarcane
419.6,68.7,344.1,1.64,7.6,Sugarcane
382.6,65.7,323.1,1.54,7.3,Sugarcane
213.9,42.3,212.8,1.12,6.3,Sugarcane
453.5,74.9,400,1.96,7.3,Sugarcane
399.4,66.8,392,1.71,6.9,Sugarcane
188.1,43.2,206.3,0.99,7.7,Sugarcane
486.4,68.8,364,1.72,7.9,Sugarcane
450.4,77.8,368.6,1.95,7.6,Sugarcane
346.2,59.2,226.1,1.41,6.6,Sugarcane
492.4,72,354,1.84,7.6,Sugarcane
285.6,51.2,240.6,1.36,7.9,Sugarcane
345.6,56.4,282.3,1.49,7.8,Sugarcane
251.8,40.5,183,0.8,7.5,Sugarcane
473.5,71.3,361.7,1.95,6.6,Sugarcane
168.7,35.9,166.7,0.54,6.5,Cotton
226.1,49.6,220,0.65,7.1,Cotton
210.9,35.3,168.3,0.55,6.9,Cotton
216.8,55,190.8,0.73,7,Cotton
230.8,46.6,182.5,0.66,7.7,Cotton
199.8,45.1,176.7,0.71,7.8,Cotton
326.7,64,344.8,0.93,6.9,Cotton
240.8,49.1,220.2,0.75,7.2,Cotton
328.1,56.2,305.5,0.98,7.3,Cotton
286.8,51.1,242.4,0.93,7.2,Cotton
286.6,48.9,250.6,0.83,7.3,Cotton
202.4,46.2,167.3,0.66,6.5,Cotton
269,47.6,229.2,0.8,7.4,Cotton
233.7,44,212.1,0.69,7.7,Cotton
248.2,52.2,240.1,0.89,6.7,Cotton
276.4,45.9,196.6,0.86,7,Cotton
281,50.5,235.1,0.89,7.4,Cotton
298.6,52.2,226.9,0.85,7.3,Cotton
331.5,61.2,249.6,0.99,7.9,Cotton
258.9,41.5,208,0.71,6.6,Cotton
232.9,46.9,198.9,0.69,7.4,Cotton
322.1,53.1,303.9,0.99,7,Cotton
309.6,63.2,313.2,1,7.7,Cotton
319.7,50.5,324.9,1.02,7.1,Cotton
311.2,51,221.1,0.86,6.7,Cotton
317.3,54.7,249.4,0.96,6.6,Cotton
264.1,42.1,213,0.73,8,Cotton
240.9,42.6,220.3,0.69,7.1,Cotton
289,44.1,242.3,0.63,7.3,Cotton
299.4,52.1,303.7,0.99,7.8,Cotton
259.2,42.4,233.9,0.78,6.7,Cotton
157.3,36.7,169.5,0.65,7.6,Cotton
326.4,57.4,257.8,0.97,6.8,Cotton
223.1,51.9,227.9,0.8,7.2,Cotton
273.9,55.9,230.8,0.91,6.8,Cotton
255.3,48.5,215.1,0.82,7.4,Cotton
270.9,50.7,224.5,0.87,7.2,Cotton
269.6,48.5,277.4,0.83,7.1,Cotton
184,44.3,202.1,0.69,6.9,Cotton
275.4,51.2,284.3,0.86,7.6,Cotton
217.9,48.4,252,0.84,7.1,Cotton
267.5,45.7,292.6,0.72,6.8,Cotton
257.2,47.1,242.9,0.82,7.7,Cotton
240.8,44.6,196.7,0.83,8,Cotton
232.4,49.3,243.8,0.71,7.3,Cotton
263.1,52,255,0.79,7.9,Cotton
324.2,52.7,270.5,0.89,6.6,Cotton
165.3,33.5,143.3,0.54,7.5,Cotton
191.7,37.9,187,0.67,7.7,Cotton
217.2,36,177.1,0.53,7.7,Cotton
232.4,38.5,215.2,0.73,7.6,Cotton
168.1,42.4,158.4,0.53,7.5,Cotton
259.7,46.5,255.7,0.81,6.5,Cotton
330.7,53,280.4,0.92,7.1,Cotton
259.3,45.1,258,0.94,6.9,Cotton
274.3,52.7,275.9,0.69,7.2,Cotton
245.7,38.8,183.3,0.81,6.6,Cotton
349.2,56.3,278.4,1.02,7.5,Cotton
291.4,51.5,266.2,0.82,7.6,Cotton
317.2,59.7,305.2,1.01,6.6,Cotton
336.3,57.9,236,1.06,8,Cotton
222.1,42.1,198.4,0.55,7,Cotton
258.5,45.3,201.7,0.82,7.1,Cotton
260.9,48.6,263.2,0.76,7.3,Cotton
257.2,46.3,261.6,0.83,6.7,Cotton
185.4,36,133.7,0.63,6.9,Cotton
237.6,48.3,203.6,0.8,7.8,Cotton
338.2,54.7,310.3,0.84,7.2,Cotton
315.8,58.3,324.3,0.98,6.9,Cotton
283.5,48.8,272.8,0.96,6.7,Cotton
186.8,41.4,184.5,0.73,7,Cotton
200.5,34.9,181,0.62,8,Cotton
334.8,50.7,319.9,0.99,7.1,Cotton
281.9,49.4,234.5,0.84,7.6,Cotton
254.6,38.6,236.5,0.76,8.1,Cotton
151.6,32.4,160.3,0.5,7.7,Cotton
321,51.6,298.3,0.93,7.2,Cotton
275.7,50.7,255.9,0.76,7.6,Cotton
301.6,58.2,273.2,0.94,7.5,Cotton
327.6,54.7,229.6,0.99,7,Cotton
283.2,51.4,260.1,0.91,7.3,Cotton
201.6,50.1,190.5,0.61,6.8,Cotton
274,46.2,257.6,0.79,7,Cotton
294.4,54.2,282.4,0.96,7.4,Cotton
277.9,49.3,236.4,0.93,7.2,Cotton
321.4,52.6,274.4,1.02,6.9,Cotton
253.3,47.8,230.5,0.78,7.6,Cotton
249.6,48.9,190.1,0.88,7.3,Cotton
274.4,46.1,227.4,0.73,6.8,Cotton
229.7,42.6,235.3,0.77,7.3,Cotton
334.1,57.6,324.6,1.02,8.1,Cotton
259.9,51,255.6,0.89,6.9,Cotton
260.6,45.9,206.1,0.83,7.1,Cotton
330.9,57.4,326,0.98,7.6,Cotton
277.1,59.7,207.9,0.89,7.5,Cotton
283.9,50.2,272.4,0.91,7.2,Cotton
274.6,52,267.4,0.74,6.8,Cotton
250.2,41.2,253,0.8,7.6,Cotton
181.7,40.2,170.4,0.59,7,Cotton
235.2,44.3,194.9,0.82,7.6,Cotton
246.4,46.3,251.9,0.81,6.5,Cotton
329.9,63.1,287.2,0.99,6.9,Cotton
258.5,54.1,229.2,0.84,7.9,Cotton
247.6,52.8,244.3,0.74,7.2,Cotton
155.4,37.5,126.4,0.54,6.7,Cotton
203,38,187,0.58,6.6,Cotton
201.6,48.1,197.1,0.81,6.6,Cotton
260.1,51.4,229.1,0.91,7,Cotton
217.8,33.4,223.8,0.64,7.6,Cotton
139.7,30,151.8,0.42,6.4,Cotton
207.5,38.4,193.8,0.68,8.1,Cotton
276.3,49.2,284.2,0.76,7.4,Cotton
271.8,48.4,250.9,0.96,6.8,Cotton
269.7,44.8,234.4,0.73,7.1,Cotton
170.8,37.2,124.7,0.52,6.4,Cotton
302.6,52.8,203.4,0.86,7.7,Cotton
387.6,60.3,350,1.09,7.9,Cotton
361.3,52.1,334.6,1.04,6.6,Cotton
389.4,70,350,1.2,7,Cotton
242,47.6,215.5,0.83,7.7,Cotton
222.6,44,194.1,0.73,7.1,Cotton
247.2,44.2,221.2,0.72,7,Cotton
200.7,31.4,139.9,0.56,7.9,Cotton
298.7,54.2,253.7,0.91,7,Cotton
265.3,48.9,241.9,0.99,6.8,Cotton
167.6,35,125.4,0.46,7.4,Cotton
272.5,53.1,207.2,0.83,8.1,Cotton
400,65.2,338.4,1.2,6.8,Cotton
244.4,46.3,234.8,0.78,6.6,Cotton
216,40,196.4,0.54,7.6,Cotton
190.1,34.7,155.7,0.56,7.3,Cotton
162,35,121.5,0.5,7.5,Cotton
239.1,44,142.5,0.68,7.6,Cotton
243,50.1,221.8,0.81,7.2,Cotton
140,31.7,166.5,0.62,8.2,Cotton
355.3,56.2,287.2,0.94,7,Cotton
290.8,48.9,217.5,0.77,6.8,Cotton
386.8,67.2,350,1.14,7.4,Cotton
256,42.5,248.2,0.83,7.6,Cotton
214.6,48.6,220.1,0.89,7.2,Cotton
219.3,47.5,208.5,0.66,7.7,Cotton
285.5,55.1,267.5,0.87,7.7,Cotton
340.6,53.1,315.7,1.06,7.3,Cotton
178.7,33.5,167.5,0.54,6.3,Cotton
178.1,34.4,207.4,0.6,7,Cotton
291.1,51,264.9,0.86,7.3,Cotton
279.1,47.8,280.2,0.95,6.5,Cotton
321,47.7,332.3,1,6.8,Cotton
173.9,31.1,120,0.6,7.9,Cotton
147.5,30.7,135.8,0.44,6.6,Cotton
218.6,40,225.1,0.66,6.6,Cotton
173,33,151.6,0.5,7.3,Cotton
280.1,51.7,237.6,0.92,7.2,Cotton
226,42.4,201.4,0.73,6.4,Cotton
234.9,41.9,224.5,0.77,7.8,Cotton
230.1,32.2,159.7,0.59,6.4,Cotton
286.5,53.2,263.3,0.92,7,Cotton
372.6,59.7,300.2,1.17,7.5,Cotton
360.7,59.6,322.6,0.96,6.7,Cotton
181.6,39.1,164.1,0.68,6.4,Cotton
368.5,68.7,299.4,1.11,7.6,Cotton
325.2,52.7,276,0.96,7.7,Cotton
263.2,46.2,259.8,0.82,6.4,Cotton
216.2,41,249.9,0.7,7.8,Cotton
274,50.4,221.6,0.83,7.7,Cotton
238.1,41.3,214.8,0.85,6.3,Cotton
211.8,40.7,232.5,0.62,7.6,Cotton
340.1,51.8,270.8,0.98,7.7,Cotton
316.7,60.1,278.5,1.05,7,Cotton
223.8,50,194.3,0.78,7.1,Cotton
272.1,49.9,290.8,0.88,7.5,Cotton
144.5,31.7,186.1,0.52,6.9,Cotton
299.5,53.2,251.5,0.93,6.4,Cotton
296.7,63.7,255.4,0.86,7.5,Cotton
183.3,37.2,221.2,0.63,7.7,Cotton
260.4,50.8,250.8,0.79,7.1,Cotton
215.5,44.2,170,0.68,6.2,Cotton
248.3,49.4,224.8,0.81,7,Cotton
218.4,46,226.1,0.69,6.4,Cotton
202.7,41.8,171.7,0.63,7.2,Cotton
301.7,60.4,240.6,0.94,7.2,Cotton
290.2,52.1,260.5,0.93,7.2,Cotton
246.7,49.1,192.8,0.65,7.2,Cotton
242.1,43.9,205.8,0.66,7.4,Cotton
240.7,47.9,213.5,0.73,7,Cotton
393.4,66.8,296.6,1.2,8,Cotton
291.2,55.6,248,0.93,7.4,Cotton
186.7,49.2,140.4,0.67,6.9,Cotton
295.1,48.9,212.3,0.91,6.7,Cotton
276.9,49.6,245.5,0.82,7.6,Cotton
362.9,64.5,346.1,1.09,6.4,Cotton
188,47.1,148.7,0.76,7.6,Cotton
319.2,54,306.1,1.05,6.4,Cotton
247.2,46.7,251.3,0.78,6.5,Cotton
348.1,63,280.6,1.05,7.3,Cotton
311.2,48.8,288.6,0.9,8.2,Cotton
302.4,57.8,247,0.88,7.1,Cotton
210.5,46.1,236.6,0.85,7.1,Cotton
153.8,30,189.5,0.51,7.9,Cotton
246.3,49.7,269.4,0.78,6.9,Cotton
312.1,43.4,221.2,0.86,7.1,Cotton
257.7,42.4,207.6,0.78,6.8,Cotton
192.7,39.3,177,0.74,8.2,Cotton
231.6,44.9,226.5,0.75,7.4,Cotton
228.1,47.3,205.4,0.7,6.9,Cotton
285.7,54.3,277.2,0.89,7.7,Cotton
259.5,42.3,181,0.71,6.5,Cotton
295.1,58.6,276.1,0.86,7.5,Cotton
248.8,34.5,281.2,0.75,8,Cotton
195.9,37.7,223.7,0.61,8.2,Cotton
162.2,36.2,139.7,0.46,6.9,Cotton
269.4,48.9,244.2,0.7,7.7,Cotton
253.9,55.7,184.5,0.81,6.5,Cotton
225.7,37.2,168,0.63,7,Cotton
210.5,37.2,255.3,0.6,7.1,Cotton
317.1,58.1,271.9,0.88,6.9,Cotton
283.9,44.4,240.9,0.91,8.1,Cotton
308.8,56.6,256,0.98,7.2,Cotton
239,47.2,202.6,0.69,7.4,Cotton
373.9,62.9,350,1.04,6.3,Cotton
283.7,39,274,0.86,6.5,Cotton
282.9,48.3,251.7,0.85,7.5,Cotton
337.9,58.8,270.5,0.93,7.7,Cotton
149.5,40.7,177,0.57,6.8,Cotton
249.8,47.7,229.2,0.77,7.7,Cotton
316.1,58.6,264.2,0.99,6.6,Cotton
134.3,32.8,152.6,0.48,7.2,Cotton
247.6,44.1,236,0.88,7.2,Cotton
214.8,36.7,248.6,0.78,8.1,Cotton
296.9,54.9,264.6,0.94,7.8,Cotton
327.5,57.8,303.7,0.97,7.6,Cotton
254.4,50.8,222.8,0.82,7.4,Cotton
248.6,55.9,229.5,0.87,7.4,Cotton
223.7,31.3,187,0.63,8.1,Cotton
289.5,49.2,265.9,0.94,7.8,Cotton
123.4,31.4,124.3,0.47,7,Cotton
343.7,61.9,350,1.02,7.1,Cotton
197.5,34.4,137.3,0.62,7.2,Cotton
202.8,38,205.4,0.64,7.9,Cotton
153.5,30,133.5,0.45,6.3,Cotton
286,59.1,231.1,1,7.1,Cotton
274.9,45.8,224.5,0.69,7.5,Cotton
336.4,52.2,279.1,0.9,6.5,Cotton
174.5,35.4,192.6,0.62,7.6,Cotton
283.4,48.2,227.5,0.83,7.1,Cotton
284.9,54.9,292.9,0.95,7.9,Cotton
281.1,50.7,290.8,0.91,7.6,Cotton
337.8,61.1,332.1,0.94,6.9,Cotton
286.7,56.5,238.6,0.76,7.3,Cotton
235.2,41.2,191.1,0.77,7.7,Cotton
319.1,58.5,286.2,0.94,6.8,Cotton
255.3,42,256.7,0.77,7.5,Cotton
182.7,40,242.1,0.63,7.8,Cotton
218.7,48.4,197.9,0.73,6.8,Cotton
280.9,57.3,280.8,0.94,7.4,Cotton
266.8,51.7,233.9,0.87,7.1,Cotton
181.2,35.4,198.3,0.61,7,Cotton
233.3,43.4,216.4,0.68,7.2,Cotton
343.9,54.2,350,1.01,8,Cotton
335.9,53.8,251.4,0.83,8.1,Cotton
279.3,47,242.2,0.86,6.2,Cotton
230.4,30.5,191.5,0.72,8.2,Cotton
176.6,34.2,211.9,0.58,6.9,Cotton
327.6,55.5,298.6,1.04,7.6,Cotton
351.4,67,331.9,1.05,7.4,Cotton
270,49.8,273.9,0.92,6.3,Cotton
361.2,60.2,323.8,1.15,7.8,Cotton
236.5,46.4,207,0.75,7.5,Cotton
175.3,38.3,140,0.64,7,Cotton
239.4,46.1,214.1,0.75,7.3,Cotton
124,35.2,128.6,0.42,7.1,Cotton
336.7,54.3,310.1,1.03,7.4,Cotton
318.4,52.8,271.3,0.98,8,Cotton
355.1,63.2,349.3,1.19,7,Cotton
309.4,52.1,250.8,1,7.6,Cotton
344.4,58.8,314.3,0.98,7.7,Cotton
243.4,43.5,237.2,0.66,6.9,Cotton
276.4,47.8,276.9,0.78,6.6,Cotton
258.4,47.8,273.8,0.86,7.8,Cotton
354.4,55.6,297,0.99,8.2,Cotton
328.1,50.4,264.7,0.91,7.7,Cotton
177.6,37.6,149.8,0.77,7.5,Cotton
257.7,50,233.1,0.78,7.5,Cotton
317.4,54.1,297.3,1.05,7.6,Cotton
268.6,51.9,242,0.8,7.1,Cotton
187.3,30,175.4,0.49,8.1,Cotton
185,40.7,206.3,0.56,7.6,Cotton
316.8,54.9,285.3,0.95,7.7,Cotton
159.4,34.3,155.2,0.51,7,Cotton
249.6,41.4,234.3,0.68,6.1,Cotton
245.5,35.5,215,0.73,7.8,Cotton
279.8,59.2,292,0.8,7.2,Cotton
222.6,43.3,180.3,0.63,7,Cotton
285.2,49.3,233.3,0.91,8,Cotton
231.2,51,256.3,0.76,7.6,Cotton
282.5,48.9,217.4,0.89,7,Cotton
236.3,45.2,253.7,0.75,7.1,Cotton
305.6,50.4,282.1,0.93,7.1,Cotton
319.5,50.4,303.7,0.94,7.7,Cotton
250.4,32.2,222.2,0.73,6.1,Cotton
264.9,46.7,237,0.72,7.5,Cotton
263.7,50.3,270.4,0.89,7.7,Cotton
253.6,54.9,266.7,0.9,7.3,Cotton
366.4,57,289.1,1,7.1,Cotton
233.9,42.9,197.6,0.69,6.6,Cotton
242.4,45.7,171.6,0.68,6.5,Cotton
316.7,60.9,267.3,0.9,7,Cotton
287.9,43.8,226.8,0.92,8.2,Cotton
224.9,45.4,188,0.78,6.9,Cotton
237.7,47,242,0.82,6.7,Cotton
250.4,41.7,216.1,0.92,6.8,Cotton
300.2,43.7,237.4,0.84,6.3,Cotton
286.7,43.3,276.8,0.77,6.6,Cotton
141.2,35.2,161.3,0.47,7.4,Cotton
303.2,57.4,230.9,0.92,7.4,Cotton
195.7,34.1,133.2,0.48,7,Cotton
248.3,43.8,185.5,0.77,7.6,Cotton
272.8,51.4,246.1,0.93,7.6,Cotton
235.6,39.9,247.9,0.71,7.2,Cotton
231.1,51.7,237.3,0.81,6.9,Cotton
241.7,42.5,195.4,0.72,6.7,Cotton
252.2,43.6,280.6,0.78,7.4,Cotton
250.9,49.7,225.8,0.72,7.2,Cotton
166.3,41,154.8,0.54,6.7,Cotton
213.9,43.4,206.4,0.58,7,Cotton
331.3,58.1,228.3,0.99,7.6,Cotton
326.3,61,245,0.99,7.6,Cotton
232.6,41,174.8,0.61,7.8,Cotton
342,61.7,269.5,1.05,6.5,Cotton
220.2,45.4,195.8,0.63,7.9,Cotton
299.2,51.9,257.9,0.83,8,Cotton
300.7,57.5,288,1.03,7.1,Cotton
150,35.6,126.7,0.63,7.5,Cotton
292.3,45.4,280.1,0.77,8.4,Cotton
179.6,41.3,158.9,0.61,6.5,Cotton
242.3,47.8,223.3,0.77,6.4,Cotton
308.8,59.2,298.7,0.92,7.4,Cotton
377.6,61.5,337.4,1.05,6.9,Cotton
230.2,38.9,212.6,0.68,8.3,Cotton
313.4,58.5,294.8,0.99,7.8,Cotton
215.2,46,213.6,0.65,7.6,Cotton
302.6,61.3,291.3,0.93,7.8,Cotton
234.1,52.4,242.8,0.87,6.9,Cotton
129.7,34.7,127,0.52,6.8,Cotton
313.9,51.2,263.3,1.06,7.8,Cotton
134.5,30,141.2,0.52,6.4,Cotton
279.6,52.6,271.3,0.94,7.1,Cotton
120,36.4,165.4,0.43,7.2,Cotton
271.6,47.4,269.2,0.93,7.9,Cotton
315.9,51,290.2,1.01,6.9,Cotton
365.5,62.1,318.4,1.19,6.9,Cotton
334.4,69.4,284.3,1.12,7,Cotton
273.6,44.9,285.4,0.96,7.9,Cotton
204.6,39.5,160.5,0.66,6.7,Cotton
313,63.5,312.9,1.05,7.1,Cotton
227.8,38.8,234.1,0.68,8.5,Cotton
358.3,52.8,306.9,0.99,6.4,Cotton
353.1,67,310.9,0.96,7.3,Cotton
344.5,58.6,324.7,1.15,8.5,Cotton
193.2,37.1,200.6,0.61,7.5,Cotton
225,40.8,210.3,0.58,8.5,Cotton
212.2,38.3,238.6,0.65,7.7,Cotton
149.1,30,139.3,0.45,8.4,Cotton
387.2,60,324.7,1.05,8.4,Cotton
334.7,57.8,279.6,1.12,8.1,Cotton
335.2,56.1,284.8,0.95,7.3,Cotton
217.4,47.1,233.5,0.75,7.2,Cotton
209.7,36.9,192.5,0.71,7.2,Cotton
400,68.8,321.9,1.2,8.3,Cotton
387.3,63.6,306.8,1.2,6.3,Cotton
174.6,37.1,200.8,0.54,7.4,Cotton
385.7,59.4,337.7,1.18,6,Cotton
157.2,30.7,160.2,0.49,7.9,Cotton
378.7,60.9,350,1.13,7,Cotton
353.3,69,350,1.13,7.5,Cotton
313.9,51.6,246.1,0.9,6.5,Cotton
121.2,36.9,147.3,0.55,7.7,Cotton
240.9,37.2,208.5,0.74,6.2,Cotton
333,55.6,311.2,0.94,6.5,Cotton
378,67.4,345.4,1.2,6.6,Cotton
374.7,62.6,310,0.97,8.1,Cotton
214.2,40.1,187.2,0.72,6.9,Cotton
142.6,30,120,0.4,6.8,Cotton
137.1,30,120,0.4,8.4,Cotton
384.5,63.6,350,1.06,6.3,Cotton
244.6,40.7,155.1,0.79,7.7,Cotton
220.1,50.8,231.3,0.85,7.1,Cotton
385,62.4,335,1.07,6.8,Cotton
170.4,32.9,174.2,0.43,7.7,Cotton
376.2,55.5,350,1.12,6,Cotton
191.2,47.2,217.4,0.72,6.7,Cotton
191.8,37.1,211.2,0.69,6.6,Cotton
329.9,51,301,1.08,6.3,Cotton
178.7,34,178.2,0.41,6.5,Cotton
400,68.9,336.4,1.2,6.3,Cotton
369.6,64.3,301.4,1.1,7.5,Cotton
328.9,55,306.2,1.18,8.4,Cotton
386,70,339.2,1.14,7.3,Cotton
121.2,30,124.4,0.42,8.5,Cotton
190.7,42.3,211.5,0.64,7,Cotton
322.5,55.4,288.2,1,6.5,Cotton
349.8,58.4,323.9,1.05,7.9,Cotton
373.7,61.4,350,1.2,6.1,Cotton
212,42.8,232.9,0.67,8,Cotton
232.2,38.5,220.8,0.61,7,Cotton
203.8,34.4,212.6,0.61,7,Cotton
400,67.3,350,1.17,7.2,Cotton
320.6,51,248.2,0.92,6.7,Cotton
209,42.7,163.2,0.62,7.4,Cotton
372.6,60.4,349.3,1.07,7.9,Cotton
225.5,46.8,213.9,0.66,7.2,Cotton
335.2,51.3,243,0.9,7.9,Cotton
356.8,68.5,310.3,1.1,6.8,Cotton
358.4,60.9,344.1,1.1,8,Cotton
326.5,57.6,254.5,0.96,7.6,Cotton
223.9,40.6,207.7,0.74,6.6,Cotton
128.9,30,120,0.41,7.7,Cotton
193,34,166.9,0.51,6.7,Cotton
370.8,62.1,343.1,1.06,6.6,Cotton
306,52.2,315.1,0.86,7.7,Cotton
227.6,36.4,137.9,0.77,7.6,Cotton
219.4,39.5,180.6,0.62,6.3,Cotton
242.6,45.2,242.7,0.81,6.1,Cotton
189.1,40.3,208.4,0.65,7.8,Cotton
325.1,52.6,319.9,1,8.3,Cotton
394.7,64.2,350,1.11,6.5,Cotton
186.7,39.7,179.2,0.54,7.8,Cotton
305.6,53.1,278.2,0.91,6.1,Cotton
239.6,36.2,190.1,0.83,6.3,Cotton
355.9,66.9,315.2,1.1,7.5,Cotton
151.5,30,164.4,0.5,8.3,Cotton
360.2,58.8,291.9,0.97,8.1,Cotton
203.5,37.8,120,0.59,8,Cotton
342.8,58.2,323.3,1.03,6.1,Cotton
163.5,30,250.5,0.6,8.5,Cotton
257.8,50.8,231.8,0.81,7,Cotton
350.4,65.8,323.2,1.04,7.9,Cotton
204,33.8,184.5,0.55,8,Cotton
193.7,32.7,218.9,0.55,6.8,Cotton
259.6,44.4,209.5,0.74,6,Cotton
120,30,149.7,0.42,6.5,Cotton
400,69,348.1,1.04,8,Cotton
120,30,120,0.46,6.4,Cotton
228.5,46.3,230.7,0.79,7.6,Cotton
344.2,57.9,310,0.97,7.7,Cotton
400,70,350,1.17,6.4,Cotton
189.3,35.1,173,0.71,8.1,Cotton
348.1,55,350,1.12,6.3,Cotton
197,40,224,0.62,8.3,Cotton
173.5,33.3,187.5,0.63,7.3,Cotton
206.3,30,227.9,0.71,6.2,Cotton
154.2,30,128.3,0.45,6.3,Cotton
254.5,51.4,242.9,0.85,6.1,Cotton
186.3,36.1,201.2,0.46,8.1,Cotton
256.2,45.3,240.4,0.76,6.6,Cotton
381.6,55.3,295.4,1.17,6.1,Cotton
282.2,48.4,254.8,0.87,7.2,Cotton
342.7,61.3,350,1.12,6.4,Cotton
369.1,66.9,329.2,1.14,7.9,Cotton
247.5,52.4,284.5,0.85,6,Cotton
342.5,58,334.8,1.09,8,Cotton
160.5,42.3,177.4,0.48,6.9,Cotton
144.7,30.1,157.6,0.56,7.9,Cotton
351.8,63.4,318.4,1.01,7.7,Cotton
338.4,59.7,302.1,1.05,7.1,Cotton
365.6,70,319.5,1.15,7.3,Cotton
328.4,47.8,243.5,0.89,8.5,Cotton
184,35,178.6,0.61,7.7,Cotton
345.1,61,254.6,1.08,7.1,Cotton
151.6,30.9,124.5,0.4,8.2,Cotton
400,67,349.7,1.2,6.4,Cotton
202.3,42.6,174.3,0.79,8,Cotton
276.5,49.7,262.3,0.94,6.2,Cotton
184.6,39.2,216.6,0.62,7.5,Cotton
320.3,49.8,293.7,0.95,6.2,Cotton
302.5,51.3,255.5,0.99,6.2,Cotton
317.6,59.4,263,0.91,8.2,Cotton
125.9,30,132.2,0.53,6.7,Cotton
257.6,44.9,224.8,0.89,6.2,Cotton
157,30,144.5,0.55,7.9,Cotton
259,48.3,242.1,0.9,7.8,Cotton
134.4,30,175.1,0.48,7.9,Cotton
333.5,65.6,314.5,0.99,7.3,Cotton
337.2,58.1,262.4,1.05,7.3,Cotton
215,36.4,256.3,0.69,8.4,Cotton
163.1,30,121.4,0.48,6.1,Cotton
264.9,35.6,211,0.79,6.2,Cotton
378,63.9,339.8,1.12,6.5,Cotton
209.1,40.4,160.4,0.65,6.4,Cotton
182.8,38,192.8,0.56,6.6,Cotton
269.7,51.2,176.4,0.88,8.4,Cotton
169.3,35,149.5,0.57,7.1,Cotton
217.9,34.4,161.9,0.74,6.1,Cotton
303.6,49.7,275,0.86,6,Cotton
222.5,42,160.5,0.62,7.7,Cotton
305.9,47.8,255.3,0.86,6.9,Cotton
167.4,38.7,142.4,0.53,6.5,Cotton
383.4,63.4,308,1.2,6.8,Cotton
241.5,42,226.6,0.77,6.3,Cotton
295.3,53,235.9,0.83,7.5,Cotton
311.2,51.8,301.2,1.56,5.5,Potato
315.6,58.7,268.8,1.64,5.8,Potato
285.9,48.1,212.1,1.45,5.9,Potato
316.7,63.5,329.4,2.01,5.8,Potato
341,65.5,269.7,1.91,5.8,Potato
280.3,51.4,262.2,1.6,5.5,Potato
409.6,65.2,360,2.02,5.9,Potato
346.4,54,327,1.7,5.7,Potato
462.9,72.9,413.5,2.24,5.6,Potato
318.1,62.3,345,1.61,5.9,Potato
275.6,55.2,248.6,1.17,5.7,Potato
388.7,67,327,1.94,5.5,Potato
272.1,50.9,246.5,1.36,5.9,Potato
380.7,68.4,281.1,1.91,5.6,Potato
285.3,51.8,285.5,1.73,5.6,Potato
315.7,55.7,347.9,1.68,5.9,Potato
285.9,53.4,205.1,1.43,5.8,Potato
333.4,58.8,296.3,1.64,5.8,Potato
273.6,51.5,300.2,1.77,5.6,Potato
258.2,52.9,176.1,1.35,5.6,Potato
361.1,56.7,312.7,1.85,5.3,Potato
270.7,43.1,280.3,1.32,5.7,Potato
333.3,63.6,309.3,1.76,5.7,Potato
289.9,59.6,284.9,1.55,5.6,Potato
227.9,58.7,289.5,1.79,5.8,Potato
334.5,60.2,316.2,1.67,5.8,Potato
331.9,56.7,277.8,1.52,5.7,Potato
361,60.8,311.8,1.9,5.7,Potato
282.2,55.8,246.8,1.33,5.7,Potato
222.8,47.2,261.9,1.67,6.1,Potato
470.1,76.8,414.9,2.39,5.7,Potato
397.9,68.1,369.7,2.17,5.6,Potato
237.4,49.5,229.1,1.29,5.4,Potato
402.6,64.6,370.7,2.16,6.1,Potato
310.3,55.9,234.6,1.76,5.8,Potato
287.4,49.4,267.5,1.56,6,Potato
367.3,61.8,369.3,2,5.6,Potato
301.5,48.8,265.7,1.43,6.2,Potato
337.3,61.5,311.9,1.72,5.9,Potato
374.4,65.7,350,1.93,5.7,Potato
204.4,42.1,150,1.09,5.4,Potato
400.5,62.8,308,2.01,5.4,Potato
320.9,59.1,321.5,1.72,5.9,Potato
298.5,60.2,285,1.65,5.8,Potato
294.3,46.5,311.9,1.46,5.2,Potato
316.9,50.6,259.2,1.43,5.7,Potato
309.8,47.1,257.1,1.54,5.5,Potato
347.3,65.5,298.6,1.93,5.6,Potato
355.6,60,362.8,1.88,5.5,Potato
374.4,67.7,302.1,2.04,5.6,Potato
333.4,59,275.3,1.88,6.1,Potato
336.8,62.9,295.5,1.89,5.4,Potato
380,65.9,345.7,1.84,6.2,Potato
235.5,48,183.6,1.37,5.6,Potato
375.5,59.6,329.1,2.06,5.5,Potato
299.2,58.4,283.5,1.58,6,Potato
249,43.1,180.7,1.36,5.3,Potato
327,69,360.7,1.97,5.6,Potato
282.6,58.3,312,1.74,5.9,Potato
340.1,66.4,245.1,1.81,5.9,Potato
249.9,40,150,1.3,5.4,Potato
462.9,65.3,382.9,2.27,5.6,Potato
358.2,54.6,290.8,1.91,5.5,Potato
427.4,71,356.9,2.31,5.8,Potato
248.9,53.6,219.4,1.55,5.6,Potato
359.3,61.5,312.5,1.85,5.9,Potato
287.2,47.6,240.1,1.47,6.3,Potato
308.6,55.8,216.8,1.82,5.8,Potato
347.5,65.7,378.1,2.03,5.6,Potato
347.6,63.6,386.5,1.9,5.4,Potato
295.1,54.1,269.2,1.55,5.6,Potato
252.4,54.6,231.6,1.3,5.5,Potato
306.2,57.3,225.7,1.54,6.1,Potato
317.9,60.3,337.8,1.97,5.5,Potato
280.9,54.4,257.9,1.65,5.8,Potato
412.8,56.4,364.8,1.87,5.7,Potato
383.5,68.3,364.7,2.19,5.8,Potato
352.1,53.9,363.5,1.69,5.7,Potato
345.7,61.9,337.2,1.78,5.7,Potato
232.7,47.5,239.7,1.65,5.6,Potato
282.8,59.7,265.6,1.76,6,Potato
379.8,57.7,324.8,2.02,5.6,Potato
341.1,59.6,335.4,1.9,6,Potato
262.7,51.7,242.8,1.45,5.8,Potato
342.9,74.1,244.9,2.03,5.7,Potato
181.8,44.7,229.2,1.16,5.3,Potato
284.6,61.3,344.2,1.82,5.6,Potato
371.1,59.1,303.9,1.8,5.7,Potato
426.5,68.3,412.7,2.26,5.4,Potato
316,61.5,268.8,1.78,5.6,Potato
236.9,49,223.7,1.54,6.3,Potato
300.2,55.3,272.6,1.61,5.7,Potato
355.8,60.5,338.7,1.64,5.6,Potato
321.8,58.2,267.8,1.62,5.5,Potato
287.9,49.7,271.2,1.58,5.4,Potato
266.5,52,206.3,1.61,6,Potato
350.3,63.9,324.1,1.89,5.6,Potato
294.1,54.2,288.8,1.59,5.7,Potato
347.7,64.2,347.2,2.08,5.7,Potato
316.1,56.6,342.9,1.83,5.4,Potato
369.6,56,322.5,1.93,5.4,Potato
392,63.8,308.3,1.91,5.5,Potato
433,68.9,385.2,2.12,6.1,Potato
353.5,61.2,315,1.75,6.2,Potato
320.7,54.6,317.8,1.94,5.8,Potato
351.8,63.2,366.4,1.93,5.9,Potato
312.3,48.7,267.2,1.65,5.2,Potato
383.6,69,416.3,1.85,5.7,Potato
239.5,46.5,221,1.53,5.8,Potato
352.5,62.7,346,1.85,5.7,Potato
323.8,54.8,297.1,1.6,6,Potato
321.8,68.2,276.2,1.71,5.4,Potato
356.3,58.7,240.8,1.85,5.6,Potato
180.2,48.1,189.4,1.3,5.6,Potato
355.8,62.6,359.1,2.02,5.2,Potato
225.7,53.5,205.2,1.49,5.9,Potato
391,62.9,357,2.14,5.8,Potato
353.6,55.2,346.6,1.91,5.6,Potato
430.3,68.8,419.4,2.2,5.6,Potato
367.9,55.7,330.1,1.93,6.1,Potato
392.4,70.2,334.1,2.12,5.6,Potato
193.9,40.9,187.4,1.2,5.8,Potato
301,58.4,373.9,1.71,5.4,Potato
440.8,68.7,384.1,2.28,6,Potato
318.2,51.6,264.7,1.4,6,Potato
250.6,52.8,276.2,1.66,6.2,Potato
335.8,58.5,278.3,1.77,6,Potato
429.4,67.9,356.9,2.24,5.9,Potato
297.1,49.8,273.6,1.53,5.6,Potato
245.2,40.7,181.3,1.45,5.1,Potato
305.4,45.6,287.7,1.67,5.1,Potato
217.5,51.3,264.5,1.32,6.2,Potato
181.5,40,198,1.2,5.4,Potato
250.7,48,209.6,1.38,6.2,Potato
383.5,65.9,322.3,2.01,5.9,Potato
190.9,46,150,1.12,5.7,Potato
298.6,51.3,221.3,1.56,6.1,Potato
325.5,50.3,261.6,1.49,5.8,Potato
385.3,64.2,353.7,2.13,5.9,Potato
299.8,61.2,222.6,1.59,5.7,Potato
382.9,56.3,291.8,1.76,6.3,Potato
410.2,66.8,317.5,2.09,5.6,Potato
323.1,54.3,260.8,1.71,5.5,Potato
372.4,62.8,312.2,2.13,5.6,Potato
213.5,44.5,255.4,1.28,5.2,Potato
460,74.5,401.3,2.38,5.6,Potato
428.5,65.8,412,2.31,6.3,Potato
348.8,60.7,264.6,1.83,5.3,Potato
339.3,66.5,325,1.77,5.8,Potato
414.8,71.1,384.4,2.28,5.8,Potato
262.7,58.8,296.4,1.62,5.6,Potato
310.8,55.2,275.9,1.72,5.7,Potato
267,58,225.7,1.56,5.4,Potato
260.9,40,245.9,1.37,5.3,Potato
254.3,48.6,273.6,1.41,5.7,Potato
206.8,46.7,237.9,1.22,5.6,Potato
330.6,60.1,326.8,2.06,5.8,Potato
220.1,48.3,184.5,1.26,5.8,Potato
453.6,73.5,441.1,2.3,5.5,Potato
236.9,46.9,234.4,1.46,6.1,Potato
385.7,48.7,312.6,1.71,5.3,Potato
300.1,53.9,312.9,1.99,6,Potato
342.2,59.3,314.2,1.59,5.5,Potato
288,55.7,311.1,1.62,5.8,Potato
212.7,53,227.2,1.39,5.9,Potato
285.3,53.3,299.7,1.57,5.5,Potato
228,49.5,259.4,1.26,5.3,Potato
500,70.8,414.4,2.5,5.3,Potato
390.9,63,243.3,1.88,5.9,Potato
352,60.7,307,1.83,6,Potato
406.5,63,379.1,2.07,6.2,Potato
213.3,51,206.5,1.1,5.8,Potato
299.9,61.4,297.6,1.65,5.5,Potato
250,54.3,188.9,1.35,5.9,Potato
209,42.4,263.9,1.41,6.2,Potato
275.8,49.4,209.7,1.45,5.7,Potato
317.2,62.3,276.2,2.05,5.5,Potato
306.1,56.7,283.2,1.59,5.8,Potato
208.5,44.2,205.8,1.33,5.5,Potato
500,74.6,413.3,2.37,5.8,Potato
360.5,59.7,326.6,1.82,5.8,Potato
409.2,69.8,436.9,2.24,5.7,Potato
212.6,42.6,198.5,1.05,6.3,Potato
404.9,61.3,345.4,2.01,6.4,Potato
263.8,54.3,263.7,1.55,5.8,Potato
353.4,62.9,300.4,1.95,5.4,Potato
301.8,48.6,267.7,1.53,5.3,Potato
281.4,49.8,268.5,1.66,5.5,Potato
325,56.8,316.4,1.7,5.6,Potato
331.9,59,369.3,1.82,5.8,Potato
263.4,55,260.3,1.47,6,Potato
371.3,69.2,355.5,2.13,6,Potato
330.4,57,265.7,1.68,5.9,Potato
348.2,54,254,1.53,5.4,Potato
209,42.5,192.6,1.18,6.2,Potato
282.8,56.3,312.7,1.67,5.8,Potato
464.6,70.8,417.2,2.5,5.8,Potato
265,50.3,265.8,1.6,5.6,Potato
216.1,45.1,207.8,1.16,6.2,Potato
226.3,47.3,229.5,1.17,5.9,Potato
370,63.9,378,1.92,5.3,Potato
252.3,53.4,264.9,1.66,5.9,Potato
369.3,69.7,353.7,2.05,5.6,Potato
367.6,59.7,361.2,1.9,5.9,Potato
238.7,53,265.3,1.66,5.4,Potato
304.4,45.9,234.8,1.4,6.3,Potato
306.1,55.8,295.9,1.71,5.8,Potato
445.3,67.5,446.8,2.2,6.2,Potato
277.7,54.4,252.8,1.55,6,Potato
335.5,55.9,356.7,1.68,6,Potato
187.5,44.2,278.9,1.12,5.3,Potato
453.6,73,450,2.38,5.9,Potato
386.8,64.1,356.5,1.96,5.5,Potato
261.5,45.8,231.4,1.41,6.3,Potato
327.5,48.5,247.4,1.46,5.3,Potato
239.2,43.1,293.6,1.57,6.2,Potato
311.3,45.7,259.9,1.69,5.2,Potato
344.5,63.9,336.5,1.84,6.1,Potato
221.2,53.7,210.3,1.45,6,Potato
304.4,54.5,347.5,1.7,6.3,Potato
284.8,51.1,277.9,1.9,5.3,Potato
300.5,49.7,217.9,1.44,5.8,Potato
431.5,69,313.9,2.2,5.4,Potato
488.8,71.8,450,2.3,5.2,Potato
378.1,57,294.5,1.95,6.3,Potato
284.9,51.7,233.6,1.42,6.2,Potato
357.1,67.2,422.5,2.17,5.8,Potato
393,76.4,439.1,2.16,5.8,Potato
437.6,68.2,298.5,2.13,5.8,Potato
240.6,46.1,272.4,1.56,6.3,Potato
426.2,66.7,402.6,2.25,5.7,Potato
305.8,59.3,314.9,1.75,5.5,Potato
480.3,75,450,2.29,5.9,Potato
249,47.5,176,1.52,5.9,Potato
351.2,74.2,338.9,2.03,6,Potato
224.9,42.3,162.8,1.53,5.6,Potato
442.6,64.3,404.6,2.06,6.2,Potato
360.6,66.1,331,1.96,5.4,Potato
368.3,67.4,380.3,1.97,5.4,Potato
302.6,62.1,298.7,1.63,5.4,Potato
285.2,51.7,197,1.73,5.8,Potato
206.4,43.9,171.5,1.2,5.4,Potato
335.6,55.5,311.5,1.71,5.9,Potato
427.8,68.5,423.4,2.22,6.1,Potato
317.9,53.6,351.9,1.65,5.3,Potato
315.7,61.9,321,1.69,5.8,Potato
337.4,61.3,353.4,1.92,5.8,Potato
362.9,56.6,271,1.94,5.4,Potato
291.2,54.5,324.7,1.49,6.2,Potato
371.4,64.1,368.5,1.98,5.2,Potato
396.3,62.4,402.7,2.13,6.3,Potato
253.6,48.2,245.4,1.58,6.3,Potato
298,58.6,267.4,1.59,5.6,Potato
346,69.5,331.8,2.14,5.6,Potato
267.5,50.8,231.5,1.42,5.9,Potato
477.2,69.6,361.3,2.21,5.4,Potato
314.9,54.1,266.4,1.66,5.9,Potato
295.3,56.5,292.6,1.66,5.5,Potato
213.2,47.8,285.2,1.52,5.6,Potato
418.8,61.8,417.7,2.21,5.1,Potato
425.9,66.3,346.4,2.17,6.3,Potato
359.9,66.7,311.1,1.83,5.8,Potato
207.1,46.4,172.4,1.39,6,Potato
314.8,53.9,273.4,1.82,5.8,Potato
443.3,69.9,368,2.47,5.9,Potato
457.8,69.7,403.2,2.3,6.2,Potato
428.7,68.8,395.3,2.31,6,Potato
183.5,46.6,169.5,1,5.7,Potato
307.4,54.2,296.7,1.92,5.1,Potato
233.1,45.8,224.9,1.45,5.9,Potato
395.8,61.6,388.3,2.09,5.4,Potato
355.6,58.4,306.2,1.69,6,Potato
391.5,60.8,308.1,1.86,5.8,Potato
298.5,46.6,210.1,1.62,5.6,Potato
386.5,58.8,336.1,1.82,5.4,Potato
255.6,43.9,194.8,1.48,6.2,Potato
286.6,46.6,226.2,1.47,5.4,Potato
300.2,56.1,256,1.6,5.7,Potato
375.1,66.2,320.7,2.18,5.6,Potato
365.7,57,328.3,1.79,5.9,Potato
312.7,52.9,346.9,1.62,5.8,Potato
417.3,69,374.5,2.12,5.7,Potato
201.7,41.5,225.8,1.41,6,Potato
339,55.9,228.6,1.85,5.9,Potato
285.5,50.8,292.6,1.55,5.2,Potato
310.8,59.4,335.1,1.93,5.3,Potato
276.7,54.1,290.7,1.73,5.8,Potato
397.9,77.3,396.7,2.15,5.7,Potato
400.2,62.4,290.2,1.78,5.6,Potato
420.6,64.5,378.2,2.25,5.6,Potato
274.6,53.8,272.6,1.78,5.8,Potato
384.8,68,368.5,1.86,6.2,Potato
336.3,58.8,288.6,1.56,5.8,Potato
396.7,69.7,398.5,2.28,5.9,Potato
299.3,46.6,262.2,1.65,6.2,Potato
334.5,53.8,329.5,1.92,5.6,Potato
307.6,56.8,354.2,1.85,5.9,Potato
194.6,53.7,258.6,1.09,6.3,Potato
240,49.7,223.7,1.14,5.6,Potato
319,55.1,246.7,1.85,6.2,Potato
295.6,54.3,244.9,1.76,5.6,Potato
365,63.1,296,1.95,5.9,Potato
280.4,51.3,314.8,1.81,5.4,Potato
243.4,49.3,264.4,1.27,6.1,Potato
199,41.1,153.9,1.07,6.1,Potato
311.7,59.2,226.3,1.79,5.5,Potato
318.6,51.6,276,1.53,6.3,Potato
329.7,44.8,200.9,1.4,6.2,Potato
308.1,54.5,321.5,1.61,6.1,Potato
260.9,52.9,289.9,1.57,5.1,Potato
409.3,70.1,394.2,2.26,6,Potato
188.2,42.8,176.7,1.17,5.4,Potato
317,59.5,290.4,1.76,5.4,Potato
310.8,54.6,279.9,1.7,6.1,Potato
326.1,62.7,292.2,1.8,5.9,Potato
382.7,64.8,270.6,2.02,5.6,Potato
337.9,51.6,272.7,1.6,5.2,Potato
384,58.7,290,1.97,5.9,Potato
368.9,54.7,295.8,1.87,6.1,Potato
230.3,49.6,208.4,1.42,5.6,Potato
318.4,58.3,265.9,1.66,5.4,Potato
452.6,73.1,421.2,2.38,5.8,Potato
486.1,76.2,450,2.06,6,Potato
253,59.4,245.4,1.5,5.7,Potato
255.9,50.9,247.3,1.26,6.1,Potato
396.7,71.3,426.2,2.28,6,Potato
231.6,55.1,214.6,1.37,5.5,Potato
332.3,54.6,301.1,1.51,5.9,Potato
386.8,56.1,353.1,1.93,6.4,Potato
354.7,54.6,300.8,1.79,5.4,Potato
200.5,45.7,222.6,1.41,6,Potato
329.7,56.5,342,1.98,5.1,Potato
397.5,71.3,356.6,2.19,6,Potato
354.9,54.9,340.3,1.68,5.4,Potato
431.9,61.7,344.1,2.25,5.4,Potato
225.3,54.6,150,1.35,5.8,Potato
202.9,40,150,1,5.5,Potato
305.2,52.3,299.7,1.48,5.8,Potato
323.2,57.7,325.9,1.83,5.8,Potato
253.2,50.6,276.1,1.43,5.9,Potato
348.8,55.5,391.5,1.9,5.3,Potato
238.1,54.3,261.6,1.57,6,Potato
319.2,53.7,287.9,1.73,5.4,Potato
283.4,55.9,278.2,1.57,6,Potato
226,55.2,256.2,1.38,5.5,Potato
422.9,61.8,343.4,1.84,5.9,Potato
379.8,59.3,386.1,1.79,5.4,Potato
374.1,63.7,387.7,2.01,5.6,Potato
230,51.2,197.9,1.51,5.9,Potato
338.7,62.7,301.3,1.97,5.1,Potato
434.3,62.2,450,2.11,5.4,Potato
428.3,70.4,372.2,2.29,5.7,Potato
312.1,51.4,360.9,1.62,5.7,Potato
419.2,67.6,450,2.22,5,Potato
409.7,67.4,376.7,2.45,5.2,Potato
370,64.7,390.2,2.16,5,Potato
452.6,65.4,442.1,2.35,6.3,Potato
206.9,40.6,229,1.32,6.4,Potato
173.6,40,167,1.38,6,Potato
181,46,183.5,1.22,5.8,Potato
366.2,62.7,319.6,1.89,5.4,Potato
466.7,73.2,417,2.27,5.6,Potato
384,63.6,355,2.1,6.2,Potato
459.2,70.2,393.6,2.05,5.8,Potato
237.4,43.1,206.8,1.49,5.2,Potato
200,47,232.2,1.13,5.5,Potato
341.2,55.7,321.6,1.87,5.4,Potato
368.9,58.7,355.6,2.04,5.1,Potato
362,61,345.3,2.05,5.9,Potato
417,70.1,436.8,2.13,5.3,Potato
189.6,40,189.2,1.01,6.2,Potato
300.7,53.8,291.3,1.67,5.3,Potato
366.4,60.8,335.7,2.01,6.2,Potato
245.8,50,294.5,1.36,6.2,Potato
253.1,42.1,206.6,1.56,6.4,Potato
475.7,76.2,424.1,2.5,6,Potato
304.2,51.3,285.1,1.98,5.6,Potato
352.7,57.9,250.8,1.7,5.2,Potato
219,40,189.8,1.16,5,Potato
401.5,77.8,450,2.45,5.3,Potato
263.8,46.8,256.1,1.55,5.2,Potato
342.7,66.6,361.6,1.85,5.3,Potato
312.2,59.2,317.2,1.7,5.6,Potato
150,40,167.9,1,5.9,Potato
324.3,53.4,296.6,1.56,5.5,Potato
453.8,67.6,412.1,2.38,5.3,Potato
375.1,71,379.3,1.91,5.9,Potato
313.9,63.7,272.2,1.65,5.7,Potato
220.2,46.8,196.1,1.33,6.1,Potato
429.2,80,368.4,2.35,5.8,Potato
242.7,42.9,229.3,1.36,5.3,Potato
178.7,48.4,202.5,1.32,5.7,Potato
456.1,65.8,424.7,2.2,6.3,Potato
242.7,41.7,188.8,1.18,5.3,Potato
491.6,70.5,417.1,2.48,5.4,Potato
458.2,71.8,443.6,2.33,5.2,Potato
294.6,53.2,279.9,1.75,6.4,Potato
401.2,61,372.9,2.13,5.2,Potato
391.8,50,356.8,1.91,6.4,Potato
392.4,64.6,395.4,2.19,6.3,Potato
191.3,41.5,289.8,1.21,5.1,Potato
458.7,76.5,424.4,2.27,6.1,Potato
456.9,67,432.7,2.23,6,Potato
433,66.5,443.8,2.19,6.2,Potato
500,78.1,382.6,2.49,5.9,Potato
432.8,73.5,395,2.49,6,Potato
200.9,50.6,182.5,1.43,5.5,Potato
325.1,48.1,243.5,1.54,6.2,Potato
180.1,40,201.7,1.12,5.3,Potato
327.8,54.9,336,1.6,5.1,Potato
185.9,42.8,172.3,1.1,5.9,Potato
453.9,79,375.4,2.3,6.2,Potato
302.2,61,236.8,1.76,6.1,Potato
297.8,58,298.9,1.58,5.4,Potato
160.8,40,150,1.25,5,Potato
469.1,71.2,450,2.5,5.2,Potato
465.6,69,450,2.41,5.5,Potato
472.6,78.2,396.3,2.34,5.4,Potato
209.5,44.7,179.1,1.08,5.1,Potato
327.8,56.5,340.8,1.76,5.4,Potato
204.4,41.7,179.4,1,6.1,Potato
417.8,68.6,361.5,2.2,6.1,Potato
151.9,40,185,1.03,6.5,Potato
285.2,56.9,261.6,1.68,5.2,Potato
369.4,66.4,341.7,2.08,5.2,Potato
496,80,450,2.5,5.9,Potato
186.7,40.7,165.9,1.03,6.1,Potato
486.8,76.6,420.4,2.5,5.9,Potato
163.1,40,150,1.24,6.2,Potato
332.2,59,327.1,1.89,6.3,Potato
402.3,74.8,385.6,2.34,6.4,Potato
500,69,380.5,2.36,6.2,Potato
411,70.7,363.8,2.32,6.2,Potato
229.7,48.4,267.9,1.28,6.4,Potato
429.5,68.1,359.7,2.26,6.3,Potato
484,72.7,450,2.5,5.1,Potato
468,73.4,417.1,2.5,5,Potato
383.6,65.9,369.5,1.87,5.5,Potato
314.6,50,301.8,1.75,6.2,Potato
385.8,66.8,333.4,2.2,6.4,Potato
155.6,40,150,1.02,6.4,Potato
378.2,61.5,331.9,2,5.9,Potato
387.6,59.7,258.4,1.89,5.3,Potato
439.7,76.6,370.1,2.47,5.9,Potato
352.1,61.8,367.8,1.69,6.1,Potato
190.2,44.5,205.3,1,5.8,Potato
258.5,53.5,268.1,1.68,5.8,Potato
352,61.4,356.4,1.67,6.4,Potato
317,60.9,273.4,1.98,5.3,Potato
226,42.3,166.9,1.15,5.4,Potato
150,40,150,1.23,6.1,Potato
434.7,67.5,349.8,2.12,6.4,Potato
162.3,40,170.4,1,5.8,Potato
150,44.9,161.3,1.04,5.5,Potato
408.2,64,385.9,1.98,5.1,Potato
346.1,60.7,350.4,1.88,5.1,Potato
454.7,68.7,393.9,2.39,6,Potato
479.8,72.2,365.2,2.5,5.6,Potato
431.1,70.3,414.9,2.31,5.9,Potato
386.4,55.6,363.4,1.95,6.4,Potato
278.3,49.8,288.2,1.58,6.4,Potato
194.4,42.2,150,1.31,6.4,Potato
457.9,68.5,424.3,2.49,6.5,Potato
269.7,52.8,325.6,1.73,5.1,Potato
445.6,69.9,416.4,2.44,6.4,Potato
452.5,73.7,380.2,2.34,6.3,Potato
252.7,49.1,275.3,1.59,5.2,Potato
160.1,47,153.5,1.2,6.2,Potato
438.5,68.8,450,2.25,5.1,Potato
398.8,68.1,394.3,2.17,6.3,Potato
190.6,40,230.2,1.11,5.3,Potato
415.1,61.2,377.9,2.12,6.4,Potato
249,40.8,249.9,1.29,6.5,Potato
212.1,41.1,150.8,1.27,5.1,Potato
157.8,40,150,1.13,6.4,Potato
268,53.4,248.2,1.49,6.3,Potato
334,53,325.6,1.91,5.3,Potato
267.1,54.1,279.4,1.24,5.7,Potato
458.5,75.4,416,2.35,5.4,Potato
363.9,57.3,323.5,1.8,5.3,Potato
500,75.8,405.8,2.41,5.7,Potato
342.9,63.1,297.7,1.99,6.1,Potato
494.6,74,430.6,2.21,5.7,Potato
174.2,50.5,209.8,1.34,5.4,Potato
448.8,58.2,436.7,2.25,5,Potato
360.1,54.1,397.3,1.72,5.4,Potato
358.9,57.5,340,1.84,5.8,Potato
269.1,49.1,257.7,1.48,5.3,Potato
158.2,52.2,235.3,1.43,5.6,Potato
420.4,61.5,374.3,2.06,6.1,Potato
223.7,40,150,1.14,5.3,Potato
419.2,67.3,384.6,2.19,6.3,Potato
311.1,57.5,334,1.69,5.2,Potato
228.1,40,248,1.33,5.5,Potato
150,40,173.4,1,6.4,Potato
299.4,55.9,260.7,1.76,5.3,Potato
443,75.6,398.4,2.27,5.3,Potato
287.3,49.3,301.2,1.49,6,Potato
413.6,71.4,343.8,2.2,5.9,Potato
150,40,150,1.3,5.1,Potato
218.5,40.1,192.7,0.83,6.2,Groundnut
194.4,40.1,186.6,0.74,5.9,Groundnut
177.3,38.1,157.3,0.67,6.7,Groundnut
105.9,23.7,124.8,0.61,6.2,Groundnut
157.5,38.4,146.8,0.58,6.3,Groundnut
227.4,46.8,202.9,0.79,6.8,Groundnut
250.3,44.7,193.7,0.9,5.9,Groundnut
270.4,46.9,198.9,0.81,6.6,Groundnut
201.7,33.9,210.3,0.7,5.8,Groundnut
119.2,25.1,137.3,0.47,6.8,Groundnut
171.9,36.7,147.6,0.68,6.1,Groundnut
187.3,32.1,118.3,0.61,5.9,Groundnut
199.6,33.6,143.7,0.67,6.3,Groundnut
183.6,35.2,192.9,0.71,6.1,Groundnut
152.1,30,159,0.55,6.2,Groundnut
171.5,40.7,154.4,0.72,6.4,Groundnut
158.8,34,140.3,0.64,6.1,Groundnut
208.1,47.3,168.2,0.79,6.3,Groundnut
170,31.4,127.7,0.7,6.5,Groundnut
162.8,31.5,156.2,0.55,6.2,Groundnut
231.9,51.3,196.4,0.83,6.4,Groundnut
269.9,52.2,205,0.88,6.4,Groundnut
157.6,42.5,141.2,0.64,6.6,Groundnut
200.5,33,167.6,0.61,6.5,Groundnut
231.2,39.9,190,0.81,6.1,Groundnut
176.1,36.7,142.7,0.72,6.5,Groundnut
188.4,25.7,156.2,0.62,5.9,Groundnut
159.4,29.1,161.8,0.68,6.3,Groundnut
213.5,30.3,200.8,0.78,6.5,Groundnut
182.9,40.3,180.4,0.78,6.2,Groundnut
211.6,35.6,189.6,0.76,6.3,Groundnut
196.5,37.9,167.2,0.8,6,Groundnut
246.6,47.6,212.1,0.94,6.6,Groundnut
215.1,43.1,185.1,0.74,6.4,Groundnut
147.1,27.1,144.3,0.63,6.3,Groundnut
188.9,33.6,172,0.69,6.4,Groundnut
158.4,38.2,141.1,0.64,6.5,Groundnut
160.2,38.6,157.6,0.63,6.3,Groundnut
146,35.2,135.6,0.64,6.3,Groundnut
180.2,40.2,136.5,0.75,6.4,Groundnut
178.9,36.2,143.9,0.61,6,Groundnut
155.6,36.4,150.9,0.59,6.6,Groundnut
186.9,37.7,114.8,0.72,6.2,Groundnut
185.9,39.5,187.8,0.73,6,Groundnut
196,42.7,152.8,0.74,6.3,Groundnut
225.8,48,204.5,0.89,6.7,Groundnut
134,27.3,95.1,0.55,5.8,Groundnut
225.2,46.2,190.5,0.79,6.4,Groundnut
154,26.5,142.8,0.67,6,Groundnut
198.6,46.6,171.3,0.67,6.1,Groundnut
237.1,49.3,205.2,0.85,6.3,Groundnut
247.9,47.9,216.2,0.86,6.1,Groundnut
193.7,44.1,174,0.76,6.3,Groundnut
172.4,37.1,147.1,0.55,6.3,Groundnut
257.1,48.1,181.3,0.92,6.3,Groundnut
205.8,42.7,166.1,0.76,6,Groundnut
146.6,20.2,106.6,0.57,6.6,Groundnut
211.6,36.6,189.3,0.76,6.4,Groundnut
152.4,35.1,105.9,0.62,6.4,Groundnut
170.2,35.1,108.1,0.66,6.1,Groundnut
192.3,36.3,152.6,0.63,6.5,Groundnut
274.9,47.7,206.4,0.82,6.4,Groundnut
212.1,45.9,141.7,0.7,6.4,Groundnut
235.9,49.5,231.3,0.79,6.5,Groundnut
171,39.8,159.3,0.72,6.1,Groundnut
213.3,48.8,196.5,0.78,6.2,Groundnut
186.6,36.6,178.1,0.85,6.1,Groundnut
193.2,42.4,173.2,0.69,6.2,Groundnut
206.8,42.9,180,0.75,6.5,Groundnut
174.6,40.3,154.7,0.73,6,Groundnut
190.2,32.4,157.7,0.7,6.6,Groundnut
180.7,29.9,162.2,0.65,6.3,Groundnut
175.8,32.1,130.6,0.56,6,Groundnut
100.4,20,99.3,0.53,6,Groundnut
213.5,44,182.1,0.78,6.1,Groundnut
189.6,36.1,136.7,0.73,5.7,Groundnut
213.9,37.1,160.6,0.78,6,Groundnut
200.9,38.2,153.1,0.76,6.2,Groundnut
140.3,34.4,157.1,0.65,6.3,Groundnut
260.4,45.5,213.7,0.79,6.4,Groundnut
162.4,37.8,158,0.72,6.5,Groundnut
196.4,44.5,144.6,0.7,6,Groundnut
126.4,25.7,128.4,0.52,5.9,Groundnut
184,30.9,158.2,0.62,6.1,Groundnut
225.7,45,182.1,0.82,6.3,Groundnut
149.9,46.4,178.8,0.73,6.3,Groundnut
196.9,40.4,198.2,0.76,6.1,Groundnut
204.9,42,166.8,0.67,6.1,Groundnut
174.5,35.3,184.1,0.66,6,Groundnut
188.3,37.3,180.9,0.71,6.2,Groundnut
191.4,33,161.2,0.73,6.7,Groundnut
169.7,32.6,127.8,0.77,6.6,Groundnut
226.7,47.2,186.5,0.8,6,Groundnut
174.8,40.2,184,0.71,6.2,Groundnut
174.7,38.8,159.1,0.69,6,Groundnut
149.9,36.9,146,0.68,6.2,Groundnut
114.7,24.1,125.6,0.54,6.3,Groundnut
251,45.9,194.1,0.83,6.6,Groundnut
253.4,45.5,213.6,0.79,6.1,Groundnut
199.2,37.5,212.7,0.71,6,Groundnut
117.3,27.5,113.4,0.51,5.9,Groundnut
138.8,31.4,94.8,0.6,6.1,Groundnut
183.4,27.1,155.4,0.6,6,Groundnut
262.3,54.4,209.9,0.87,6.1,Groundnut
247,44.8,195,0.81,5.8,Groundnut
140.5,27.6,114.8,0.57,5.8,Groundnut
206.6,41.7,162.2,0.81,5.8,Groundnut
180.5,32.3,183.8,0.64,5.9,Groundnut
176.4,35.2,171.4,0.68,6.7,Groundnut
215.2,43.6,175.2,0.74,6.2,Groundnut
144.3,27.8,111.5,0.67,6.5,Groundnut
273.5,46.9,204.4,0.92,6.5,Groundnut
89.1,22.2,89.4,0.4,5.9,Groundnut
196.4,33,180.1,0.68,6.5,Groundnut
236.9,44.4,182,0.78,6.1,Groundnut
151,29.5,139.5,0.65,5.6,Groundnut
137.2,21,114.9,0.53,6.2,Groundnut
238.3,44,196.5,0.81,6.1,Groundnut
184.8,46,189.9,0.8,5.9,Groundnut
261.7,40.3,181.4,0.82,6.5,Groundnut
194.2,39,190.5,0.71,6.3,Groundnut
228.1,43.9,205.2,0.88,6.2,Groundnut
213.9,45.5,187.1,0.84,6.1,Groundnut
80,20,113,0.45,5.9,Groundnut
253.6,54,200.9,0.95,6.4,Groundnut
120.9,25.4,107.4,0.6,6.6,Groundnut
149.1,39.8,163.8,0.56,6.2,Groundnut
242.8,43.7,181.5,0.82,6.4,Groundnut
145.2,26.8,96.9,0.57,6.5,Groundnut
190,42.3,165.8,0.76,6.2,Groundnut
237.8,42,201.4,0.7,6.2,Groundnut
216.3,46.7,150.9,0.75,6.1,Groundnut
172.4,37.1,159.2,0.71,6.3,Groundnut
158.9,32.6,109.1,0.68,6.8,Groundnut
188.6,35.9,152.2,0.71,6.5,Groundnut
118.3,21.6,132.7,0.45,6.9,Groundnut
167.5,24.6,134.6,0.66,6.6,Groundnut
122.7,24.3,125.3,0.54,6.4,Groundnut
122.1,26.1,94.7,0.46,6.6,Groundnut
226.7,40.9,176.5,0.86,6.3,Groundnut
271.5,51.4,199.9,0.85,6.6,Groundnut
247.3,48.6,171.5,0.78,5.9,Groundnut
230.3,42.9,228.8,0.87,6.3,Groundnut
260.7,50.5,208.8,0.85,6.4,Groundnut
184.9,34,163.1,0.72,5.8,Groundnut
222.3,46.3,185.2,0.83,6.1,Groundnut
281.2,49.6,184.1,0.9,6.1,Groundnut
272.5,48.5,230.8,0.91,6.2,Groundnut
214.7,46.3,184.1,0.83,6.4,Groundnut
108.4,30.9,80,0.48,6.7,Groundnut
190.1,36.4,170.3,0.69,6,Groundnut
142.5,37.3,144.7,0.68,5.8,Groundnut
154.2,30.1,167.7,0.59,6.2,Groundnut
193.1,39.6,186.5,0.73,6.4,Groundnut
224.5,37.6,155.8,0.71,6.4,Groundnut
244.8,47.1,240,0.86,6.8,Groundnut
121.3,20,106.3,0.58,5.6,Groundnut
162.1,23.1,133.2,0.69,6.8,Groundnut
261,56.2,208.8,0.82,6.4,Groundnut
125.5,20.6,122.7,0.56,7,Groundnut
186.3,41.4,142.2,0.73,6.3,Groundnut
153.2,32.3,131.2,0.61,6.6,Groundnut
133.3,29.3,133,0.59,5.8,Groundnut
220.5,32.1,149.8,0.7,6,Groundnut
219.4,40.6,169.7,0.8,6.2,Groundnut
256.4,47.4,250,0.78,6.1,Groundnut
210.8,45.4,164.5,0.77,6.2,Groundnut
143.3,32.5,185.3,0.67,6.6,Groundnut
210.8,37.9,177.4,0.71,6.7,Groundnut
159.2,40.1,129.3,0.58,6.3,Groundnut
200.4,43.2,201.8,0.74,6.5,Groundnut
212.6,37,180.6,0.68,5.9,Groundnut
129.2,23.6,94.2,0.55,6.3,Groundnut
222.7,43.9,194.7,0.76,6.3,Groundnut
213.9,35.4,180.1,0.78,5.9,Groundnut
263.7,53.4,203,0.81,6,Groundnut
176.7,35.5,166.3,0.65,6.1,Groundnut
235.6,45.3,188.2,0.82,5.8,Groundnut
261.7,50.4,232.5,0.88,6.5,Groundnut
212.7,44.6,176.7,0.87,6.5,Groundnut
92.4,20,80,0.47,6.3,Groundnut
156.3,29.6,87.5,0.55,6.3,Groundnut
217.9,42.3,203.3,0.78,6.5,Groundnut
150.3,20,95.4,0.54,5.9,Groundnut
216.7,41.3,235.6,0.73,5.7,Groundnut
265.2,44.2,207,0.89,5.9,Groundnut
249.1,47.3,172.9,0.84,6,Groundnut
130.2,21.8,120.7,0.56,6,Groundnut
203.5,39,170.7,0.77,6.4,Groundnut
255.5,47.9,213.3,0.82,5.7,Groundnut
198.6,32.8,156.9,0.74,6.1,Groundnut
257.9,45.9,207.4,0.9,6.3,Groundnut
230.2,44.1,230.6,0.88,6.3,Groundnut
133.3,29,125.5,0.55,6.1,Groundnut
173.9,35.8,181.7,0.63,6.5,Groundnut
203.1,40,120.4,0.71,6.6,Groundnut
193.3,48.2,208.6,0.79,6.2,Groundnut
224.6,43.8,210.1,0.78,5.7,Groundnut
117.3,32.7,123.4,0.54,6.2,Groundnut
243.6,46.4,219.8,0.78,6.4,Groundnut
224.3,44,205.9,0.91,6.1,Groundnut
151.4,34.7,145.8,0.54,6.4,Groundnut
155.9,29.6,137.1,0.62,6.5,Groundnut
198,36.2,150.9,0.69,5.8,Groundnut
117.2,25.7,108.3,0.54,6.4,Groundnut
255.5,43.9,202.8,0.82,6.5,Groundnut
133,32.6,133.5,0.63,6.1,Groundnut
138.4,35,131.5,0.55,6.4,Groundnut
256.8,48.6,200.7,0.83,6.1,Groundnut
237.6,48.7,184.2,0.78,6.6,Groundnut
208.4,32.8,169.1,0.78,6.3,Groundnut
258.5,46.2,194.6,0.9,6,Groundnut
269.5,50.4,197.6,0.81,6.3,Groundnut
90.9,20,90.2,0.44,6.8,Groundnut
207.2,41.7,168.9,0.74,5.8,Groundnut
126.1,20.4,112.8,0.51,5.7,Groundnut
236.2,38.7,170.1,0.73,6.3,Groundnut
208.8,46.1,214.9,0.83,6.2,Groundnut
194.5,41.4,153,0.72,6.2,Groundnut
177.7,28.9,156.1,0.74,5.7,Groundnut
136.2,30,152.3,0.61,5.9,Groundnut
191.2,34.8,175,0.75,6.5,Groundnut
148.2,26.7,138.2,0.55,6.1,Groundnut
197.2,44.7,142.4,0.81,6.4,Groundnut
135.4,26.7,170.7,0.58,6.6,Groundnut
178.2,33.4,194.3,0.66,6.2,Groundnut
231.5,43.8,198.8,0.82,6.6,Groundnut
84.7,20,80,0.4,5.9,Groundnut
257.7,45.1,235.8,0.91,6.8,Groundnut
294.5,56.3,229.5,1,6.5,Groundnut
223,39.5,193.1,0.71,6.1,Groundnut
213.1,40.4,206.9,0.77,6,Groundnut
222.6,40.1,160,0.84,6.6,Groundnut
186.3,40.1,154.6,0.8,6,Groundnut
211.4,33,179.9,0.69,6.6,Groundnut
183.2,41.1,152.2,0.68,6.2,Groundnut
180.5,35.3,125.8,0.63,6.2,Groundnut
130.6,20,115.6,0.56,5.9,Groundnut
137.5,29.8,143.9,0.55,6.8,Groundnut
193.9,48.6,194.5,0.74,6.4,Groundnut
254.6,46.7,212.5,0.84,6.4,Groundnut
142.5,37.3,162.2,0.64,6.1,Groundnut
180.8,31.9,166.9,0.77,6.7,Groundnut
112.2,25,127.4,0.48,6.2,Groundnut
254.8,49.9,191.4,0.94,5.9,Groundnut
176.7,32.6,146.8,0.64,6.5,Groundnut
154.2,27.6,141.5,0.57,5.7,Groundnut
160.1,31.9,188.5,0.67,6.1,Groundnut
245.9,43.4,192,0.86,6.8,Groundnut
165.2,33.5,136.1,0.61,6.4,Groundnut
195.8,38.6,125.1,0.63,6.7,Groundnut
244.5,49.7,219,0.87,6.2,Groundnut
192.2,37.1,166.8,0.69,5.9,Groundnut
195.3,34.1,201.4,0.73,6.1,Groundnut
263,50.7,225,0.93,6.4,Groundnut
263,51,213.3,0.9,6.3,Groundnut
227.8,35.6,161.3,0.75,6.7,Groundnut
180.5,31.7,143.9,0.69,6.7,Groundnut
156.8,34.2,173.2,0.54,5.9,Groundnut
175.5,32.1,154.3,0.69,6.2,Groundnut
165.1,24.3,88.5,0.57,5.8,Groundnut
156.6,32.1,123,0.51,6.7,Groundnut
273.6,48,250,0.93,5.8,Groundnut
116.2,27.8,90.9,0.54,6.3,Groundnut
163.1,42.5,122.1,0.54,6.1,Groundnut
177.1,33.7,164.9,0.7,6.5,Groundnut
181.2,31.6,132,0.63,6.2,Groundnut
100,20,131.7,0.52,6.6,Groundnut
203.8,43.4,195.4,0.73,5.8,Groundnut
116,32.1,137.2,0.53,6.2,Groundnut
232.7,44.9,250,0.81,6,Groundnut
181.3,35.5,188.9,0.67,5.7,Groundnut
189.7,22.2,147,0.67,5.8,Groundnut
119.1,20,100.7,0.51,5.8,Groundnut
300,58.1,214.9,1,5.9,Groundnut
207.7,34.8,169.1,0.74,6,Groundnut
85.7,20,119.2,0.46,6.7,Groundnut
156.4,41.4,190.1,0.66,6.7,Groundnut
104.6,20,103.4,0.53,6.9,Groundnut
215.4,47.8,182.8,0.76,6.2,Groundnut
188.1,25.1,152.6,0.69,6.7,Groundnut
155.2,31.4,128.6,0.65,6.1,Groundnut
108.6,23.8,148.1,0.41,6,Groundnut
85.8,20.5,102.5,0.44,5.7,Groundnut
222.2,38.6,209,0.78,6,Groundnut
154.3,22.5,136.6,0.66,5.8,Groundnut
152,34.1,154.9,0.6,6.2,Groundnut
200.9,39.3,204.6,0.86,6.7,Groundnut
95.5,20,108.1,0.53,6.2,Groundnut
209.6,39.4,172,0.8,6.5,Groundnut
209.8,42.4,200.8,0.81,6.7,Groundnut
237.1,45.7,234.7,0.86,6.4,Groundnut
149.9,30.7,118.9,0.61,6.7,Groundnut
131.6,30.6,110.9,0.55,6.1,Groundnut
156.3,42.9,140.4,0.61,6.2,Groundnut
218.5,36,178,0.78,6.6,Groundnut
141.3,33.1,158.6,0.62,6.3,Groundnut
270,44.4,250,1,6.7,Groundnut
112.4,25.7,104.7,0.44,5.9,Groundnut
193.8,31.7,155.9,0.67,6.6,Groundnut
185.6,35.3,158.5,0.69,6.7,Groundnut
238.8,53.7,237.8,0.88,6.2,Groundnut
132.6,20,126,0.53,6.7,Groundnut
106,32.3,144,0.47,6.4,Groundnut
247.6,48,200.6,0.9,6.6,Groundnut
224.4,45.6,196.4,0.76,6.9,Groundnut
274.8,46.3,201.7,0.96,5.7,Groundnut
169.6,40.2,164.3,0.75,5.8,Groundnut
192,36.9,153.3,0.64,6.2,Groundnut
169,36.9,175.9,0.67,6.3,Groundnut
232,43.4,177.3,0.84,5.8,Groundnut
205.1,46.9,195.3,0.78,6.3,Groundnut
107.5,20.8,105.3,0.42,6.2,Groundnut
235,47.6,196.9,0.84,6,Groundnut
219.2,51.9,202.8,0.84,5.8,Groundnut
161.8,36.6,163.1,0.7,6.1,Groundnut
163.1,36.4,168.7,0.72,6.1,Groundnut
254,46.4,187.3,0.87,6.1,Groundnut
239.9,42.3,193.2,0.85,6.7,Groundnut
121.3,30.1,98.9,0.52,6.5,Groundnut
166.7,33.2,160.6,0.71,5.7,Groundnut
209,38.2,193.6,0.69,6.4,Groundnut
271.3,53.5,227.5,0.86,6.1,Groundnut
141.8,30.5,144.3,0.64,5.8,Groundnut
237.4,49.3,214,0.88,6.4,Groundnut
253,49,173.8,0.79,6.6,Groundnut
244.2,48.2,199.1,0.81,5.9,Groundnut
277.4,60,200.8,0.87,6.3,Groundnut
183.9,35.7,189.2,0.81,6.3,Groundnut
208.5,37.8,160.2,0.75,6.7,Groundnut
149.6,29,146.8,0.68,6.9,Groundnut
198,43.1,164.1,0.72,5.8,Groundnut
199.6,38.6,162,0.71,6.4,Groundnut
155.3,35.7,80,0.59,6.2,Groundnut
187.2,35,142.7,0.57,6.1,Groundnut
184.4,36.2,177.2,0.77,6.5,Groundnut
157.8,35.6,149.6,0.69,6.3,Groundnut
175.6,39.2,134.2,0.65,6.3,Groundnut
248.1,59.4,250,0.85,6,Groundnut
202.8,40.6,168.8,0.73,5.9,Groundnut
283.8,45.6,214.5,0.88,6.8,Groundnut
194.5,45.7,136.8,0.68,6,Groundnut
208.9,42.6,189.6,0.75,5.9,Groundnut
154.3,40.2,151.2,0.48,6.1,Groundnut
129.8,20,126.5,0.5,6.7,Groundnut
252.2,54.1,231.8,0.91,6.2,Groundnut
202.2,33,183.1,0.63,6.6,Groundnut
231.4,41.9,219.1,0.75,6.7,Groundnut
264.4,51.5,203,0.9,6.4,Groundnut
126,29.7,132.7,0.59,6.1,Groundnut
93.6,23.4,120,0.47,6.3,Groundnut
186.2,27.7,104.2,0.63,6.8,Groundnut
300,56.5,250,1,6.5,Groundnut
245,41.2,225.8,0.85,5.6,Groundnut
238.4,46,162.8,0.85,7,Groundnut
249.5,50.3,230.2,0.91,6.7,Groundnut
275.4,44.1,226.2,0.84,6.7,Groundnut
185.4,34.2,173.1,0.68,6.2,Groundnut
159.1,36.4,134,0.56,5.9,Groundnut
104.8,21.5,102.1,0.54,6.6,Groundnut
172.2,30.9,146.6,0.65,6.9,Groundnut
298.2,53.7,250,0.98,6,Groundnut
90.9,20,80,0.5,5.8,Groundnut
125.5,20,120.4,0.45,5.6,Groundnut
190.9,35.8,146.5,0.72,6.4,Groundnut
268.3,51.7,250,0.94,6.8,Groundnut
278.2,54.6,250,1,6.1,Groundnut
111.1,22.7,101.8,0.49,6.8,Groundnut
210.6,34.9,188.8,0.66,6.8,Groundnut
96.9,22.3,97.8,0.55,6.6,Groundnut
233.7,37.4,209.8,0.84,6.9,Groundnut
152.8,34.7,125.9,0.59,6.1,Groundnut
110.8,24.5,101.7,0.41,6.1,Groundnut
141.9,36.5,132.9,0.59,6.5,Groundnut
268.1,52.9,213.6,0.89,6.8,Groundnut
80,25.8,89.8,0.45,6.3,Groundnut
144,22.6,134.1,0.6,6.9,Groundnut
148.5,27.2,127.9,0.54,5.6,Groundnut
194.3,42.3,176,0.77,6.6,Groundnut
258.3,55.1,240.6,0.87,5.7,Groundnut
221,45.4,182.9,0.84,5.7,Groundnut
261.4,48.9,220.9,0.92,6.4,Groundnut
218.8,42.7,201.9,0.76,5.8,Groundnut
197.9,47.9,228.7,0.85,6.8,Groundnut
218.6,41.1,175.4,0.79,5.6,Groundnut
159.3,27,147.9,0.63,5.9,Groundnut
80.8,20,83.6,0.42,6.9,Groundnut
140,30.1,112.9,0.55,6.9,Groundnut
238.3,40.1,159.5,0.77,6.6,Groundnut
237.5,52.8,196.2,0.89,6.2,Groundnut
117.9,24.6,131.6,0.51,5.6,Groundnut
257.6,40.2,216,0.85,5.5,Groundnut
87.9,20,103.5,0.4,6.4,Groundnut
104.5,24.7,119.8,0.47,7,Groundnut
250.1,43.5,250,0.82,5.8,Groundnut
144.3,20,89.7,0.55,6.7,Groundnut
132.4,24.6,155.5,0.52,7,Groundnut
113.5,20,80,0.41,7,Groundnut
148.3,29.2,147.7,0.55,6.7,Groundnut
230.5,48,215.4,0.87,5.7,Groundnut
237.1,39,202.2,0.83,6.9,Groundnut
202.2,34.9,140.4,0.73,5.6,Groundnut
159.1,40.6,158.1,0.68,6.2,Groundnut
88.6,20,109.2,0.47,6.2,Groundnut
205.5,35.7,220.8,0.6,6.1,Groundnut
128.3,22.8,85,0.44,5.6,Groundnut
205,43,202.4,0.75,5.9,Groundnut
102.4,21.5,92.2,0.54,5.9,Groundnut
157.8,26.3,108.9,0.57,5.8,Groundnut
115.6,23.5,86.7,0.52,6.2,Groundnut
145.2,32.6,110.7,0.62,6.9,Groundnut
110.2,20,83.6,0.5,5.8,Groundnut
207.7,44.1,189.2,0.68,5.6,Groundnut
261.3,51.6,231.1,0.88,5.5,Groundnut
86.7,20,84.9,0.43,6.4,Groundnut
271.6,49.1,201.3,0.85,6.3,Groundnut
129.4,31.4,82.7,0.54,5.8,Groundnut
300,59.2,217.6,0.98,5.8,Groundnut
279.5,55.2,208.8,0.96,5.8,Groundnut
178.8,30.4,149.1,0.64,7,Groundnut
270.7,50.6,193.4,0.95,5.7,Groundnut
279.3,53.9,226.1,1,6.4,Groundnut
186.2,30.2,133.7,0.59,6.5,Groundnut
118.3,24.7,126.2,0.53,6.1,Groundnut
104.8,24.2,84.1,0.54,5.6,Groundnut
93.8,20,80,0.47,5.8,Groundnut
92.2,22.4,91.1,0.47,6.3,Groundnut
228,52.3,201.7,0.96,5.6,Groundnut
103.8,20.6,107.6,0.48,6.6,Groundnut
97.1,25.4,95.8,0.57,6.1,Groundnut
230,45.5,164.7,0.81,5.9,Groundnut
280.4,52.5,241.3,0.95,7,Groundnut
277.1,58.7,230,0.91,6.2,Groundnut
171.3,24.4,116.3,0.58,5.6,Groundnut
197.3,36.8,165.7,0.75,6.6,Groundnut
266,45.1,226,0.84,6.2,Groundnut
227.7,46.5,191.1,0.87,5.8,Groundnut
247.9,42,226.7,0.88,5.5,Groundnut
124.4,20,97.6,0.55,5.7,Groundnut
87.1,20.6,80,0.5,5.8,Groundnut
193.4,27.5,145.6,0.7,6.9,Groundnut
157.9,26.1,103.7,0.6,6.7,Groundnut
194.3,35.4,174.4,0.66,5.7,Groundnut
123.9,28.4,127.3,0.59,6.1,Groundnut
109.3,20,111.3,0.52,5.5,Groundnut
251.4,47.1,215.1,0.81,5.6,Groundnut
223.5,53,198,0.95,6.6,Groundnut
290.3,60,247.4,0.97,6.4,Groundnut
150.3,30.2,152.3,0.68,6.8,Groundnut
171.7,35.8,131.1,0.57,5.6,Groundnut
113,31.1,91.5,0.43,5.8,Groundnut
266.1,41.4,207.7,0.91,5.6,Groundnut
284,55,250,0.94,6.7,Groundnut
202.3,40.6,193.4,0.71,5.6,Groundnut
80.1,20.6,80,0.44,5.9,Groundnut
80.7,20,91.2,0.4,6,Groundnut
187.3,42.6,214.6,0.8,5.6,Groundnut
245.8,43.7,204.9,0.84,5.7,Groundnut
160.4,31,173,0.61,6.8,Groundnut
229,45.8,193.5,0.87,6.7,Groundnut
154.9,31.2,162.5,0.55,6.3,Groundnut
237.8,41.4,194.6,0.85,5.6,Groundnut
183,26.2,145.2,0.69,6.9,Groundnut
102.1,22.3,119.7,0.51,5.6,Groundnut
256.7,50.1,207,0.85,6.1,Groundnut
189.9,34.8,197.6,0.78,5.8,Groundnut
296.6,54.6,250,0.87,6.4,Groundnut
201.1,37.3,205.3,0.71,5.6,Groundnut
298.8,53.6,242.1,0.86,6.7,Groundnut
154.7,30.4,157.4,0.59,6.7,Groundnut
149.3,23.5,90.2,0.56,5.9,Groundnut
101.4,20.9,116.4,0.48,6.9,Groundnut
262.2,47,250,0.91,5.5,Groundnut
117.7,20,120.4,0.5,5.6,Groundnut
120.6,20,85.5,0.45,5.6,Groundnut
105.9,20,93.3,0.46,5.5,Groundnut
268.8,53,237.3,0.99,6.6,Groundnut
80,27.7,100,0.54,6.1,Groundnut
187.3,27.4,145,0.67,5.6,Groundnut
165.4,25.4,145.5,0.69,5.5,Groundnut
98,22.8,103.4,0.46,6.6,Groundnut
225.6,40.8,186.8,0.8,5.6,Groundnut
109.4,20,84.8,0.47,5.6,Groundnut
90,20,80,0.45,6,Groundnut
100.5,20,86.6,0.46,5.9,Groundnut
121.3,20.4,85.5,0.4,5.8,Groundnut
128.8,20,119.4,0.62,5.7,Groundnut
222,41.2,176.5,0.74,6.5,Groundnut
286.8,48.4,233.5,0.98,7,Groundnut
112.8,20,96.8,0.47,5.7,Groundnut
263.2,52.6,215.2,1,6.1,Groundnut
260.4,46.2,222.3,0.94,6.8,Groundnut
232.3,39.9,186.4,0.7,6.7,Groundnut
127.1,22.1,123.4,0.58,6,Groundnut
166,33.3,117.6,0.63,5.7,Groundnut
99.4,27.9,108.6,0.45,6.1,Groundnut
169.3,26.8,139.5,0.68,5.7,Groundnut
277.3,47.6,235.6,0.94,5.6,Groundnut
194.9,40.7,169.4,0.7,6.7,Groundnut
148.9,23.1,152.1,0.67,5.6,Groundnut
317.1,59.8,322.2,1.79,6.7,Banana
341.2,55,331.6,1.78,6.6,Banana
459.8,75.8,408.5,2.31,6.8,Banana
324.5,50.9,260.9,1.35,6.6,Banana
324.4,52.1,322.6,1.69,6,Banana
389.3,57.5,328.6,1.92,6.3,Banana
379.6,63.3,394,1.95,6.3,Banana
386.9,62.1,337,2.08,6.6,Banana
261.4,51.1,221.2,1.25,6.6,Banana
308.3,53.8,270.9,1.45,6.4,Banana
310.7,47.8,331.3,1.53,6.9,Banana
292.9,46.1,275.8,1.37,6,Banana
271.9,50.8,234.9,1.49,6.3,Banana
297.9,55.4,247.2,1.72,6.3,Banana
327.3,53.6,293,1.52,6,Banana
316.6,49.8,267.7,1.42,6.7,Banana
386.3,58.6,360.9,1.77,7.2,Banana
329.8,43.4,250.6,1.56,7.3,Banana
427.4,63.4,402.5,2.02,6.1,Banana
300.3,49.9,265.2,1.59,6.4,Banana
328,51.6,291.5,1.73,6.6,Banana
323.3,51.7,245.3,1.58,7.1,Banana
316.8,56,297.5,1.41,7,Banana
372.7,63.7,363,1.95,6.3,Banana
340.9,54.5,266.3,1.72,6.3,Banana
345.1,58.2,340,1.72,6.9,Banana
345,54.9,332.9,1.85,6.7,Banana
293.9,45,323.9,1.35,7,Banana
339.3,64.7,340.1,1.72,6.7,Banana
377.1,64.6,327.9,1.78,6.9,Banana
383.3,61.8,334.4,1.84,6.5,Banana
377.6,58.1,329,1.84,6.9,Banana
411.1,73.3,370.5,2.16,6.3,Banana
412,59.3,362.1,2.12,6.1,Banana
358.9,52.4,339.6,1.79,6.9,Banana
396.4,61.9,335.2,1.86,6.8,Banana
287.3,47.5,284.9,1.37,6.6,Banana
342.1,58.2,359.7,1.79,6.9,Banana
369.6,57.7,317.6,1.66,5.9,Banana
469.6,67.5,444.2,2.33,6.7,Banana
244.4,44.8,218,1.19,6.1,Banana
320.5,58.5,311.4,1.64,6.6,Banana
325.3,56.2,319.9,1.72,6.4,Banana
275,45.7,252.7,1.39,6.1,Banana
283.4,51.9,272.1,1.58,6.8,Banana
332.4,61.8,311.2,1.58,6.5,Banana
368,65.2,299.2,1.93,6.4,Banana
385.2,59.1,347,2.02,6.5,Banana
394.9,66,354.7,1.88,6.3,Banana
301.5,59.6,247.9,1.52,6.6,Banana
364.2,55.1,307.8,1.61,6.9,Banana
438.9,75,341.4,2.15,6.4,Banana
363.7,54,309.1,1.75,7.2,Banana
318.2,54.3,248.6,1.59,6.8,Banana
405.5,68.1,439.6,2.22,6.5,Banana
378.4,55.4,370.5,1.83,6.3,Banana
339.1,60.8,300.1,1.75,6.3,Banana
443.7,68.3,406.8,2.09,6.3,Banana
352.7,58.3,300.7,1.67,6.4,Banana
298.8,55.3,288.4,1.66,6.4,Banana
327.5,55.2,325.1,1.5,6.8,Banana
317.2,53,283.1,1.49,6.4,Banana
464,65.2,359.7,2.09,6.8,Banana
340.7,55.1,279.9,1.81,6.2,Banana
268.2,52,262.8,1.35,6.7,Banana
339.9,55.6,359.5,1.64,6.3,Banana
365.8,54.9,333.2,1.82,6.4,Banana
343.1,59.6,315.9,1.44,6.7,Banana
332,54.3,337.9,1.64,6.8,Banana
389,62.3,374.8,2.07,6.4,Banana
333.8,61.4,314.7,1.72,6.6,Banana
392.7,63.3,357.8,1.97,6,Banana
422.3,66.7,383.4,2.1,6.4,Banana
383.3,60.1,352,1.83,6.7,Banana
337.1,57.4,337.8,1.7,7.1,Banana
349.5,56.7,313,1.75,7,Banana
429,70,369.4,2.2,6.7,Banana
355.5,54.5,350.7,1.69,7.3,Banana
392.7,59,319.9,1.74,6.6,Banana
382.2,61,336.3,1.68,6.6,Banana
333,55.3,264.7,1.61,6.6,Banana
366.9,62,309,1.82,6.1,Banana
364.7,64.9,338,2.18,6.5,Banana
347.9,59.7,374.7,1.77,6.4,Banana
303.5,52.8,255.9,1.44,6.6,Banana
358.1,58.5,338.3,1.76,6.5,Banana
339.9,54.7,270.4,1.72,6.9,Banana
276.3,59.3,298.6,1.41,6.5,Banana
256.8,48.8,266.5,1.41,6.6,Banana
324.1,57.8,299.5,1.76,6.5,Banana
280.7,51,265.1,1.38,6.7,Banana
415.7,63.6,392.4,2.07,6.6,Banana
338.5,60.3,311.2,1.85,6.2,Banana
344.5,55.6,377.5,1.6,6.9,Banana
347.5,56.6,307.9,1.79,6.2,Banana
386.9,74.7,339.7,1.91,6.5,Banana
359.4,58.6,338,1.82,6.8,Banana
418.6,66.7,342.7,2.08,7,Banana
467.4,64.1,424.4,2.22,6.8,Banana
366.2,56.6,384.7,1.82,6,Banana
382.2,60.5,334.8,1.97,6.1,Banana
363.9,58.1,331.6,1.59,6.2,Banana
390.2,54.8,325.2,1.91,5.9,Banana
410.2,62.9,361.1,2.16,7.2,Banana
354.5,57.4,361.4,1.44,7.4,Banana
351.5,65.3,322.3,1.86,6.4,Banana
331,51.8,290.4,1.74,6.7,Banana
330,53.5,270.2,1.62,5.8,Banana
439.8,59.9,408.7,2.17,6.8,Banana
373.8,56.7,326.3,1.76,6.3,Banana
288.2,53.2,274.8,1.42,6.4,Banana
388.4,63.5,358.4,1.79,6.7,Banana
410.4,68,397.8,2,7.2,Banana
355.3,54.6,357.9,1.9,6.9,Banana
316.7,50.8,293.7,1.53,5.7,Banana
267.1,48.1,240.7,1.33,7.4,Banana
472,73.7,393.5,2.29,7.1,Banana
338,54.7,319.7,1.93,6.4,Banana
329.6,51.8,330.3,1.78,7.1,Banana
343.5,64.9,333.3,1.72,6.6,Banana
422.9,70.2,349.5,2.12,6.3,Banana
373.5,55.1,345.7,1.63,6.4,Banana
324.8,52.2,285.2,1.56,6.9,Banana
218.8,41.3,200,1.5,6.2,Banana
246.8,48,248.4,1.34,6.4,Banana
375.4,61.5,345.6,1.97,7.1,Banana
337.1,61.1,319.3,1.81,6.7,Banana
352,58.6,369.2,1.86,6.8,Banana
299.3,46.5,281.6,1.46,6.2,Banana
214.6,42.9,232,1.26,6.7,Banana
431.2,65.1,407.6,2,7.3,Banana
405.1,57.5,345,1.79,5.7,Banana
286.4,53.3,338.1,1.42,6.9,Banana
444.6,71.5,386.5,2.29,6.7,Banana
412.7,68.7,353.9,2.18,7.2,Banana
321.2,48.4,297,1.55,6.9,Banana
357.4,52.6,314,1.46,6.8,Banana
279.3,42.8,220,1.22,6.7,Banana
261.3,49.9,275.4,1.31,6.6,Banana
436.4,65.1,405.6,2.07,6.6,Banana
267.3,45.4,300.8,1.25,5.8,Banana
246.9,49,280,1.41,6.9,Banana
236.9,45.9,211.7,1.26,7,Banana
255.9,53.9,223.5,1.47,6.1,Banana
302.4,49.6,287.5,1.37,6,Banana
418.5,68,397.3,2.27,6.9,Banana
286.6,60.3,248.6,1.39,7.1,Banana
284,47.1,306.7,1.47,7.2,Banana
329,55,277.3,1.61,6.8,Banana
322,49.1,312.6,1.67,5.8,Banana
424.1,73.2,408.4,2.44,6.6,Banana
326.8,53,339.6,1.79,5.8,Banana
278.7,42,256.3,1.41,6.8,Banana
206.8,40,200,1,6.3,Banana
460.3,74.2,421.7,2.36,6.6,Banana
386.3,69.1,365.3,1.75,6.6,Banana
358.8,60,301,1.74,6.6,Banana
467.6,70.4,378.8,2.3,6.9,Banana
417.6,61.1,411.2,2.1,5.6,Banana
419.6,67.9,413.7,2.15,6.7,Banana
426.9,68.4,381.6,2.12,6.7,Banana
298.2,44.7,242.4,1.21,6.5,Banana
445.9,71,390.3,2.3,7.1,Banana
283.8,46.2,304.1,1.53,7.1,Banana
383.3,61.6,344.2,1.97,6.9,Banana
456.4,73.1,450,2.29,6.3,Banana
335,57.5,256.1,1.73,6,Banana
331.6,55.4,352.9,1.83,7.3,Banana
317.7,55.4,284.2,1.71,6.7,Banana
315.5,49.4,338.4,1.58,6.5,Banana
328.6,60.5,336.9,1.64,6.7,Banana
346.6,55.2,276.5,1.72,6.8,Banana
283.5,46.7,245.4,1.45,6.2,Banana
254,42.5,230.4,1.18,5.8,Banana
375.8,63.4,320.7,1.79,6.2,Banana
312.3,55.8,311.2,1.57,6.1,Banana
384.7,57.2,352.3,1.92,5.8,Banana
434.9,65.9,431.7,2.24,6.8,Banana
404.2,68.2,346.3,1.95,6.4,Banana
351.4,63.9,318.8,1.67,6.9,Banana
348.5,59.4,237.9,1.69,7.1,Banana
365.4,58.9,289.3,1.75,7,Banana
300.8,51.6,278.1,1.57,6.1,Banana
331,52,260.7,1.49,6.6,Banana
286.3,46.4,235.9,1.46,6.4,Banana
349.4,57,339.8,1.46,6.9,Banana
274.8,47.8,282.2,1.5,7.3,Banana
365.6,58.1,369.1,1.88,6.4,Banana
423.9,63.2,367.3,2.1,7.1,Banana
370.1,65.8,349.6,1.96,6.6,Banana
286.1,47.6,320.4,1.3,6.6,Banana
339.7,53.5,369.7,1.73,6.7,Banana
378,53.2,325.2,1.56,5.8,Banana
239.9,40,209.4,1.02,6,Banana
374.8,52.9,299.8,1.98,7,Banana
329.1,55.2,314.9,1.69,5.9,Banana
232.9,42,214.5,1.39,6.8,Banana
454.1,72.8,389.3,2.23,6.7,Banana
372.7,60.6,338.6,1.87,6.9,Banana
371.5,63.5,358.8,1.95,6.2,Banana
414.3,65.8,385,2,6.4,Banana
336,54.8,294.5,1.76,6,Banana
317.5,50.3,248.2,1.52,7.1,Banana
422.9,63.5,405.4,2.28,6.5,Banana
333.6,54.2,324.4,1.76,6.7,Banana
444.4,69.9,439.3,2.14,7,Banana
403.4,70.2,343,1.89,6.4,Banana
369.9,61.4,346.7,1.75,6.2,Banana
313.2,56.7,299.1,1.55,6.7,Banana
280.4,49.6,265.9,1.51,7.1,Banana
366.8,67,364.9,1.9,6.6,Banana
365.2,62.9,335.2,1.68,6.4,Banana
418,63.7,340.2,2.04,5.8,Banana
365.9,61.6,335.6,1.65,6.1,Banana
409.2,69.7,403.3,1.94,6.8,Banana
424.5,60.2,384,1.94,6.9,Banana
495.5,75.9,450,2.49,6.2,Banana
350,61.7,328.6,1.55,6.3,Banana
273.7,47.1,315.4,1.39,6.9,Banana
423,65.6,380.7,2.25,6.2,Banana
236.4,43.6,253.6,1.28,5.9,Banana
251.5,43.1,260.1,1.32,7,Banana
376.5,54.9,309.1,1.83,7,Banana
360.1,70.8,291.6,1.87,7,Banana
278.3,46.1,257.7,1.27,6.1,Banana
380.7,55.8,333.8,1.88,6.8,Banana
387.6,56.1,294.9,2.07,6,Banana
411.7,66.6,385.8,2.22,6.2,Banana
381,59.7,373.5,1.77,6.3,Banana
294.6,48.2,292.9,1.57,7,Banana
407.1,63.3,371.9,1.85,7.1,Banana
437.3,69.4,411.2,2.12,6.7,Banana
239.6,52.9,230.9,1.36,6.1,Banana
422.5,68.7,328.4,2.09,7.3,Banana
212.7,40,211.9,1.24,5.9,Banana
398.3,61.7,325.9,1.95,7.1,Banana
251.9,40.9,249.8,1.23,6.8,Banana
397,65.9,359.9,2.02,6.8,Banana
410.3,67,364.5,1.87,6.8,Banana
373.5,64,367,1.87,6.9,Banana
411.5,61,329.9,1.95,5.9,Banana
277.8,54.5,300.8,1.41,6.9,Banana
374,61.8,378.8,1.98,7.3,Banana
444.2,64.1,401.4,2.18,6,Banana
413.9,70.3,390.3,2.09,7.3,Banana
342.4,58.2,335.8,1.92,7.2,Banana
459.6,77,433.2,2.45,6.5,Banana
331.4,50.4,310.2,1.71,6.1,Banana
462.4,72.1,392.7,2.23,6.8,Banana
333.5,58.6,306.7,1.58,5.9,Banana
318.4,60.8,324,1.94,6.8,Banana
259.5,51.3,246.5,1.45,6.6,Banana
500,73.6,387.7,2.31,6.1,Banana
310.1,46.2,282,1.76,5.7,Banana
462.8,66.6,386.8,2.02,5.9,Banana
494.5,77.1,398.8,2.5,6,Banana
260.3,49.5,267.5,1.44,6.9,Banana
413.7,72.9,399.6,2.1,7.1,Banana
380.8,62.1,304.8,1.86,6.4,Banana
397.4,64.7,393.4,1.95,5.8,Banana
393.3,61.9,350.9,1.85,6.6,Banana
321,53,276,1.59,6.7,Banana
219.7,40,209.3,1.44,6.3,Banana
448.1,69.4,434.3,2.13,7.1,Banana
384.4,65.7,334.6,2.18,6.7,Banana
352.9,60.3,370,1.76,6.3,Banana
423.9,70.3,355.1,2.17,6.3,Banana
409.6,65.2,382.2,2.19,6.2,Banana
441.1,73.9,363.7,2.16,6,Banana
295.7,54.2,311,1.58,6.3,Banana
427.9,63.9,380.9,2.04,7.3,Banana
455.7,65.8,349.3,2.16,6.9,Banana
403.8,69.2,323.7,2,6.5,Banana
361.7,59.9,342.6,1.87,6.1,Banana
409.5,63.7,319.1,1.9,6.1,Banana
268.6,40,222.7,1.43,7,Banana
433.6,76.1,450,2.21,6.4,Banana
374.4,62.4,414.6,2.15,6.8,Banana
281,51.5,293.7,1.46,6.7,Banana
389.4,61.2,378.2,1.99,6.3,Banana
371.9,64.2,380.8,1.73,7.1,Banana
308.5,49,257.8,1.55,5.9,Banana
330.8,61.8,359.2,1.72,6.4,Banana
455.2,72.2,379.9,2.44,6.4,Banana
384.7,55.7,318,2.04,7.2,Banana
279.7,47.3,306.5,1.39,6.1,Banana
250,44.4,300.4,1.16,6.5,Banana
479.1,74.4,423.4,2.44,6.8,Banana
293.8,54,300.7,1.53,7.2,Banana
266.5,43.4,213.7,1.3,6,Banana
375.1,61.4,348.1,1.9,6.3,Banana
418.6,73.3,362.2,2.01,6.9,Banana
406.7,68,369.4,2.05,6.1,Banana
432.1,70.9,450,1.97,6.5,Banana
333,48.1,242.1,1.49,6.4,Banana
485.4,76.2,428.3,2.43,6.7,Banana
369,70.5,390.3,1.91,6.5,Banana
269.5,40.9,244,1.08,6.1,Banana
458.9,74.2,450,2.22,6.4,Banana
329.1,55.2,318.6,1.62,6,Banana
400.1,65.8,377.5,2.18,6.7,Banana
414,61.6,331.6,1.76,5.6,Banana
341.4,51,332.9,1.63,6,Banana
251.6,49.7,270.8,1.3,7.3,Banana
205,41.1,200,1.13,6.8,Banana
366,52.7,317.6,1.67,6.9,Banana
404.1,68,380,2.11,6.3,Banana
382.7,55.6,384.4,1.91,6.9,Banana
371.6,64.9,352.5,1.98,6.7,Banana
238.2,48.3,216,1.15,6.7,Banana
473.7,75.7,450,2.5,6.8,Banana
254.6,44.8,276.7,1.14,6.8,Banana
402.2,66.3,355,1.81,6.3,Banana
415.5,66.3,375.1,2.07,6.5,Banana
210.5,44.2,200,1.06,6.4,Banana
297.1,51.8,272.4,1.5,6.7,Banana
362.7,53.7,334.9,1.96,5.8,Banana
291.8,51.4,299.5,1.58,6.2,Banana
374.5,60.1,331,1.96,6.3,Banana
361.4,59.6,309,1.75,6.8,Banana
347.8,53.5,321.5,1.54,7.2,Banana
347.4,56.8,309.2,1.63,6.5,Banana
445.8,73.1,392.3,2.14,6.3,Banana
252.8,46.4,267.7,1.4,6.9,Banana
434.7,66.2,361.5,2.07,6.7,Banana
234.8,44.1,237.2,1.46,6.7,Banana
377.6,58.9,359.9,2.01,6.7,Banana
298.6,47.8,242.8,1.7,7.3,Banana
347.3,52.2,319.3,1.85,7.2,Banana
388.7,67.9,374.1,1.92,6.4,Banana
312.1,56.5,308,1.71,6.1,Banana
289.2,45.7,283.7,1.55,7.2,Banana
297.9,49,381.9,1.51,6.2,Banana
408.7,63,321.3,1.87,6.7,Banana
281.9,49.1,286.5,1.36,7.2,Banana
396.8,64.4,335.7,2.01,6,Banana
329.8,49.4,301.1,1.76,6.3,Banana
300.2,48.5,238.2,1.49,6.2,Banana
232.2,44,224,1.27,6.2,Banana
385.8,64.7,441.6,1.94,6.7,Banana
383.6,61.8,326.4,1.83,6.6,Banana
354.2,58.1,333.1,1.89,6.8,Banana
270.6,55.8,350.2,1.49,6.5,Banana
395.4,63.3,355.9,1.95,6.1,Banana
404.9,63.4,355.3,2.15,6.1,Banana
321.6,58,278.2,1.64,6.3,Banana
316.7,55.7,264.2,1.63,6.7,Banana
378,54.2,343.6,2.03,7.1,Banana
283.5,49,280.9,1.45,6.8,Banana
305.6,51.1,349.8,1.61,6.2,Banana
417.8,70.7,311.6,1.99,5.8,Banana
240.2,43.8,223.7,1.16,6.4,Banana
419.9,72.6,354.8,2.11,6.6,Banana
202.4,44,227.2,1,6.7,Banana
289.1,49.4,273.3,1.55,7.3,Banana
468,67.7,390.2,1.95,5.7,Banana
253.6,44.8,200,1.01,7,Banana
415.7,65.4,366.4,2.12,6,Banana
283.1,49.7,252.6,1.53,7.3,Banana
335,59.3,310.7,1.82,6.4,Banana
404.6,67.2,414.6,2.15,7.4,Banana
419,56.7,425.6,2.22,5.7,Banana
208.7,40,203.6,1,6.9,Banana
479.7,72,450,2.24,5.8,Banana
448.6,66,408.5,2.11,6.9,Banana
339.3,58.6,302.8,1.68,5.6,Banana
500,67.1,434.7,2.44,7.2,Banana
227.3,45.2,244.8,1.23,5.8,Banana
451.5,72.2,413.3,2.5,7.3,Banana
470.9,73.7,362,2.17,6.7,Banana
324.5,51.4,300.1,1.77,5.6,Banana
464.7,73.9,422.7,2.24,6.7,Banana
347.3,59.4,355.4,1.72,6.2,Banana
491.6,76.3,445.7,2.45,7,Banana
291.7,41.6,284.5,1.61,5.6,Banana
406.9,56,351.9,2.22,5.7,Banana
294.6,49.9,254.5,1.37,6.1,Banana
233.7,40,251.7,1.38,6.4,Banana
347.2,58.3,297.2,1.8,5.9,Banana
500,70.4,422.3,2.5,5.6,Banana
441.7,69.3,384.2,2.19,7,Banana
408.2,61.4,336.4,1.97,6.2,Banana
363.1,59.2,320.5,1.69,6.6,Banana
453.4,63.5,450,2.3,6,Banana
242.1,40,252.3,1.05,7.1,Banana
205.3,40,236.7,1.18,6,Banana
431.3,77.8,408.9,2.2,6.3,Banana
449.8,64.8,395.2,2.23,5.5,Banana
475.8,64.3,421.2,2.4,5.5,Banana
222.6,48.8,318.4,1.27,5.6,Banana
248.5,45.5,235.8,1.19,6.7,Banana
449.8,64.7,369.5,2.16,6.4,Banana
337.4,52.5,315.9,1.67,5.7,Banana
242.2,40,252.6,1.14,5.7,Banana
500,67.2,450,2.5,7.5,Banana
231.7,49.2,236.5,1.34,6.6,Banana
372.6,54.7,339.3,1.64,6.8,Banana
242.9,43.5,200,1.03,6.1,Banana
332.8,59.1,329.8,1.76,6,Banana
270.6,43.7,281.3,1.4,7.3,Banana
238.2,40,200,1.15,5.7,Banana
458.4,78.8,416.5,2.38,6.9,Banana
213.9,43.4,236.6,1.15,6.2,Banana
313.7,55.7,267.6,1.72,6.2,Banana
217.9,47.5,266,1.14,6.4,Banana
372,60.3,373.5,1.74,6.2,Banana
200,42,220,1.11,6.3,Banana
304.1,45.7,254.7,1.55,6.6,Banana
227.8,40.2,200,1.31,5.9,Banana
448.9,63.6,402.1,2.14,7.4,Banana
205.9,44.5,200,1.33,6.6,Banana
420.2,68.2,383.5,2.08,6.3,Banana
413.1,66.8,424.8,2.16,6.9,Banana
307.1,59,296.5,1.29,6.6,Banana
241.3,40,251.9,1.28,6.7,Banana
238,44.5,210.9,1.03,6.8,Banana
281,40,256.4,1.42,7.2,Banana
288.5,47.2,317.5,1.42,7.1,Banana
229.5,40,215,1,5.9,Banana
444.3,61.9,369.3,2.2,5.7,Banana
324,51.1,306.5,1.69,5.5,Banana
454.8,69.8,376.2,2.22,7.2,Banana
302.6,54.1,276.9,1.47,6.6,Banana
200,44,200,1,6,Banana
245.8,47.2,227.7,1.17,6.3,Banana
219.5,40,244.2,1.02,5.8,Banana
430.5,71.2,415.5,2.16,6.1,Banana
486.7,76,434,2.5,5.9,Banana
393.6,62.5,351.1,1.89,5.9,Banana
200,40,233.8,1,5.7,Banana
388.3,52.8,356.4,1.74,5.7,Banana
425.4,69.1,360.4,2.27,6.9,Banana
438.6,69.1,412.2,2.32,6.1,Banana
383,52.6,336.3,1.67,7.3,Banana
444.2,64.1,398,2.3,7.4,Banana
458.9,67.3,363.3,1.97,5.8,Banana
324.8,49.7,263.6,1.74,5.6,Banana
311.5,51.2,270.2,1.43,5.5,Banana
478.6,75.9,443.2,2.25,6.9,Banana
415,62.6,359.9,1.92,6.1,Banana
246.5,46.3,241.1,1,7.1,Banana
397.1,58.3,343.5,2.23,5.7,Banana
424.1,58.7,379.5,2.35,5.5,Banana
353,54.9,313,1.94,7.4,Banana
367.6,57.3,405.4,1.97,5.8,Banana
325,54.2,333.5,1.33,7,Banana
304.1,48.8,311.9,1.55,5.6,Banana
433.8,73.5,320,2.07,6.5,Banana
382.5,72.8,405.5,2.24,5.6,Banana
471.9,67.5,400.1,2.44,6.7,Banana
213.2,40,225.5,1.18,7.5,Banana
461.4,72.8,401.6,2.36,5.7,Banana
278.9,49.6,240.9,1.69,5.7,Banana
350.2,54,317.6,1.67,6.5,Banana
467.2,67.3,438.5,2.28,6,Banana
442.2,65.8,440.7,2.18,5.8,Banana
393.2,65.2,327.5,1.99,7,Banana
485.5,70.8,417.7,2.31,6,Banana
466.4,68.3,408.4,2.15,5.7,Banana
312.3,58.5,303.2,1.67,7.3,Banana
204.7,40,200,1.09,5.5,Banana
239,42.5,217.1,1.12,6,Banana
377.5,62.9,338,1.9,6.7,Banana
439.5,69.8,334.5,2.34,6.1,Banana
318.6,55.4,317.9,1.82,7.1,Banana
434.6,66.4,377.3,1.91,7.5,Banana
370.6,58.4,290.5,1.73,6.8,Banana
230.8,40,210.8,1,6.1,Banana
381.4,60.1,319.3,1.86,6.1,Banana
496.1,76.7,420.3,2.38,7.2,Banana
226.7,40,200,1.03,7.2,Banana
385,59.7,368.9,2.09,5.7,Banana
420.4,63.9,297.6,2.06,6.1,Banana
375.9,54.1,317.6,1.8,6,Banana
319.1,53.1,325.9,1.69,7.3,Banana
438.5,65.3,409.5,2.02,6.1,Banana
405.5,61.7,354.4,2.08,5.5,Banana
432.8,61.6,402.3,2.5,7.4,Banana
483.7,76.5,449.8,2.34,6.3,Banana
484.7,75.8,433.9,2.36,6.7,Banana
486,80,404.1,2.35,7.2,Banana
204.8,40.9,228.8,1.24,7,Banana
473.6,70.5,419,2.33,7.1,Banana
267.2,49.2,225.2,1.18,6.5,Banana
489.2,73.5,435,2.44,6.1,Banana
360.1,66.1,373.9,1.91,6.1,Banana
439.2,66.6,410.3,2.21,7.2,Banana
375.6,68.3,297.5,1.88,6.4,Banana
416.1,65.3,410,2.04,7,Banana
483.9,73.7,431.4,2.48,6.1,Banana
423.9,69.1,380.9,2.22,6.2,Banana
327.2,54.2,303.9,1.72,6.9,Banana
440,70.5,386.7,2.04,7.4,Banana
442,71.5,439.4,2.5,6.7,Banana
258.1,45.9,221.8,1.18,6.5,Banana
300.8,50.2,224.6,1.34,7.1,Banana
322.5,54.9,333.4,1.55,7.3,Banana
317.8,42.9,298,1.56,5.7,Banana
243.5,42.3,242.5,1.43,5.9,Banana
332.8,55.7,344.2,1.71,5.6,Banana
191.8,33.1,150.9,0.95,6,Jute
146.3,20.5,112.3,0.97,6.1,Jute
152.3,28.7,115.5,0.94,5.9,Jute
177.2,31.7,137.4,0.85,6.1,Jute
213,25.8,149.6,0.84,6.3,Jute
236,44.4,180.3,1.41,5.9,Jute
220.1,41.3,155.6,1.21,6,Jute
189.4,31.9,159.2,1.05,6.3,Jute
220.8,38.5,187.5,0.99,6.1,Jute
211.1,41.5,164.2,1.28,5.9,Jute
166,30.5,136.1,0.86,5.8,Jute
199.4,30.9,129.1,1.05,6.3,Jute
251.7,39.8,182.9,1.35,5.9,Jute
241.2,38.2,198.8,1.18,5.9,Jute
200.6,32.1,151.6,1.06,6.3,Jute
139.7,24.5,101.1,0.78,5.9,Jute
148.6,26.1,151.5,0.84,6.2,Jute
197.6,26,132.5,1.08,5.8,Jute
279.2,45.4,173.7,1.32,6.3,Jute
208.6,34.1,157.4,1.08,6.3,Jute
216.6,34.5,177.9,1.26,6.2,Jute
231.7,39.4,150.3,1.16,5.9,Jute
158.6,29.7,107.7,0.92,5.7,Jute
197.7,25.1,155.3,0.89,6.1,Jute
205,36.7,139.4,1.01,5.9,Jute
233.3,38.4,165,1.27,6,Jute
174.9,36.9,143.9,0.99,6.3,Jute
102.7,15,91.3,0.52,5.8,Jute
197.7,32.8,165.2,1.11,5.8,Jute
161.1,34,135.8,0.87,5.9,Jute
137.6,19.9,106.1,0.8,5.3,Jute
213.6,34.6,145.3,1.04,6.1,Jute
219,31.4,156.8,1.03,5.6,Jute
231.6,36.8,156.4,1.16,6.3,Jute
244.3,40.2,158.1,1.38,6,Jute
163.9,32.7,157.9,1.01,6.1,Jute
206.6,28.3,144.9,1.01,6.1,Jute
223.4,36.6,156.3,1.12,5.9,Jute
221.9,35.3,157.8,1.08,5.6,Jute
173.1,28.2,123.2,0.95,5.9,Jute
194.9,30.1,151.7,0.99,6.5,Jute
194.2,34.7,139.4,1.24,6.1,Jute
183,33.5,141.2,1.11,6.2,Jute
129.8,25.5,108,0.8,6.1,Jute
199.3,28.7,150.2,1.15,6.3,Jute
204.4,29.7,126.4,0.96,5.8,Jute
252.5,32.1,192.2,1.3,5.9,Jute
196,27,131.3,0.89,6.4,Jute
223.7,29.8,144.6,1.05,6,Jute
196.7,34.9,169.4,1.05,6.3,Jute
173.9,30.7,141.5,1.02,6.5,Jute
188.9,30.3,144.3,0.98,6.1,Jute
131.5,28.1,114,0.86,5.9,Jute
228.7,35.5,185.7,1.31,6.3,Jute
168,26.5,110.8,0.88,6.1,Jute
187.3,28,128.4,0.88,5.9,Jute
279.1,41.7,199.5,1.41,5.8,Jute
143.6,25.3,104.6,0.82,6.2,Jute
240.2,32.1,148.9,1.2,5.5,Jute
198.8,36.7,128.8,1.21,5.8,Jute
188.4,26.8,152.6,0.95,6.7,Jute
194.4,32,130.3,1.05,5.9,Jute
142.3,22.9,113.4,0.69,5.9,Jute
124.5,19.1,118.9,0.74,5.8,Jute
182.8,19.1,134.3,0.98,5.5,Jute
176,31.5,128.9,0.88,6.1,Jute
190.1,31.2,142.1,0.87,6.2,Jute
210.5,33.2,157.1,0.98,6.1,Jute
198.8,30.9,133.6,1.03,6,Jute
184.3,41,145.6,0.99,5.8,Jute
207.8,31.4,165.9,0.92,6,Jute
168.2,22.8,100.2,0.96,6.6,Jute
188.1,33.5,139.4,1.11,6.1,Jute
170,27.2,113.3,0.82,6.6,Jute
162.3,23.1,127.2,0.83,5.6,Jute
239.8,28.6,165.2,1.29,6.9,Jute
149.1,24.3,114.6,0.92,6.1,Jute
170.4,26.4,128.2,0.76,5.8,Jute
229.6,34.6,155.4,1.05,6,Jute
194.8,21.8,151.3,1.08,5.4,Jute
179.5,35.4,159.5,1.09,6.3,Jute
144.8,21.1,127.7,1.01,6.5,Jute
179.5,26.8,161.1,0.97,6.1,Jute
145.4,21.4,103.8,0.78,6.4,Jute
252.4,35.3,166.5,1.25,6,Jute
226.4,37.3,147.8,1.06,6.1,Jute
167.2,28.7,133.2,0.83,5.9,Jute
183.4,36.5,132.8,1.08,6,Jute
176.9,22.7,132.9,0.97,6.7,Jute
234.6,36.3,168,1.09,6.2,Jute
243.5,33.9,144.7,1.25,5.9,Jute
178.3,32.4,132.1,0.8,5.9,Jute
164,34.9,129.2,0.93,6,Jute
132.8,22.6,118,0.68,6.4,Jute
131,21.8,103.5,0.72,6.4,Jute
211.8,29.3,139.3,1.04,6.3,Jute
214.1,36.7,167.4,1.08,6.1,Jute
155.9,32.9,115,0.86,6,Jute
196.6,33.8,165.3,0.96,6.5,Jute
163.4,29.1,148.1,0.93,6.3,Jute
217.6,41.8,157.1,1.17,6.3,Jute
185.4,30.9,143.6,1.04,6.3,Jute
277.3,46.9,184.2,1.34,6.4,Jute
164.8,26.5,126.9,0.84,6.2,Jute
212.8,34.4,170.8,1.21,5.9,Jute
142.6,22.7,95.5,0.83,5.8,Jute
157.4,15,107.1,0.71,6.4,Jute
138.3,20.6,97.3,0.89,5.1,Jute
246.8,36.4,178.3,1.32,6.5,Jute
147.5,23.5,123.7,0.74,5.9,Jute
178.2,26.4,103.6,0.87,5.6,Jute
257.4,43.8,188.9,1.38,5.6,Jute
175.9,30.7,116.7,0.95,5.7,Jute
230.2,34.9,172.1,1.13,6.5,Jute
198.7,36.9,145.8,1.12,5.8,Jute
80,15.6,97.3,0.56,6.4,Jute
232.3,36.3,196.1,1.09,5.8,Jute
220.3,34.8,165.5,1.06,5.5,Jute
102.4,16.3,95.1,0.61,5.8,Jute
182.7,32.1,122,0.94,6.1,Jute
149.5,24.2,135.2,0.85,5.8,Jute
279.4,43.7,196.9,1.41,5.6,Jute
169.9,23.3,129.9,0.91,6.1,Jute
187.4,31.6,121.1,1.07,5.9,Jute
191.3,28,148.3,0.89,5.9,Jute
146.8,25.3,153.3,0.8,5.3,Jute
156.7,26,109.9,1,6.9,Jute
171.8,28.7,140.3,0.86,6.3,Jute
198,32.3,148.1,0.98,6.1,Jute
101.3,16.8,85.5,0.61,5.9,Jute
190,28.1,134.3,0.97,6.4,Jute
194,32.9,135.2,1.1,6,Jute
168.5,17,124.1,1,5.3,Jute
223.8,34.9,182.6,1.19,6.7,Jute
233.7,43.6,179.9,1.29,5.9,Jute
195.1,32.2,141.9,1.17,6.4,Jute
155,24.2,103.7,0.83,5.9,Jute
155.5,34.2,129.6,0.91,6.2,Jute
231.3,38.4,161.4,1.17,6,Jute
196,27.8,148.7,1.04,5.6,Jute
248.7,41.2,183,1.34,6.4,Jute
235.6,37,157,1.19,5.7,Jute
249.1,41.9,182.2,1.37,6.2,Jute
216.8,28.2,148.5,1.1,5.7,Jute
225.5,38.5,159.8,1.11,5.8,Jute
166.2,24.2,124.3,0.77,5.5,Jute
204,36.7,154.6,1.09,6.4,Jute
180.5,22.4,106.7,0.95,6.2,Jute
241.4,42.5,190.8,1.4,6.1,Jute
157,23.4,134.2,0.91,6.5,Jute
204.5,40.1,151.5,1.13,5.9,Jute
224.3,41,154.9,1.28,6.4,Jute
179.7,25,143,0.92,6.3,Jute
205.7,29.4,140.3,0.98,5.4,Jute
124.3,26.2,127.5,0.88,6.2,Jute
105.6,18.2,80,0.75,5.4,Jute
172.8,31.2,123.9,1,5.4,Jute
217.2,31,156.7,1,5.7,Jute
227,34.7,150.8,1.03,6.4,Jute
182.3,30.6,131.6,0.97,5.1,Jute
225.3,34.9,180.6,1.04,5.9,Jute
237,40.5,166.9,1.3,5.7,Jute
262.3,35.1,184.2,1.29,5.3,Jute
196.3,35.1,148.6,1.21,6.1,Jute
143.5,25.1,117,0.75,5.7,Jute
126.9,22.4,104.1,0.6,5.7,Jute
208.5,29.9,142.3,1.16,5.6,Jute
214.4,33.8,183.1,1.11,6.1,Jute
256.2,35.8,191.4,1.29,6.3,Jute
268.8,40.6,174.6,1.32,6,Jute
115.8,17.2,81.6,0.57,6.2,Jute
290,48.5,190.6,1.48,6.4,Jute
183,23.6,143.2,1.03,5.3,Jute
143,23.9,118.5,0.7,6,Jute
119.8,30.2,129.7,0.69,6,Jute
235.2,34.7,175.7,1.22,6.6,Jute
196.1,28.3,138,0.76,6,Jute
219.2,32.8,140.5,1.01,5.7,Jute
112.9,21.2,93.1,0.88,5.3,Jute
214.7,27.5,137.7,1.14,5.7,Jute
219.7,30.5,153.8,1.12,5.2,Jute
147.3,21.2,113.8,0.85,6.4,Jute
137.2,22.8,135.2,0.81,5.6,Jute
96.2,15.2,89.2,0.53,5.5,Jute
205.1,26.8,151.8,0.96,6.7,Jute
214.4,31.2,158.9,0.96,6.5,Jute
258.2,44.3,153.8,1.47,6.9,Jute
260.2,44.4,163,1.25,5.9,Jute
141.3,28.2,100.8,0.72,6.2,Jute
173,24,120.8,1.02,6.8,Jute
198.8,26,158.2,1,5.6,Jute
146.1,27.3,86.6,0.91,6,Jute
119.3,18.1,95.6,0.76,5.9,Jute
275.8,42.2,186.9,1.45,5.9,Jute
181.6,28.2,143.3,0.95,6.3,Jute
271.9,41.4,176.8,1.44,6.2,Jute
215.8,36.2,152.6,1.11,5.8,Jute
245.1,35.5,198.8,1.22,5.3,Jute
160.4,29.1,125.2,0.98,5.8,Jute
156.9,28.5,173.6,0.85,5.6,Jute
143.9,19.9,119.7,0.78,5.4,Jute
200.3,31.3,133.6,0.98,6.6,Jute
156.5,19.8,110.4,0.87,6.4,Jute
154.1,27.5,117.8,0.77,6.3,Jute
132.5,15,92,0.61,6.4,Jute
187.2,28.1,134.8,0.97,6.6,Jute
227.2,34.6,169,1.29,5.1,Jute
229,37.7,183.1,1.4,5.2,Jute
193.1,27.7,121.1,0.94,5.6,Jute
195.4,35.7,134.8,1.04,5.8,Jute
190.5,30,174.1,1.01,6.4,Jute
133.3,21.2,115.6,0.84,5.9,Jute
178.5,34,141.9,1.17,6.1,Jute
177.6,31.8,135.7,0.9,6.3,Jute
228.2,31.7,156.7,1.12,5.8,Jute
247,37.3,160.4,1.21,5.8,Jute
226.2,36.5,152.2,1.14,6.1,Jute
249.4,40.5,173.5,1.14,6.8,Jute
94.8,18.9,84.6,0.57,6.5,Jute
214.8,31,137.3,1.12,6.1,Jute
217.7,31.7,151.3,1.07,5.4,Jute
221.9,29.6,153.1,0.98,5.7,Jute
227.7,36.9,164.5,1.23,5.3,Jute
103.2,19.7,90.5,0.61,6.1,Jute
145.4,20,125.6,0.76,6.7,Jute
248.5,43.4,200,1.28,5.9,Jute
178.6,22,119.2,0.92,6.2,Jute
179.7,35.6,110.9,0.85,6,Jute
255.1,42.4,168.3,1.35,6.1,Jute
158.1,32.4,131.4,0.84,6,Jute
193.1,27.8,163.3,1.08,5.7,Jute
160.9,33,128.3,0.82,5.8,Jute
207.8,39.7,143.1,1.06,6.1,Jute
142.3,24,138.3,0.89,6.5,Jute
238.4,43.1,153.9,1.33,5.8,Jute
223.5,37,151.3,1.03,5.6,Jute
150.9,23.2,115.7,0.69,5.6,Jute
285.2,42.9,183.8,1.28,6.7,Jute
129.5,22.6,122.2,0.77,5.6,Jute
152.2,18,108.1,0.74,6.5,Jute
182.3,35.7,143.6,0.89,6.4,Jute
203.9,28.8,152.1,0.9,5.5,Jute
252.3,41.7,187.8,1.32,5.5,Jute
252.9,43.2,148.2,1.29,5.7,Jute
116.1,16.1,96.1,0.6,6.4,Jute
163.8,30.3,145.5,0.85,6,Jute
245.5,44.5,153,1.25,5.5,Jute
178.2,29.8,134.8,0.86,5.8,Jute
154.3,25.7,133.4,0.74,5.7,Jute
208.1,28.8,165,0.99,5.5,Jute
222.1,33.5,152.5,1.07,5.8,Jute
209.7,40.9,162.4,1.11,6,Jute
206,36.3,162,1,6.1,Jute
203.1,34.1,164.5,1.16,5.3,Jute
160.4,23.8,115.9,0.95,6.3,Jute
230.1,38.4,162,1.25,5.2,Jute
128.8,29.4,95.3,0.76,5.5,Jute
175.6,25.6,150,0.99,6.1,Jute
260,38.3,173.7,1.35,6.4,Jute
193.4,33.5,122.6,0.86,6,Jute
245.3,42.3,166,1.22,5.6,Jute
159.6,24.9,137.8,0.87,6.6,Jute
127,24.4,82.9,0.77,6.3,Jute
258.7,47.9,195.7,1.33,5.6,Jute
186.8,36.1,147.2,1,6,Jute
143.4,27.3,98.9,0.75,5.5,Jute
241,41.8,141.1,1.33,5.9,Jute
219.1,32.5,147.1,1.23,6.7,Jute
140.4,18.9,110.3,0.79,5.4,Jute
184.9,33.3,133.1,0.88,6.1,Jute
231.8,37.8,180.8,1.29,5.9,Jute
266.1,45.8,166.5,1.28,5.8,Jute
258.3,44.5,200,1.47,5.7,Jute
162.5,31,143.2,0.78,5.8,Jute
212.9,31.3,146.2,1.26,6.3,Jute
187.3,19.2,136.4,0.93,6.9,Jute
230.6,38.5,171.5,1.28,6.5,Jute
222.4,36.8,169.3,1.18,5.7,Jute
211.3,37.7,126.5,1.11,5.6,Jute
196.7,26.8,158.2,0.89,5.9,Jute
181.9,29.6,137.4,0.94,6.2,Jute
145.6,18.5,114,0.86,6.2,Jute
174.6,24.1,120.4,0.77,5.7,Jute
227.2,28.5,146,1.12,6.7,Jute
227.8,31.8,147.5,1.13,5.3,Jute
154.2,23.3,119.8,0.84,5.9,Jute
222.4,36.4,175.2,1.09,6.1,Jute
292,46,200,1.41,6.3,Jute
260.8,40.7,174.7,1.5,6.8,Jute
273.1,43.3,173.7,1.36,5.6,Jute
182.4,30.2,129.1,1.13,6.5,Jute
172.1,27.4,146.8,0.94,6.5,Jute
195.9,33.6,139.7,0.97,6.2,Jute
131.6,24.3,131.2,0.75,6.2,Jute
128.6,25.1,108.7,0.71,6,Jute
187.1,29.9,125.8,1.11,5.3,Jute
189.9,25.2,109.8,0.96,6.3,Jute
232.5,37.4,145.4,1.05,6.3,Jute
116.6,20.7,111.3,0.84,5.6,Jute
198.6,30,159.3,1.05,5.2,Jute
255.5,42.3,169.5,1.39,5.9,Jute
162.6,26.9,106.5,0.85,6.2,Jute
169.3,22.5,103.4,0.95,5.8,Jute
172.4,38.9,134.2,1.01,6.5,Jute
205.3,36.5,133,1.21,5.8,Jute
269.6,37.9,181.8,1.31,6.6,Jute
167.5,22.4,138.8,0.68,5.9,Jute
283.6,47.8,173.9,1.35,6.4,Jute
193.4,30.2,138.5,0.96,6,Jute
143.3,20.6,100.4,0.66,6.2,Jute
189.2,29.8,140.2,1.06,5.2,Jute
218.3,37.9,167,1.14,5.9,Jute
139.7,16.5,123.3,0.75,6.7,Jute
188,23.4,129.5,0.99,6.2,Jute
249.4,34.1,178.2,1.18,6.2,Jute
173.2,22.8,146.7,0.89,6,Jute
165.3,28.4,117.5,0.8,6,Jute
193.5,24.3,121,0.97,5.2,Jute
224.5,29.6,154.2,1.14,5.3,Jute
121.1,15,80.1,0.72,5.2,Jute
257.2,44,182.2,1.37,6,Jute
210.4,37.6,134.1,1.2,5.8,Jute
169.7,24.6,114.9,0.63,5.7,Jute
228,31.9,145.2,1.03,6.3,Jute
140.4,20.4,105.2,0.67,5.6,Jute
213.8,35.4,165.1,1.08,5.6,Jute
116.4,20.3,89.3,0.78,6.3,Jute
174.9,32.6,136.2,1.04,5.8,Jute
147.7,21.7,117.8,0.86,5.8,Jute
190.6,31.2,146.8,0.98,5.9,Jute
182.1,29.4,116.6,0.88,6.4,Jute
110.4,16.9,97.8,0.57,6.1,Jute
204,35.5,147.6,1.12,6.2,Jute
143.6,24.2,109.6,0.87,6.3,Jute
222.6,29.6,144.1,1.1,5.3,Jute
216.1,35.1,170.8,1.07,5.7,Jute
281.6,38.1,192.5,1.28,6.3,Jute
173.4,30.6,138.6,1.14,5.9,Jute
143,27.6,119.6,0.85,6.4,Jute
183.8,25.5,125.4,0.82,6.6,Jute
153.9,25.5,144.1,0.89,6,Jute
235.4,34.7,163.2,1.2,6.2,Jute
162.4,24.7,135,0.84,5.4,Jute
224.5,40.1,167.5,1.12,5.4,Jute
292.7,40.6,200,1.46,6.4,Jute
144.9,24.7,136.3,0.81,6.3,Jute
216.8,31.9,166.6,1.2,6.4,Jute
161.3,26,116.8,0.81,6.1,Jute
187.4,30,132,1.02,6.3,Jute
101.6,15,133.5,0.71,5.3,Jute
276.4,43.4,184.6,1.41,5.1,Jute
215.1,28.2,152.9,1.09,6.6,Jute
130.3,18.2,93.6,0.65,5.3,Jute
242.7,42.1,178.8,1.4,6,Jute
181,26.6,146.6,0.85,6.1,Jute
267.4,42.1,178,1.29,5.7,Jute
275.2,43.7,162.6,1.31,6.3,Jute
156.2,15.5,140.6,0.8,6.9,Jute
258.7,42.4,163.4,1.42,5.7,Jute
99.3,15,105.2,0.5,6.8,Jute
82.7,19.8,119.2,0.76,6.9,Jute
295.8,50,191.6,1.5,6.1,Jute
114.6,15,80,0.64,6,Jute
245.6,33.2,182.2,1.31,5.3,Jute
164.6,28.2,91.9,0.84,5.6,Jute
175.1,23.4,112.2,0.87,6,Jute
257.9,36.6,167,1.22,5.6,Jute
110.3,15,91.5,0.5,5.5,Jute
82.4,15,95.1,0.51,6.8,Jute
175.4,27,137.1,0.91,6.5,Jute
238.4,39.6,167.8,1.22,5.5,Jute
238.6,33.7,160.6,1.21,5.6,Jute
247.4,40.5,173.9,1.32,5.3,Jute
80,15,118.7,0.5,6.2,Jute
93.5,15,84.3,0.65,5.3,Jute
237.1,30.8,156.7,1.08,6.1,Jute
275.8,36.5,155.8,1.47,7,Jute
175.6,31.5,146.7,1.09,5.1,Jute
133.8,16.4,100.7,0.62,5,Jute
133.7,15,115.8,0.76,5.4,Jute
253.7,42.2,166.4,1.29,6,Jute
211.1,32.4,163,1.1,5.6,Jute
136.2,23,122.2,0.82,5.7,Jute
198.6,33.3,160.6,1.12,6,Jute
262.2,43.7,166.8,1.23,5.2,Jute
262.9,34.2,131.4,1.32,5.4,Jute
200.1,31.3,139.1,1.09,6.6,Jute
238,32.9,124.6,1.05,5.7,Jute
189.1,25.6,139.3,1.12,5.2,Jute
99.8,15,99.3,0.6,6.6,Jute
141.3,21.5,124.6,0.92,6.1,Jute
116.3,15,80,0.56,5,Jute
149.7,16,124.4,0.84,6.9,Jute
106.6,18.7,101.9,0.53,6.1,Jute
164.7,28.7,126.7,0.82,6.2,Jute
93.5,15.4,80,0.55,6.1,Jute
300,50,200,1.48,6.1,Jute
127.5,15.3,80.4,0.74,5.5,Jute
119,19.6,96,0.74,6.2,Jute
165.9,25.4,119,0.95,5.9,Jute
141.5,16.1,113,0.71,6.6,Jute
97.8,15,83.5,0.66,6.5,Jute
284.5,37.3,200,1.5,5.1,Jute
300,40.3,192.7,1.49,6.9,Jute
275.1,45.1,200,1.49,6.5,Jute
114.9,15.8,108.8,0.58,5,Jute
129.6,24.6,110,0.72,5.3,Jute
255.4,47.2,154,1.29,6,Jute
110.2,15,99.8,0.64,6.5,Jute
233.1,44.6,184.9,1.16,6,Jute
242.4,37.5,172.9,1.24,6.3,Jute
268.4,42.4,200,1.46,6.9,Jute
190.7,33.1,129.8,1.05,5.7,Jute
140.7,15,113.8,0.81,6.5,Jute
259.9,37.8,168.8,1.36,6.4,Jute
296.9,46.1,174.2,1.46,6.5,Jute
271.3,35.3,198.9,1.34,6.8,Jute
80,15,80,0.5,6.7,Jute
225.6,33.7,141.3,1.12,6.8,Jute
176.1,30,131.3,1,6.7,Jute
292.1,47.1,186.6,1.39,5.7,Jute
139.9,16.2,115.9,0.71,6.7,Jute
160.4,21.3,108.4,0.81,5.3,Jute
254.8,38.4,199.4,1.39,6.7,Jute
97.9,15,105.9,0.61,5.1,Jute
294.1,48.2,183.3,1.5,5.5,Jute
300,42.4,200,1.43,5.4,Jute
129.4,21.8,111.1,0.95,6.9,Jute
153.7,20.7,109.4,0.83,6.2,Jute
95.1,15,80,0.5,6.7,Jute
90.8,15,100.7,0.5,6.5,Jute
103.8,15,92.6,0.6,5.3,Jute
85.3,17.3,96.2,0.59,5.9,Jute
142.3,21.1,86.2,0.77,5.7,Jute
148.1,28.2,109.4,0.77,6.7,Jute
138.9,23.3,110.5,0.85,6.3,Jute
182.3,24.3,127.9,0.85,5.3,Jute
256.7,32.1,176.7,1.23,5,Jute
87.6,15,101.3,0.5,6.9,Jute
253.5,42.7,165.6,1.28,6.1,Jute
90.4,16,80.6,0.63,5.8,Jute
215.7,28.2,138.5,1.1,5.2,Jute
166.6,27.5,122.7,0.81,5.4,Jute
131.2,22.2,92.2,0.75,6.6,Jute
246.8,44.2,189.8,1.41,6,Jute
251.9,29.7,178.3,1.21,5.3,Jute
91.6,15,80,0.5,5.8,Jute
168.2,20,126.4,0.77,5.4,Jute
244.3,39.2,184.1,1.31,6.9,Jute
164.8,23.4,123.4,0.89,6.6,Jute
104.5,15,103.9,0.53,5.1,Jute
230.2,33.1,149.8,1.11,5.5,Jute
226.7,33,157.7,1.09,5.6,Jute
257.3,36.6,173,1.29,6.8,Jute
254.1,34.6,162,1.14,5.5,Jute
290.2,50,191.4,1.37,6.4,Jute
271.9,40.3,200,1.35,5.2,Jute
152.8,24.2,115.3,0.87,6.9,Jute
241,37.3,176.5,1.17,6.3,Jute
153.8,16.8,101.7,0.76,6.9,Jute
282,40.3,200,1.28,5.2,Jute
150.4,20.7,125.3,0.82,6.9,Jute
220.1,35,167.4,1.19,6.7,Jute
165.7,26.2,100,0.92,6.2,Jute
265.8,32.4,166.9,1.29,6.9,Jute
272,43.7,180.5,1.33,6.1,Jute
205.4,28.7,149.4,1.06,5.1,Jute
121.3,17.5,111.6,0.74,5.8,Jute
95.8,15,98.6,0.56,6.1,Jute
106.3,15.7,99.8,0.66,6.5,Jute
94.5,15.2,92.2,0.61,5.5,Jute
300,47.1,200,1.46,6.7,Jute
276.5,40.8,174.9,1.34,5.1,Jute
89.5,15,90.7,0.54,5,Jute
158.7,26.8,115.3,0.71,5.8,Jute
179.6,30.5,122,0.8,5.5,Jute
80,15.2,90.1,0.5,6,Jute
269.1,35.9,174.3,1.37,6.9,Jute
300,50,192.9,1.44,5.8,Jute
97.5,17.8,80,0.58,6.1,Jute
156.3,30.5,124.8,0.93,6,Jute
126.2,15.8,97.2,0.57,5.3,Jute
257.1,41.7,185,1.39,6.8,Jute
235.4,34.4,169,1.18,6.9,Jute
181.7,29.8,114,0.93,6,Jute
186.2,25.3,142.3,0.88,5.7,Jute
220.4,34.4,173.1,1.32,5.4,Jute
219,27.1,134.1,1.12,5.2,Jute
114.6,15.7,88.5,0.57,5.2,Jute
209.9,30,129.3,1.04,6.9,Jute
217.5,36.6,178.1,1.2,6.9,Jute
94.2,15,100.7,0.5,6.7,Jute
80,15,80,0.5,6.4,Jute
112.5,15,97.2,0.59,7,Jute
121.4,15,80,0.62,5.9,Jute
220.8,42.9,168.9,1.3,6.4,Jute
188.2,27.9,135.6,1.03,5.2,Jute
117.6,18.5,91.5,0.54,5.1,Jute
223.3,26.6,157.8,1.12,7,Jute
275.1,45.4,189.1,1.32,5.9,Jute
208.7,39.5,141,0.81,6.9,Soyabean
179.5,36.9,136.9,0.82,6.7,Soyabean
213.7,37.9,142.7,0.85,6.6,Soyabean
217.3,51.7,143.7,0.97,6.7,Soyabean
234.7,40.4,187.1,0.98,6.8,Soyabean
161,35,134.4,0.87,6.7,Soyabean
171.2,27.8,103.7,0.69,7.1,Soyabean
95.9,27.1,119.6,0.6,7,Soyabean
239.8,48.3,170.4,0.93,6.8,Soyabean
181.7,36.2,130.1,0.89,6.7,Soyabean
149.6,36.6,135.1,0.85,6.7,Soyabean
180.7,30.2,139.7,0.82,7,Soyabean
201.9,41,165.1,0.99,6.9,Soyabean
170.3,31.2,111.1,0.86,6.4,Soyabean
151.6,32.9,107,0.71,6.5,Soyabean
183.9,34.3,156.7,0.8,7.2,Soyabean
174.8,39,144.4,0.9,7,Soyabean
229.8,42.5,187.7,0.91,6.4,Soyabean
189,37.8,117.9,0.74,6.7,Soyabean
247.8,50.6,203,1.02,6.7,Soyabean
209.7,44.6,156.1,0.87,6.8,Soyabean
183.1,40.2,127.3,0.8,6.8,Soyabean
163.4,31,162.6,0.86,6.5,Soyabean
186,41.5,131.1,0.8,6.8,Soyabean
205.4,39.4,143.7,0.86,7,Soyabean
154.9,30.6,126.2,0.8,6.5,Soyabean
178.1,36.7,177,0.86,6.8,Soyabean
191.3,37.7,157.4,0.82,7.1,Soyabean
160.8,35.2,149.2,0.74,6.9,Soyabean
207.5,44.5,156.6,0.96,6.9,Soyabean
213.1,46.2,170.3,0.99,6.6,Soyabean
131.2,33.9,145.8,0.81,6.4,Soyabean
209.6,44.3,181.8,0.98,6.5,Soyabean
135.1,26.5,137.4,0.7,6.8,Soyabean
144.4,31.4,123.2,0.85,7,Soyabean
212.1,37.5,194.8,0.89,7,Soyabean
173.9,36.8,140.9,0.82,6.9,Soyabean
234.4,36.3,146.8,0.95,6.4,Soyabean
170.1,43.8,143.3,0.84,6.9,Soyabean
224.1,38.1,156.9,0.96,6.6,Soyabean
250.1,51.8,198.5,1.09,6.5,Soyabean
236.1,45.3,174.9,1.1,7.1,Soyabean
179.6,33.2,140.7,0.78,7.1,Soyabean
235.4,48.4,155.9,1,7.1,Soyabean
204.7,36.5,143.4,0.74,6.9,Soyabean
205.6,40.9,156.1,0.89,6.8,Soyabean
209.3,40.5,132.4,0.88,6.8,Soyabean
209.5,48.8,170.9,0.8,6.7,Soyabean
157.5,37,137.3,0.78,6.7,Soyabean
260.1,48.6,183.6,1.06,6.6,Soyabean
240.7,48.5,175.8,0.99,6.6,Soyabean
211.4,33.7,138.5,0.87,6.9,Soyabean
242.8,46.3,213,1.09,6.5,Soyabean
242.8,43.2,136.7,0.95,6.5,Soyabean
238.3,48.8,173.7,0.98,6.8,Soyabean
160.2,33.8,123.8,0.79,6.9,Soyabean
219.4,45.9,153.2,0.87,7,Soyabean
179.5,41.2,160.8,0.83,6.8,Soyabean
162.5,27,94.3,0.71,7.1,Soyabean
169.2,36.2,133.9,0.86,6.6,Soyabean
236.1,34.1,152.3,0.92,6.9,Soyabean
216.7,44.5,146.8,0.86,6.9,Soyabean
266.9,49.1,186.6,1.07,6.8,Soyabean
186.8,39.4,121.5,0.77,6.7,Soyabean
172.9,31.8,139.9,0.68,7.2,Soyabean
185.4,37.4,157.6,0.78,7.1,Soyabean
170.5,28.9,149,0.7,6.7,Soyabean
151,35,156.4,0.71,6.5,Soyabean
252.1,50.4,213.8,1.06,7.1,Soyabean
224,39.4,165.4,0.83,6.6,Soyabean
220.5,37.9,146.3,0.84,6.5,Soyabean
163,37.1,140.8,0.77,7,Soyabean
232.1,45.3,159.2,0.94,6.7,Soyabean
240.5,52.4,190.5,1.05,6.7,Soyabean
135.7,33.8,135.7,0.83,6.6,Soyabean
237.3,41.4,159.6,0.99,7,Soyabean
169.1,31.3,104,0.79,6.3,Soyabean
99.9,29.3,144.2,0.67,6.6,Soyabean
235.5,50,179.7,0.95,6.7,Soyabean
204.8,45.9,147.8,0.82,6.7,Soyabean
176.7,27.5,120.3,0.63,6.4,Soyabean
239.6,48,178,0.94,6.7,Soyabean
154.2,32.8,183.6,0.77,7.1,Soyabean
206.7,43.2,140.5,0.81,6.6,Soyabean
229.1,39.2,190.2,0.86,6.7,Soyabean
225.1,48.9,155.7,1.08,6.7,Soyabean
214.2,38.1,182.6,0.9,6.8,Soyabean
140.1,27.3,108.4,0.74,6.6,Soyabean
229.8,41,167.8,0.99,6.8,Soyabean
179.7,35.2,92.7,0.78,6.8,Soyabean
175,29.5,128.8,0.73,6.3,Soyabean
164.3,33,108.2,0.79,6.7,Soyabean
210.4,34,164.7,0.73,6.8,Soyabean
160.6,31.4,126.4,0.72,6.3,Soyabean
158,31.2,152.2,0.76,7.1,Soyabean
166.1,32.9,141.1,0.79,6.8,Soyabean
229,40.5,206.2,0.86,6.6,Soyabean
215.9,40.8,134.3,0.92,6.5,Soyabean
172.6,31.2,140.9,0.73,6.3,Soyabean
170.8,37.5,138.1,0.69,6.8,Soyabean
185.6,30.6,135.4,0.77,7.2,Soyabean
194.4,44.7,159.2,0.79,6.5,Soyabean
300,60,207.2,1.2,6.7,Soyabean
213.8,42.2,166.9,1.04,7.1,Soyabean
175.2,40,143.2,0.88,6.9,Soyabean
171.4,28.1,128.4,0.73,6.6,Soyabean
230.4,46.7,181.1,0.96,6.8,Soyabean
97.5,20,88.7,0.67,7.1,Soyabean
227,40.8,177.6,1.04,7.1,Soyabean
180,35.5,126.7,0.81,6.7,Soyabean
202.2,49.2,151.4,0.95,7,Soyabean
128.9,23.1,124.7,0.64,6.9,Soyabean
187.6,36.1,147.7,0.88,7.2,Soyabean
178.5,26,142.3,0.8,6.6,Soyabean
203.2,45.8,171.5,0.9,6.7,Soyabean
200.6,35.6,185.1,0.74,7.3,Soyabean
130.8,26.8,80,0.62,6.8,Soyabean
185.3,33.7,181.2,0.88,7,Soyabean
207.5,43.5,182.6,0.99,7,Soyabean
228,55.6,178.9,1.04,7,Soyabean
232.9,40.9,182.8,1.13,6.2,Soyabean
260.1,46.9,197.4,1.01,6.3,Soyabean
204.8,34.4,180.9,0.84,6.4,Soyabean
178.9,34,130.6,0.8,7.1,Soyabean
259.9,43.4,192.2,0.98,6.4,Soyabean
115.9,21.6,104.5,0.5,6.9,Soyabean
227.2,39.8,202.9,0.96,7.1,Soyabean
129,30.3,124.1,0.72,6.9,Soyabean
209.9,47.4,168.6,0.83,6.7,Soyabean
214.8,48.1,188.8,1.04,6.3,Soyabean
289.6,46.1,209.8,1.17,6.8,Soyabean
141.5,27,123.5,0.72,6.9,Soyabean
192.1,39,152.1,0.8,7.3,Soyabean
175.9,30.7,139.2,0.85,6.7,Soyabean
181.8,35.6,165,0.85,6.4,Soyabean
256.2,48,188.8,1.03,6.4,Soyabean
197,46.3,154.8,0.92,6.6,Soyabean
123.8,27.5,133.9,0.66,6.6,Soyabean
155.6,28.3,136.6,0.72,7.1,Soyabean
203.8,40.6,159.6,0.81,7.1,Soyabean
184.6,46.2,139.1,0.77,6.8,Soyabean
135,23.5,104.8,0.62,6.4,Soyabean
129.7,28.3,136.5,0.67,6.9,Soyabean
150.9,33.5,102.4,0.84,6.8,Soyabean
104.4,20,141.8,0.69,7.4,Soyabean
187.8,34.7,146.2,0.77,6.5,Soyabean
129.9,20.6,98.2,0.57,6.3,Soyabean
105.1,25,113.8,0.61,6.7,Soyabean
114.5,20,142.1,0.61,6.3,Soyabean
214.6,50.6,188.7,1.06,6.3,Soyabean
152.9,26.4,130.3,0.83,6.5,Soyabean
234.8,53.8,201.4,1.06,6.5,Soyabean
134.9,26.2,137.3,0.7,6.5,Soyabean
260.5,50.6,202.4,1.03,6.6,Soyabean
106.8,31.5,120.8,0.51,6.7,Soyabean
184.4,37,145,0.94,7.3,Soyabean
273,53.2,204.6,1.16,7.1,Soyabean
233.5,38,176.7,0.94,6.2,Soyabean
187.1,39.6,148.5,0.91,6.9,Soyabean
220.7,39.9,160,0.94,6.5,Soyabean
204.3,36.8,202.2,0.93,7.3,Soyabean
208.8,42.5,157.7,0.82,6.6,Soyabean
238.6,36.7,138.7,1.03,7,Soyabean
220.4,42.9,146.3,1.04,7,Soyabean
279.1,51.4,220,1.15,6.3,Soyabean
85.9,20,95,0.55,6.9,Soyabean
105.5,20,105.9,0.57,7.2,Soyabean
137.7,26.9,118.1,0.65,6.8,Soyabean
195.6,44.6,156.7,0.91,6.4,Soyabean
144.6,32.5,104.8,0.72,6.7,Soyabean
255,43.4,165,1.03,6.6,Soyabean
208.9,39.9,153.7,0.95,7,Soyabean
272.3,51.4,220,1.15,7.2,Soyabean
128.4,26,143.8,0.7,6.6,Soyabean
247.1,49.8,215.5,1,6.8,Soyabean
147.4,24.4,136.4,0.72,6.5,Soyabean
213,33.2,134.7,0.88,6.7,Soyabean
242.3,51.8,190.1,0.97,6.9,Soyabean
209.8,40.7,166.1,1.02,6.8,Soyabean
212,45.6,203.4,0.97,7.2,Soyabean
176.2,36.6,120.5,0.76,7,Soyabean
221.7,48.8,184.9,0.86,6.7,Soyabean
197.1,41.6,139.1,0.93,6.9,Soyabean
128,20,102.2,0.61,6.9,Soyabean
228.4,42.6,151.9,0.9,7,Soyabean
173.8,29.5,149.7,0.85,6.9,Soyabean
205.4,43.3,147,0.77,6.7,Soyabean
197.2,35.6,145.5,0.8,6.5,Soyabean
146.8,26.9,125.7,0.79,6.1,Soyabean
195.9,31.7,146.3,0.8,7.2,Soyabean
234,43.2,178.8,1.06,6.3,Soyabean
157.6,29.2,105.1,0.73,6.7,Soyabean
165.4,26.9,111.9,0.68,6.9,Soyabean
157.1,34.8,145.2,0.71,6.6,Soyabean
217,38.3,174.6,0.93,6.2,Soyabean
237.3,45.1,189,0.93,6.9,Soyabean
163.2,34.3,109.1,0.8,6.7,Soyabean
103.3,23.7,107.5,0.63,7,Soyabean
143.8,22.8,108.8,0.71,7.4,Soyabean
91.3,20,80,0.59,6.3,Soyabean
164.7,36,159.1,0.78,6.7,Soyabean
122.7,20,122.8,0.62,6.4,Soyabean
250.7,53.6,206.4,1.07,7,Soyabean
233.6,39.9,170.4,0.93,7.4,Soyabean
103.5,22.9,91.1,0.58,6.3,Soyabean
207.1,33,153.6,0.92,6.2,Soyabean
234,52.8,140.2,0.93,6.7,Soyabean
162.6,34,139.6,0.74,6.7,Soyabean
216.5,44.8,151.2,0.94,6.9,Soyabean
226.9,39.2,182.8,1,6.1,Soyabean
182.4,40.3,180.4,0.92,7.2,Soyabean
256.1,39.8,169.6,0.87,6.3,Soyabean
142.3,29,135.5,0.73,6.9,Soyabean
124.2,33,134.2,0.69,6.7,Soyabean
145.6,28.5,147.2,0.69,6.5,Soyabean
199.7,40.8,152.8,1.01,6.8,Soyabean
150.2,27.3,143.8,0.76,6.7,Soyabean
148.9,32.2,113.6,0.72,6.4,Soyabean
149.8,20,116.6,0.68,6.2,Soyabean
213.9,41.6,155,0.88,7,Soyabean
138.1,29.1,95,0.74,7.1,Soyabean
170.7,39.1,134.2,0.76,6.8,Soyabean
128.7,26,133.7,0.68,6.8,Soyabean
246.5,41.4,165.4,1,6.9,Soyabean
260.5,51.4,192.5,0.98,6.8,Soyabean
133.1,30.4,111.9,0.62,6.7,Soyabean
254.5,49.2,193.3,1.05,6.9,Soyabean
171.1,33.6,165.9,0.81,6.4,Soyabean
242.4,44.6,176.3,1.01,6.2,Soyabean
154.7,33.1,108.3,0.72,6.7,Soyabean
180.5,34.9,174.6,0.88,6.8,Soyabean
129.7,31.4,127.7,0.68,6.5,Soyabean
245.1,44.2,190.4,1.03,6.7,Soyabean
234.5,42.4,181.5,0.95,6.9,Soyabean
259.2,42.5,173.6,0.93,6.6,Soyabean
229.4,37.7,197.7,0.98,7.4,Soyabean
110.5,23.2,90.8,0.68,7.2,Soyabean
211.8,40.6,130.1,0.97,6.7,Soyabean
265.1,49.5,184.9,1.09,6.7,Soyabean
111.3,25.5,138.8,0.59,7,Soyabean
127.1,33.8,110,0.69,6.5,Soyabean
178.6,29.4,127.1,0.71,7,Soyabean
134.1,26.7,115.6,0.72,6.7,Soyabean
258.7,47.3,174.3,1.03,6.8,Soyabean
180.3,36.1,145.9,0.82,7,Soyabean
116.1,25.2,104.8,0.6,6.5,Soyabean
248.4,59,220,1.05,6.6,Soyabean
133.7,28.7,124.4,0.7,6.8,Soyabean
210.3,43.6,183,0.9,7.1,Soyabean
189.8,41.5,143.6,0.83,6.5,Soyabean
139.3,32.9,110.7,0.71,7,Soyabean
183,36.2,151,0.78,6.7,Soyabean
206.7,43.9,161,0.82,6.9,Soyabean
159,31.9,143.9,0.72,6.7,Soyabean
231.2,46.8,178,0.99,7,Soyabean
225,47.5,157.4,1,6.9,Soyabean
175.8,33,121.8,0.82,6.5,Soyabean
216.5,44.3,155.5,0.84,6.8,Soyabean
247.6,47.5,192.1,1.16,6.2,Soyabean
149.8,28,100.7,0.82,6.8,Soyabean
197.5,35.5,162.1,0.83,6.3,Soyabean
148.2,35.6,112.4,0.75,6.7,Soyabean
237.6,39.4,171,0.93,6.3,Soyabean
293.2,50.9,206.8,1.11,7.3,Soyabean
216.4,41,203.3,0.99,7.2,Soyabean
249.7,60,220,1.08,6.8,Soyabean
218.9,32.8,206.2,0.94,6.7,Soyabean
145.8,25,156.3,0.65,6.4,Soyabean
186.4,33.7,122,0.85,6.4,Soyabean
218.5,38.2,167.2,0.78,6.9,Soyabean
186.7,27,128.9,0.93,7.3,Soyabean
184.1,38.9,143.9,0.98,6.8,Soyabean
262.4,46.6,193.7,1.15,6.5,Soyabean
145.3,27.1,133.2,0.69,6.6,Soyabean
145.1,31.9,81,0.69,6.6,Soyabean
149.4,27.9,109.8,0.79,6.8,Soyabean
203.7,31.1,157.7,0.8,6.8,Soyabean
136.7,26.9,136.7,0.7,6.8,Soyabean
187,40.1,138.6,0.9,7.2,Soyabean
261.6,43,167,1,6.4,Soyabean
124.2,24.8,120.2,0.69,7.2,Soyabean
234.8,40.2,188.9,0.94,6.2,Soyabean
186.4,38.1,164.4,0.89,6.5,Soyabean
162.5,33.9,134.7,0.81,6.4,Soyabean
225.4,40.8,167.1,0.98,6.4,Soyabean
155.6,29.6,124.8,0.84,6.6,Soyabean
157.3,28.6,148.8,0.77,6.3,Soyabean
189.1,34.5,108.2,0.8,6.6,Soyabean
249.1,47.1,180.7,1.15,6.6,Soyabean
279.6,45.7,220,1.06,6.5,Soyabean
223.9,40.1,170.3,0.91,6.8,Soyabean
280.6,52.8,216.2,1.16,7,Soyabean
122.8,22.9,156.6,0.75,6.3,Soyabean
177.6,37.4,183.8,0.71,6.8,Soyabean
227.6,44.4,180.3,1.01,7.1,Soyabean
207,37.6,149.1,0.86,6.9,Soyabean
171.7,42.6,151.2,0.87,6.6,Soyabean
152,31.4,105.5,0.7,7,Soyabean
262.3,48,193.9,1.18,6.8,Soyabean
192.7,41.8,149.1,0.83,6.9,Soyabean
195.6,36.9,155.6,0.9,7,Soyabean
258.8,39.6,178.1,0.94,6.2,Soyabean
250.9,51.7,203.5,1.11,7,Soyabean
120.6,20,106.5,0.64,6.3,Soyabean
266.8,55.4,199,1.08,6.4,Soyabean
153,37.2,121,0.72,6.7,Soyabean
220.5,43,157,0.87,6.7,Soyabean
192,48.9,150.8,0.82,6.9,Soyabean
221.6,43.8,169.7,0.97,6.7,Soyabean
223.9,44.4,140.1,1.03,6.8,Soyabean
84.4,20,80,0.61,6.4,Soyabean
127.5,27.2,130.2,0.73,7,Soyabean
299.8,55.4,194.9,1.15,6.3,Soyabean
219.6,47.9,160.8,0.91,6.6,Soyabean
177.8,38.6,127.6,0.84,6.7,Soyabean
177.9,40,162.9,0.84,6.8,Soyabean
262.4,47.5,181.7,1.14,7.2,Soyabean
249.1,49.4,197.9,1.11,6.1,Soyabean
164.3,32.2,164.7,0.86,6.4,Soyabean
188.8,39.9,155.8,0.83,6.7,Soyabean
126.1,28.9,105,0.65,6.7,Soyabean
174.6,36.8,163,0.92,6.6,Soyabean
207.3,33.5,184.9,0.94,7.1,Soyabean
209.3,43.5,154.3,0.82,6.9,Soyabean
225.5,36.2,180.9,0.95,7.3,Soyabean
168.5,38,144.4,0.77,6.7,Soyabean
256.8,47.6,188,0.9,6.6,Soyabean
189.2,36.2,150.2,0.79,7.3,Soyabean
228.6,42.6,163.3,1.03,6.7,Soyabean
267,51.3,207.1,1.1,7.3,Soyabean
156.7,33.1,125.7,0.8,6.8,Soyabean
184.3,29.6,142.8,0.89,6.6,Soyabean
228.2,44.3,131,0.93,6.4,Soyabean
139.9,32.6,117.9,0.71,6.9,Soyabean
152.8,32.1,116,0.64,6.7,Soyabean
209,44.1,185.2,0.9,6.9,Soyabean
157.1,33.5,113.8,0.69,6.3,Soyabean
181.8,41.2,150.3,0.83,6.8,Soyabean
206,38.5,165.4,0.94,6.5,Soyabean
283.9,57.8,211.6,1.12,6.6,Soyabean
265.4,51.1,197.7,1.12,6.3,Soyabean
158.1,23.4,135.5,0.75,7.1,Soyabean
212.3,37.5,173,0.93,6.7,Soyabean
166.8,28.8,149.6,0.8,7.2,Soyabean
196.4,41.6,178.2,0.91,6.4,Soyabean
171,27,120.2,0.72,6.5,Soyabean
224.9,41.6,183,1.02,7.1,Soyabean
147.4,37.4,116.5,0.82,6.9,Soyabean
274.7,47.4,214.3,1.17,6.2,Soyabean
210.6,35.1,167,0.89,6.9,Soyabean
249.1,50.8,204.2,1.18,6.7,Soyabean
270.7,47.6,173.7,1.1,6.8,Soyabean
98.5,22,80,0.5,6.6,Soyabean
280.8,50.3,174.6,1.1,6.8,Soyabean
152.9,32.9,89.5,0.76,6.8,Soyabean
250.7,49.2,183.1,1.05,6.5,Soyabean
280.1,56.5,220,1.14,6.8,Soyabean
194.5,33.1,119.2,0.88,7.3,Soyabean
221.7,51.3,174.8,0.9,7.3,Soyabean
222.2,36.8,122.2,0.9,6.6,Soyabean
205.5,44.7,126.2,0.8,6.7,Soyabean
151.9,27.3,147.5,0.72,7.4,Soyabean
257.9,42.8,164.5,1.03,6.3,Soyabean
218,33.6,157.9,0.96,7.2,Soyabean
246.2,49.9,175.9,1.05,7,Soyabean
218.1,40.1,208.5,0.9,6.1,Soyabean
256.2,48.3,184.7,1.16,6.7,Soyabean
123.5,26.9,152.2,0.73,6.1,Soyabean
125.7,30.5,112.6,0.58,6.5,Soyabean
94,26.1,103.5,0.61,6.3,Soyabean
91.2,20,82.4,0.54,7.4,Soyabean
108.6,20,122.4,0.56,6.1,Soyabean
201.5,46.9,168,0.87,7.1,Soyabean
103.4,20,91.2,0.55,6.9,Soyabean
177.2,27,151,0.76,7.4,Soyabean
187.3,33.7,155.2,0.94,6.3,Soyabean
300,54.2,212.3,1.2,6.3,Soyabean
129.1,20.7,82.7,0.58,7.1,Soyabean
109.2,28.5,111.7,0.6,6.7,Soyabean
177.1,37.8,128.6,0.85,6.7,Soyabean
80,20,94.9,0.5,6.4,Soyabean
252,48.2,197.3,1.01,6.9,Soyabean
151.5,29.9,157.2,0.84,6.2,Soyabean
204.3,39.1,156.9,0.9,7.4,Soyabean
237,42.7,220,1.05,6.3,Soyabean
289.7,45,199.8,1.06,7.5,Soyabean
264.1,44.2,202.8,0.96,6.4,Soyabean
83.5,29.5,100.8,0.55,7.2,Soyabean
275.3,48.2,211,1.07,6.6,Soyabean
112.9,20,95.5,0.5,6.1,Soyabean
275.9,49.7,209.5,1.13,6.3,Soyabean
128.6,20.4,85.3,0.53,6.3,Soyabean
217.1,38.4,159.2,0.91,6.5,Soyabean
119.2,22.7,121.9,0.65,6.1,Soyabean
221.4,42.8,129.9,0.86,6,Soyabean
190.4,33.7,151.9,0.93,6.3,Soyabean
128.6,27.9,143.1,0.83,6.4,Soyabean
128.3,20,102.8,0.57,7.1,Soyabean
202.4,35.7,166.1,0.97,6.2,Soyabean
80,20,104.3,0.5,6.4,Soyabean
130.4,22.3,124.7,0.65,7.1,Soyabean
300,59.4,220,1.19,7.1,Soyabean
145.9,29.6,100.9,0.71,6.8,Soyabean
287.6,56.1,214,0.99,6.9,Soyabean
203.5,42.5,191.2,0.91,7.1,Soyabean
108.4,20,110.9,0.54,6.3,Soyabean
251.6,44.6,203.3,1.12,7.4,Soyabean
254.2,50.8,189.4,1.16,6.5,Soyabean
254.9,46.8,205.1,1.01,7.4,Soyabean
293.2,50.7,220,1.01,6.2,Soyabean
221.3,44.9,167,0.97,7.3,Soyabean
239.2,46.1,181.1,0.98,7.1,Soyabean
95.5,20,80,0.5,7.4,Soyabean
166.1,30.8,153,0.74,6.3,Soyabean
110.5,20.7,96.1,0.7,6.8,Soyabean
81.5,20,80,0.5,7.4,Soyabean
153,34,142.3,0.8,6.5,Soyabean
117.2,27.1,119.5,0.61,6.6,Soyabean
103.4,20.1,88.9,0.6,6.4,Soyabean
227.2,38.2,173.2,1.04,7.2,Soyabean
275,53.5,203.6,1.14,7.4,Soyabean
265.4,51.8,197.8,1.04,6.1,Soyabean
276.7,43.7,197.8,1.08,7.4,Soyabean
215.7,43.7,205.6,1.01,6.2,Soyabean
129.2,24.7,92.2,0.56,7,Soyabean
150.4,24.7,106.8,0.5,7.4,Soyabean
84.1,20,80,0.61,6.9,Soyabean
225,41.6,184.5,0.98,6.3,Soyabean
157,28.9,131.5,0.68,7.3,Soyabean
111.4,23.4,88.9,0.65,6.7,Soyabean
186.3,37.3,148.3,0.87,7.5,Soyabean
249.5,38,170.4,0.92,7,Soyabean
167,32.1,141.3,0.78,6.9,Soyabean
214.1,40,169.9,1,6.4,Soyabean
293.6,56.2,220,1.12,6.5,Soyabean
161.4,32.8,131.6,0.74,6.5,Soyabean
100.8,20,80,0.56,7.1,Soyabean
286.8,50.2,207.7,1.16,6.1,Soyabean
234.3,46.8,179.4,1.08,7.5,Soyabean
274.8,60,183.3,1.2,6.9,Soyabean
115.1,20,81.8,0.5,6.3,Soyabean
170,32.2,123.2,0.82,6.1,Soyabean
294.6,51.9,220,1.18,6,Soyabean
300,59.4,210.6,1.2,7.1,Soyabean
132.1,28,147.5,0.73,6.3,Soyabean
289.5,60,184.5,1.17,6.3,Soyabean
168.9,43.7,168.3,0.84,7,Soyabean
111.7,20,100,0.64,6.2,Soyabean
162,25.6,134.9,0.72,7.3,Soyabean
186.5,34.2,162.9,0.94,7.4,Soyabean
231.6,54.7,175.1,1,6.8,Soyabean
226.7,41,186.4,0.96,6.1,Soyabean
162.9,32.5,165.5,0.78,7.1,Soyabean
187.6,33.5,126.8,0.76,7.3,Soyabean
275.1,48.4,177.9,0.97,6.9,Soyabean
89.6,20.3,95.9,0.51,6.2,Soyabean
102.3,20,102,0.67,6.1,Soyabean
299.5,52.9,212.6,1.17,6.3,Soyabean
110.8,27.8,120,0.62,6.3,Soyabean
175.7,36.8,129.6,0.72,7,Soyabean
159.2,29.4,158.5,0.83,6.2,Soyabean
277,52,220,1.15,7.1,Soyabean
130.5,22.1,99,0.59,6.7,Soyabean
285.9,47.6,190.1,1.14,7.4,Soyabean
280.1,55.5,169.8,1.14,7,Soyabean
106,21.6,80,0.57,6.6,Soyabean
300,57.8,220,1.2,7.3,Soyabean
128.9,27,124.6,0.69,6.3,Soyabean
80,24.3,97.9,0.64,7,Soyabean
162.8,25.1,127.2,0.69,6.6,Soyabean
123.3,22.6,120.3,0.69,6.8,Soyabean
177.9,32,127.4,0.83,7.4,Soyabean
118.4,20,112.7,0.66,6.1,Soyabean
248.9,45.5,213.5,1.1,6,Soyabean
239.4,48.6,180.9,1,6.5,Soyabean
161.1,25,125.3,0.64,7.4,Soyabean
123.7,21.3,113.6,0.61,6.6,Soyabean
143.2,23.6,104.9,0.68,6.4,Soyabean
266.2,52.1,191.8,1.07,7.4,Soyabean
116.6,27.2,106.5,0.68,7.4,Soyabean
240.8,47.2,181.8,1.08,7.1,Soyabean
196.8,40.8,147.9,0.95,6.3,Soyabean
102.6,20.8,85.2,0.56,6.2,Soyabean
276.1,49.9,214.3,1.07,6,Soyabean
139.7,40.8,135.2,0.83,6.9,Soyabean
221.8,43.4,166.2,0.94,7.5,Soyabean
180.5,36.3,164.7,0.8,7.2,Soyabean
156.7,30.1,173.9,0.83,7.4,Soyabean
284.1,52.4,208.4,1.13,6.2,Soyabean
281.6,51.2,206.4,1.05,7.1,Soyabean
121.4,20.3,106.7,0.54,7.5,Soyabean
201.2,36.1,170.4,0.85,7.5,Soyabean
94.6,20,86.9,0.52,6.6,Soyabean
183.6,35.4,151.3,0.89,7.5,Soyabean
133,27.2,97.1,0.65,7.4,Soyabean
152.6,30.8,110.4,0.75,7.1,Soyabean
275.3,52.9,193.4,1.18,6.3,Soyabean
106.6,25.1,113.8,0.58,6.6,Soyabean
129.2,20,94.8,0.61,7.4,Soyabean
287.3,56,220,1.2,6.6,Soyabean
319.8,55.5,199.4,1.04,7.1,Mustard
253,44.6,173.9,0.73,6.9,Mustard
245.8,47.2,204,0.83,7.1,Mustard
235.8,36.5,165.6,0.88,6.7,Mustard
163.7,34.8,141.4,0.62,7.3,Mustard
242.1,41.8,162,0.82,6.7,Mustard
232.3,38.3,139.3,0.58,7.2,Mustard
264.8,53.6,198.3,0.93,6.7,Mustard
198.2,39.6,180.9,0.65,7,Mustard
204.3,45.3,182.8,0.74,7,Mustard
166.3,29.6,152,0.58,6.8,Mustard
196.4,33.6,179.1,0.54,6.6,Mustard
225.8,50.6,173.3,0.91,6.7,Mustard
163.1,32.1,115.4,0.6,6.7,Mustard
147.3,31,111,0.52,7,Mustard
281.1,53.7,212.6,0.94,7.3,Mustard
254,47.3,190.7,1,6.9,Mustard
240.3,36,176.7,0.69,7.5,Mustard
262,44.6,182.7,0.81,7,Mustard
327.9,54.4,209,0.94,7.2,Mustard
190.2,35.1,168.8,0.72,7.3,Mustard
284.6,45.4,182.8,0.92,7.7,Mustard
246.5,45.3,187.6,0.78,6.9,Mustard
287.7,49.2,194.5,0.84,6.9,Mustard
221,36.8,184,0.69,7.5,Mustard
265.2,50.5,185.5,0.81,7.2,Mustard
241.6,46.7,156.5,0.74,7,Mustard
230.4,42.2,171.7,0.77,6.3,Mustard
290.4,54.5,237.6,1.03,6.9,Mustard
230.4,41.9,170.8,0.81,6.9,Mustard
295,51.1,214.1,0.92,7.5,Mustard
229.8,40.1,160.1,0.83,7.2,Mustard
225.2,45.9,168.3,0.66,7.1,Mustard
317.1,51.6,240.9,1.1,6.9,Mustard
224.6,42,177.2,0.65,7.1,Mustard
273.7,54.1,194.6,0.88,6.7,Mustard
207.5,36.4,167.5,0.61,7.5,Mustard
237.7,38.6,191.9,0.77,7.2,Mustard
212.4,37,175,0.67,6.6,Mustard
289.6,49,214.8,1,6.5,Mustard
175,30.4,146.5,0.56,7,Mustard
304.6,44.4,173.5,0.79,7.1,Mustard
181.8,44.1,142,0.56,7,Mustard
255.7,39.6,183.1,0.84,7,Mustard
242.8,44.3,134.7,0.75,6.7,Mustard
176.4,39.7,149.1,0.56,6.9,Mustard
201.2,40,171.5,0.73,7.1,Mustard
276.1,43.8,164.3,0.89,7.4,Mustard
234.5,40,174.2,0.84,6.8,Mustard
213.9,44.2,152.8,0.79,7.1,Mustard
247.2,44.5,199.3,0.9,6.8,Mustard
257.5,44,179.4,0.84,6.8,Mustard
206.5,36.8,172.8,0.72,6.7,Mustard
232.5,32.3,165.2,0.57,7.4,Mustard
252.7,47.6,166.6,0.88,7,Mustard
299.4,56.3,250,1.01,7,Mustard
286,50.7,190.6,0.8,7,Mustard
258.5,48.7,176.4,0.85,7.1,Mustard
272,48.4,202.4,1,6.8,Mustard
213.9,41.6,171.4,0.58,6.5,Mustard
257.1,47.9,200.9,0.85,7.6,Mustard
285.9,54,197.2,1.02,6.9,Mustard
348.2,54.3,225.6,1.06,6.5,Mustard
333.3,54.8,206.1,1.05,6.9,Mustard
217.7,37.3,134.2,0.76,7.5,Mustard
267.5,42.2,192.1,0.92,6.5,Mustard
160.9,34.9,165.1,0.66,6.9,Mustard
255.8,45.4,193.4,0.8,7.2,Mustard
203.4,35.5,164.2,0.76,6.9,Mustard
289.6,49.2,191.8,0.98,6.4,Mustard
213.4,40.6,170.2,0.91,7.3,Mustard
247.2,39.4,170.7,0.7,6.4,Mustard
232.7,34,169,0.76,6.4,Mustard
283.1,45.1,194.6,0.96,6.9,Mustard
191.5,44,145.2,0.74,7,Mustard
267.2,46.4,190.6,0.81,7.1,Mustard
165.5,38.8,134.9,0.66,7.4,Mustard
252.7,45.9,161.3,0.7,6.9,Mustard
286.5,51.2,234.3,0.94,7.3,Mustard
324.3,46.1,214.1,0.95,7.3,Mustard
202.4,40.9,164.3,0.62,7.2,Mustard
239.8,41.2,156.4,0.67,6.9,Mustard
215.9,39.7,141.8,0.68,6.8,Mustard
246.3,43.3,168.1,0.85,6.9,Mustard
235.2,43,191.1,0.85,6.7,Mustard
259.2,46,181.9,0.89,6.9,Mustard
183.3,43.3,157.1,0.7,6.8,Mustard
214.3,39.4,144.6,0.81,6.5,Mustard
194.4,38.2,168.1,0.71,6.9,Mustard
242.2,44.5,183.6,0.79,7.2,Mustard
190.6,29.9,133.3,0.49,6.6,Mustard
295,54.3,218.2,0.92,7,Mustard
201.6,37.7,148.3,0.7,6.7,Mustard
291.8,43.8,214,0.86,6.4,Mustard
232.2,52.8,151.4,0.9,7,Mustard
315.3,56.2,175.8,1.02,7.3,Mustard
197.5,36.4,157.4,0.65,6.7,Mustard
352.3,59.7,216.9,1.18,7,Mustard
219.2,42.7,160.7,0.7,7.3,Mustard
297,49,228.7,0.88,7.4,Mustard
335.4,55.6,236.4,1.05,7.3,Mustard
111.5,26.6,100,0.53,6.8,Mustard
218.3,44.1,202.1,0.8,7.1,Mustard
152.5,25,137.1,0.63,7.5,Mustard
228.5,38.5,174.5,0.83,6.6,Mustard
272,41,161.9,0.79,6.3,Mustard
271.4,46.5,142.6,0.84,6.7,Mustard
262.8,53.1,198.8,0.91,7.5,Mustard
316.8,59.5,198.1,1.1,7.4,Mustard
263.9,46.9,192.6,0.97,6.2,Mustard
237.3,41,152.2,0.88,6.4,Mustard
241.8,43.7,192.7,0.82,7,Mustard
330.4,55.5,248.8,1.04,7.4,Mustard
247.5,43.8,186.7,0.86,6.4,Mustard
322.8,60.1,228.5,0.89,6.7,Mustard
197.3,34.9,114.8,0.66,6.3,Mustard
286.7,47.7,174.2,0.83,6.4,Mustard
237.8,38.1,164.6,0.78,6.4,Mustard
271.2,47.9,154.3,0.88,7.4,Mustard
366.3,63.4,246.9,1.13,6.9,Mustard
155.9,26.3,143.1,0.59,7.7,Mustard
217,36.9,159.5,0.68,6.7,Mustard
216.2,40.6,171.6,0.67,6.9,Mustard
183.1,25,124.5,0.68,7.7,Mustard
253,46.2,202,0.89,7,Mustard
248.9,42.4,208.2,0.89,7.4,Mustard
339.4,44.7,182.9,0.93,6.4,Mustard
197.9,37.7,167.1,0.69,7.3,Mustard
211.8,41.4,157.7,0.79,7,Mustard
350.6,55.9,209.1,1.18,6.9,Mustard
272.3,51.1,188.7,0.85,7.3,Mustard
329.6,50.7,204.8,1.08,6.7,Mustard
248.9,38.4,158.9,0.79,7.3,Mustard
240.4,35,164.5,0.81,7.3,Mustard
258.7,45.7,172.5,0.74,6.8,Mustard
260.7,47.7,207.3,0.77,7.1,Mustard
316.5,52.4,205.8,1.09,7.7,Mustard
273.5,42.7,199.4,1.01,7.6,Mustard
239.7,44.2,198.5,1.01,6.5,Mustard
236.6,37.1,189.3,0.83,6.3,Mustard
345.4,57.8,245.7,1.14,7.6,Mustard
189.4,33.3,141.4,0.62,7.4,Mustard
226.5,38.7,143.3,0.75,6.6,Mustard
280.8,47,180.8,1,7.5,Mustard
274.7,43.6,154.4,0.97,6.3,Mustard
205.6,25,124.1,0.77,6.2,Mustard
142.6,25,136.3,0.52,6.3,Mustard
302.4,52.7,195.8,1.03,6.7,Mustard
144.5,28,111.9,0.55,6.6,Mustard
231.5,40,205.6,0.86,7.2,Mustard
201.6,44.9,169,0.78,7.1,Mustard
288.4,39.1,203.4,0.75,7.4,Mustard
299.5,44.2,201.8,0.82,6.8,Mustard
298.1,53.1,205.7,0.97,6.5,Mustard
334.4,59.5,237.1,1.17,7,Mustard
287.2,51.4,193.1,0.86,7,Mustard
221.6,30.3,165.9,0.69,6.3,Mustard
339,60.1,246.8,1.16,7,Mustard
185.4,32.8,148.1,0.6,6.5,Mustard
126,27.8,114.1,0.44,7.1,Mustard
248.4,44.5,160.7,0.72,7.2,Mustard
247.4,47.9,188.2,0.98,7.1,Mustard
257.8,46,183.3,0.84,7,Mustard
230.9,42.7,187.5,0.91,7.1,Mustard
319.8,49.8,208.4,1.01,7.4,Mustard
100,25,108.7,0.46,7.5,Mustard
359.9,59,220.3,1.07,7.7,Mustard
244.2,44.4,173.6,0.77,7.4,Mustard
331.8,50.8,217.5,0.91,7.1,Mustard
202.6,32.5,170,0.7,6.7,Mustard
247.5,52.4,194.7,0.9,6.4,Mustard
105.2,32.3,114.7,0.43,6.4,Mustard
242.7,40.7,188.3,0.85,7.2,Mustard
266.9,42.3,194.8,0.84,7.7,Mustard
164.7,36.9,155.4,0.61,7.4,Mustard
253.8,44,157.2,0.8,7.2,Mustard
258.3,45.1,215.9,0.83,6.7,Mustard
240.8,31.5,154.3,0.74,7.7,Mustard
218,34.2,160.8,0.78,6.9,Mustard
188.6,35.6,180.7,0.63,6.8,Mustard
339.5,61.1,231.6,1.15,7.1,Mustard
213.7,31.9,194.7,0.69,6.7,Mustard
333.1,56.9,231.5,1.06,7.2,Mustard
242,42.5,162.8,0.83,6.5,Mustard
297.7,46.8,207.2,0.91,7.5,Mustard
380,60.6,217.6,1.11,7.1,Mustard
241.2,49.7,174.9,0.98,6.5,Mustard
222,47.2,182.8,0.85,6.9,Mustard
212.9,38.1,165.5,0.65,7.2,Mustard
187.8,37.4,168.2,0.66,6.3,Mustard
222.6,38.1,166.1,0.73,7.2,Mustard
314.6,48.7,209.4,1.01,7.1,Mustard
230.3,37.1,192.9,0.85,7.7,Mustard
200.8,26,138,0.74,6.3,Mustard
158.1,36.5,142.3,0.59,6.1,Mustard
194,37.2,139.2,0.64,7,Mustard
284.1,44.5,186.2,0.84,7.3,Mustard
205.3,41.1,175.5,0.72,7.1,Mustard
274.7,45.8,186.4,0.85,6.7,Mustard
167.3,35.8,118.7,0.63,7,Mustard
299.1,48.9,207.2,1.06,6.8,Mustard
259.8,40.2,194.4,0.9,6.5,Mustard
150.6,29.7,139,0.6,7.5,Mustard
332.9,58.5,249.7,1.11,6.3,Mustard
281.6,53.8,216.8,0.83,7.1,Mustard
171.8,37,177.3,0.73,7.1,Mustard
173,39,143.9,0.7,6.9,Mustard
175.5,29,133.7,0.55,7.7,Mustard
284.9,52.9,177.3,1.02,6.9,Mustard
161.9,40.7,128.8,0.56,7.2,Mustard
226.7,37.9,163.5,0.77,7.6,Mustard
223.8,31.6,140.3,0.66,6.5,Mustard
315.7,50.5,218.5,0.9,7.7,Mustard
229.4,36.9,133.9,0.71,6.5,Mustard
182.6,27.1,137,0.62,6.4,Mustard
282.6,47.8,192.2,0.95,7.2,Mustard
313.9,55.4,208.6,1.01,7.7,Mustard
288.6,48.5,192.9,0.97,6.6,Mustard
239.6,42.6,157.8,0.76,6.8,Mustard
172.6,27.3,151.6,0.7,6.9,Mustard
289.1,50.7,178.6,0.94,6.6,Mustard
147.6,25.5,120.6,0.64,7.5,Mustard
229.6,36.4,157.9,0.81,7.6,Mustard
202.4,39.7,162.2,0.66,7.1,Mustard
132.1,30.5,159.9,0.44,7,Mustard
308.7,51,212.9,1.04,7.5,Mustard
263.2,43.9,166.4,0.81,7.3,Mustard
161.9,31.4,150.4,0.67,6.2,Mustard
176.3,43.1,114.6,0.67,7,Mustard
146.7,25,104.1,0.52,7.5,Mustard
237.5,49.8,211.8,0.93,7.4,Mustard
344.2,53.7,220.2,1.12,7.3,Mustard
284.6,50.1,192.8,0.81,7.4,Mustard
190,34.6,131,0.62,7,Mustard
160.4,36.2,150.6,0.72,6.4,Mustard
191.7,27.1,142.5,0.53,6.3,Mustard
226.6,44.8,142.8,0.81,7,Mustard
124.2,31.8,140.4,0.53,6.7,Mustard
198.8,36.3,156.4,0.67,7.3,Mustard
190.3,28.3,125.6,0.5,6.3,Mustard
200,38.9,160.9,0.68,6.9,Mustard
264.8,39.9,184.1,0.9,7.6,Mustard
289.2,49.7,193.8,0.93,6.9,Mustard
215.3,36.4,179.1,0.78,7.3,Mustard
280.2,39.5,180.3,0.94,6.6,Mustard
242.3,39.3,153,0.72,6.9,Mustard
196.2,38.3,176.9,0.68,7.2,Mustard
207.2,39,157.5,0.82,7.1,Mustard
272.5,47.4,212.6,0.94,6.9,Mustard
319.2,54.7,223.3,1.04,7.5,Mustard
125.6,25,127.3,0.48,6.3,Mustard
195.5,38.3,166.7,0.74,7.4,Mustard
210.3,37,141.2,0.7,7,Mustard
292.8,43,186.6,0.88,6.2,Mustard
226.1,46.8,193.4,0.84,7,Mustard
282.3,49.7,198.9,0.97,7.5,Mustard
177.3,40.1,143.5,0.63,7.3,Mustard
218,39.3,149.6,0.72,7.5,Mustard
262.9,45.8,186.2,1.01,7.7,Mustard
301.8,55.6,215.6,1.09,6.7,Mustard
208.8,43.3,162.6,0.92,7.7,Mustard
277.9,50.3,192,0.84,6.3,Mustard
268.4,51.6,197.4,0.89,7,Mustard
225,34.9,178.1,0.64,6.7,Mustard
305.2,52.9,209.1,1.07,7.5,Mustard
331.4,50.4,229.9,1,6.3,Mustard
229.5,40.2,170.5,0.84,6.9,Mustard
275.3,55.6,203.4,0.84,6.5,Mustard
336.9,52.3,235.6,1.01,6.5,Mustard
233.3,45.8,175.9,0.78,7.3,Mustard
211.8,43.8,185.4,0.8,7.3,Mustard
197.6,36.4,176.5,0.66,7.4,Mustard
174.4,32.7,138.6,0.67,6.7,Mustard
197.2,34.1,193.2,0.7,6.5,Mustard
310.8,47.7,222,1.01,7.3,Mustard
149,28.9,107.8,0.53,6.7,Mustard
312.8,62.5,233.2,1.05,6.8,Mustard
182.4,41.3,149.1,0.69,7.6,Mustard
170.6,25,134.9,0.61,7,Mustard
266,44.5,214.6,0.79,6.4,Mustard
137.1,26,140.8,0.6,6.3,Mustard
353.8,60.4,224.6,1.16,7.3,Mustard
292.5,49.1,216.5,0.94,7.4,Mustard
344.8,63.2,216.1,1.15,6.8,Mustard
334.3,58.6,208.8,1.08,7.3,Mustard
186.2,33.9,140,0.62,6.5,Mustard
169.7,33.2,116.3,0.57,6.2,Mustard
160.2,30.9,134.5,0.53,6.8,Mustard
224.3,39.3,162.6,0.77,7.2,Mustard
165.4,30.9,140.4,0.59,6.9,Mustard
203,35.4,171.7,0.71,7.4,Mustard
337,57.9,244.5,1,7.4,Mustard
369.6,60,241.5,1.08,6.6,Mustard
196.5,43.8,147.9,0.78,7.7,Mustard
304.2,50.2,207.6,0.99,6.7,Mustard
218.9,34.6,171.7,0.66,7.5,Mustard
285.6,54.5,200.8,0.95,7.1,Mustard
380,60.1,234.1,1.1,7.3,Mustard
171.5,35.7,143.3,0.57,7.3,Mustard
168.7,30.6,153.9,0.58,6.7,Mustard
188.5,34.7,168.4,0.69,7.3,Mustard
301.8,55.9,222.3,0.98,6.7,Mustard
169.8,38.3,113.9,0.57,6.7,Mustard
213.7,39.1,158.1,0.85,6.5,Mustard
337.5,53.8,179.4,0.87,6.8,Mustard
275.8,50.4,195.7,0.9,7.2,Mustard
269.7,47.7,193,0.91,7.4,Mustard
320.5,48.5,208.3,0.89,7.3,Mustard
255.3,42.2,198.4,0.96,7.6,Mustard
176,34.3,147.1,0.72,7.4,Mustard
332.4,59.7,201.7,1.03,6.7,Mustard
321.5,47.3,203.2,0.99,7.2,Mustard
180.7,41.4,140.3,0.68,7,Mustard
182.5,35.4,163.2,0.68,7.7,Mustard
170.1,37.4,162.9,0.66,7.1,Mustard
348.1,50.7,212.8,1.14,7.7,Mustard
203.1,37.6,166.6,0.78,6.2,Mustard
331.8,54.8,250,1.08,7.2,Mustard
287.1,52.2,204.1,0.91,6.1,Mustard
276.8,45.2,183.5,0.85,7.5,Mustard
180.7,31.6,139.1,0.69,6.3,Mustard
237,40.3,196,0.87,6.5,Mustard
235.7,36.1,175.1,0.64,6.2,Mustard
192.6,39.6,173.6,0.74,6.8,Mustard
241.2,46.2,201.4,0.77,7.3,Mustard
192.9,35.4,165.3,0.62,6.7,Mustard
219.2,37.6,187.7,0.77,7.1,Mustard
212.2,29.1,157.2,0.63,7.5,Mustard
191.5,35.6,145.6,0.69,7.1,Mustard
251.5,47.3,184.5,1.01,6.8,Mustard
290.5,49.3,194.3,0.91,6.8,Mustard
263.6,44.5,181.4,0.75,7,Mustard
305.3,53.1,185.4,1,6.3,Mustard
162,34.2,133,0.71,6.8,Mustard
154.9,30.7,112.2,0.47,6.6,Mustard
313.4,54.2,208.1,1.02,7.2,Mustard
127.9,25,100,0.48,6.1,Mustard
204.8,37.5,181.6,0.74,6.9,Mustard
273.4,40,203.8,0.91,6.2,Mustard
168.9,30.8,158.9,0.69,6.5,Mustard
166.6,43.2,166.1,0.67,7,Mustard
172.6,36.6,156.7,0.62,7,Mustard
307.3,42.7,211.7,0.89,7.6,Mustard
254.8,55.6,184.6,0.84,7,Mustard
200.6,40.4,155.4,0.77,7.1,Mustard
295.1,54.2,206.7,0.99,6.6,Mustard
228.1,35.9,141.3,0.71,6.4,Mustard
156,33.6,133.9,0.57,7,Mustard
287.1,44.5,211.7,0.89,6.5,Mustard
246.1,40.5,175.4,0.77,6.3,Mustard
269,54.4,186.4,0.81,6.8,Mustard
240,41.2,153.5,0.87,6.2,Mustard
167.3,28.3,164,0.68,6.2,Mustard
367.1,63.9,238.6,1.06,6.8,Mustard
364.7,64,234.2,1.2,7.4,Mustard
172.9,28.1,132.6,0.61,6,Mustard
184.2,34.7,144.4,0.64,7.9,Mustard
273.4,49.3,186.6,0.92,7.8,Mustard
352.1,65,231.5,1.2,6.2,Mustard
309.8,50,189.5,0.95,7.6,Mustard
380,59.1,246.5,1.14,6.3,Mustard
294.2,51.7,223,0.89,6.2,Mustard
360.1,46.4,245.1,1.12,6.3,Mustard
356.9,48.3,229.3,1.03,6.9,Mustard
291.3,47.9,177.8,0.92,7.3,Mustard
126.1,27.3,122.8,0.53,6.6,Mustard
294.5,50.4,213.6,0.8,7.3,Mustard
200.2,34.1,145.8,0.58,7.5,Mustard
176.6,27.9,126.1,0.6,6.6,Mustard
191.3,41.1,188.2,0.86,6.2,Mustard
223.5,44.5,176.9,0.71,7.2,Mustard
337.4,60.5,219.1,1.03,7,Mustard
279.9,54.6,213.5,1,7.6,Mustard
138,25,137.6,0.45,6.1,Mustard
290.9,52.7,211.3,1.07,6.5,Mustard
115,25,152.6,0.5,7.7,Mustard
133.8,32.8,148.4,0.65,6.8,Mustard
270.9,49.7,223.3,0.89,7.3,Mustard
100,25,104.6,0.4,8,Mustard
197.8,26.7,153.7,0.69,6.7,Mustard
272.7,55.5,232.2,0.83,6.5,Mustard
211.3,42.4,196.8,0.77,7.7,Mustard
170.2,29.4,118.2,0.58,7.6,Mustard
325.5,55.4,221.7,1,6.5,Mustard
141.3,26.7,139.9,0.5,7.8,Mustard
211.8,33.1,161.2,0.67,7.8,Mustard
318,46.8,185.7,1.05,7.9,Mustard
270.6,36,197.4,0.76,7.9,Mustard
364.7,61.5,250,1.08,7.7,Mustard
185.5,27.8,149.1,0.68,6,Mustard
261.4,42.7,172.9,0.93,6.3,Mustard
303.7,55.9,222.5,1.07,6.8,Mustard
340.7,48.8,229.4,1.06,6.2,Mustard
265.1,35.2,191.5,0.92,7.9,Mustard
300.8,49.8,201.2,0.98,6.3,Mustard
290.6,53.2,193.6,0.88,7,Mustard
370.8,58.9,208.6,1.2,6.2,Mustard
190.2,41.3,164,0.8,7.2,Mustard
314.9,54.2,232,1.02,7.6,Mustard
304.9,52.7,202.8,1.03,6.2,Mustard
134.6,25,116.7,0.44,7.7,Mustard
186.1,43.9,134.1,0.69,7,Mustard
335.1,51.5,228.4,1.14,6.5,Mustard
237,49.7,176.3,0.84,7.1,Mustard
119,29.7,127.9,0.51,7.1,Mustard
237.5,40.5,163.7,0.77,8,Mustard
163,25,139.3,0.53,7.5,Mustard
119.6,25,123.4,0.47,6.7,Mustard
363.8,56.8,219.9,1.19,7.9,Mustard
149.9,27.2,126.6,0.59,7.2,Mustard
290.5,51.9,209,0.97,7.9,Mustard
159.8,28.7,148.7,0.55,7.4,Mustard
310.7,50.2,199.8,1.02,6.4,Mustard
115,25,100,0.42,7.6,Mustard
327.2,64.5,197.6,1.07,7.1,Mustard
321.8,43.6,250,1,8,Mustard
366.8,65,240.3,1.2,7.3,Mustard
346.2,64,250,1.15,7.2,Mustard
100,30.3,109.3,0.45,6.9,Mustard
144.5,35.1,139.3,0.48,7.5,Mustard
296.8,47.6,214,0.95,7.7,Mustard
299.9,49.6,213.2,0.94,6.5,Mustard
323.1,58.8,221.5,1.01,7.3,Mustard
303.9,47.9,225.4,1.14,6.5,Mustard
180.3,32.2,129.1,0.65,6.2,Mustard
362.3,50.6,179.3,1.08,6.4,Mustard
201.3,36.9,180.5,0.82,6.9,Mustard
104.8,25,141.3,0.4,7.9,Mustard
204.2,38.3,167.4,0.8,7.4,Mustard
271.6,46.4,208,1.14,6.2,Mustard
138.5,30.1,169.5,0.6,6.5,Mustard
273.7,51.9,181.5,0.84,7.4,Mustard
280.2,42.3,199.3,0.87,6.7,Mustard
330.8,47.8,250,0.9,7.7,Mustard
229.9,41.5,160.5,0.75,6.4,Mustard
331.9,51.1,210.5,1,6.8,Mustard
283.2,42.1,202.2,0.97,7.6,Mustard
142.2,25.1,110.4,0.52,7.8,Mustard
110.9,25,108.6,0.47,7.7,Mustard
141.9,27.4,139,0.62,7.7,Mustard
280.8,52.6,173.7,1,6.8,Mustard
151.2,25,130,0.57,8,Mustard
335.8,54.6,218.8,1.2,7.3,Mustard
172.4,25,142.6,0.66,8,Mustard
351.1,60,244.4,0.99,7.2,Mustard
349.2,59,237.4,1.09,6.8,Mustard
201,37.8,116.5,0.66,6.9,Mustard
228.5,35.8,179.7,0.66,7.9,Mustard
342.2,50.3,201.4,1.12,7.8,Mustard
351.1,51.7,225.1,1.04,6.3,Mustard
149.8,25,123.3,0.48,6.3,Mustard
186,34.3,149.5,0.74,7.4,Mustard
246,34.7,164.5,0.7,6.4,Mustard
155.3,25,134,0.55,6.2,Mustard
356.5,59.5,235.2,1.2,6.3,Mustard
109.2,25,100,0.48,6.6,Mustard
366.6,63.6,227.8,1.12,6.3,Mustard
271.2,41,196,0.78,6.3,Mustard
219.7,33.3,169.1,0.71,6.9,Mustard
341,55,212.4,1.01,6.9,Mustard
343.6,65,245.3,1.2,7.1,Mustard
308.6,58.2,246,1.12,6.9,Mustard
257,41.8,170.2,0.95,7.4,Mustard
119.6,34.5,124.4,0.49,7.4,Mustard
187.1,31.6,175.1,0.59,7.8,Mustard
365.8,55.2,229.9,1.17,6.1,Mustard
362,63.5,242.6,1.02,6.8,Mustard
267.9,49.5,208,0.9,6.7,Mustard
267.7,41.1,198.3,0.93,6.1,Mustard
294.3,43.5,174.1,0.95,6.2,Mustard
159.5,27.5,134.4,0.49,6.3,Mustard
242.5,39.9,173.4,0.87,6.3,Mustard
380,62,226.6,1.15,7.8,Mustard
155.1,25,142.9,0.49,7,Mustard
330.9,48,241.1,0.97,7.9,Mustard
206.2,49.7,160.9,0.58,7.4,Mustard
205.5,31.3,178.8,0.61,6.3,Mustard
302.5,51.5,227.5,0.94,7.8,Mustard
347.7,42.6,197.2,0.99,6.4,Mustard
258.1,50.7,198,0.92,7.7,Mustard
292,54.2,223.4,0.95,6.5,Mustard
246.3,44.2,132.4,0.78,6.9,Mustard
175,27.8,136.7,0.55,6.3,Mustard
137.3,25,115.2,0.45,8,Mustard
267.1,48.1,202.1,0.87,7.3,Mustard
323.1,58.7,237.1,1.08,6.4,Mustard
191.7,37.9,162.1,0.65,7.9,Mustard
295.1,46.8,210.5,1,6.3,Mustard
113.7,25,123.1,0.4,7.9,Mustard
318.9,57.4,208.1,1.02,6.7,Mustard
296.1,48.9,225.4,0.99,6.1,Mustard
278.3,46.9,191.1,0.93,6.8,Mustard
305.8,49.5,236.3,0.99,7.7,Mustard
164.6,33.2,169.6,0.66,7.8,Mustard
225.6,43.9,173.7,0.8,7.2,Mustard
320.9,50.6,242.8,1.13,7.9,Mustard
334.7,48,211.9,1.07,7.9,Mustard
328.4,49.6,237.2,0.99,6.3,Mustard
338.7,56.5,207.5,1.03,7.5,Mustard
363.3,65,222.8,1.15,7.2,Mustard
118.2,22.6,133.9,0.56,6.5,Arhar
214.8,31.6,164.3,0.78,7.8,Arhar
162.5,33.1,136.6,0.67,6.9,Arhar
138.3,21,110.8,0.51,7.3,Arhar
188.3,42,169.9,0.78,6.9,Arhar
131.2,33.9,149.4,0.58,6.8,Arhar
179.7,28.5,168,0.7,6.6,Arhar
176.4,29.4,168.8,0.78,7.3,Arhar
206.9,36.1,179.1,0.75,7.3,Arhar
238,50.3,220,0.91,7.4,Arhar
172.9,37.9,134.8,0.64,6.7,Arhar
123.7,22.4,111.7,0.64,7.1,Arhar
127.6,15,134.9,0.52,7.1,Arhar
196.6,46.9,153.8,0.77,6.5,Arhar
156.3,28.3,154.4,0.72,6.6,Arhar
140.5,34.4,133.9,0.58,7.3,Arhar
203.2,46.5,182.4,0.81,7.2,Arhar
177.5,37.5,129.6,0.65,6.9,Arhar
177.7,24.4,118.1,0.69,7.3,Arhar
158.7,32.6,132,0.66,7,Arhar
128.8,22.5,107.2,0.61,6.9,Arhar
171.4,33.5,141.6,0.68,7.3,Arhar
211.7,42,171,0.81,6.8,Arhar
172.2,29.5,144.9,0.62,6.7,Arhar
159.5,36.6,142.4,0.68,6.8,Arhar
190.5,37.3,170.9,0.71,7,Arhar
196.2,36.5,124,0.82,6.3,Arhar
155,32.9,119.4,0.67,6.9,Arhar
158.4,31.3,127.4,0.57,6.9,Arhar
197.8,41.5,162.2,0.84,6.5,Arhar
223.2,34,200.8,0.74,6.8,Arhar
159,34.1,161.4,0.7,7.5,Arhar
162.9,39.6,189.4,0.82,7.2,Arhar
174.7,25.9,139.9,0.65,7.1,Arhar
163.3,28.8,148.5,0.63,6.5,Arhar
209.6,42.5,184.1,0.8,7.2,Arhar
232.7,46.4,176.6,0.84,7,Arhar
178.9,46.7,168.5,0.75,6.8,Arhar
168.7,31,142.2,0.68,6.5,Arhar
107.5,15.7,93.3,0.48,7.2,Arhar
170.7,26.7,151.3,0.67,7.7,Arhar
129.5,23.1,108.3,0.55,6.9,Arhar
159.6,32.8,155.1,0.65,6.7,Arhar
129.3,30.2,125.1,0.52,7,Arhar
200.4,33.4,134.8,0.7,7.3,Arhar
189.1,34.6,157.1,0.72,6.7,Arhar
226.5,40.1,204.4,0.75,7.2,Arhar
172.3,26.9,99,0.61,6.4,Arhar
146.6,22.4,109,0.53,6.5,Arhar
161.5,26.9,142.9,0.67,7.2,Arhar
159.2,33.1,142.4,0.61,7.3,Arhar
229.5,43.7,144.9,0.84,7,Arhar
184,36.7,158.7,0.74,6.8,Arhar
218.6,38.6,166,0.8,7.4,Arhar
144.8,25.5,137.9,0.65,6.4,Arhar
183.3,38.5,161.3,0.8,7.2,Arhar
190.3,38.1,171.9,0.73,7.1,Arhar
173.2,26.4,160.3,0.7,6.8,Arhar
165,34.2,132.1,0.63,7.2,Arhar
100.9,25.8,80,0.48,7.5,Arhar
205.7,31.6,144.1,0.68,7.2,Arhar
194.3,26.3,152.2,0.74,7.2,Arhar
143.4,28.8,109,0.62,6.5,Arhar
202.6,36.2,166.8,0.83,7.5,Arhar
169.4,42.4,151.1,0.81,7.3,Arhar
199.1,43.3,184,0.78,7,Arhar
201.2,39.5,172.5,0.77,6.9,Arhar
215,42.1,196.9,0.81,7.1,Arhar
178.4,28.3,158.6,0.68,7,Arhar
120.6,24.3,119.6,0.55,6.9,Arhar
145.5,34.6,119.8,0.59,7.1,Arhar
213.1,38.2,169.1,0.77,7,Arhar
145.4,20.5,152,0.62,6.4,Arhar
195.7,23.8,157.3,0.62,6.4,Arhar
201.6,42.5,141.1,0.79,7,Arhar
223.8,31.6,189.6,0.82,6.9,Arhar
162.8,34.1,154,0.67,7.1,Arhar
187.8,41,179.1,0.79,7,Arhar
189.7,45.5,159.7,0.76,7.1,Arhar
245.7,47.3,199.9,0.92,7.5,Arhar
218,40.6,167.5,0.8,7.2,Arhar
114.5,22.2,118.9,0.53,6.4,Arhar
126.2,23,110.2,0.53,7.1,Arhar
164.5,25,110.6,0.61,7.7,Arhar
140.9,27.3,111.6,0.58,7.1,Arhar
165.1,38.3,140.5,0.68,7.1,Arhar
116.5,28.5,121.1,0.59,6.4,Arhar
163.4,38.2,151.8,0.56,7.2,Arhar
166.8,24.2,126.3,0.59,7.1,Arhar
130.5,27.5,118.7,0.59,7.1,Arhar
182.1,37.6,156.6,0.73,6.8,Arhar
178.1,38.1,160.3,0.75,7.3,Arhar
179,34.8,173.9,0.67,7.2,Arhar
172.4,38.3,167,0.74,7.3,Arhar
176.9,41.1,140.5,0.7,6.7,Arhar
174.4,32.8,163.9,0.78,6.7,Arhar
205.3,38.2,193.3,0.83,6.6,Arhar
187.3,30.2,147.2,0.71,6.8,Arhar
217.6,42.2,142.6,0.79,7.1,Arhar
146.6,25.5,151.3,0.62,7.5,Arhar
169.4,26.3,131.4,0.7,6.9,Arhar
214.1,32.9,182.7,0.77,6.2,Arhar
239.7,39.8,189.5,0.86,6.8,Arhar
178.6,30.1,153.5,0.7,7.8,Arhar
175.9,37.5,148.3,0.79,7,Arhar
266.3,48.7,196,0.92,7.2,Arhar
207.5,40.6,166.8,0.77,7.3,Arhar
182.6,18.6,150.4,0.68,6.3,Arhar
108.3,15,80,0.42,7.6,Arhar
157.5,30.4,111.1,0.59,6.5,Arhar
186.3,31.8,164.1,0.7,6.6,Arhar
152.5,32.8,149.2,0.63,7.5,Arhar
133.1,20,110.8,0.45,6.5,Arhar
146.1,27.6,110.9,0.5,6.9,Arhar
158.3,37.7,123.2,0.7,6.8,Arhar
234.1,43.7,196,0.87,7,Arhar
201.9,36.3,169.7,0.82,7.7,Arhar
134.9,32.3,106.2,0.61,6.8,Arhar
170,23.8,145.7,0.59,7.7,Arhar
240.7,34.4,186.4,0.85,6.2,Arhar
228.6,49,196.8,0.81,6.9,Arhar
223,34.7,177.2,0.76,6.3,Arhar
146.6,24.5,129.5,0.66,6.9,Arhar
220.8,42.6,173.4,0.85,7,Arhar
180.5,38.6,167.3,0.79,7,Arhar
111.2,15,108.9,0.46,6.1,Arhar
214.7,42.4,194.7,0.8,7.1,Arhar
248.5,43.9,209,0.96,6.9,Arhar
162.4,20.3,109.4,0.55,7.5,Arhar
145.8,22.4,118.9,0.64,6.3,Arhar
237.1,44,197.3,0.79,6.6,Arhar
182.9,25.8,142.5,0.69,6.4,Arhar
157.8,29.6,115,0.74,7,Arhar
196.8,34.3,146.6,0.69,7.6,Arhar
187.9,33.4,136.8,0.63,7.2,Arhar
174,24.3,141.8,0.58,7.4,Arhar
234.9,41.6,179,0.86,7,Arhar
175.3,34.4,176.5,0.73,6.7,Arhar
109.2,24.8,101,0.49,7.4,Arhar
108.9,23.6,125.8,0.49,7.2,Arhar
181.7,29.2,155.3,0.71,7.2,Arhar
201.7,31.2,149.5,0.79,7.1,Arhar
158.4,31.2,149.9,0.66,6.9,Arhar
220.7,41.1,197.7,0.83,7.4,Arhar
142.7,17.7,89.5,0.55,6.6,Arhar
210.7,35.3,179.9,0.88,7.8,Arhar
280,49.4,216.7,0.92,6.9,Arhar
210.8,38.2,159.8,0.85,6.5,Arhar
145,21.9,127.5,0.57,7.2,Arhar
146,21.8,138.8,0.62,6.5,Arhar
100.9,15,80,0.4,7.2,Arhar
114.5,22.2,110.1,0.55,7.9,Arhar
233,49.5,178.9,0.86,7.1,Arhar
182.7,41.5,162.6,0.72,6.8,Arhar
181.4,33.1,134.9,0.72,6.8,Arhar
141.8,23.4,105.4,0.49,7.6,Arhar
244.9,52,214.7,0.95,6.5,Arhar
129.7,17,111.8,0.52,7.1,Arhar
254.9,47.6,176.2,0.84,6.9,Arhar
178.5,32,165,0.7,7.2,Arhar
112.4,15,116.5,0.48,7.9,Arhar
162.9,25.7,143.1,0.65,6.3,Arhar
226.5,38.4,154.2,0.83,6.8,Arhar
193.1,24.5,136.7,0.72,7.9,Arhar
230.9,45.2,176.6,0.82,6.8,Arhar
143.9,26.1,114.8,0.55,7.2,Arhar
117,19,136.4,0.5,6.8,Arhar
141.1,32.6,138,0.62,6.8,Arhar
213.6,30.4,166.1,0.76,7.7,Arhar
266.2,48.7,208.9,0.94,7,Arhar
175.1,39.2,190.4,0.75,6.8,Arhar
179.8,27.4,129.3,0.63,7.4,Arhar
267.6,38.7,158.9,0.8,6.3,Arhar
117.9,19.5,126,0.54,6.9,Arhar
97.1,15.6,81.4,0.55,6.9,Arhar
142.6,25.5,127.4,0.57,6.9,Arhar
197.4,33.5,181.9,0.77,6.2,Arhar
120.9,22.9,109.4,0.52,6.3,Arhar
250.7,41.3,201.6,0.95,7.7,Arhar
158.9,26.4,117.8,0.7,7.3,Arhar
149.6,32.4,136.8,0.7,6.4,Arhar
187.9,26.3,132.3,0.62,7.4,Arhar
224.7,38.9,203.6,0.88,7,Arhar
149.9,30.9,111.1,0.61,6.6,Arhar
210.3,34.8,163.6,0.69,6.3,Arhar
187.1,33.1,160.7,0.71,6.5,Arhar
243.8,42,162.3,0.87,6.4,Arhar
185.1,32,143.6,0.65,7.2,Arhar
151.9,24.6,131.3,0.58,7.2,Arhar
228.4,48.6,169.3,0.89,6.7,Arhar
250.5,44.7,220,0.96,6.9,Arhar
107,29.6,106.4,0.57,6.8,Arhar
161.6,36.4,153.4,0.75,6.9,Arhar
132.2,20.4,114.6,0.6,6.7,Arhar
202.5,30.7,186.4,0.74,6.2,Arhar
231.8,41.2,195.9,0.87,7,Arhar
169,37.2,147.1,0.71,6.7,Arhar
177.3,38,173.4,0.65,7,Arhar
164.2,26,102.5,0.59,6.6,Arhar
163.5,24.1,166.4,0.59,6.5,Arhar
218.7,35.1,172.1,0.78,7.2,Arhar
185.1,32.4,170.2,0.73,7,Arhar
210.8,38,157.9,0.73,7.7,Arhar
146,21.4,110.6,0.58,6.2,Arhar
166,37.1,96.4,0.6,7,Arhar
92.5,19.9,81.1,0.45,7.7,Arhar
224.3,44.7,192.9,0.83,6.5,Arhar
228.1,50.3,187.2,0.74,7,Arhar
200.8,39.3,173.2,0.83,7.4,Arhar
232,44.6,186.8,0.87,6.8,Arhar
122.2,30.1,140.1,0.58,7.2,Arhar
158.5,31,132.9,0.63,6.6,Arhar
133.2,20.5,129.5,0.57,6.3,Arhar
142.4,28.4,149.6,0.54,7.5,Arhar
152.7,31.6,128.9,0.6,7,Arhar
164,28.6,122,0.6,7.9,Arhar
249.2,50.1,196.1,0.93,6.8,Arhar
126.2,21.2,80,0.47,7.7,Arhar
149.7,23.5,126.4,0.6,7.3,Arhar
101.2,15,102.1,0.41,6.7,Arhar
142.4,20.9,117.7,0.56,7.8,Arhar
126.2,34,124.8,0.58,7,Arhar
104,15,85.6,0.44,6.9,Arhar
180.3,24.8,142,0.75,7.8,Arhar
172.3,21,135.8,0.65,7.2,Arhar
199.8,30,165.9,0.72,7.1,Arhar
231.6,43.3,151.9,0.83,6.6,Arhar
192,38.3,156.6,0.82,7.2,Arhar
175.1,26.8,131.1,0.69,6.5,Arhar
149.5,21.2,153.9,0.59,7.4,Arhar
117.6,28.1,114.1,0.57,6.2,Arhar
139.2,15,116.4,0.61,7.5,Arhar
109.2,15,80,0.4,6.4,Arhar
186.4,34.6,168.7,0.66,6.9,Arhar
160,32.4,129.1,0.56,6.8,Arhar
210.2,41.3,125.3,0.8,7,Arhar
144.3,16.3,115.2,0.59,6.6,Arhar
143.1,21.5,102.1,0.62,6.1,Arhar
180.2,36.1,156.1,0.79,7.3,Arhar
191.5,31.6,175.1,0.76,7.6,Arhar
151.8,23.7,137.7,0.69,6.3,Arhar
107.2,16.1,109.5,0.57,6.6,Arhar
144,31,136.1,0.62,7,Arhar
134,23.1,147.9,0.55,7.4,Arhar
190.1,34.1,154.7,0.64,6.9,Arhar
172.8,24.8,131.4,0.58,7,Arhar
228.2,44.1,187,0.81,7,Arhar
194.5,33.3,171.7,0.69,6.4,Arhar
227.3,45.2,163.7,0.75,6.9,Arhar
224.1,32.7,189.4,0.83,7.9,Arhar
234.1,42.7,188.4,0.85,7.1,Arhar
259.8,50.5,220,0.85,7.4,Arhar
214,36.1,149.8,0.71,6.2,Arhar
175.9,31.4,166.5,0.73,7.5,Arhar
130.3,31.3,128.2,0.64,7.6,Arhar
204.5,34.8,180.9,0.71,7.2,Arhar
122.1,20.1,84.8,0.47,7,Arhar
230,37.9,199.1,0.84,7.5,Arhar
185.1,35.6,172.3,0.75,6.2,Arhar
155.5,24.2,159.8,0.67,7.3,Arhar
167.9,32.3,143.9,0.75,7.4,Arhar
218.4,37.8,167.1,0.92,7.6,Arhar
172.5,37.3,124.7,0.67,7,Arhar
240.9,43.4,206.3,0.85,6.7,Arhar
93.6,20.7,94.8,0.5,7.7,Arhar
246.6,46.4,184.8,0.79,7.5,Arhar
198.3,36.7,156.1,0.82,7.2,Arhar
209.8,39.4,192.3,0.85,7.3,Arhar
141.2,22.4,106.3,0.52,6.7,Arhar
200,40.2,197,0.81,7.3,Arhar
101.3,15,105.1,0.5,6.5,Arhar
248.1,45.2,208.6,0.94,6.9,Arhar
229.3,29.6,171.7,0.83,6.8,Arhar
174.9,27.5,145.6,0.74,7.3,Arhar
154.3,15,108.5,0.51,6.2,Arhar
209.3,41.7,144.7,0.72,6.8,Arhar
194,43,185.6,0.76,7.1,Arhar
221.1,37.7,184,0.82,7.9,Arhar
93.6,15,107.2,0.5,7.1,Arhar
224.7,41,150.2,0.79,7.6,Arhar
259.1,39.8,186.6,0.88,6.8,Arhar
234.1,43.3,173.1,0.88,7.1,Arhar
120,21.8,97.8,0.56,7.2,Arhar
130.8,15,81.2,0.45,6.7,Arhar
116.6,17,118.2,0.57,7,Arhar
224.7,37.4,189.7,0.82,6.6,Arhar
96,15,80,0.4,6.4,Arhar
191.1,39.2,137.7,0.7,7,Arhar
184,33,131.7,0.68,7.6,Arhar
144.7,23.4,149.3,0.58,7.1,Arhar
247,49.3,196.7,0.89,7.2,Arhar
132.5,23.5,123,0.58,7.5,Arhar
100.8,22.1,119.1,0.48,7.5,Arhar
117.8,30.9,143.6,0.6,7,Arhar
84.8,17.2,91.8,0.45,6.2,Arhar
227.8,42.4,170.1,0.85,6.9,Arhar
171.7,32.2,134.5,0.75,7.3,Arhar
251.1,44.8,206,0.99,6.8,Arhar
151.2,23.7,154.2,0.68,6.1,Arhar
155,23.3,109.1,0.58,6.2,Arhar
240.9,45.1,195.4,0.98,7.5,Arhar
223.3,41.6,168.8,0.79,7.5,Arhar
127.7,27.3,124.3,0.48,6.7,Arhar
211.3,31.1,183.7,0.82,6.4,Arhar
234.2,43.3,166.9,0.89,6.5,Arhar
225.7,42.8,178.5,0.87,7.1,Arhar
182.9,32.9,143.9,0.68,7,Arhar
143.4,24.2,92.6,0.51,6.1,Arhar
157,24.8,145.5,0.66,7,Arhar
166.3,28.8,178.5,0.69,6.4,Arhar
167.6,29.9,176.6,0.72,6.9,Arhar
209.3,21.8,179.7,0.71,6.1,Arhar
125.2,15,96.1,0.51,7.3,Arhar
180.9,30.3,128,0.68,7.5,Arhar
144.6,26.1,103,0.65,6.7,Arhar
133,26.1,105.1,0.57,6.4,Arhar
269.1,49.8,220,0.97,7.4,Arhar
213.4,37.9,143.9,0.8,6.5,Arhar
214,42.2,174.9,0.78,6.9,Arhar
137.3,27.6,129.9,0.56,7.3,Arhar
260.7,51.8,213.5,0.89,7,Arhar
136,25.5,117.1,0.62,7.1,Arhar
257.1,49.6,220,0.81,7.4,Arhar
93.8,15,80,0.4,7.2,Arhar
245.1,39.8,172.9,0.88,7.3,Arhar
99.9,15,82,0.54,7.2,Arhar
222,46.3,188.1,0.92,7.1,Arhar
99.6,16.6,108.5,0.53,7.4,Arhar
154.2,26.9,129,0.65,6.6,Arhar
254.1,45.6,191.1,0.81,6.9,Arhar
117.2,26,111.1,0.53,7.3,Arhar
236.6,39.8,196.7,0.92,7.9,Arhar
161.5,28.2,114.4,0.65,7,Arhar
114.5,19.8,125.8,0.48,6.7,Arhar
208.9,38.4,186.8,0.79,6.8,Arhar
189.9,28.5,158.4,0.73,7.7,Arhar
186.4,41.9,178,0.78,6.9,Arhar
224.5,44,184.8,0.83,6.8,Arhar
145.2,21.3,136.5,0.57,7.5,Arhar
135.8,29.3,110.6,0.61,7,Arhar
250.6,50.4,179.4,0.95,7.2,Arhar
250,47.1,137,0.85,7.1,Arhar
215.3,44.8,167.4,0.84,6.9,Arhar
150.9,26.9,103.5,0.48,7.2,Arhar
153.9,25,114,0.6,6.7,Arhar
114.1,25.2,135.2,0.54,6.8,Arhar
198.2,36.3,148.4,0.79,6.9,Arhar
213.2,40.1,170.6,0.71,7.3,Arhar
198.3,31,184.9,0.71,6.2,Arhar
194.3,39.8,150.7,0.74,7.2,Arhar
202.7,37.7,174.7,0.78,7.5,Arhar
152.5,15,134.5,0.53,8,Arhar
235.1,39.1,185.5,0.85,6.8,Arhar
84.4,15,92.2,0.43,7.8,Arhar
191.1,41.2,143.5,0.75,7,Arhar
137,25.9,118.1,0.53,7.2,Arhar
95.3,17.1,80,0.44,6.7,Arhar
146.5,24.6,105.7,0.64,6.3,Arhar
104.2,15,80,0.45,7.6,Arhar
280,44.1,197.8,1,7.9,Arhar
224.8,40.6,201.4,0.85,7.6,Arhar
124.7,24.2,117.8,0.6,6.2,Arhar
258.4,48.2,203.9,0.94,7.6,Arhar
204.9,42.1,175.6,0.77,6.6,Arhar
111,15,86,0.45,8,Arhar
125.9,15,91,0.44,7.6,Arhar
189.4,44.2,140.7,0.77,7.7,Arhar
279.1,52.9,220,1,6.4,Arhar
190.6,28.7,158.8,0.79,7.6,Arhar
254.7,36.5,196,0.94,7.6,Arhar
207,28,158.4,0.74,7.8,Arhar
257.3,44.1,170.2,0.89,7.4,Arhar
150.4,21.6,131.9,0.69,7.9,Arhar
240.2,49.2,212.3,0.97,6.4,Arhar
98.5,15,86.9,0.4,7.9,Arhar
116.7,21.5,80,0.47,7.2,Arhar
97.8,23,94,0.43,6.6,Arhar
100.3,16.2,91.4,0.5,6.1,Arhar
149.9,24.1,131.9,0.73,7.9,Arhar
179.8,27.7,140.7,0.63,7.7,Arhar
188.4,36,163.4,0.77,6.9,Arhar
245.7,43.8,197.1,0.86,6.4,Arhar
243.4,55,176.3,0.9,7.1,Arhar
255.3,45.3,220,0.97,6.4,Arhar
108.6,15,122.6,0.47,6.6,Arhar
80,15,94.1,0.41,6.4,Arhar
159.4,33.3,146.7,0.66,6.8,Arhar
214.8,35.1,171.5,0.73,6.2,Arhar
247,45.4,200.1,0.87,7.5,Arhar
187.3,28.4,148,0.67,6.1,Arhar
106.4,16.9,110.2,0.46,7,Arhar
105.4,16,85.5,0.43,7.6,Arhar
251.1,45.3,189.1,0.9,7.2,Arhar
108.3,22.9,86.3,0.45,6.7,Arhar
197.2,47.8,178.2,0.83,6.7,Arhar
192.1,36.6,165.4,0.81,6.8,Arhar
136.9,17.1,131.5,0.6,6.3,Arhar
133.6,17.9,98.3,0.54,6.4,Arhar
218.5,41.9,182.1,0.84,6.4,Arhar
99,15,87.8,0.47,6.8,Arhar
265.6,55,188,0.94,7,Arhar
198.1,37.4,187.7,0.68,7.8,Arhar
257.7,42.6,198.3,0.93,6.4,Arhar
199.9,33.5,169.3,0.77,7.7,Arhar
169.9,24,141.2,0.64,7.8,Arhar
198.9,44.9,191.3,0.84,7.1,Arhar
222.2,36.4,163.9,0.89,7.4,Arhar
191.2,38.6,177.3,0.75,7,Arhar
99.8,20.9,114.1,0.4,7,Arhar
184.7,32.5,135.3,0.77,7.3,Arhar
255.2,46.5,207.8,0.91,6.5,Arhar
249.1,42.5,182,0.83,6.4,Arhar
123.8,23.1,110.8,0.6,6.5,Arhar
280,47.7,215.8,1,7.6,Arhar
81.1,15,109.2,0.41,6.8,Arhar
219.3,37.3,214.8,0.85,7.7,Arhar
262.5,49.9,220,0.84,6.2,Arhar
89.3,15,86.7,0.4,7.9,Arhar
112.1,17.3,88.6,0.48,6.1,Arhar
269.6,45.6,220,1,7.6,Arhar
231.9,34.6,170.8,0.82,6,Arhar
157,25.3,134.6,0.65,7.9,Arhar
238,47.1,178.2,0.91,6.5,Arhar
147.9,27.6,118.8,0.52,7.4,Arhar
127.4,15,110.7,0.56,6,Arhar
231.3,43.1,185.1,0.89,7.1,Arhar
112.5,15.9,105.2,0.45,6,Arhar
125.2,15,118.8,0.56,7.8,Arhar
174,25.5,126.2,0.63,7.4,Arhar
112.8,22.2,103.9,0.52,6.4,Arhar
211,37.2,192.5,0.82,7.8,Arhar
101.7,15,80,0.42,7.7,Arhar
243.8,50.7,220,0.91,7.3,Arhar
238.1,38.8,163.6,0.88,7.6,Arhar
155.7,32.6,138,0.71,6.9,Arhar
203,37,153.5,0.79,6.7,Arhar
225.6,34.5,176.2,0.77,7.5,Arhar
122.4,21.5,80,0.47,7.2,Arhar
161.2,29.1,192,0.7,6.6,Arhar
96.8,15,80,0.48,7.1,Arhar
245.3,39.4,188.1,0.82,6.1,Arhar
115.6,18.3,80,0.4,7.5,Arhar
241.8,41.6,192.8,0.89,7.8,Arhar
102.9,15,99.3,0.4,6.4,Arhar
258.5,43.9,211.8,0.89,7.6,Arhar
130.8,24.2,93.6,0.62,6.3,Arhar
113,15,102.2,0.45,7.4,Arhar
231.8,35.9,189.8,0.88,6.1,Arhar
80,16,93.3,0.44,7.2,Arhar
139.3,22.3,140.6,0.56,6.5,Arhar
141.7,19.1,133.9,0.6,6.4,Arhar
171.6,32.3,158.8,0.77,8,Arhar
230.5,44.9,172.2,0.88,7.6,Arhar
104.6,15,80,0.48,6.2,Arhar
136.5,29.1,91.8,0.56,6.4,Arhar
105.2,15,139.3,0.52,7.8,Arhar
114.7,15.5,91.9,0.49,7.8,Arhar
180.3,29.3,168.4,0.74,7.7,Arhar
105.1,15.2,92.5,0.42,6.6,Arhar
269.6,41.9,220,0.91,7.7,Arhar
111.2,18.1,82,0.54,6.2,Arhar
114.2,23,93.2,0.46,7.4,Arhar
128.3,22.2,149.8,0.5,7.3,Arhar
221,45.9,190.5,0.87,7,Arhar
113.6,15,80.9,0.46,7.9,Arhar
139.8,21.7,143.3,0.68,7.6,Arhar
88.3,20,82.3,0.44,6.7,Arhar
204.6,45.1,181.4,0.86,7.2,Arhar
189.3,28.2,161.1,0.74,7.7,Arhar
133.8,18.1,112.2,0.56,6.2,Arhar
212.5,39.9,166,0.74,7.4,Arhar
268.4,45.7,212.3,0.95,6.1,Arhar
174.8,27.7,155.8,0.69,7.3,Arhar
88.5,15,115.9,0.49,7.9,Arhar
273.1,44.4,217.5,0.98,7.9,Arhar
127.7,15,135.3,0.6,7.8,Arhar
246.6,44.9,206,0.85,7.4,Arhar
182.3,28.9,147.7,0.65,7.8,Arhar
265.5,46.1,220,1,7.6,Arhar
118.1,22,117.2,0.5,6.4,Arhar
137.7,16.8,99.3,0.49,6.7,Arhar
87.3,15,101.2,0.51,6.2,Arhar
126,15,83.3,0.42,8,Arhar
119.1,15,91.3,0.53,7.9,Arhar
216.8,34.9,157.8,0.76,7.6,Arhar
97.9,15,127.6,0.41,7.3,Arhar
143.9,15,101.9,0.54,7.9,Arhar
181.4,29.7,160.3,0.68,7.9,Arhar
127.7,22.2,136,0.54,7.9,Arhar
80,15,88.4,0.45,6.8,Arhar
113.2,21.3,108.5,0.4,7.2,Arhar
135.7,15,112.8,0.56,7.8,Arhar
280,43.2,188.2,0.94,6,Arhar
274.4,47.1,210.1,0.95,7.1,Arhar
142.4,21.6,100.1,0.42,6.5,Arhar
82.8,15,80,0.45,7.6,Arhar
216.7,35.9,175.9,0.77,7.8,Arhar
151.7,24.8,128,0.57,6.7,Arhar
117.8,23.3,105.5,0.58,6.1,Arhar
280,47.4,220,0.91,7.2,Arhar
133.3,24.6,102.4,0.37,6.5,Gram
172.6,39.5,166.6,0.63,6.7,Gram
270.7,49.9,185.8,0.75,7.3,Gram
201.4,43.7,166.9,0.55,6.9,Gram
154.1,27.5,139,0.51,7.2,Gram
177.3,45.9,172.2,0.55,7.3,Gram
203.4,32.1,177.7,0.57,6.8,Gram
164.4,35.7,127.8,0.54,7.1,Gram
139.3,29.6,120.3,0.47,7.4,Gram
211.4,48.2,160.4,0.6,7,Gram
206,34.4,140.2,0.53,7.3,Gram
167.4,42.4,168.8,0.59,7.2,Gram
178.4,33.2,150.1,0.6,7.5,Gram
162,35.2,130,0.5,7.6,Gram
196.9,43.9,142.9,0.63,6.6,Gram
164.7,45.2,111,0.53,7,Gram
186.8,42.1,146.4,0.63,7.2,Gram
180.7,38.6,132.6,0.51,7.1,Gram
192.3,45,178.7,0.58,7.3,Gram
136.3,24,108.2,0.38,6.5,Gram
157.7,32.8,116.9,0.45,7.2,Gram
242.9,40.7,135.8,0.64,7.8,Gram
218.8,45.8,196,0.71,7.3,Gram
157.5,40.3,131.1,0.55,6.8,Gram
228.3,45.7,184.9,0.65,7.2,Gram
137.8,27.7,115.4,0.49,7.1,Gram
153.6,35.6,113,0.57,6.7,Gram
187.6,42.4,155.2,0.58,6.7,Gram
194.3,34.6,153.2,0.61,7,Gram
202.5,47.2,164.2,0.57,6.9,Gram
159.7,28.7,143.8,0.46,6.6,Gram
182.7,31.1,170.1,0.54,7.4,Gram
195.4,48.5,159.6,0.57,6.9,Gram
140,32.5,158.8,0.44,6.5,Gram
164.9,35.8,141.5,0.57,7.3,Gram
248.7,47.7,199.9,0.74,7.1,Gram
161.7,31.2,153.5,0.46,7.2,Gram
136.6,29.9,132.6,0.52,7,Gram
222,42.3,168.8,0.65,7.4,Gram
139.6,30.5,129.5,0.42,7.1,Gram
169.9,43.5,131.7,0.5,7.3,Gram
146.2,36.7,143.6,0.48,6.9,Gram
156.6,20.6,142.2,0.51,7.6,Gram
171,38.1,148.2,0.54,6.7,Gram
180.5,34.2,118,0.5,7.4,Gram
239.8,51.3,187.1,0.68,7.3,Gram
201.1,37.3,139.5,0.53,6.7,Gram
257.7,42.9,161,0.71,7.5,Gram
159.9,29.3,139.7,0.48,7.1,Gram
182.1,40.1,161.2,0.57,6.6,Gram
237.6,46.6,198.8,0.73,7.2,Gram
122.8,33.6,124.9,0.48,7.5,Gram
186.5,42.3,170.7,0.58,7.3,Gram
175.2,37.4,158.1,0.53,6.7,Gram
187.9,37.3,158.4,0.62,6.8,Gram
218.7,47.3,165.6,0.68,7.5,Gram
185.3,38.4,132.8,0.57,6.7,Gram
232,45.7,184.4,0.61,6.6,Gram
151,35.2,120.2,0.46,7.2,Gram
193.9,39.9,142.7,0.54,7.3,Gram
209.4,48.5,186.4,0.69,7,Gram
211.6,45.6,172.1,0.6,6.9,Gram
184.1,35.1,155,0.53,6.9,Gram
189,40.7,165.5,0.61,6.9,Gram
225.6,46.6,166.2,0.66,7.2,Gram
165,41,152.9,0.46,7.1,Gram
165.6,43.9,176.4,0.53,7.1,Gram
185,40.3,140.7,0.58,6.6,Gram
165.1,34.6,145.4,0.47,7.1,Gram
149.7,36.1,110.8,0.54,6.7,Gram
148.7,31.4,113.6,0.41,6.8,Gram
221.7,45.5,188.9,0.64,7.2,Gram
160.7,35.2,137.7,0.52,7.1,Gram
171.4,38.7,143.2,0.54,7,Gram
133.7,31.2,123.4,0.46,6.8,Gram
172.4,38.7,131.3,0.52,6.8,Gram
140,27,104.8,0.39,6.5,Gram
204.9,43.8,144.9,0.57,7.3,Gram
118.5,30.5,110.2,0.38,6.9,Gram
198.4,38.5,163.3,0.69,6.5,Gram
193.4,41.6,175.7,0.57,7.3,Gram
153.1,41.9,160.6,0.54,7,Gram
193.5,45.2,147.6,0.56,6.9,Gram
222.4,46.3,162.7,0.62,6.8,Gram
147.1,21.6,143.7,0.44,7.4,Gram
205.8,45.7,162.1,0.59,7.1,Gram
143.6,32.1,126,0.43,6.9,Gram
149.1,32.1,88.4,0.45,7.1,Gram
124.1,34.7,103.5,0.4,7.4,Gram
157,36,134.1,0.51,6.6,Gram
153.7,35.6,106.8,0.49,6.8,Gram
210,45.8,144.9,0.59,7.3,Gram
168.7,32.8,144.1,0.49,6.7,Gram
153.3,34.8,129.1,0.42,6.8,Gram
159.9,40.3,110.6,0.46,7,Gram
160.8,33.1,124.1,0.58,7.3,Gram
172.5,39.9,159.3,0.53,6.7,Gram
165.2,32.7,133.7,0.47,6.8,Gram
160.4,40.9,119.2,0.45,6.9,Gram
203.4,40.9,171.2,0.63,7.3,Gram
202.4,34.2,135.9,0.59,7.5,Gram
124.7,38.5,153.6,0.45,6.3,Gram
123.1,20.7,93.4,0.43,7.7,Gram
240,47.6,162,0.68,7.7,Gram
246.6,50.3,201.5,0.61,6.5,Gram
230.4,44.9,192.4,0.73,6.6,Gram
127.1,27.5,139.8,0.51,7.3,Gram
133.9,25.6,141.3,0.45,7,Gram
194.5,44.8,168.3,0.65,6.6,Gram
155.5,38.4,130.4,0.53,6.7,Gram
145.8,30.2,118.1,0.46,7.4,Gram
156.4,41.1,131,0.56,7.3,Gram
165.8,34.4,150.2,0.48,6.5,Gram
177.1,41.1,171.6,0.65,6.5,Gram
265.8,56,198.1,0.77,6.6,Gram
214.7,45.9,159.1,0.64,7.1,Gram
132.6,27.4,112.1,0.4,6.7,Gram
189.2,38.7,150.2,0.59,7,Gram
214.6,55.9,180.7,0.65,7,Gram
187.6,36.5,145.8,0.58,7.5,Gram
169.8,35.8,159.4,0.58,7.9,Gram
167.8,42.3,152.8,0.59,6.7,Gram
91,23.4,86.8,0.41,6.7,Gram
222.6,41.6,184.7,0.67,6.7,Gram
184.1,34.7,137.6,0.55,7.4,Gram
163,36.9,149.3,0.54,7.7,Gram
205.9,36.9,170.2,0.55,7.7,Gram
188.7,39.1,171.1,0.55,6.4,Gram
231.2,44.1,181.7,0.66,6.6,Gram
164.2,28.5,129.8,0.46,7.1,Gram
203,52.4,195.5,0.62,7.1,Gram
235.2,40.1,201.9,0.66,6.4,Gram
154.6,39.3,123.3,0.5,7.3,Gram
248.1,42.3,191.6,0.7,7.7,Gram
202.9,35.3,177.1,0.55,6.6,Gram
147.8,31.3,138.2,0.47,6.7,Gram
242.9,46.7,211.6,0.64,6.3,Gram
97.4,20,120.9,0.4,7.5,Gram
260.5,52.7,211.8,0.73,7,Gram
135.7,35,130.2,0.48,6.3,Gram
200.7,36.9,183.3,0.66,7.4,Gram
212.8,44.1,172.1,0.76,7.7,Gram
211.6,39.3,134.2,0.61,7.4,Gram
214.7,45.1,183.1,0.64,7.2,Gram
194.6,30.8,143.2,0.65,7.9,Gram
172.5,37.8,151.9,0.53,6.9,Gram
205.7,44.2,176.2,0.65,6.9,Gram
159.4,48.3,178.3,0.49,7.1,Gram
192.2,39.8,154.1,0.65,6.9,Gram
88.8,20,81.3,0.3,7.5,Gram
172.3,41.8,150,0.56,7.3,Gram
103.6,20.5,109.4,0.36,7,Gram
157.5,32.2,146.5,0.5,6.9,Gram
236.8,44.5,182.5,0.71,7.9,Gram
166.1,33.8,149.9,0.45,7,Gram
136.6,29.5,117.6,0.45,6.5,Gram
182.6,45.6,161.1,0.53,7.8,Gram
208.5,35.9,144,0.55,7.2,Gram
232.5,46,167.8,0.72,6.5,Gram
115.3,21,88.4,0.38,7.8,Gram
146.6,36.3,123.9,0.48,7.2,Gram
180.5,33.7,163.1,0.58,7.3,Gram
188.7,48,162.5,0.56,7.2,Gram
165,33.7,137.4,0.51,7.4,Gram
225,46.3,167.6,0.58,6.6,Gram
192.6,37.9,154.1,0.57,6.8,Gram
272.7,46.4,182.4,0.7,7.9,Gram
256.3,55.2,217.9,0.73,7,Gram
135.5,27.8,110.1,0.46,6.7,Gram
143.3,31.3,146.5,0.5,6.3,Gram
229.2,52.4,205,0.64,6.8,Gram
264,53.9,186.8,0.7,6.6,Gram
178.5,44.4,154.1,0.5,7,Gram
111.9,22,103.2,0.41,6.2,Gram
239.1,45.6,194.4,0.68,7.3,Gram
189.3,48.7,141.1,0.57,6.8,Gram
185.6,33.2,132.7,0.54,6.4,Gram
186,32.9,164.8,0.53,6.4,Gram
186.7,41.7,188.4,0.55,7.1,Gram
242.8,47.9,166.9,0.68,6.8,Gram
187.9,38.9,171.4,0.54,7.2,Gram
105.1,23.9,137.7,0.38,6.9,Gram
145.7,30,135.3,0.42,7.6,Gram
164.1,37.5,121.4,0.53,6.8,Gram
181.3,42.4,125.2,0.56,6.9,Gram
184.2,34.3,122.2,0.5,7.6,Gram
243.5,47.3,184.1,0.7,7.6,Gram
175.6,40.9,127.8,0.53,6.4,Gram
207.1,41.5,165.9,0.57,6.7,Gram
129.6,29.6,105.8,0.39,6.8,Gram
190.2,33.5,148.6,0.54,7.7,Gram
160,35.3,134.1,0.56,7.1,Gram
222.2,51.7,188.2,0.65,6.5,Gram
100,23.4,102.9,0.35,7.4,Gram
139.9,39.9,120.9,0.49,7.1,Gram
197.9,43.4,155.5,0.6,6.9,Gram
181.9,35.1,146.3,0.59,6.7,Gram
212.2,40.3,163.6,0.61,6.5,Gram
102.2,22.3,83.9,0.38,6.7,Gram
176.5,28.8,120.4,0.5,7.6,Gram
196.5,48.1,162.5,0.56,7,Gram
185.8,37.8,162.6,0.62,7.3,Gram
173.2,40.3,137.6,0.52,6.9,Gram
164.5,39.9,156.6,0.51,6.8,Gram
190.8,41.2,143.7,0.56,6.9,Gram
125.1,20,117,0.42,7.7,Gram
197.9,42.8,140.4,0.56,7.5,Gram
226.5,51.6,175.3,0.66,6.9,Gram
188.5,41.4,169.8,0.64,7.1,Gram
162.7,36.8,151.8,0.6,7.6,Gram
163.7,30.1,133.8,0.48,7.2,Gram
245.8,44.5,204.9,0.72,6.2,Gram
153.6,36.2,172.6,0.5,6.7,Gram
160,25.5,113.3,0.44,7.2,Gram
104.6,25,100.6,0.35,7.4,Gram
187.1,37,139.4,0.56,7,Gram
228,54.9,164,0.65,7.3,Gram
136.4,32.6,106.3,0.4,6.7,Gram
204.3,39.3,143.1,0.55,6.7,Gram
145.3,31,135.3,0.46,6.9,Gram
220.9,48.3,190.6,0.69,7.3,Gram
113.5,24.9,101.3,0.37,6.9,Gram
104.5,31.5,114.9,0.42,6.8,Gram
264.5,49.5,205.2,0.73,6.6,Gram
172.8,41.8,150.6,0.57,6.7,Gram
236.6,50.9,176.8,0.72,7.2,Gram
222.2,43.6,158.6,0.67,7.2,Gram
178.6,34,132.1,0.41,6.8,Gram
259.9,55.4,206.6,0.78,7.3,Gram
178.8,35.5,159.9,0.64,7.7,Gram
197.8,36.5,133.4,0.53,6.9,Gram
144.8,28.3,132.3,0.42,7.6,Gram
232.8,49,194.5,0.66,6.6,Gram
235.5,42.4,198.5,0.71,6.3,Gram
186,38.5,180.4,0.58,7.3,Gram
187.6,36.4,155.9,0.57,6,Gram
254.6,55.4,180.7,0.75,7.5,Gram
137.7,29,136,0.42,6.5,Gram
173,31.4,131.3,0.41,7.1,Gram
192.4,37.8,139.9,0.56,6.9,Gram
106.3,29.3,106.4,0.35,7.1,Gram
157.3,47.3,140.2,0.5,6.9,Gram
117.4,36.1,89.9,0.43,7.1,Gram
128.3,27.6,107.2,0.47,6.7,Gram
177.7,41.5,175.2,0.59,7.6,Gram
166.2,29.2,127.2,0.54,7.2,Gram
266.7,48.7,173.4,0.69,7.5,Gram
131,35.8,106.1,0.43,6.9,Gram
174,41.6,142.7,0.55,7.2,Gram
220,43.4,192.6,0.62,6.1,Gram
233.3,52.5,168.9,0.67,7.2,Gram
256.8,50.9,189.9,0.69,7.1,Gram
120.3,20.9,111.4,0.37,6.5,Gram
198.6,38.7,157.8,0.6,6.4,Gram
140.4,36.8,122.6,0.49,7.5,Gram
161.5,37.9,123.7,0.51,6.7,Gram
199.5,52.1,176.2,0.73,6.3,Gram
214,40.5,163.3,0.67,7.4,Gram
189.8,41.6,147.4,0.45,6.7,Gram
182.9,39.5,136.2,0.53,7.3,Gram
198.4,47.3,177.5,0.63,6.9,Gram
139,26.2,128.4,0.44,7.6,Gram
198.5,44.3,164.3,0.62,6.8,Gram
152,37.7,159.8,0.44,7.2,Gram
109.4,26.8,108.2,0.45,7.9,Gram
121.7,24.8,127.3,0.39,6.8,Gram
156.3,31.2,116.9,0.51,7.2,Gram
120.2,27.9,104,0.42,6.9,Gram
128.3,24.6,146.4,0.41,7.4,Gram
110.6,32.7,90.6,0.35,7.1,Gram
177,32.3,110.8,0.52,6.5,Gram
240.5,51.1,200.1,0.62,7.1,Gram
106.1,22.1,83.6,0.43,7.3,Gram
105.5,20.5,95,0.37,6.7,Gram
149.8,31.4,139.9,0.54,6.7,Gram
206.9,45.5,168.9,0.63,6.9,Gram
260.9,49.1,205.2,0.73,7.7,Gram
163.3,32.9,124.9,0.46,7,Gram
142.4,35,129.9,0.46,7,Gram
178.2,34,129.3,0.58,7.3,Gram
155.3,36.7,148.5,0.45,6.9,Gram
156.9,27.7,172,0.46,6.1,Gram
131.4,29.7,97.4,0.46,7.5,Gram
152.4,37.1,127.5,0.54,7.2,Gram
164.6,29.6,98.8,0.46,7.1,Gram
166.9,38.1,132.7,0.5,7.1,Gram
155.1,29.4,127.5,0.54,6.5,Gram
256.3,55.7,210.8,0.73,6.5,Gram
273.5,58.4,208.3,0.74,7,Gram
209.4,39.2,155.3,0.58,6.5,Gram
259.5,51.6,220,0.69,6.5,Gram
186.5,43.5,128.2,0.57,6.4,Gram
213.3,47.8,214.1,0.64,6.6,Gram
185,35.7,154.7,0.64,6.8,Gram
157.6,33.9,139.9,0.49,6.3,Gram
147,27.9,131.7,0.56,7.7,Gram
170.2,37,113.6,0.48,7,Gram
235,45.5,176.3,0.64,6.5,Gram
179.7,31.7,164.7,0.66,7.8,Gram
177.8,43.5,117.1,0.58,6.9,Gram
136.5,29,129.2,0.51,7.1,Gram
135.1,35.3,133.2,0.39,7.1,Gram
158.1,30.3,119.5,0.4,7.2,Gram
142.9,38.5,115.4,0.44,6.3,Gram
214,49,160.7,0.61,7.5,Gram
200.5,46.4,174.5,0.62,6.9,Gram
180.5,38.3,159.9,0.55,7.5,Gram
188.8,40.1,157.9,0.64,6.5,Gram
184.3,41.1,155.3,0.64,7.1,Gram
143.8,30.8,153.7,0.51,6.7,Gram
182.6,36.9,154.4,0.67,7.4,Gram
164.8,36.7,154.9,0.53,7,Gram
151.5,29,135.2,0.53,7,Gram
218.4,42.3,154.1,0.63,7.5,Gram
208.8,38.6,160.6,0.63,7.1,Gram
194.6,37.3,142.6,0.43,7,Gram
224.1,52,156.6,0.62,7,Gram
162.7,25.9,97.4,0.4,7.1,Gram
159.1,34.4,120.9,0.49,6.8,Gram
133.6,30,112.6,0.4,6.7,Gram
169.3,35.5,170.9,0.52,7.3,Gram
170,33.7,127.3,0.53,7.5,Gram
187.6,44.7,160.9,0.56,7.2,Gram
277.8,57.8,195.1,0.78,7.5,Gram
143.8,34.1,128.9,0.45,6.8,Gram
220.9,54.1,178.3,0.62,7.1,Gram
173.5,46.8,145.3,0.54,6.8,Gram
221.8,43.7,171.1,0.66,7.4,Gram
168.9,39.3,147.5,0.51,6.7,Gram
207.3,38.6,180.7,0.62,6.2,Gram
115.6,31.9,97.7,0.39,6.9,Gram
119.9,34.5,93.5,0.47,6.9,Gram
132,30.6,121.7,0.45,7.2,Gram
191.7,36.3,181,0.6,6.9,Gram
221.8,48.5,148,0.65,7.1,Gram
137.8,28.6,157.1,0.41,7.5,Gram
250.9,54.5,173.8,0.68,7.1,Gram
158.1,32.4,146.8,0.5,6.1,Gram
134.4,37.9,142.6,0.48,6.4,Gram
212.6,45.8,182.7,0.63,7.6,Gram
159,32.9,144.5,0.55,7.2,Gram
241.8,41.4,174.4,0.75,7.4,Gram
158.1,31.4,142.2,0.47,6.6,Gram
235.6,51.7,174.6,0.72,7.2,Gram
174.8,33.2,133.9,0.59,7.7,Gram
265.3,47,211.1,0.77,7.6,Gram
220.7,50.1,176,0.62,6.5,Gram
247.6,47,177.9,0.71,7.8,Gram
216.5,42.2,175.8,0.57,7.3,Gram
266.2,42.3,180.6,0.75,6.5,Gram
126.3,26.5,138.5,0.42,7.1,Gram
251,52.8,220,0.72,6.9,Gram
207.7,35.9,168.1,0.6,6.8,Gram
180.8,30.7,143.6,0.54,6.2,Gram
86.7,21,114.4,0.42,6.7,Gram
242.6,46.3,198.5,0.75,8,Gram
211,45.6,179,0.67,7,Gram
251.3,54,179.4,0.69,7.6,Gram
280,55.7,209.9,0.8,7,Gram
129.6,20.3,95.7,0.42,7.3,Gram
263.3,45.4,206.3,0.74,6.1,Gram
259.8,49.6,179.3,0.73,7,Gram
275.6,50.1,171.9,0.72,7.2,Gram
113.8,20,137.3,0.33,6.4,Gram
164.3,33.8,131,0.45,7.2,Gram
235.5,49.3,210.8,0.72,8,Gram
117,29.4,131.3,0.46,7.6,Gram
203.2,48.8,147.5,0.63,7.2,Gram
154.2,35.1,155.2,0.58,6.6,Gram
127.2,33.1,127.7,0.51,7.2,Gram
165,25.6,172,0.53,8,Gram
226.5,43.5,139.2,0.67,6.5,Gram
136.3,23.8,137.6,0.48,6.2,Gram
138.2,28.4,124,0.39,7.8,Gram
117.9,23.9,104.4,0.43,7.8,Gram
129.3,25.1,121.9,0.47,6.5,Gram
124.5,20.4,110.6,0.33,8,Gram
155,34.4,133,0.45,7.5,Gram
278,47,220,0.72,6.1,Gram
205.9,40,184.1,0.61,7.7,Gram
259.7,50.5,213.8,0.76,7.9,Gram
197.4,37.9,153.2,0.63,6.6,Gram
185.9,41.7,155,0.59,6.9,Gram
246.9,56.2,201.8,0.73,7.1,Gram
276.6,52.2,200.3,0.78,7.5,Gram
107.1,30,91.5,0.47,6.9,Gram
275.7,60,218.5,0.78,6.7,Gram
99,20,101.1,0.38,7.9,Gram
195.6,53.6,184.9,0.66,7.1,Gram
207.8,36.4,158.1,0.62,7.4,Gram
113.2,23.9,91.1,0.35,6.9,Gram
93.1,20,83.3,0.4,6.4,Gram
86.2,22.8,108.7,0.36,6.1,Gram
280,52.2,220,0.8,7.7,Gram
234.8,49.5,184.4,0.8,6,Gram
176.7,38.6,170.5,0.56,6.4,Gram
151.8,21.1,112.5,0.47,7.9,Gram
81,20,103.6,0.3,7.6,Gram
168.8,38.7,156.6,0.58,6.9,Gram
246.8,54.3,196.9,0.71,7.3,Gram
170.2,37.5,161.3,0.58,7.1,Gram
121.5,32.4,109.8,0.45,7.9,Gram
99.4,21.2,87.6,0.39,7.9,Gram
195.2,40.7,166.2,0.55,7.2,Gram
164.9,36.6,160,0.44,6.8,Gram
197.4,40.4,141.7,0.61,7.7,Gram
102.3,20,102.5,0.38,7.7,Gram
167.6,46,113.2,0.6,7.4,Gram
201.1,42.5,149.5,0.6,6.3,Gram
196,42.3,161.9,0.59,6.7,Gram
90.7,31.4,88.4,0.37,6.9,Gram
93.6,31.6,98.2,0.41,7,Gram
238.7,46.6,191.9,0.7,6.7,Gram
261.8,50.7,220,0.75,6.7,Gram
263.4,54.3,220,0.74,7.4,Gram
157.5,28.9,122.7,0.44,6.8,Gram
280,53.1,220,0.74,6.1,Gram
109.4,23.5,118.1,0.41,6.5,Gram
95.1,20.2,80,0.3,7.7,Gram
242.7,42.6,220,0.64,7.1,Gram
108.4,23.4,95.9,0.39,6.1,Gram
231.2,50.4,210.1,0.75,7.9,Gram
82.6,20,103,0.34,7.9,Gram
143.7,38,136.9,0.48,7.4,Gram
108.5,27.6,129.9,0.39,7,Gram
138,30.6,135.8,0.45,6.5,Gram
217,48,212.7,0.74,6.5,Gram
140.7,33.9,141.8,0.54,7.1,Gram
105.9,23.2,87.1,0.36,7,Gram
146.3,30.7,141.2,0.52,7.6,Gram
122.8,25.4,115.1,0.38,6.6,Gram
266.3,39.8,178.9,0.71,8,Gram
178.7,35.3,150.3,0.61,7,Gram
136.2,23.3,92.5,0.44,7.4,Gram
169.9,31.2,154,0.51,7.7,Gram
170.8,33.2,149.6,0.5,7.9,Gram
262.5,44.3,195,0.75,6.1,Gram
219.6,45.1,187.6,0.63,7.1,Gram
280,52.4,201.6,0.76,7.4,Gram
212.8,44.1,171.7,0.66,6.2,Gram
253.4,43.7,198.5,0.69,6,Gram
172.7,31.5,166.3,0.51,7.6,Gram
112.8,29.9,122.9,0.47,7.4,Gram
116.4,20,106.4,0.37,6.5,Gram
92.4,20,100.2,0.34,6.1,Gram
253.6,51.4,155.9,0.73,6.6,Gram
178.2,41.3,157.5,0.58,6.1,Gram
82.2,24.9,105.3,0.35,6.8,Gram
280,57.1,220,0.77,7,Gram
190.9,32.5,118.9,0.45,7.4,Gram
205.1,35.7,127.9,0.57,7.1,Gram
183.1,28.4,157.1,0.52,6.1,Gram
164.7,37.6,103.9,0.56,6.7,Gram
256.8,55.7,220,0.72,6.8,Gram
280,60,220,0.8,7.4,Gram
196.5,36.5,171.9,0.67,6.3,Gram
206.6,35.9,138.2,0.57,7.9,Gram
145.7,21.7,102.6,0.42,6.7,Gram
164.2,35.4,135,0.52,6.7,Gram
99.4,20.3,112.7,0.44,6.3,Gram
233.1,48.8,184.8,0.74,6.6,Gram
280,60,218.3,0.74,7.5,Gram
209.4,46.2,162,0.59,6.9,Gram
122,20.1,112.8,0.41,6.4,Gram
127.4,25.4,114.6,0.41,7.1,Gram
261.6,57.4,220,0.77,7.4,Gram
214.8,33.3,160.9,0.58,6.1,Gram
80,20,96.2,0.32,7.4,Gram
261.8,56.5,204.2,0.69,7.9,Gram
262.1,53.7,177.5,0.69,7.5,Gram
186.5,37.3,141.6,0.52,6.4,Gram
255.7,48.8,204.9,0.77,6.5,Gram
195,47.2,156.7,0.68,7.3,Gram
186.7,30.3,140.3,0.54,7.7,Gram
198,51.3,160.1,0.65,6.7,Gram
131,31.4,135.2,0.42,7.5,Gram
243.2,47,141.8,0.62,6.8,Gram
202.5,31.7,121.5,0.56,6.4,Gram
251.8,51.4,220,0.79,7.7,Gram
248.4,46.4,211.7,0.8,6.2,Gram
234.6,40.4,193.8,0.72,7.8,Gram
192.8,35.3,157.7,0.6,7.6,Gram
138.4,31.2,118.5,0.43,6.2,Gram
101.6,23.4,85.4,0.3,6.5,Gram
240.7,49.4,207.1,0.73,6.5,Gram
235.7,45.6,173.9,0.65,7.9,Gram
196.5,39.7,166.7,0.57,7.2,Gram
87.2,20,81.1,0.3,7.4,Gram
123.3,22.4,95,0.38,6.2,Gram
226.7,38.3,131.3,0.61,6.1,Gram
169.9,31.5,148.5,0.51,7.7,Gram
129.8,33.1,122.9,0.46,6.5,Gram
265.4,44.8,220,0.8,6.1,Gram
88.1,20,101.7,0.37,7.1,Gram
164.2,37.5,129.5,0.54,7.6,Gram
278.6,58,193.8,0.76,6.6,Gram
229,42.9,180.6,0.63,7.7,Gram
84.1,20,80,0.3,6.5,Gram
90.8,24.2,98.9,0.36,7.5,Gram
209.9,44.3,154.2,0.64,6.9,Gram
169.4,28.2,134.3,0.56,7.1,Bajra
163.1,27.6,129.2,0.46,7,Bajra
208.3,34.8,174.4,0.57,7.4,Bajra
142.7,26.2,128.2,0.4,6.8,Bajra
259.9,46.1,202.5,0.71,7.3,Bajra
215.5,31.8,190.8,0.64,7.5,Bajra
112.3,19.3,99.7,0.33,7,Bajra
231.5,39.4,152.6,0.64,7.5,Bajra
180.2,28.4,148.8,0.56,7,Bajra
189.2,37.5,132,0.57,7.2,Bajra
257.5,39,163.6,0.62,7.1,Bajra
157,27.8,100.1,0.44,7,Bajra
281.3,42.7,182.9,0.74,7.9,Bajra
224.1,33.3,190.6,0.58,7,Bajra
204.9,30.8,165.2,0.6,7.6,Bajra
197.1,35.4,158,0.58,7.2,Bajra
163.7,28,143.7,0.49,6.7,Bajra
190.8,35.7,176.2,0.58,6.8,Bajra
198.6,29.7,122.6,0.52,7.4,Bajra
211.1,35.2,141.5,0.61,6.8,Bajra
186.3,24,140.2,0.57,7.3,Bajra
143.8,30.3,124.4,0.48,7.3,Bajra
212.6,27.4,166.3,0.59,7.1,Bajra
244.5,41.6,185.1,0.65,7.2,Bajra
150.1,30.9,134.9,0.5,7.2,Bajra
202.7,34.9,179.7,0.53,6.9,Bajra
229.2,32,171.7,0.55,7.2,Bajra
192.3,30,153.4,0.56,7.1,Bajra
275.1,46.5,193.2,0.77,6.9,Bajra
146.6,24,137.6,0.42,6.6,Bajra
156.2,25.3,163.4,0.58,7.3,Bajra
168.8,26.6,157.1,0.51,8,Bajra
230.5,30,135.7,0.61,7.9,Bajra
160.7,29.8,118.1,0.54,7.6,Bajra
145.5,27.4,137.8,0.44,7.7,Bajra
169.2,30.1,131.4,0.45,7.2,Bajra
186.7,25.8,135.2,0.5,7.2,Bajra
176.2,32.9,138.5,0.52,7.8,Bajra
176.6,27.7,128.6,0.5,7.3,Bajra
160.5,27,127,0.45,7,Bajra
221,32.8,169.4,0.64,7.7,Bajra
176.7,32,131.9,0.57,7,Bajra
174.7,27.5,151.3,0.54,7.8,Bajra
182.6,37.9,137.7,0.57,7.4,Bajra
194.4,30.9,150.1,0.6,7.1,Bajra
164.2,26.6,153.3,0.52,7.1,Bajra
248.8,38.2,187.6,0.65,7,Bajra
176,27.3,136.7,0.58,6.8,Bajra
178.6,37.8,134.6,0.6,7,Bajra
93.6,23.2,107.7,0.39,7.4,Bajra
199.1,32.9,189.2,0.63,6.9,Bajra
237,33.1,155.3,0.64,7.7,Bajra
228.1,33.1,143.9,0.61,7.8,Bajra
123.3,18.1,100.2,0.38,7.4,Bajra
155.2,30.4,137.2,0.5,7.1,Bajra
198.2,36.4,158.8,0.62,7.1,Bajra
150,23.5,133.5,0.44,7.3,Bajra
132.7,16.9,109.6,0.42,7.8,Bajra
173.9,32.2,152.9,0.59,8,Bajra
127.2,17.3,107.1,0.38,8,Bajra
227,41.7,215,0.63,7.4,Bajra
156.8,24.2,150.9,0.48,7.3,Bajra
127.1,29.6,111.7,0.42,7.6,Bajra
179.6,28.9,150.4,0.53,7.6,Bajra
226.3,37.2,170.1,0.61,7.3,Bajra
141.5,30.6,140.8,0.49,7.2,Bajra
235.6,37.6,184.3,0.66,7.5,Bajra
213.5,35.2,167.4,0.57,7.4,Bajra
191.9,25.8,172.7,0.54,7.5,Bajra
222.2,32.7,183.1,0.59,6.8,Bajra
220.2,30.2,171.3,0.61,7.6,Bajra
227.9,31.1,173.4,0.67,8,Bajra
139.9,20.2,112.4,0.4,6.9,Bajra
186.7,26.8,161.3,0.57,7.5,Bajra
164.5,29.8,143,0.49,6.9,Bajra
173.8,27.1,139.6,0.5,6.9,Bajra
172.4,34.5,141.5,0.51,7.3,Bajra
225.2,36.6,163.9,0.52,6.6,Bajra
148,20.2,135.2,0.49,7.2,Bajra
184.9,34.2,181.7,0.61,6.8,Bajra
200.7,23.9,129.7,0.59,8,Bajra
150.7,28.1,135.4,0.52,7.4,Bajra
232.6,36.5,176.9,0.67,7.4,Bajra
147,25.9,117.1,0.48,7,Bajra
205,29.1,152.6,0.5,7,Bajra
156,18.5,131.5,0.55,7.3,Bajra
167.5,26.3,105.5,0.46,7.6,Bajra
225.9,37.2,142.5,0.63,7.6,Bajra
211,28.2,130.5,0.52,7.6,Bajra
224.5,38,172.8,0.66,6.8,Bajra
219.3,34.3,188.8,0.63,7.5,Bajra
195.5,32.9,126.4,0.56,6.8,Bajra
278,42.9,186.4,0.72,7.1,Bajra
211.3,36.2,174.4,0.63,7.1,Bajra
135.3,18.9,121,0.47,7.2,Bajra
179.1,29.3,129.3,0.49,6.9,Bajra
178.7,32.2,116,0.59,7,Bajra
217.4,31.9,159.9,0.6,7.4,Bajra
169.3,31.7,119.7,0.43,7.2,Bajra
185.7,34,158,0.57,7.2,Bajra
204.6,35.8,164.3,0.64,7.1,Bajra
296.2,43.2,220,0.68,7.5,Bajra
256.6,38.9,220,0.77,7,Bajra
267.1,42.8,205,0.76,7.3,Bajra
168.5,20.5,154.3,0.47,6.6,Bajra
161.7,16,140.1,0.46,8,Bajra
138.5,21.9,117.3,0.48,7.7,Bajra
211.8,33.5,191.2,0.63,6.3,Bajra
137.1,27.6,121.5,0.4,7.6,Bajra
80,15,101.2,0.3,7.3,Bajra
143.6,29.5,143.7,0.43,7.5,Bajra
215.2,36.8,179.4,0.65,6.9,Bajra
159.3,25.2,115.2,0.49,7.5,Bajra
247.7,30.2,187.1,0.67,6.5,Bajra
149.2,20.1,139.3,0.46,7.6,Bajra
201,34.3,135.5,0.51,6.9,Bajra
254.6,42.9,205.2,0.74,7.9,Bajra
169,28.3,139.1,0.54,7.6,Bajra
241,41.7,170.1,0.65,7.9,Bajra
142.9,24.6,139.2,0.43,7.7,Bajra
130.7,20.2,116.4,0.45,8.1,Bajra
148.9,20.3,152.1,0.43,7.9,Bajra
189.3,31.2,161.4,0.58,7.5,Bajra
207.6,33.6,178.2,0.63,7.1,Bajra
155.6,31.3,156.9,0.46,7.7,Bajra
170.7,27.5,120.7,0.44,6.5,Bajra
242,38.2,160.6,0.63,6.9,Bajra
239.2,34.5,183.1,0.64,6.7,Bajra
147.2,16.3,107.3,0.4,7.4,Bajra
136.7,20.3,112.6,0.47,7.5,Bajra
139.9,27.7,135.4,0.47,7.3,Bajra
176,22.4,129.1,0.48,7.1,Bajra
226.2,35.7,145.7,0.6,7.4,Bajra
165.6,27,149.8,0.49,8.3,Bajra
195.7,35.5,174.9,0.6,6.8,Bajra
185.8,42.6,131.4,0.58,7.1,Bajra
162.6,20,141.6,0.45,6.7,Bajra
223.3,36.8,201.5,0.63,7.4,Bajra
173.3,28,139.1,0.44,6.4,Bajra
234.7,37.2,177.1,0.67,7.8,Bajra
229.6,37.1,164.7,0.6,7.8,Bajra
122.5,20.2,143.6,0.45,7.3,Bajra
230.9,38.6,168.3,0.62,6.8,Bajra
257.4,38.6,179.3,0.66,7.3,Bajra
162.9,37.8,162.4,0.54,7.2,Bajra
187.5,37.2,175.3,0.6,7.1,Bajra
164.3,23.4,128.8,0.49,7.6,Bajra
200.4,30.8,110.9,0.51,6.7,Bajra
181.7,30.7,150.9,0.56,8.2,Bajra
133,15,105.9,0.43,8,Bajra
191.7,31.9,163.1,0.63,7,Bajra
195.2,34.4,146.3,0.52,7.2,Bajra
178,31.9,122.8,0.5,7.4,Bajra
159,25.2,128.6,0.57,6.7,Bajra
93.2,15,103,0.38,6.8,Bajra
214.6,37.1,141.4,0.58,7.2,Bajra
223.8,41.3,184.6,0.63,7.9,Bajra
160.4,24.5,121,0.51,7.5,Bajra
132.8,22.5,108.3,0.39,7.6,Bajra
105.6,17.8,84.3,0.33,7.4,Bajra
257.1,43.4,195.5,0.69,7.2,Bajra
141.7,21.6,113,0.48,6.6,Bajra
248.5,35.4,179.3,0.69,6.3,Bajra
232.1,35,159.1,0.64,7.8,Bajra
207.8,34.1,168.7,0.57,7.2,Bajra
243.7,38.9,187.5,0.71,7.7,Bajra
161.8,32.4,140.2,0.53,6.9,Bajra
165.5,19.3,126.4,0.5,6.4,Bajra
171.5,25.2,142.7,0.54,8.1,Bajra
147.9,24.8,148.8,0.48,7.9,Bajra
171,33,134.5,0.55,7.4,Bajra
199.2,22.4,179.9,0.54,7.8,Bajra
239.9,40.9,196.5,0.66,8.2,Bajra
192.3,30.4,158.6,0.59,7.3,Bajra
174.3,24.5,123.9,0.47,6.5,Bajra
171.3,26.8,170.1,0.52,6.4,Bajra
231.8,43.2,180.7,0.65,7.5,Bajra
105.7,15.8,97,0.37,6.7,Bajra
175.4,28.4,142.8,0.59,7.3,Bajra
138.1,22.6,123.2,0.47,7,Bajra
165.2,34.6,164.3,0.54,7.4,Bajra
256,42.8,184.7,0.68,6.4,Bajra
211.4,35.4,181.6,0.59,7,Bajra
125,21.1,141.8,0.46,6.6,Bajra
213.5,36.7,177,0.64,6.8,Bajra
266.7,45.7,220,0.74,7.8,Bajra
156.5,22.3,161.3,0.45,7.9,Bajra
174.6,23.7,158.4,0.55,7.7,Bajra
149.3,22,116.8,0.42,8.2,Bajra
187.7,35.7,159.6,0.53,6.6,Bajra
187.2,28.2,169.9,0.52,6.8,Bajra
244.8,37.5,220,0.68,8.3,Bajra
135.1,20.8,96,0.39,7.3,Bajra
199.4,28.8,158.8,0.63,6.3,Bajra
228.1,36,178.8,0.6,7.6,Bajra
128.3,24.3,103.7,0.44,7.8,Bajra
192.9,32.6,172.3,0.58,7.6,Bajra
222,35.4,190.3,0.61,7.7,Bajra
181,30.6,161.6,0.53,7.5,Bajra
222.9,37,177.5,0.61,7.4,Bajra
243.2,41.9,190.2,0.68,8.3,Bajra
142,20.8,125.4,0.43,6.5,Bajra
265.6,40.3,170.7,0.63,7,Bajra
160.3,34.1,180.6,0.56,7.5,Bajra
131.6,20.5,120.8,0.46,7.1,Bajra
277.7,34.9,191.6,0.72,6.3,Bajra
212.4,35.9,169.3,0.6,7.1,Bajra
148.7,22.1,115.5,0.47,7.4,Bajra
131.6,22.7,118,0.5,6.9,Bajra
257.7,42,196.3,0.65,7.3,Bajra
145.3,23,113.8,0.42,7.6,Bajra
184.2,29.1,164.6,0.56,7.1,Bajra
139.2,18.1,110.4,0.39,8,Bajra
222.5,36.6,182.7,0.6,7.5,Bajra
186,29.7,146.4,0.51,7.6,Bajra
228.5,43.3,163.5,0.62,7.6,Bajra
171.9,28.3,147.5,0.49,6.8,Bajra
191.5,34.1,156.3,0.57,7.2,Bajra
194.6,37,156.9,0.55,7,Bajra
204.5,38.8,177.1,0.48,6.8,Bajra
209.4,30.9,150.6,0.59,7.7,Bajra
155.1,26.4,135.9,0.54,7.5,Bajra
118.8,15.9,109,0.33,8.1,Bajra
136,15,90.3,0.36,6.8,Bajra
158.5,22.6,99.6,0.5,8.3,Bajra
156.5,25.3,124.4,0.51,8,Bajra
140.9,26.7,92.9,0.49,7.3,Bajra
266,45,218,0.78,7.6,Bajra
137.2,23.9,134.4,0.41,6.5,Bajra
269.1,38.4,199.3,0.73,6.2,Bajra
129.9,19.4,123.9,0.45,7.6,Bajra
248.4,36,216.9,0.64,6.6,Bajra
176.2,34.9,138,0.59,7.1,Bajra
133.9,20.7,99.1,0.37,7,Bajra
160.4,27.8,149.2,0.47,7.5,Bajra
250.4,38.2,178.3,0.74,7.3,Bajra
124.1,25.8,131.4,0.47,7.3,Bajra
228.1,37.5,220,0.66,6.3,Bajra
149.9,26.2,123.1,0.46,7.7,Bajra
157.9,22.6,147.6,0.46,6.4,Bajra
233.3,32,153.5,0.68,6.7,Bajra
280.3,41.6,187.6,0.8,6.5,Bajra
226.7,35.9,176.7,0.61,6.5,Bajra
185.6,31.9,140,0.52,7.6,Bajra
185,30.9,117.9,0.47,6.9,Bajra
275.8,38.1,211.6,0.67,6.2,Bajra
201.8,30.5,161.4,0.59,6.5,Bajra
179.7,27.4,143.8,0.49,7.2,Bajra
218.4,36.1,146.5,0.59,7.9,Bajra
157.7,21.1,123.3,0.44,7.4,Bajra
156.1,21.8,114.4,0.48,6.6,Bajra
134.8,21.5,90.3,0.37,6.7,Bajra
146.5,21.7,132.9,0.47,6.8,Bajra
145.3,32.7,100.8,0.49,6.9,Bajra
150.7,24.2,115.6,0.46,7.2,Bajra
141.2,22.9,132.9,0.48,7,Bajra
204.8,31.9,164.2,0.55,6.8,Bajra
226.9,39.2,168.3,0.6,7,Bajra
84.8,18.2,85.4,0.37,7.5,Bajra
153.8,28.4,126.7,0.42,7.2,Bajra
130.2,23.5,119.5,0.4,8,Bajra
105.7,15,100.7,0.38,6.9,Bajra
125.2,20.5,95.4,0.38,7.8,Bajra
182.2,22.4,142.6,0.54,6.5,Bajra
247.2,36.8,204.5,0.62,6.9,Bajra
134.7,26.3,102.4,0.43,7.4,Bajra
194.4,27,115.6,0.51,6.4,Bajra
224.2,30.7,165.5,0.7,8.3,Bajra
209.4,32.7,175,0.68,7.5,Bajra
251.5,42.2,194.3,0.76,7,Bajra
256.1,45.8,178.8,0.74,6.6,Bajra
214.3,32,155.7,0.58,6.1,Bajra
159.7,31.9,96.8,0.47,7.3,Bajra
233.5,28.7,184.7,0.65,8.4,Bajra
266.4,48.5,172.8,0.72,7.7,Bajra
212.6,22.5,171,0.54,6.3,Bajra
118.6,22.3,103.2,0.39,6.7,Bajra
184.3,29.9,157.5,0.54,8.2,Bajra
222.1,35.2,176.8,0.63,7.3,Bajra
114.4,22.3,112.5,0.46,7.4,Bajra
176.2,19.6,123.2,0.5,7.8,Bajra
251.1,38.6,181.1,0.67,7,Bajra
173.8,24.1,99.7,0.54,6.8,Bajra
214.4,36.1,178.6,0.65,6.8,Bajra
141,20.7,128.6,0.4,7.3,Bajra
207.7,32.7,144.4,0.6,7.1,Bajra
179,28.5,117.9,0.52,6.8,Bajra
214,36.6,174.3,0.63,6.6,Bajra
177.9,19.8,105.6,0.37,8,Bajra
189.6,30.9,144.3,0.52,7.6,Bajra
165.1,27.3,166,0.47,7.5,Bajra
139.3,22.8,114.4,0.36,7.4,Bajra
165.6,34.2,108.8,0.49,7.3,Bajra
131.3,24.5,118.2,0.4,6.7,Bajra
158.7,23.6,125.8,0.45,7,Bajra
134,20.2,106.4,0.42,6.8,Bajra
155.7,27.7,107.8,0.51,6.8,Bajra
157.4,31.7,116.7,0.49,7.5,Bajra
155.3,28.5,146,0.56,7.2,Bajra
155.2,23.3,145.9,0.52,6.9,Bajra
140.8,23.4,111.6,0.48,6.7,Bajra
238,37.4,165.7,0.64,8.4,Bajra
266.5,48,205.8,0.67,7.6,Bajra
199.9,35.6,170.1,0.61,7.4,Bajra
144,25.6,119.6,0.45,7.5,Bajra
145.6,19.6,130.3,0.43,6.3,Bajra
131.5,22.6,118.2,0.39,7.5,Bajra
247.4,41.2,178.2,0.62,7.3,Bajra
223.8,33.6,160.5,0.6,6.6,Bajra
286.8,38.9,220,0.67,6.4,Bajra
238.2,40.5,194.6,0.7,7.7,Bajra
275.3,41.7,166.7,0.71,7,Bajra
245.2,35.1,220,0.71,7.9,Bajra
171.9,24.5,138.1,0.44,6.7,Bajra
181.2,32.4,128.4,0.54,8.1,Bajra
129.2,15,126.6,0.47,7.6,Bajra
166.3,34.1,126.1,0.51,7.4,Bajra
224.9,34.6,165.5,0.65,7.2,Bajra
211.1,33.4,131.1,0.55,6.6,Bajra
206.3,33.1,154.1,0.53,7.9,Bajra
227.2,34.1,184.2,0.7,8.3,Bajra
199.4,22.5,132,0.48,7.5,Bajra
175.5,26.9,152.6,0.56,7.6,Bajra
181.8,37.4,166,0.56,7.5,Bajra
141.1,21.7,111.3,0.38,7.3,Bajra
251.4,38.7,146.6,0.55,6.6,Bajra
249.8,45.4,211.4,0.73,7.8,Bajra
207.4,29.5,128.7,0.55,8.1,Bajra
165.2,25,132.7,0.55,7.3,Bajra
217.2,37.9,192.8,0.64,7.2,Bajra
226.7,38.8,167.6,0.61,7.5,Bajra
240.4,34.4,147.1,0.68,7.7,Bajra
233.8,37.3,182.1,0.62,7.5,Bajra
279.1,37.4,197.9,0.76,6.5,Bajra
168.4,25.6,148.6,0.58,8.3,Bajra
106.9,19.3,92.8,0.34,7.3,Bajra
200.2,32.6,161.7,0.58,6.7,Bajra
185.9,23.3,139.9,0.49,6.7,Bajra
273.3,42.5,202.4,0.73,6.8,Bajra
114.6,17,112.8,0.33,7.9,Bajra
209.6,33.1,164.4,0.63,6.1,Bajra
200.5,40.4,189.6,0.64,7.3,Bajra
190.6,33.5,140.3,0.58,7.1,Bajra
230,41.4,169.3,0.72,7.3,Bajra
194.9,28.2,130.3,0.62,7.7,Bajra
187.5,31.9,121.9,0.52,7.6,Bajra
212.4,35.6,194.1,0.6,8,Bajra
223.3,32.7,161.7,0.56,7.4,Bajra
148.1,19.7,105.3,0.48,7.1,Bajra
94.6,15,80,0.34,6.6,Bajra
282.1,45.3,207.4,0.77,6.9,Bajra
258,39.1,181.2,0.7,7.2,Bajra
150.2,25.2,117.8,0.48,6.1,Bajra
290.7,50,220,0.8,7.1,Bajra
123.3,15,137,0.46,6.3,Bajra
278,44.4,183,0.71,7.5,Bajra
185.9,31.3,147.9,0.54,6.8,Bajra
296.6,35,199.9,0.75,8.1,Bajra
300,46.7,199.2,0.73,6,Bajra
211.9,29.2,149.1,0.55,7.7,Bajra
136.4,16,129.1,0.38,8.5,Bajra
92,17.8,83.3,0.36,7.4,Bajra
248.8,45.3,196,0.68,8.3,Bajra
95.6,18.9,80,0.32,7.5,Bajra
229.9,43.6,197.3,0.67,7,Bajra
130.1,15.3,107.7,0.41,6.2,Bajra
182.5,22.8,162.8,0.59,8,Bajra
167.6,26,149.5,0.56,6.4,Bajra
181.6,26.5,142.9,0.47,7.9,Bajra
257.8,39.4,197.2,0.65,7.3,Bajra
272.9,49.3,185.3,0.66,7.1,Bajra
92.5,15,108.3,0.3,8.1,Bajra
157.2,24.8,133.5,0.46,7.7,Bajra
104.3,19.9,116.6,0.4,7.4,Bajra
116.2,15,80,0.41,6.2,Bajra
156.9,26.8,131.3,0.42,7.2,Bajra
251.9,39.9,187.2,0.7,7.3,Bajra
97.6,16.6,93,0.32,7.5,Bajra
222.7,32.5,195.1,0.73,6.2,Bajra
265.1,41.6,187.1,0.66,7.4,Bajra
122.6,15,121.4,0.3,6.3,Bajra
300,49.5,220,0.8,7.1,Bajra
90.2,20.4,117.1,0.41,6.9,Bajra
145.2,25.5,103.1,0.42,7.4,Bajra
122.2,21.3,81.9,0.33,8,Bajra
111.5,16.3,123.6,0.43,8.2,Bajra
93.8,23.2,100.7,0.35,7.2,Bajra
83.6,15,84.1,0.39,8.2,Bajra
250,30.6,173.9,0.58,8.4,Bajra
140.4,16.6,106.7,0.43,8.4,Bajra
192.5,31.6,156.4,0.53,6.2,Bajra
104.4,15.7,104.1,0.38,8.4,Bajra
196.2,37.5,181.5,0.61,7.7,Bajra
275.8,45.4,188,0.77,6.7,Bajra
229.3,40.3,156.3,0.64,6.4,Bajra
288.7,37.3,193.3,0.7,6,Bajra
132.1,21.8,105.7,0.43,7.9,Bajra
156.2,27.1,145.8,0.47,8.1,Bajra
117.3,17,97.1,0.33,8.3,Bajra
118.9,19.8,112.6,0.45,6.5,Bajra
116.4,23.7,108.8,0.42,7.9,Bajra
226.2,37.4,176.4,0.71,6.3,Bajra
283.3,41.9,211.5,0.78,8.1,Bajra
228.5,39.7,166.4,0.67,8,Bajra
155.5,16,128.9,0.46,8.3,Bajra
121,16.1,94.5,0.33,8,Bajra
278.8,42.6,197,0.8,7.2,Bajra
80,15,80,0.3,6.2,Bajra
295.8,49,206,0.8,7.6,Bajra
292,40.8,192.5,0.8,8.5,Bajra
300,46,220,0.78,7.8,Bajra
170.7,20.2,122.2,0.48,6.9,Bajra
213.5,37.1,158.7,0.61,7.6,Bajra
116.6,17.8,101.5,0.38,7.7,Bajra
249.8,41.3,179,0.68,8,Bajra
231,31.3,198,0.66,6,Bajra
200.7,27.4,139.5,0.55,8,Bajra
120.6,15.8,151.8,0.44,6,Bajra
117.6,15,131.7,0.39,8.2,Bajra
93.2,15,94,0.3,8.2,Bajra
223.5,30.2,159,0.61,6.2,Bajra
222.7,34.5,152.2,0.56,6.6,Bajra
227.8,34.6,177.9,0.57,6.8,Bajra
295.7,48,220,0.76,8,Bajra
253.2,41.5,204.3,0.75,6.4,Bajra
252.3,34.8,176,0.67,6.4,Bajra
269,47.5,170.8,0.79,7.5,Bajra
300,45.8,192.6,0.78,7.8,Bajra
291.3,50,220,0.75,6.5,Bajra
223.6,32.8,158.9,0.61,6.7,Bajra
195.1,33.8,189.6,0.58,6.7,Bajra
136.5,23.9,106.5,0.38,6.8,Bajra
114.8,15,91.9,0.35,6.3,Bajra
254.9,35.8,207.8,0.74,6.4,Bajra
277.7,50,220,0.78,7.6,Bajra
192.8,24.8,143.1,0.54,6.4,Bajra
191.9,34.2,171,0.6,7.9,Bajra
297.7,41,220,0.73,8.2,Bajra
188.1,32,172.5,0.58,6.3,Bajra
137.1,23.2,112.8,0.43,7.8,Bajra
245.2,45,184.9,0.7,8.1,Bajra
194.5,37.7,154.1,0.62,7.5,Bajra
294.1,50,220,0.79,7.5,Bajra
189.4,32,158,0.64,6.6,Bajra
189.6,26,198.8,0.56,8.3,Bajra
270.6,40.3,192.5,0.79,8,Bajra
266,42.9,214.1,0.72,7.5,Bajra
172.4,30.3,143,0.54,7.7,Bajra
250.3,40.8,200.2,0.65,8,Bajra
202.7,32.2,154.6,0.57,7,Bajra
104.1,15,104.8,0.39,8.4,Bajra
243.1,36,175.5,0.66,8.4,Bajra
250.6,32.8,170.1,0.65,8.2,Bajra
147.6,23.4,107.3,0.52,7.7,Bajra
244.3,42.8,214.8,0.7,6.3,Bajra
204.8,27.8,191.3,0.62,6.4,Bajra
255.9,35.6,193.2,0.69,8.1,Bajra
159.9,25.4,154.9,0.56,6.3,Bajra
227.8,35.7,165.1,0.61,8.4,Bajra
156.6,18.7,113.6,0.5,6.5,Bajra
278.2,39.2,202.3,0.69,6.4,Bajra
100.6,15,81.6,0.35,8.1,Bajra
92.2,15,99,0.34,6.7,Bajra
281.9,50,214,0.79,8.4,Bajra
122.7,22.9,119.8,0.45,7.2,Bajra
191.9,39.3,188.2,0.61,6.8,Bajra
253.9,40.8,175,0.67,7,Bajra
109,18.3,106.4,0.42,7.9,Bajra
241.4,40.1,174.3,0.68,7.9,Bajra
212.6,29.6,174.7,0.61,8.1,Bajra
199.6,32.2,125.8,0.53,6.8,Bajra
80.3,19.4,85.2,0.3,7.4,Bajra
276.2,46.4,197.3,0.68,6.3,Bajra
157.9,24.2,132.7,0.45,6.4,Bajra
222,30.2,132.6,0.59,8,Bajra
80,15,88.8,0.3,7.4,Bajra
118.6,15.3,91.8,0.37,6.3,Bajra
111.1,18.3,94.1,0.31,7.5,Bajra
155.6,24.3,111.4,0.42,7.5,Bajra
128.3,15,97.2,0.33,8.1,Bajra
235,36,168.3,0.59,6.2,Bajra
267.2,41.3,211,0.77,8,Bajra
112.5,20.9,113.2,0.32,7.1,Bajra
176.6,27.5,147,0.57,8.5,Bajra
300,42.6,220,0.71,8.3,Bajra
93.2,15,80,0.34,7.5,Bajra
292.4,41.7,188.2,0.74,6.6,Bajra
283.4,49.7,220,0.78,6.8,Bajra
94.7,16.7,106.8,0.36,6.5,Bajra
236.3,38.3,169,0.71,6.5,Bajra
222.1,42.3,173.7,0.7,7.7,Bajra
288.3,38.2,199.6,0.77,6.6,Bajra
252.4,44.3,167.8,0.67,7.3,Bajra
123.9,25.7,114.1,0.4,7.3,Bajra
230.4,29.5,146.2,0.57,6.2,Bajra
112.3,15,83.7,0.41,7.8,Bajra
185.8,22.6,178.6,0.4,6.5,Bajra
289.6,43.9,185.4,0.76,7.7,Bajra
290.3,40.1,187.5,0.73,7.4,Bajra
287.8,41.6,220,0.76,7.8,Bajra
183.9,30.1,115.9,0.54,7.8,Jowar
199.7,28.8,140,0.59,7.4,Jowar
253.2,36.4,168.1,0.64,7,Jowar
170.8,35.8,175.2,0.57,7.2,Jowar
199.7,37.9,145.9,0.59,7.6,Jowar
220.7,32.3,188.3,0.6,7.2,Jowar
130,25.7,80,0.36,7.6,Jowar
154.8,35.6,146,0.55,7.1,Jowar
185.7,23.5,141,0.46,6.7,Jowar
128.9,20.3,144.5,0.45,7,Jowar
172.9,29.3,155.3,0.55,7.7,Jowar
225,42.6,205.8,0.59,7.2,Jowar
127.8,15.2,116.5,0.39,7.6,Jowar
170.6,33.8,132.7,0.51,7.5,Jowar
169.1,26.2,145.3,0.42,7.4,Jowar
265.7,42.3,199.1,0.58,7.6,Jowar
243.3,48.4,193.6,0.69,7.3,Jowar
156.5,28.7,129.6,0.49,7.1,Jowar
134.1,30.2,151.2,0.47,7.3,Jowar
156.9,32.8,149.2,0.57,6.9,Jowar
169,33.3,177.5,0.56,6.5,Jowar
210.1,35.4,172.5,0.55,7,Jowar
228.2,36,158,0.59,7.1,Jowar
152.1,27.1,131.5,0.43,7.6,Jowar
246.4,36.5,181.9,0.62,7.4,Jowar
183.7,27.1,134.6,0.5,7.6,Jowar
165.6,29.6,118.2,0.45,7.7,Jowar
191,37.6,154.3,0.55,7.4,Jowar
193.4,29.4,153.3,0.51,7.8,Jowar
160.2,28.5,126.2,0.5,7.3,Jowar
213,31,177.5,0.57,7.8,Jowar
202.6,32.9,175.9,0.53,8.1,Jowar
224.5,28.8,156.1,0.59,7.5,Jowar
197.4,26.3,183.7,0.49,6.7,Jowar
186,34.5,131.7,0.57,7.3,Jowar
220,33.8,187.3,0.58,7.9,Jowar
161,28.7,112.7,0.44,6.8,Jowar
222.2,39.2,163,0.58,6.5,Jowar
247.1,42.1,201.8,0.63,7.5,Jowar
164.7,27.7,120.1,0.49,7.2,Jowar
229,32.9,143.8,0.56,7.4,Jowar
176.9,28.7,148,0.52,7.2,Jowar
105.9,21.5,119.9,0.35,7.1,Jowar
193.9,30.2,163.1,0.56,7.3,Jowar
167.5,22.5,140.1,0.43,7.3,Jowar
272.1,39.8,179.8,0.68,7.3,Jowar
140.9,24.1,132.1,0.45,7.4,Jowar
183,30.6,159.4,0.46,7.8,Jowar
204.9,34.3,189.4,0.66,6.9,Jowar
208.1,34.7,120.4,0.53,8.1,Jowar
199.9,31.5,150.9,0.54,7.6,Jowar
274.2,40.8,196.7,0.69,7.2,Jowar
132.1,26.3,143.7,0.52,6.9,Jowar
178.7,36,151.7,0.5,7.1,Jowar
266.4,36.5,178,0.64,6.7,Jowar
174.2,31.5,136.4,0.48,7.1,Jowar
147.1,25.9,135.6,0.5,7.7,Jowar
176.3,23.5,134.9,0.5,7.3,Jowar
244.8,37.3,189.7,0.66,7.8,Jowar
186,29.8,119.2,0.5,7.7,Jowar
175.9,29.2,137.3,0.6,6.6,Jowar
182.7,26.9,144.3,0.48,7.6,Jowar
217.9,35.5,140,0.67,7.1,Jowar
148.1,23.4,163.1,0.49,7,Jowar
221.2,35.9,169,0.58,7.5,Jowar
184.1,28.9,180.3,0.56,7.5,Jowar
174.4,30.9,135.8,0.52,7.1,Jowar
219.7,32.8,157.5,0.61,8,Jowar
257.7,36.6,175.9,0.64,7.3,Jowar
176.4,28.6,150.1,0.44,7.4,Jowar
186.5,30.9,152.8,0.59,6.9,Jowar
171.3,25.4,141,0.54,7.6,Jowar
195.1,27.5,158.4,0.55,7.1,Jowar
228.6,37.5,176.3,0.67,6.6,Jowar
210.3,32.7,130.3,0.59,7.2,Jowar
204.9,32.8,166.3,0.53,7.8,Jowar
177.7,20.1,142.4,0.52,7.6,Jowar
180.7,33.7,136.2,0.57,7.1,Jowar
224.2,36.7,175.8,0.67,7.6,Jowar
223.2,37.4,185.2,0.63,6.8,Jowar
125.5,20.4,107.5,0.34,7.4,Jowar
168.6,28.8,119.7,0.52,7.8,Jowar
180.1,27.3,161.1,0.41,7.6,Jowar
171.4,31.5,154.6,0.56,6.7,Jowar
227.2,38.4,165.8,0.6,6.7,Jowar
159.9,27.6,128.5,0.53,7.3,Jowar
183.9,31.7,125.1,0.46,7.1,Jowar
168.8,23.6,124.1,0.47,6.2,Jowar
194,30.3,147,0.57,7.3,Jowar
157.3,28,127.6,0.42,7.2,Jowar
149.1,24.7,101.8,0.45,7.3,Jowar
200.5,35,182.3,0.62,7.5,Jowar
162.3,29.2,132.4,0.51,7.2,Jowar
200.5,29.5,143,0.6,7.4,Jowar
270.5,43.3,198.2,0.8,8.1,Jowar
176.6,24.2,139.5,0.5,7.4,Jowar
144.9,18.9,127.3,0.42,7.6,Jowar
121.2,24.7,95.3,0.45,6.3,Jowar
160.9,32.5,137.3,0.51,7.9,Jowar
185.2,25.7,146.6,0.43,7.3,Jowar
125.5,18.7,108.1,0.38,6.2,Jowar
132.6,24.3,138.2,0.43,7.8,Jowar
292.9,40.8,220,0.74,7.7,Jowar
142,26.9,140.1,0.42,7.6,Jowar
143.5,23.9,115.6,0.5,6.9,Jowar
152.9,22,145.4,0.47,7.7,Jowar
154.1,25.4,141.5,0.54,7.7,Jowar
127.7,26.6,116.4,0.4,7.4,Jowar
180.1,34.8,141.3,0.58,7.6,Jowar
195.9,29.7,168.5,0.62,7.4,Jowar
284.4,38.8,198.3,0.69,6.4,Jowar
140.5,28.4,149.6,0.45,7.1,Jowar
237.1,40,201.8,0.67,7.8,Jowar
232.9,33.9,162.5,0.62,6.6,Jowar
111.8,15,108.2,0.37,6.5,Jowar
200.3,34.2,146.2,0.64,8,Jowar
276.2,39.6,220,0.73,7.9,Jowar
178.5,34.7,117.9,0.5,7.2,Jowar
219.1,41,166.1,0.61,7.1,Jowar
155.9,26.1,136.6,0.53,6.8,Jowar
154.3,22.4,149.1,0.45,6.5,Jowar
212.6,33.2,153.3,0.61,7.5,Jowar
234.2,27.6,153.2,0.63,6.6,Jowar
218.9,30.4,139.3,0.64,6.7,Jowar
135.4,28.6,103.7,0.53,7.3,Jowar
177.4,27.5,112.9,0.49,7.5,Jowar
215,32.3,147.7,0.55,7.1,Jowar
136.2,17.9,113.3,0.41,7.4,Jowar
141.6,20.1,129.8,0.48,7.7,Jowar
196.7,33.9,157.7,0.58,7.3,Jowar
245.7,34.8,160.1,0.61,6.9,Jowar
176.3,32.7,172.9,0.51,6.4,Jowar
216,37.4,168.5,0.61,7.2,Jowar
209.7,28.5,169.9,0.59,8,Jowar
219.2,40.7,185.7,0.67,7.3,Jowar
201,31.9,163.8,0.54,6.4,Jowar
198.5,36.5,155.8,0.53,7.2,Jowar
269.3,45.6,208.7,0.74,7.8,Jowar
157,17.6,108.1,0.45,6.4,Jowar
144.2,25.3,130.3,0.39,8,Jowar
225.6,31.6,189.1,0.63,7.7,Jowar
225.5,33.8,163.7,0.6,6.7,Jowar
184,23.1,139.7,0.47,7.7,Jowar
182.3,31.4,136,0.54,6.7,Jowar
219.7,39.7,191.2,0.71,8,Jowar
125.8,17.7,118.3,0.44,6.5,Jowar
113.3,20.9,109,0.44,7,Jowar
123.6,17.7,96.8,0.43,7.6,Jowar
130.3,19.8,116.7,0.38,6.9,Jowar
146,26.1,153.5,0.48,6.6,Jowar
206.4,32.9,149.7,0.59,8,Jowar
251,39.2,195.2,0.72,7.8,Jowar
136.2,24.9,125.3,0.44,7.1,Jowar
219.4,30.3,138.9,0.56,6.9,Jowar
121.5,17,125.4,0.41,7.6,Jowar
270.9,36.2,210.2,0.67,6.4,Jowar
206.7,29.7,151.8,0.62,7.1,Jowar
206.4,32,135,0.54,7.3,Jowar
264.3,39.5,176.9,0.76,6.4,Jowar
206.1,35.7,166,0.54,7.1,Jowar
225.6,38,150.4,0.59,7,Jowar
112.6,22.3,91.8,0.37,7.8,Jowar
277.4,49.4,220,0.72,7.5,Jowar
134.5,18.8,98.1,0.41,7,Jowar
220.3,37.5,156.6,0.62,6.7,Jowar
262.1,43.9,201.7,0.8,6.7,Jowar
269.8,35.2,218.7,0.77,6.4,Jowar
128.5,21.3,105.9,0.42,6.7,Jowar
266.7,39.4,187.6,0.72,6.3,Jowar
197.7,31.1,171.9,0.57,8,Jowar
180,35.7,163.5,0.62,6.9,Jowar
153.8,21.6,124.1,0.49,7.8,Jowar
206.9,36.2,189.7,0.63,7.2,Jowar
119.1,15.7,101.6,0.38,7.3,Jowar
170.5,28.1,154.6,0.47,7.1,Jowar
172.6,25.9,146.8,0.59,7.8,Jowar
91.6,15,102,0.35,8,Jowar
253.2,40.7,155.2,0.63,8,Jowar
126,20.2,150.5,0.45,8.3,Jowar
139.8,20.5,154,0.48,7.4,Jowar
267.5,37.7,183.4,0.71,6.8,Jowar
142.3,24.2,121.9,0.41,6.6,Jowar
219.3,37.1,181.1,0.67,7.2,Jowar
128.5,15.1,125.8,0.48,7.8,Jowar
167.9,28.4,152.1,0.52,6.5,Jowar
190.3,35.2,159.3,0.61,7.2,Jowar
222.7,27.4,159.4,0.64,6.4,Jowar
210.4,38,202.5,0.67,6.7,Jowar
256.4,40.3,171,0.65,7.1,Jowar
185.3,30.7,152.8,0.59,7.1,Jowar
188.2,32,147.8,0.53,7.8,Jowar
261.6,48,180.4,0.71,7.3,Jowar
288.1,46.5,177.1,0.71,7.9,Jowar
175.5,30.5,156.6,0.5,7.6,Jowar
181.2,28.7,154.8,0.57,7.4,Jowar
181,25.7,142,0.53,7.2,Jowar
235.1,34.1,150,0.49,7.4,Jowar
181.8,22.9,130.3,0.54,8.2,Jowar
97.7,17.1,103.3,0.36,7.3,Jowar
139.1,23.6,112.3,0.47,8.1,Jowar
112.1,16.7,91.9,0.34,7.6,Jowar
133.5,20.4,103,0.36,7.4,Jowar
195.2,26.8,162.9,0.61,6.6,Jowar
185.1,29.5,137.8,0.57,6.9,Jowar
220.7,25,166.1,0.6,7.8,Jowar
205.9,26.5,144,0.54,7.8,Jowar
145.7,25.3,116.2,0.47,7.5,Jowar
207.5,28.8,165.2,0.59,8.1,Jowar
106.7,20.8,119.6,0.37,7.6,Jowar
130.2,21.3,97.4,0.45,7.6,Jowar
156.7,24.5,142.4,0.48,6.4,Jowar
255,43.4,165.3,0.68,7.2,Jowar
226.8,33.6,175.2,0.65,6.3,Jowar
136,24.3,95,0.46,6.9,Jowar
181,30.1,150.8,0.45,7,Jowar
129,26,131.4,0.5,7.6,Jowar
205.9,32,187.1,0.57,7.2,Jowar
110.9,20.3,91.3,0.34,7,Jowar
175.6,35.2,140.8,0.49,7.1,Jowar
159.8,25.4,143.4,0.54,7.7,Jowar
158.5,25.4,123.9,0.47,7.4,Jowar
156,18.9,163.3,0.49,7,Jowar
158.4,27.3,118,0.48,7.4,Jowar
283.5,38.8,192.8,0.77,6.6,Jowar
151,27.8,122.9,0.49,7.9,Jowar
244.1,39,173.8,0.71,6.7,Jowar
159.1,26.9,143.8,0.53,6.7,Jowar
244.4,38.3,193.8,0.67,6.1,Jowar
130.3,21.8,115,0.39,7.4,Jowar
259.7,41,198.5,0.69,6.9,Jowar
220.6,31.8,188.5,0.6,8.1,Jowar
226,38.1,154,0.56,7.5,Jowar
93.3,18.5,80,0.3,6.9,Jowar
274.2,38.9,212.4,0.75,7.8,Jowar
230.9,38.7,158.8,0.67,6.8,Jowar
265.4,42.6,198.8,0.72,7.2,Jowar
300,44.6,220,0.78,7.6,Jowar
178.4,26.9,144.8,0.54,7,Jowar
240,40.4,199.6,0.72,7.5,Jowar
270.8,35.9,192.4,0.71,6.5,Jowar
135.8,21.5,102.6,0.44,7.5,Jowar
200.8,31.5,153.6,0.65,6.7,Jowar
175.5,29.7,140.1,0.53,7.6,Jowar
172.7,24.6,127.2,0.59,7.7,Jowar
257.8,41.1,220,0.62,7.6,Jowar
204.6,35.2,153.6,0.55,8,Jowar
101.2,17.1,114.1,0.43,6.6,Jowar
198.6,31.3,159.5,0.62,8,Jowar
88.4,15,93,0.39,6.6,Jowar
218.6,32.6,184,0.61,7.7,Jowar
284.3,49.7,220,0.74,7.2,Jowar
245,42.1,180.3,0.63,7.2,Jowar
126.4,21.9,120,0.44,6.7,Jowar
217.4,30.4,151.9,0.55,7,Jowar
84.3,15,104.9,0.33,8.2,Jowar
107.1,21.3,90.5,0.43,7.4,Jowar
87.2,15,107.8,0.36,7.7,Jowar
130.1,17.9,121.6,0.4,7,Jowar
123.6,20.6,127.7,0.4,7.8,Jowar
216,28.9,143.8,0.58,6.9,Jowar
225.1,28.6,137.8,0.62,6.2,Jowar
223.2,39.5,189.5,0.62,6.4,Jowar
195.2,26.2,148.6,0.51,7,Jowar
124.5,19.7,132.7,0.44,6.7,Jowar
148.1,20.5,103.7,0.45,7.5,Jowar
224.5,32.8,177.3,0.62,7.3,Jowar
221.4,36.2,171.3,0.68,6.4,Jowar
174.2,26.9,145.3,0.48,7.4,Jowar
156.4,35.8,112.5,0.47,7.8,Jowar
180.6,37.3,166.9,0.63,6.7,Jowar
211.3,36,198.8,0.68,6.2,Jowar
241,43.2,184,0.74,7,Jowar
245,33.2,182.8,0.7,6.5,Jowar
176,33.1,130.3,0.55,7.9,Jowar
118.4,18.9,101.1,0.37,6.9,Jowar
136.8,18.8,82.1,0.49,8.2,Jowar
234.8,31.2,172.4,0.63,8.1,Jowar
240.1,37.2,174.8,0.65,8,Jowar
174.4,26,149.2,0.5,6.6,Jowar
247.1,41.1,195.4,0.65,7.9,Jowar
235.3,32,176,0.69,7,Jowar
195.9,24.9,160.6,0.6,6.4,Jowar
160.9,23.5,104.2,0.38,6.5,Jowar
170.2,26.3,146.4,0.48,7.2,Jowar
229.5,34.5,172.2,0.65,7.1,Jowar
136.3,22.1,113.8,0.38,8,Jowar
263.4,35.2,203.1,0.72,8,Jowar
132.6,28.2,120.1,0.43,7.3,Jowar
149.8,18.7,135,0.47,6.7,Jowar
199.2,39.2,165.5,0.63,7.2,Jowar
177.4,26.6,131.6,0.56,7.7,Jowar
116,20.3,82.6,0.43,7.6,Jowar
191.6,41.5,136.2,0.57,6.9,Jowar
196.6,34,154.9,0.57,6.9,Jowar
194.1,27.9,165.2,0.6,6.6,Jowar
161.3,24.3,117,0.46,6.7,Jowar
160.8,32.2,141.1,0.51,7,Jowar
152.8,23.3,158.1,0.48,6.7,Jowar
266.4,32.8,190.3,0.57,6.1,Jowar
286.5,44.4,198.4,0.77,6.8,Jowar
152.8,28.9,121.2,0.49,6.9,Jowar
220.3,29.5,190.9,0.6,7.6,Jowar
220.3,27.6,147.6,0.56,6.7,Jowar
107.8,18.4,89.9,0.45,7.5,Jowar
208.6,33,154.3,0.63,6.6,Jowar
190.5,27.8,170.8,0.57,7.9,Jowar
288.3,40.5,198.2,0.76,7.3,Jowar
162.7,19.5,97.5,0.44,8,Jowar
243.3,39.5,160.2,0.68,6.5,Jowar
224.3,32.2,185.3,0.62,8.1,Jowar
242.3,42.6,200.7,0.72,6.7,Jowar
200.3,29.5,174.4,0.54,7.8,Jowar
199.3,33.2,137.8,0.54,6.9,Jowar
160.9,21.5,97.2,0.41,8.1,Jowar
243.3,38.3,193.9,0.7,6.9,Jowar
175.7,24.3,146.9,0.58,7.3,Jowar
158.5,28.9,124.7,0.44,7,Jowar
206,36.7,160.6,0.58,6.7,Jowar
174.2,20.3,144.9,0.44,7.9,Jowar
185.6,31.7,165.9,0.59,6.7,Jowar
167.7,27.7,146.1,0.57,8.2,Jowar
207.1,38.1,169,0.59,7.1,Jowar
241.9,37.5,170.9,0.63,7.6,Jowar
210,30.8,158.1,0.56,7.2,Jowar
169.9,25.2,181.3,0.49,6.5,Jowar
140.9,24.1,123.2,0.51,7,Jowar
188.9,27.5,150.3,0.51,7.2,Jowar
113.2,23.9,111.2,0.45,7.1,Jowar
194.4,24.3,181.7,0.67,6.3,Jowar
117.7,15.9,116.9,0.37,6.9,Jowar
171.7,21.1,144,0.51,7.5,Jowar
292.5,46.8,193.2,0.78,6.6,Jowar
151.8,26.8,129.2,0.49,8,Jowar
186,28.2,137.1,0.53,7.2,Jowar
197.6,28,157,0.53,6.5,Jowar
135.5,21.1,104.1,0.46,7.3,Jowar
228.6,38.5,157.6,0.73,6.9,Jowar
115.7,23.3,103.7,0.41,7.7,Jowar
212,34.1,190.1,0.65,6.4,Jowar
83.1,18,103.9,0.35,6.7,Jowar
226.5,37.5,204.8,0.67,6.9,Jowar
205.9,35.5,132.8,0.51,7.1,Jowar
129.2,28.1,113.6,0.46,7.1,Jowar
181.8,32.1,154.7,0.57,7.6,Jowar
110.3,20.5,80,0.35,7,Jowar
225,35.3,161.9,0.6,7.2,Jowar
292.8,47,209.5,0.72,7.3,Jowar
265.4,41.7,176.4,0.7,7.2,Jowar
200.8,37.6,164.1,0.59,6.8,Jowar
157.9,29.6,158.3,0.57,7.1,Jowar
143.5,31.9,134.3,0.49,7.5,Jowar
180,25.3,150.9,0.51,7.8,Jowar
89.1,16.5,80,0.33,6.4,Jowar
100.5,18.2,121.6,0.34,6.2,Jowar
288.2,44.7,220,0.77,6.1,Jowar
204.8,31.8,157.2,0.56,7.5,Jowar
90.4,15,89.2,0.38,6.3,Jowar
142.4,15,90.6,0.39,8.2,Jowar
104.4,16.4,109.3,0.37,7.5,Jowar
191.9,33.1,142.5,0.55,6.8,Jowar
138.1,21.1,95.6,0.46,8,Jowar
92.7,15.9,92.6,0.34,7.9,Jowar
123.1,21.1,102.4,0.39,7.5,Jowar
88.2,15,127.4,0.3,6.1,Jowar
113.6,19.4,106.8,0.32,7.7,Jowar
217.1,37.5,213.4,0.62,8,Jowar
112.8,15.7,104,0.4,7,Jowar
153.3,28.5,144.2,0.46,6.3,Jowar
89.8,15,80,0.39,7.9,Jowar
300,47,206.3,0.79,7.5,Jowar
182,27.1,171.4,0.55,6.6,Jowar
227,30.4,179.1,0.57,6.2,Jowar
213.3,23.6,155.4,0.54,6.1,Jowar
300,41.4,220,0.8,8,Jowar
300,48.7,202.9,0.77,7.2,Jowar
177.3,24.3,149.9,0.45,6.3,Jowar
284.4,46,189.2,0.71,6.7,Jowar
107.3,15.2,87.7,0.4,8,Jowar
176.9,23.2,126.1,0.52,7,Jowar
86.5,15,80,0.35,8,Jowar
233.6,36.3,161.8,0.71,8.3,Jowar
286.3,44.6,211.4,0.8,6.3,Jowar
103.3,17,89.7,0.34,7.2,Jowar
278.4,44.7,206.4,0.75,6.1,Jowar
273.6,46.4,219.9,0.77,6.7,Jowar
270.1,39,209.4,0.68,8.4,Jowar
135.9,16.8,90.1,0.34,7.8,Jowar
268.5,45.3,220,0.75,6.3,Jowar
256.8,41.8,206.9,0.66,6.2,Jowar
210.5,40.5,154.4,0.63,7.9,Jowar
214.4,30.3,163.7,0.59,8.2,Jowar
114.5,16.1,88.6,0.32,6.2,Jowar
136,20.9,124.7,0.39,6.8,Jowar
213.5,32.2,191.6,0.6,7.8,Jowar
126.2,16.8,122.3,0.39,8.1,Jowar
280.5,42.5,211.8,0.69,6.2,Jowar
113.5,20.5,123.4,0.3,7.3,Jowar
109.9,17.5,98.6,0.37,7.6,Jowar
227.8,31.3,150.4,0.57,8.1,Jowar
250.2,37.9,197.8,0.71,6.1,Jowar
300,43.8,220,0.74,6.6,Jowar
235.6,37.3,214.9,0.72,6.6,Jowar
152.8,25.9,125,0.52,8.1,Jowar
200.6,30.4,177.5,0.57,6.2,Jowar
156.4,20.8,122.5,0.44,8.1,Jowar
288.6,42.4,210,0.8,8,Jowar
210.8,38.1,179.5,0.64,7.7,Jowar
241.9,39.3,197.3,0.71,7,Jowar
202.3,32,155.9,0.57,7.5,Jowar
262.9,42.9,195.9,0.72,6.4,Jowar
182.4,31.1,147.4,0.52,8.4,Jowar
293.2,49.7,220,0.74,6.9,Jowar
89.8,18.1,80,0.3,7.2,Jowar
240.5,35,180.6,0.63,8.3,Jowar
124.3,16,102.1,0.4,6.4,Jowar
153.3,19.2,149.9,0.47,6.4,Jowar
161,20.4,138,0.47,8,Jowar
242.4,29.2,174,0.63,6,Jowar
245.5,29.6,182.9,0.61,8,Jowar
252.8,42.5,201.4,0.66,8.1,Jowar
244.2,35.6,180.4,0.73,8.4,Jowar
105.2,16,121.3,0.38,6.6,Jowar
236.4,39,164.2,0.68,6.2,Jowar
300,44.6,220,0.74,8,Jowar
242,31.8,171.1,0.69,8.3,Jowar
272.7,37,146.7,0.74,6.4,Jowar
241.2,39.4,166.6,0.73,6.4,Jowar
246.6,32.2,185.4,0.62,6.1,Jowar
91.9,17.9,105.7,0.37,6.1,Jowar
256.6,33.2,178.4,0.66,8.1,Jowar
159.1,23.7,105.7,0.48,8.3,Jowar
175.9,28.8,147,0.57,6.2,Jowar
148.5,17.5,121.2,0.42,6.7,Jowar
132.1,17.2,109.8,0.4,6.5,Jowar
92.9,15,90.8,0.37,6.1,Jowar
283.8,49.9,206.8,0.73,7.1,Jowar
103.3,20.5,130.6,0.35,6.6,Jowar
177.4,31.4,148.4,0.54,7.2,Jowar
114.5,21.8,93.9,0.39,7.7,Jowar
86.4,15,124.1,0.3,7.8,Jowar
223.9,36.5,185.1,0.61,8.4,Jowar
103,16,111,0.43,8.4,Jowar
203,25.7,140.4,0.57,7.6,Jowar
101.6,15,101.4,0.41,6.1,Jowar
193.6,32.6,163.1,0.55,7.5,Jowar
264.5,39.9,220,0.7,6.8,Jowar
183.6,35.3,181.4,0.57,7.2,Jowar
121.9,26,100.6,0.37,7.3,Jowar
86,15.6,89.8,0.39,6.6,Jowar
177.3,30.4,165,0.63,6.4,Jowar
229.6,39.9,204.4,0.7,7.2,Jowar
253.8,40.3,183.1,0.64,6.8,Jowar
115,18.2,97.6,0.38,8,Jowar
266.7,44,190.8,0.74,6.9,Jowar
112.7,15,86.8,0.33,6.7,Jowar
293.5,44.8,212.5,0.77,7.8,Jowar
151.5,22.5,129.7,0.41,8.3,Jowar
268,37.3,169.5,0.7,7.9,Jowar
207.7,30.2,114.6,0.58,6.6,Jowar
277.1,43.7,210.8,0.75,6.6,Jowar
219,31.4,178.3,0.64,7.9,Jowar
277.8,43.7,216.9,0.74,7.7,Jowar
294.7,50,210,0.75,7.6,Jowar
254,37.7,200.1,0.72,6.3,Jowar
228.4,31.8,182.2,0.71,8.2,Jowar
162.5,24,117.6,0.42,6.9,Jowar
80,15,80,0.37,7.3,Jowar
174.2,32.4,149.1,0.47,7.6,Jowar
187.6,32,155.6,0.6,8,Jowar
95.4,15,80,0.42,6.3,Jowar
208.4,25.8,178.7,0.62,8.1,Jowar
288.1,47.4,220,0.8,6,Jowar
245.9,39.8,162.3,0.68,8.3,Jowar
217,35.5,150.1,0.56,7.2,Jowar
268.6,47.4,173.7,0.7,8.3,Jowar
250.8,38.2,179.3,0.6,7,Jowar
100.3,18.8,114.1,0.33,7.5,Jowar
149.3,26.3,133.2,0.44,7.6,Jowar
135.8,16.2,101.5,0.49,6.6,Jowar
122.8,19.9,105.9,0.42,6.2,Jowar
224.6,31.8,167.7,0.6,7.2,Jowar
263.8,42.7,216.6,0.71,7,Jowar
219.7,33.5,170.2,0.61,8.2,Jowar
138.9,15.5,102.9,0.4,6.9,Jowar
139.2,26.6,129.7,0.45,6.6,Jowar
125.7,23.6,151.4,0.47,8.5,Jowar
257.2,46.4,188.7,0.77,7.5,Jowar
80,15,87.4,0.39,6.5,Jowar
298.1,42.2,220,0.71,6.6,Jowar
148.6,20.6,138.5,0.41,8.2,Jowar
160.9,22.1,142.4,0.47,6.5,Jowar
126.3,22.3,97.9,0.39,6.4,Jowar
252.2,36.7,156.9,0.63,6.6,Jowar
173.2,29.9,163.5,0.58,6.5,Jowar
259.2,33.7,192.4,0.71,6,Jowar
152.1,20.4,147.2,0.43,6.1,Jowar
80,16.2,80,0.31,7.2,Jowar
270.8,40.8,178.8,0.72,7.1,Jowar
87.6,15,106.8,0.31,6.4,Jowar
234.3,35.3,181.5,0.67,6.6,Jowar
172.4,32.9,124.5,0.61,6.3,Ragi
214.4,31.4,167.2,0.77,6.2,Ragi
176.1,36.9,150.8,0.71,6.5,Ragi
165.4,23.4,165.2,0.71,7.1,Ragi
182.9,30.3,138.5,0.63,6.4,Ragi
238.7,42.1,173.1,0.8,6.5,Ragi
161.4,27.8,130.4,0.63,6.7,Ragi
189,27,142,0.7,6.7,Ragi
212.5,39.1,157.9,0.81,6.1,Ragi
140.4,22.4,120.8,0.55,6.4,Ragi
127.9,24.6,131.6,0.56,6.3,Ragi
220.1,41.3,148.8,0.86,6.4,Ragi
202.4,36.2,142.8,0.69,6.8,Ragi
153.9,31.9,165.4,0.66,6.3,Ragi
225.8,40.8,157.8,0.85,6.4,Ragi
134.1,26.5,115.3,0.55,6.3,Ragi
143.5,29,102.1,0.62,6.5,Ragi
93,21.2,108.8,0.6,6.2,Ragi
119.4,28.3,130.5,0.58,6.6,Ragi
203.8,31.8,168.4,0.8,6.2,Ragi
164,39.1,135.2,0.66,6.4,Ragi
171.1,32.4,159.6,0.7,6.3,Ragi
181.2,25.3,134.5,0.64,6.8,Ragi
220.2,34.9,137.7,0.75,6.7,Ragi
247.7,40.8,196.2,0.79,7,Ragi
165.1,33.2,162.7,0.67,6.9,Ragi
141.1,22.7,110.3,0.55,6,Ragi
197.6,34.5,131,0.87,6.6,Ragi
229.6,37.7,157.1,0.75,6.4,Ragi
165.3,20.7,129.3,0.66,6.4,Ragi
172.6,27.6,118.1,0.73,6.2,Ragi
223.4,30.4,162.2,0.78,6.2,Ragi
157.2,25,140.6,0.69,6.2,Ragi
159.3,31.7,135.7,0.69,6.8,Ragi
220.3,38.3,161,0.84,6.2,Ragi
222.8,35,163.1,0.82,6.7,Ragi
233.3,32.3,149.4,0.87,6.1,Ragi
190.7,31.3,160.2,0.73,6.8,Ragi
177.3,30.7,148.4,0.73,6.2,Ragi
170.4,30.7,144.8,0.61,6.3,Ragi
186.3,29.5,138.1,0.75,6.1,Ragi
217.9,33.8,164.2,0.74,5.8,Ragi
180.4,32.4,162.5,0.75,6.6,Ragi
201,29.5,140,0.71,6.9,Ragi
232.6,48,174.2,0.83,6.5,Ragi
189.3,40,156.6,0.7,6.7,Ragi
178.6,30.9,183,0.76,6.3,Ragi
170.8,31.7,136.4,0.68,6.8,Ragi
197.1,31.8,117.9,0.71,6.2,Ragi
227.5,28.7,158.2,0.78,6.5,Ragi
170.3,25,146.1,0.68,6.2,Ragi
184.7,20,123.7,0.7,7,Ragi
237,39.7,167.7,0.85,6.4,Ragi
153.3,28.2,131.7,0.65,6.3,Ragi
122,21.9,124,0.6,6.5,Ragi
170.9,24,128.9,0.62,6.5,Ragi
199.9,34.4,158.6,0.79,6.6,Ragi
154.8,20.4,117.3,0.58,7.1,Ragi
189.5,30.4,159.2,0.67,6.8,Ragi
138.5,22,101.1,0.65,6.6,Ragi
173.1,31.6,144.6,0.66,6.6,Ragi
157.9,24.7,125.1,0.66,6,Ragi
234.4,40.3,167.8,0.88,6.6,Ragi
216.5,35.8,148,0.69,6.4,Ragi
152.3,23.1,134.7,0.61,6,Ragi
107.4,15,95.1,0.44,6.3,Ragi
180.9,32.1,147.8,0.73,7.1,Ragi
175.8,26.8,131.2,0.55,6.5,Ragi
192.4,33.7,164.7,0.76,6.9,Ragi
177.3,29.9,154.8,0.69,7,Ragi
200.6,32,160.3,0.7,6,Ragi
193.5,33.5,153.2,0.75,6,Ragi
200.8,39.5,140.7,0.78,6.6,Ragi
191.7,29.8,156.7,0.76,6.1,Ragi
157.7,23.2,121.4,0.58,6.3,Ragi
142.8,21.9,133.9,0.58,6.9,Ragi
183,37.9,146,0.79,6.1,Ragi
168.9,26.7,110.9,0.6,6.5,Ragi
153.9,29,142.6,0.58,6.8,Ragi
164.3,29.9,113.2,0.72,6.7,Ragi
217.7,33.5,137,0.77,6.1,Ragi
207.5,29.5,132.4,0.68,6.8,Ragi
220.1,34.7,161.9,0.77,6.4,Ragi
160.4,32.5,112,0.7,6.1,Ragi
200.1,35.6,177.1,0.76,6.4,Ragi
209,35.1,129.6,0.82,6.8,Ragi
185.5,30.7,117.3,0.7,6.1,Ragi
173.6,23.7,137.4,0.72,6,Ragi
191.4,30.2,167.4,0.7,6.3,Ragi
187.2,38.2,147.8,0.7,6.5,Ragi
169.3,32.6,153.7,0.68,6.1,Ragi
164,31.6,132.7,0.69,6,Ragi
174,29.6,119.3,0.71,6.3,Ragi
185.2,31.5,130.6,0.73,6.9,Ragi
151,21.7,137.1,0.67,6.8,Ragi
191.9,30.6,157.6,0.74,6.4,Ragi
208.2,41,154.3,0.78,6.5,Ragi
152.4,18.2,122.1,0.58,6.2,Ragi
244.6,44.7,164.1,0.87,6.9,Ragi
210.3,35.4,141.3,0.8,6.3,Ragi
177.5,27.6,124.8,0.63,7,Ragi
127.3,22.3,114.5,0.52,5.9,Ragi
242,45.8,177.3,0.93,6.6,Ragi
202.7,35.8,154.7,0.75,6.3,Ragi
226.3,40.3,155.5,0.82,6.8,Ragi
170.9,30.8,132.7,0.67,6.3,Ragi
171.5,35.7,126.2,0.69,7.2,Ragi
162,26.7,139.2,0.6,6.5,Ragi
186,30.2,134.1,0.72,7,Ragi
111.3,18.9,114.4,0.52,6.3,Ragi
149.1,20,103.1,0.51,6.1,Ragi
148.9,18,105.4,0.6,6,Ragi
247.6,49.2,200,0.94,7.1,Ragi
197.7,37.3,128.2,0.78,6.8,Ragi
203.5,32.9,164.8,0.74,5.9,Ragi
207.4,38,162.7,0.79,7,Ragi
213.9,41.1,156.4,0.77,6.8,Ragi
221.8,38.6,131.9,0.74,6,Ragi
143.4,21.8,118.5,0.62,6,Ragi
188,31.3,133.1,0.72,6.8,Ragi
234.3,45.9,197.9,0.89,6.7,Ragi
209,31.2,145.8,0.7,5.7,Ragi
252,41.6,200,0.91,5.9,Ragi
197.1,31.8,159.7,0.65,5.7,Ragi
164.7,34,141.1,0.7,6.1,Ragi
205.5,26.5,154.8,0.7,6.3,Ragi
166.2,25,111.8,0.68,7.1,Ragi
148.4,21.4,117.7,0.64,5.8,Ragi
158.4,35.4,112.2,0.75,6.5,Ragi
240.8,40,186,0.81,7,Ragi
170,27,151.7,0.69,6.6,Ragi
157.7,27.1,132.4,0.65,6.5,Ragi
245.6,39.2,165.4,0.82,6.7,Ragi
202.8,33,133.1,0.72,7.2,Ragi
158.6,31.3,113,0.77,6.8,Ragi
86.7,15,80,0.43,6.4,Ragi
169,21.8,134.7,0.62,5.8,Ragi
112.6,21.3,96.3,0.5,6.9,Ragi
244,42.2,189,0.82,6.8,Ragi
135.4,26.5,129.4,0.61,6,Ragi
177.9,30,134.7,0.63,6.6,Ragi
134.8,25.2,115,0.59,5.8,Ragi
207.1,35.9,166.5,0.8,6.5,Ragi
137.9,22.8,106.1,0.71,6.1,Ragi
135.6,22.9,117.6,0.56,6.2,Ragi
242.6,34.2,168.8,0.89,6,Ragi
191.3,27.5,154.7,0.66,5.6,Ragi
237.6,36.6,176.9,0.89,6.9,Ragi
153.5,20.1,124.4,0.57,5.6,Ragi
212.2,37.4,131.9,0.83,6.5,Ragi
175.7,35.4,159.8,0.75,7.1,Ragi
224.2,42.1,135,0.85,6.2,Ragi
163.8,27.4,142.7,0.67,5.8,Ragi
257,38.9,187.2,0.92,5.9,Ragi
202.6,34.2,131.9,0.69,6.5,Ragi
231.1,35.1,171.5,0.84,6.8,Ragi
265.2,38.2,172.4,0.98,5.7,Ragi
174,20.9,119,0.61,6.3,Ragi
177.7,28.4,137.1,0.67,6.5,Ragi
169.9,36.2,114.8,0.65,6.4,Ragi
160.7,29.7,158.7,0.68,6.9,Ragi
127.1,23.4,87.7,0.54,6.9,Ragi
173.2,34.6,151.1,0.66,6.8,Ragi
236.6,41.4,172.2,0.81,6.4,Ragi
107.9,19.7,101.5,0.6,6.6,Ragi
146.2,24.6,102.5,0.62,6.3,Ragi
206.9,35.6,123,0.73,7.1,Ragi
234.7,37.2,180,0.84,6.6,Ragi
213.8,36.8,168.9,0.78,6.9,Ragi
114.2,17.4,102.9,0.4,6.2,Ragi
106.7,15,97.4,0.42,6,Ragi
144.4,24.9,112.8,0.63,6.3,Ragi
173.5,25.5,138.2,0.69,6.8,Ragi
230.5,38.6,163.6,0.84,7,Ragi
209.4,32.2,132,0.74,7.2,Ragi
111.4,15.9,109.6,0.57,6.2,Ragi
230.9,40.2,159.8,0.8,6.5,Ragi
128.4,15,105.6,0.48,7,Ragi
225.1,30.4,175.2,0.89,6.6,Ragi
248.9,35.8,174.7,0.86,6.3,Ragi
246.4,43,183.5,0.93,7.2,Ragi
200.6,33.7,122.3,0.81,6,Ragi
172.7,26.5,141.1,0.64,6.1,Ragi
185.9,33.7,169.4,0.78,6.7,Ragi
258.8,37.2,161.1,0.89,7.4,Ragi
145.1,21.6,137.6,0.59,7.2,Ragi
241,32.5,151.9,0.87,6.7,Ragi
176.5,33.7,147.3,0.7,6.7,Ragi
159.2,31.4,112.1,0.73,6.4,Ragi
266.3,44.7,200,0.9,6.5,Ragi
147.7,30.4,125.8,0.63,6.4,Ragi
274.3,39.6,180.1,1,6.1,Ragi
97.7,17.4,111.5,0.52,6.1,Ragi
212.8,34.5,157.9,0.84,6.7,Ragi
226.6,41.5,158.4,0.89,6.1,Ragi
208.5,35.2,159.9,0.74,6.6,Ragi
149.5,23.8,120.8,0.66,6.8,Ragi
160.8,28.4,101.7,0.7,6.6,Ragi
129.6,21.9,106,0.49,6.4,Ragi
234.7,37.9,153.7,0.83,6.3,Ragi
255.7,45.6,193.8,0.94,6.7,Ragi
251.5,41.7,192.3,0.83,6,Ragi
248.9,41.8,190.8,0.9,7.1,Ragi
233.3,45,169.2,0.91,6.5,Ragi
166.5,26.4,122.9,0.61,5.6,Ragi
149.9,18.2,106.5,0.53,6.6,Ragi
173,22.7,141.2,0.69,7.1,Ragi
156.8,23.4,149.5,0.59,7.3,Ragi
96.1,20.2,102.7,0.46,7.1,Ragi
190.8,33,171.8,0.79,7.2,Ragi
238.9,45.5,200,0.95,5.9,Ragi
146.7,22.2,132.2,0.7,6.8,Ragi
198.7,30.2,136.8,0.66,6.2,Ragi
193.7,24.6,159.1,0.77,7.1,Ragi
130.1,15,95.6,0.52,6,Ragi
192.5,32.4,142.5,0.75,6.2,Ragi
243.7,44.8,162.7,0.92,6.6,Ragi
253.4,40.3,190.2,0.91,6.6,Ragi
267.6,42.4,197.3,0.9,6.4,Ragi
136.6,23.5,123.4,0.53,6.4,Ragi
140.1,26.6,118.5,0.53,6.6,Ragi
232.2,36,171.4,0.85,6.1,Ragi
130.8,15.9,120.1,0.58,5.8,Ragi
171.6,35.7,155.2,0.77,6.4,Ragi
97.8,21.7,121,0.56,6.6,Ragi
236.5,34.4,151.4,0.82,6.5,Ragi
206.9,33.4,159.3,0.69,6.4,Ragi
198.6,29.7,141.8,0.71,5.9,Ragi
199.1,30.9,136.2,0.66,6.8,Ragi
214.3,34.6,170.6,0.74,7.2,Ragi
215,42.1,166.4,0.82,6.6,Ragi
243.8,43.3,168,0.92,6.7,Ragi
118.1,18.4,88.5,0.53,6.3,Ragi
196.3,32.4,162.8,0.77,6.6,Ragi
111.5,22.9,105.1,0.52,7.3,Ragi
237,39.3,173.4,0.77,6.8,Ragi
86.2,18.6,107.6,0.49,7,Ragi
159.7,18.6,123.9,0.69,7.1,Ragi
150.6,17.3,127.8,0.56,7.3,Ragi
236.6,38.8,169.5,0.85,6.1,Ragi
162.5,27.3,128.6,0.63,7,Ragi
119.1,21.6,106,0.52,7.1,Ragi
119.7,21.7,134.6,0.56,6,Ragi
221.1,43.5,200,0.92,6.5,Ragi
234,45.5,181.9,0.9,5.9,Ragi
192.7,33.6,148.1,0.75,6.3,Ragi
162.2,22.4,102.6,0.59,7.2,Ragi
168.5,29.1,135.6,0.69,7,Ragi
146.8,32.9,127.9,0.64,6.5,Ragi
127,24.2,128.7,0.57,6.6,Ragi
208.3,30.4,169.7,0.78,6.5,Ragi
201.9,32.3,174.5,0.81,7.1,Ragi
134.1,22.2,99.6,0.57,6.2,Ragi
193.8,30.2,160.5,0.79,7.1,Ragi
190.2,34.9,144.8,0.62,6.4,Ragi
235,41.7,181.1,0.85,6.4,Ragi
187.1,27.8,156.8,0.67,6.7,Ragi
226.1,34.9,183.7,0.82,6.6,Ragi
106.5,15,107,0.55,5.8,Ragi
197.2,32.6,157.7,0.75,6,Ragi
167.2,26.4,123.6,0.63,6.7,Ragi
193.5,35,157.8,0.73,6.2,Ragi
261.5,41.1,168.8,0.85,5.9,Ragi
167.1,32.1,145.5,0.58,6.9,Ragi
160.7,24.2,141.2,0.7,6.8,Ragi
186.4,35.9,155.6,0.69,6.2,Ragi
196.4,35.6,152.6,0.76,7,Ragi
188.5,32.3,142.4,0.68,6.4,Ragi
158,29.4,142.8,0.65,6.9,Ragi
177.5,32.6,153.1,0.67,6.2,Ragi
222.2,33.4,168.3,0.92,6.9,Ragi
148.3,31.2,120.8,0.62,6.6,Ragi
188.9,36.5,172.5,0.69,6.4,Ragi
188,36.1,140.1,0.74,6.9,Ragi
160.8,28.4,134.5,0.61,6.2,Ragi
208.1,35.1,174.2,0.8,6.6,Ragi
225.7,35.3,149,0.91,6.9,Ragi
132,26,108.4,0.57,6.8,Ragi
133.2,25.3,129,0.57,6.1,Ragi
228.8,33.3,166.2,0.89,5.8,Ragi
183.2,24.9,151.5,0.72,6.8,Ragi
248.6,40.2,194.6,0.82,7.1,Ragi
194.5,31.8,136.1,0.81,7.1,Ragi
140.5,30.2,118.6,0.65,6.5,Ragi
228.1,40.1,164.2,0.79,6.4,Ragi
182.9,28.6,135.4,0.76,6.9,Ragi
180.5,26.5,100,0.65,6.5,Ragi
163.5,33.5,161.9,0.82,6.5,Ragi
210.5,33.5,146.8,0.86,6.1,Ragi
160.1,28.5,151.6,0.62,6.4,Ragi
147.1,27.6,109.2,0.56,6.5,Ragi
162,29.4,128.1,0.66,6.3,Ragi
234.4,32.2,161.1,0.85,7.2,Ragi
200.9,23.6,138.9,0.72,5.8,Ragi
200.1,35.2,159.9,0.87,7.2,Ragi
153.4,20.6,119.1,0.64,7.4,Ragi
124.4,15,102.3,0.54,7.1,Ragi
245.3,43.3,161.9,0.85,6.4,Ragi
269.4,48.8,200,0.92,6.3,Ragi
136.7,15,97.8,0.54,7.1,Ragi
199.5,34.1,121.4,0.75,6.5,Ragi
205.4,33.5,175,0.8,6.8,Ragi
191.7,31.5,139.4,0.76,6,Ragi
166.5,32.1,108.2,0.6,6.3,Ragi
154.9,28.5,142.3,0.63,6.3,Ragi
135.2,21.4,117.9,0.59,6.3,Ragi
240.1,37.7,188.6,0.89,7.1,Ragi
227.9,37,154.9,0.89,7.2,Ragi
207.7,34.9,141.9,0.87,5.8,Ragi
130.5,29.6,124.3,0.55,6.4,Ragi
208.7,33.9,123.9,0.74,7,Ragi
188.6,30.5,152.7,0.71,6.4,Ragi
244.1,41.8,187.5,0.85,6.1,Ragi
107,24,108.4,0.59,6.2,Ragi
262.7,42.2,180.2,0.87,6.3,Ragi
161.7,24.8,117.7,0.67,6.1,Ragi
154,32.9,130.3,0.72,6.4,Ragi
203.5,40.8,163,0.91,6.4,Ragi
110.4,17,107.4,0.45,6.3,Ragi
152.9,30.7,129.3,0.59,6.7,Ragi
228.6,42.6,163,0.82,6.4,Ragi
218.8,36.6,166.5,0.69,6,Ragi
250.4,43.6,181.3,0.93,6.5,Ragi
131.2,19.7,106.4,0.5,6.3,Ragi
99.6,17.8,108.4,0.51,6.7,Ragi
205.6,30,137.7,0.68,7.2,Ragi
166.3,33.5,116.4,0.76,6.3,Ragi
242.2,41.7,187.2,0.92,5.8,Ragi
171.7,27.1,127.8,0.81,6.1,Ragi
144.1,25.7,122.8,0.64,7.2,Ragi
183.8,35.6,138.5,0.73,6.6,Ragi
245.4,40.3,170.3,0.87,6,Ragi
222.8,35.6,162.4,0.84,7,Ragi
204.2,35.8,158.7,0.68,6.1,Ragi
203.3,36.7,156.9,0.74,6.5,Ragi
103.1,15,88.8,0.47,7.4,Ragi
103.4,19.2,94.7,0.44,6.6,Ragi
198.2,33.2,147.1,0.64,7.2,Ragi
169.4,23.4,120.6,0.62,6.3,Ragi
164.8,27.3,137.9,0.71,6.1,Ragi
210.7,30.6,142.5,0.81,6.6,Ragi
165,20.1,111.7,0.54,6.3,Ragi
161.7,26.5,148,0.6,7,Ragi
147.6,28.8,117.7,0.7,7,Ragi
198.2,32.6,154.6,0.84,6.2,Ragi
205.4,34.6,135.7,0.77,5.7,Ragi
142.2,24.4,136.7,0.65,6.3,Ragi
229.8,38.2,173.1,0.81,6.9,Ragi
173,30.6,140.8,0.74,6.3,Ragi
241.6,40.6,189,0.89,6.7,Ragi
225.1,31.4,160.9,0.85,6,Ragi
202.6,29.2,147.4,0.7,7.1,Ragi
269.2,41.2,200,0.94,6.9,Ragi
181.8,28.1,137.5,0.67,7,Ragi
80,15,84.8,0.48,7.3,Ragi
246.6,44.2,180.7,0.89,6.3,Ragi
160.3,25.6,135.1,0.66,6.2,Ragi
96.3,15,80,0.41,7.2,Ragi
138.9,18.1,104.6,0.61,7.5,Ragi
139.8,24.8,105.8,0.73,7.3,Ragi
262.6,41.6,187.6,0.91,6.5,Ragi
242.3,30.3,168.3,0.88,5.5,Ragi
230.7,41.5,185.2,0.92,6.8,Ragi
202.7,36.6,167.7,0.82,5.7,Ragi
145.8,27.6,123.9,0.64,6.6,Ragi
200,33.2,165.3,0.75,5.9,Ragi
243.4,46.3,194.1,0.91,5.9,Ragi
97.2,16,80,0.4,6.1,Ragi
145.2,18.2,120,0.6,5.5,Ragi
119.9,15,89.5,0.5,7,Ragi
80,15,83.9,0.4,7.2,Ragi
87.1,15,98.3,0.4,5.7,Ragi
124.3,15,111,0.47,5.8,Ragi
189.6,29,153.5,0.75,5.8,Ragi
197.2,29.5,150.5,0.73,5.7,Ragi
204.1,39.7,141.6,0.78,6.2,Ragi
213.5,35.2,157,0.8,5.7,Ragi
232.3,39.7,147,0.76,7.1,Ragi
98.8,17.6,83.6,0.48,7.3,Ragi
257.2,43.6,189.9,0.96,7.1,Ragi
244.9,39.8,185,0.88,7.2,Ragi
182.9,33.9,112.5,0.68,6.3,Ragi
206.8,31.3,141.9,0.67,6,Ragi
104.2,17.8,92.3,0.45,6.9,Ragi
263.8,48.7,194.3,0.92,6.5,Ragi
229.3,35.2,184.8,0.94,7.2,Ragi
198.8,26.1,154.5,0.74,5.5,Ragi
108,15.5,105.1,0.49,6,Ragi
140.7,21,95,0.61,6.1,Ragi
226,34.6,194.5,0.95,6,Ragi
115.4,25.4,92.5,0.5,6.3,Ragi
185.2,32.7,130.9,0.7,7.2,Ragi
262.6,35.7,184.5,0.92,7.1,Ragi
203.1,32.1,155.4,0.8,6.7,Ragi
199.9,36.9,147.7,0.79,7,Ragi
223.9,35.1,146.6,0.82,5.5,Ragi
260.4,41,189.5,0.94,5.8,Ragi
164.9,21.1,103.6,0.7,5.6,Ragi
237.3,41.6,159,0.87,6.8,Ragi
213.1,39.1,192.2,0.89,7.3,Ragi
90.6,15,88,0.45,6.9,Ragi
94.8,17.8,108.1,0.43,6.4,Ragi
228.9,36.5,164.8,0.86,5.7,Ragi
225,41.4,155.2,0.85,6.5,Ragi
250,46.6,191.4,1,6.7,Ragi
199.1,36.7,163.9,0.72,6.7,Ragi
113.4,15,115.4,0.47,7.3,Ragi
256.3,42.7,200,1,6,Ragi
80,17,109.2,0.44,6.1,Ragi
159.5,24.6,134.1,0.66,5.7,Ragi
180.2,27.8,133.6,0.73,7.5,Ragi
119.1,15,81.6,0.43,5.5,Ragi
90.6,15,85.9,0.49,7.4,Ragi
280,49.2,200,0.99,7.1,Ragi
198.8,29.6,132.3,0.78,7.3,Ragi
151.5,21.9,101.9,0.68,7.5,Ragi
125.6,24,103.7,0.59,7.3,Ragi
141.8,18.7,90.6,0.51,5.8,Ragi
241.1,43.2,166,0.83,6.2,Ragi
219.3,28,156.6,0.71,7.4,Ragi
249.9,35.2,174.9,0.88,7.3,Ragi
276.7,49.9,193.1,1,6.6,Ragi
218.1,44,147.3,0.98,6.4,Ragi
232.8,38.9,179.8,0.89,6.5,Ragi
120.8,15,104.2,0.5,6,Ragi
263,35.8,200,0.94,7.4,Ragi
200,32.5,149.2,0.82,7.2,Ragi
102.5,15,80,0.49,5.6,Ragi
280,41.2,185.2,0.99,5.7,Ragi
194,22.4,131,0.68,5.8,Ragi
178,26.8,145.6,0.67,5.6,Ragi
157.9,23.9,137.5,0.68,5.6,Ragi
183.2,29.1,121.6,0.71,7.5,Ragi
183.4,32.6,130.8,0.68,5.9,Ragi
186.7,27.3,160.5,0.68,5.9,Ragi
160.3,18,94.1,0.44,7.3,Ragi
151.5,29.6,119.4,0.65,7.4,Ragi
132.6,18,107.3,0.55,5.7,Ragi
258.4,47,181.1,0.89,6.2,Ragi
152.4,15.4,126.2,0.61,7.1,Ragi
267,44.5,197.8,0.94,6.1,Ragi
260.8,50,200,0.93,5.9,Ragi
190.9,33,152.6,0.7,6.1,Ragi
157.8,25.4,118.7,0.6,6.1,Ragi
268.6,41.3,200,0.94,5.7,Ragi
211.6,34.8,155,0.84,7.3,Ragi
249.5,42.2,196.3,0.95,7.4,Ragi
194.3,36.7,156.8,0.82,5.8,Ragi
102,18.3,104.6,0.51,7.5,Ragi
134.5,23.2,101.2,0.52,7.1,Ragi
254.3,35.9,173.8,0.94,5.6,Ragi
131.1,21.5,99.7,0.55,6.6,Ragi
142.1,20.9,113,0.58,7,Ragi
189,21.1,147.8,0.63,5.7,Ragi
160.2,26.4,129.7,0.69,6.9,Ragi
211.7,33.7,163,0.77,7,Ragi
140.5,16,141.6,0.52,7.3,Ragi
122,19.9,107.4,0.64,5.6,Ragi
123.5,16.5,91.4,0.46,7.1,Ragi
80,15,86.2,0.4,6.8,Ragi
194.2,37.5,144.7,0.75,7.3,Ragi
130.6,19.4,102.5,0.48,7,Ragi
269.3,49.3,200,0.93,6.4,Ragi
223,42.4,162.9,0.9,6.4,Ragi
236.1,36.9,176.1,0.79,6,Ragi
88.9,15.5,103.3,0.47,5.8,Ragi
111,21.9,124.8,0.54,6.6,Ragi
248.2,40.2,178.1,0.88,6.8,Ragi
135.3,17.6,137.8,0.57,7.4,Ragi
168,15,103.6,0.55,5.7,Ragi
280,47.8,200,1,7.2,Ragi
85.9,15.1,91,0.48,5.7,Ragi
141.1,29.8,115.6,0.58,7.1,Ragi
150.1,27.2,142.2,0.69,7.1,Ragi
114.6,17.3,80,0.44,6.7,Ragi
226.1,45.5,156,0.88,6.6,Ragi
100.7,15,80,0.4,6,Ragi
149.2,24.2,122.1,0.57,7.2,Ragi
162.3,19.5,119,0.56,5.8,Ragi
242.8,43.4,181.9,0.96,7.2,Ragi
241.6,36.9,192.9,0.88,5.9,Ragi
190.1,26.8,141.2,0.77,7.2,Ragi
187.9,28.9,147.6,0.72,6.9,Ragi
118.9,27.4,102.9,0.54,6.9,Ragi
244.8,45.1,190.4,0.9,6.6,Ragi
248.8,35.3,175.2,0.87,5.6,Ragi
112.5,19.3,80,0.43,6.1,Ragi
137.7,18.6,114.9,0.55,7.2,Ragi
149.4,21,85.8,0.52,5.9,Ragi
148.4,18.2,131.4,0.62,6.8,Ragi
265,39.9,189,0.98,5.8,Ragi
84.9,18.2,86.5,0.46,5.7,Ragi
225.4,34.9,180.1,0.81,6.2,Ragi
252.3,42.8,189.6,0.93,7.3,Ragi
242.1,43.9,173.9,0.86,5.9,Ragi
134.9,22.9,132,0.58,7.1,Ragi
238,47,190.3,0.88,6.9,Ragi
112.9,15,104.4,0.6,5.5,Ragi
140.1,31.4,133.6,0.63,7.5,Ragi
254.8,42.2,155.5,0.87,5.9,Ragi
165.6,39.3,159.8,0.73,7.1,Onion
264.6,58.3,210.7,0.89,6.7,Onion
247.3,55,199.2,0.96,6.9,Onion
225.6,53.9,218.3,0.8,6.5,Onion
177.3,43.2,153.1,0.72,7.2,Onion
292.6,53.5,231.8,0.98,6.9,Onion
165.4,37,144.7,0.68,7,Onion
238.3,48.7,197.7,0.78,6.8,Onion
185.9,44.8,154.9,0.73,6.6,Onion
246.4,45.3,170.9,0.94,7,Onion
226.2,57.2,185.5,0.83,6.8,Onion
178.1,42.7,184.4,0.7,6.4,Onion
252.3,51.3,236.9,0.98,6.5,Onion
261.2,52.2,207.6,0.87,7,Onion
276.4,54,229.5,0.91,6.6,Onion
219.7,50.8,159.5,0.82,6.6,Onion
279.2,56.4,224.2,1.1,6.6,Onion
146.5,43.9,157.3,0.66,7,Onion
234.1,49.2,195.1,0.97,6.6,Onion
249.4,57.9,185.6,0.95,6.8,Onion
175.1,38,189.1,0.7,6.6,Onion
192.2,47.1,162.6,0.7,6.7,Onion
236.8,58.1,262.3,0.92,6.8,Onion
208.3,44.1,145.4,0.81,6.6,Onion
195.5,42.6,144.2,0.67,6.6,Onion
201.4,43.7,173.5,0.89,6.6,Onion
189.3,34.6,148.5,0.65,6.4,Onion
288.9,49.8,262.8,0.87,6.7,Onion
252.6,50.1,198.1,0.9,7.1,Onion
219.5,45.3,178,0.8,6.6,Onion
251.6,54.7,232.5,1,6.5,Onion
301.2,58,288.5,1.12,6.6,Onion
114.6,34.5,117.2,0.71,6.6,Onion
280,52.7,196.3,0.89,6.9,Onion
208.6,38.5,149.7,0.69,6.3,Onion
181,48.1,146.9,0.87,6.9,Onion
203.9,44.8,164.7,0.77,6.7,Onion
265.1,49.2,228.7,1.09,6.7,Onion
268.5,53.7,203.4,0.86,6.7,Onion
242.7,46.8,205.7,0.85,6.9,Onion
219.6,47,213.3,0.97,6.7,Onion
171.4,47.1,158.2,0.75,6.8,Onion
186,32.1,187,0.7,6.9,Onion
241.8,55.8,166.2,0.93,7.1,Onion
185.5,36.3,212,0.74,6.4,Onion
303.1,65.3,242.6,0.96,6.7,Onion
272.1,57.1,218.7,1.05,6.5,Onion
215.1,51.5,159.9,0.87,6.5,Onion
204.6,44.5,186.6,0.85,6.6,Onion
264.9,57.7,205.7,0.93,6.8,Onion
140,41.4,107.3,0.69,6.7,Onion
267.2,46.2,250.9,0.94,7,Onion
236.2,48.7,167.7,0.84,6.4,Onion
286.3,53.8,272.4,0.94,6.8,Onion
248.4,44.7,234.5,0.82,6.9,Onion
220.8,44.9,174.7,0.84,6.9,Onion
234.9,52.9,248.4,0.79,7.2,Onion
256.4,52.8,183.2,0.9,6.6,Onion
258,49.6,197.7,0.89,7.2,Onion
223,47.4,202.6,0.79,6.5,Onion
218.6,47.9,189.9,0.8,6.9,Onion
264.7,50.7,190,0.93,6.6,Onion
289.4,54.3,236.2,1.03,7.1,Onion
133.9,32.7,182.3,0.62,6.4,Onion
243.4,51.3,206.6,0.88,6.6,Onion
222.7,41.4,214.7,0.87,6.6,Onion
152.1,39.7,159.8,0.64,6.6,Onion
257.5,43.1,214.3,0.92,7.1,Onion
221.2,38.3,177.9,0.74,6.7,Onion
254.6,59.1,194.4,0.85,6.5,Onion
242.6,49.7,179.5,0.84,6.7,Onion
279.6,61.8,240.3,0.91,6.7,Onion
280.5,50.4,213.2,0.89,7,Onion
244,53.6,226.1,0.95,6.5,Onion
249.6,52.4,228.1,0.87,7,Onion
174.5,40.2,145.2,0.76,6.9,Onion
198.9,49.5,184.5,0.88,6.9,Onion
249.3,47,195.7,0.82,6.5,Onion
234.6,52.5,217.1,0.97,7,Onion
267.9,52.7,192.8,0.87,6.4,Onion
270.1,56.4,225.9,0.94,6.8,Onion
165.8,35.2,156.4,0.68,7.1,Onion
189.2,46.6,179.2,0.81,6.8,Onion
231.8,42.3,178,0.79,6.4,Onion
257.4,53.5,245.9,0.97,6.6,Onion
223.3,57.7,244.5,0.92,6.8,Onion
169.7,38.3,190.2,0.79,6.5,Onion
193.3,51.9,187.1,0.81,6.7,Onion
182.5,45.3,112.8,0.73,7.1,Onion
277.5,58.5,223.8,1.03,7.1,Onion
283.8,54.5,175.1,1.03,6.8,Onion
250.7,56.9,228.6,1.02,6.9,Onion
205.4,49.6,143.1,0.84,7.1,Onion
302.2,57.8,235.2,0.99,6.5,Onion
262.1,47.2,244.9,0.99,6.6,Onion
295.8,60.2,286.3,1.07,6.4,Onion
220.2,49.8,176.4,0.75,6.5,Onion
276.6,58.9,263.8,1.02,6.9,Onion
248.4,53.3,241.6,0.95,7,Onion
204.8,43.5,159.1,0.78,6.6,Onion
218.1,50.8,156.5,0.89,7,Onion
145.2,34.6,147.9,0.72,6.9,Onion
208.7,47.4,196.5,0.79,6.9,Onion
259.9,57.8,235.5,0.94,6.9,Onion
245.1,45.3,242.2,0.97,6.1,Onion
231.8,41.2,190.7,0.78,6.1,Onion
290,51.3,254.5,0.98,6.3,Onion
164.4,41,140.2,0.8,7.2,Onion
216.9,43.3,172,0.86,7.2,Onion
169.5,38.1,145.4,0.7,7.1,Onion
207.7,49.7,263.3,0.87,7.1,Onion
151.2,30,110.2,0.62,6.7,Onion
185.5,45.1,168.8,0.71,7.3,Onion
271.7,55.3,275,0.9,6.5,Onion
211.7,45.6,193.5,0.69,7.1,Onion
256.7,52.9,228.2,0.97,6.7,Onion
250.3,56.9,252.4,1.04,6.8,Onion
171.8,36.3,150,0.59,6.4,Onion
339.2,56.6,263.9,1.15,6.8,Onion
281.9,50.2,244.9,0.97,6.3,Onion
202.6,41.5,186,0.86,6.4,Onion
218.5,52.4,231.9,0.79,6.4,Onion
326.1,65.1,262.6,1.11,6.8,Onion
220.1,41.3,182.9,0.73,6.6,Onion
100.9,39.9,107.2,0.55,6.5,Onion
257.1,54.4,198.8,0.8,7.1,Onion
342.7,70,285.3,1.01,6.8,Onion
245.6,58.2,262,0.9,7.1,Onion
242.4,48.5,208.6,0.95,6.4,Onion
190.1,45.9,158.5,0.81,6.8,Onion
253.8,55.7,282,1.04,7,Onion
292.4,59.3,280.9,1.05,6.8,Onion
175.5,42.4,153.2,0.72,6.8,Onion
269,48.3,239.5,0.88,6.8,Onion
240.6,46.5,213,0.89,6.2,Onion
247.2,52.6,212.6,0.84,6.7,Onion
215.7,50.8,173.7,0.89,6.9,Onion
195.8,46.8,154.2,0.76,6.9,Onion
295.9,55.4,252.6,0.88,7.1,Onion
246.6,53.6,247.5,0.82,6.9,Onion
241.7,48.2,262.1,0.84,6.4,Onion
234.3,37.3,216.4,0.94,6.1,Onion
281.3,54,215.3,0.89,7,Onion
287.4,56,250.6,0.99,6.9,Onion
280,50.1,182.7,0.9,7.3,Onion
342.7,57,292.2,1.1,7.2,Onion
202,47.9,173.6,0.83,6.5,Onion
283.8,48.9,231.1,0.95,7.2,Onion
239.6,53,235.5,0.79,7.2,Onion
206.6,50,194.6,0.78,6.6,Onion
204.4,48.2,182,0.89,6.3,Onion
204.8,41.8,168.2,0.73,6.2,Onion
129.7,35.1,124.6,0.5,7,Onion
110.4,30,139.5,0.55,6.3,Onion
243.5,57.6,155.7,0.88,6.6,Onion
203.5,49.4,207.8,0.93,6.8,Onion
104.7,30,128.1,0.59,7.1,Onion
210.6,48.1,205.7,0.74,6.7,Onion
231.7,48.9,224.3,0.81,6.4,Onion
212.1,50,190.6,0.85,7.1,Onion
307,69.9,300,1.17,6.7,Onion
144.6,30,124.1,0.6,7.3,Onion
164.5,40.4,123.5,0.68,7.2,Onion
255.6,48,216.3,0.85,7,Onion
176.9,34.4,198.2,0.75,6.4,Onion
266.1,52.6,231.2,0.87,6.9,Onion
130,34.2,154,0.63,6.6,Onion
257.4,48.2,182,0.89,7,Onion
226.3,51.1,215.3,0.95,6.9,Onion
199.9,47.9,204.6,0.76,6.5,Onion
229.4,44,188.6,0.83,6.9,Onion
219.5,42.9,202.3,0.85,6.3,Onion
169.5,42,141.3,0.66,6.8,Onion
291.1,63.2,240.3,1.03,6.4,Onion
219.6,46,208.1,0.85,6.7,Onion
161.4,43.9,186.5,0.65,6.7,Onion
206.8,40.2,202,0.87,6.3,Onion
136.4,30.8,135.3,0.58,6.3,Onion
267.9,53.7,275.1,0.85,6.5,Onion
185.8,42.2,178.5,0.83,7,Onion
276.3,56.9,272.5,0.93,6.7,Onion
185.1,45.8,187.5,0.8,6.8,Onion
177.6,41.2,166.4,0.76,7.2,Onion
147.2,37,178.8,0.68,6.9,Onion
273.1,54.5,226.6,0.99,6.9,Onion
256.8,46.9,211.4,0.82,7,Onion
184.7,32,160.1,0.74,6.5,Onion
263.1,51.5,256.9,0.93,6.5,Onion
217.3,52.7,229.3,0.77,6.6,Onion
275.7,59.1,232.6,0.94,6.9,Onion
187.8,39.9,189.6,0.77,7,Onion
183.9,44.4,170.9,0.79,6.8,Onion
171.2,39.4,166.6,0.76,6.8,Onion
254.5,51.4,288.3,1.04,6.8,Onion
244.9,54.9,208.3,0.9,6.7,Onion
314.4,60.4,238.8,1.14,6.5,Onion
123.5,32.9,100,0.56,6.8,Onion
175.7,45.6,183.1,0.75,6.9,Onion
166.9,37.4,167.9,0.71,6.7,Onion
283.5,52.4,249.7,0.93,7.3,Onion
248.5,50.1,172.2,0.84,6.6,Onion
243.6,47.1,193.8,0.86,7,Onion
223.6,46.9,165.2,0.85,7.2,Onion
233.9,49.6,220.6,0.99,6.9,Onion
261.2,56.6,250.9,1.09,6.7,Onion
243,50.5,216.1,0.77,6.7,Onion
221,56.3,213,0.94,6.6,Onion
222.8,42.1,220.2,0.86,6.5,Onion
209,43.7,181.6,0.72,6.8,Onion
169.6,40.1,136.3,0.71,6.6,Onion
242.4,47.5,198,0.91,6.6,Onion
350,67.9,247.6,1.16,6.8,Onion
258.3,44.4,225.6,0.83,6.5,Onion
197.2,43,189,0.84,6.7,Onion
259.1,61.2,239.5,0.97,6.8,Onion
193.6,50.8,144.3,0.72,6.4,Onion
177.6,47.1,162.5,0.79,6.6,Onion
139.5,37.1,119.9,0.73,6.2,Onion
219.8,37.3,139.6,0.69,7.1,Onion
176.5,37.2,140.9,0.69,7.2,Onion
193.4,44.7,181.8,0.84,6.9,Onion
307.4,63,228.1,1.11,6.7,Onion
261.6,53,224.5,0.97,7.1,Onion
218.7,43.7,206.8,0.77,7.3,Onion
183.8,37.5,145.8,0.58,6.6,Onion
268.2,55.1,261.9,0.99,6.5,Onion
231.2,55.4,192.4,0.93,6.8,Onion
242,50.3,213.9,0.88,6.8,Onion
224.5,50.5,162.1,0.77,6.7,Onion
333.7,64.4,291.9,1.17,6.7,Onion
257.4,55.2,210.6,1,6.5,Onion
271.7,60.5,276.8,0.88,6.6,Onion
148,31.5,149.9,0.65,7.3,Onion
283.2,58,206.7,1.01,6.6,Onion
153.3,31.9,113.8,0.67,7,Onion
226.8,47,218,0.81,6.2,Onion
182.2,44.3,167.8,0.88,6.5,Onion
230.7,52.7,224.4,0.78,6.4,Onion
142.6,39.1,169.3,0.69,7.3,Onion
266.8,60,232.5,1.03,6.5,Onion
230.5,47.1,208.6,0.92,7.2,Onion
350,58.3,268.7,1.1,6.5,Onion
287.4,53.2,270.9,0.97,6.6,Onion
239.9,51,245.9,0.93,6.9,Onion
172.5,39.1,180.3,0.67,6.5,Onion
198.6,50.4,178.8,0.65,6.6,Onion
212.3,45.2,170.2,0.72,6.1,Onion
254.8,50,178.1,0.78,6.7,Onion
143.7,32,149.8,0.64,6.9,Onion
163.4,42.3,158.1,0.72,6.9,Onion
321.5,64.5,270.5,1.16,7,Onion
160.6,30,173.3,0.67,6.1,Onion
245.7,54.8,164.8,0.78,6.8,Onion
171.5,40.5,155.6,0.71,6.4,Onion
292.1,51.8,192.7,0.96,7.1,Onion
187.4,41.6,159.3,0.77,6.6,Onion
138.4,31.6,111.7,0.65,6.4,Onion
216.7,46.5,220.1,0.85,6.5,Onion
130.2,30,144,0.58,6.2,Onion
295.8,55.5,233,1.05,6,Onion
256.9,57.7,188.6,1.04,6.6,Onion
223.4,51.1,199.8,0.89,6.3,Onion
158.1,37.3,184.1,0.75,6.9,Onion
202,46.3,182.8,0.83,7.4,Onion
251.4,54.6,176.6,0.86,6.7,Onion
183.4,36.8,128.9,0.77,6.7,Onion
292,61.8,272.2,1.02,7,Onion
201.6,49.1,176.9,0.75,6.5,Onion
181.9,35.6,183.8,0.74,6.4,Onion
277.8,52.9,224,1.09,6.6,Onion
267,46.6,224.5,0.87,7.3,Onion
213.5,42.2,137.8,0.67,7.1,Onion
231.8,50.2,205,0.84,6.9,Onion
189.6,44.3,163.6,0.79,6.8,Onion
223,45.8,181.7,0.77,6.7,Onion
188,44.1,165.5,0.77,6.7,Onion
277.6,52.6,240.4,0.95,6.6,Onion
168.1,45.5,133.1,0.84,7,Onion
287.3,59.7,244.8,0.97,6.7,Onion
186.4,36.4,159.9,0.85,6.9,Onion
283.4,57.9,213.7,0.97,6.5,Onion
165.9,40.6,163.6,0.67,6.7,Onion
187.1,39.9,136.3,0.7,6.5,Onion
269.3,55.5,226.2,0.93,6.4,Onion
135.3,35.3,100,0.63,6.6,Onion
293.4,56.8,225.7,0.98,6.7,Onion
274.1,51.9,226,1.05,7.3,Onion
155.9,38,159.1,0.64,7.2,Onion
240.1,48.7,158,0.72,6.5,Onion
237.9,51.9,208.3,0.96,6.7,Onion
203.2,52.6,191.7,0.77,6.7,Onion
238.5,57.1,181.3,0.87,6.7,Onion
189,42,148.7,0.75,7,Onion
100,30,132.6,0.57,6.6,Onion
162.1,36.6,131.8,0.66,6.6,Onion
255.4,39.2,179.2,0.88,6.2,Onion
174,42.8,125.7,0.62,6.7,Onion
254.4,58.2,226,1.06,6.8,Onion
318.7,66.3,266.9,1.09,6.8,Onion
226.8,47.6,220.5,0.88,6.5,Onion
173.6,39,154.1,0.71,6.5,Onion
213,54,214,0.83,6.6,Onion
330.6,65,300,1.05,6.6,Onion
236.6,44.2,214,0.89,7.2,Onion
301,56.4,234,1.02,6.6,Onion
229.4,43.3,208.2,0.84,6.4,Onion
284.7,52.1,221.5,0.94,6.4,Onion
279.3,54,225.7,0.92,7.3,Onion
285.7,61.8,242.3,1.09,6.4,Onion
300.1,61.4,269.9,1.03,6.2,Onion
217.1,47.8,212.5,0.81,6.6,Onion
217.9,55.9,195,0.85,6.8,Onion
202.5,44.7,208.6,0.87,6.6,Onion
156.2,40.8,140.6,0.77,6.7,Onion
169.9,44.5,177,0.79,6.7,Onion
294.6,60.2,300,1.03,6.7,Onion
286.5,55.4,221,0.99,6.8,Onion
201.4,42.1,170.2,0.89,6.7,Onion
180.1,41.7,147.5,0.81,6.7,Onion
265.8,55.2,239,0.94,7,Onion
154.7,36.7,149.5,0.63,7.1,Onion
223.4,44.5,186.7,0.8,7.2,Onion
169.5,34.1,133.6,0.64,7.1,Onion
268.4,59.3,250.6,0.98,6.8,Onion
215.2,43.9,196.1,0.91,6.9,Onion
221.6,44.8,217.5,0.82,6.4,Onion
204.4,47.9,146.4,0.88,6.7,Onion
308.3,59.3,253.3,1.04,7.2,Onion
173.8,42.6,131.9,0.6,6.8,Onion
337.3,63.6,272.6,1.12,6.5,Onion
218.8,52.2,188.6,0.89,7.1,Onion
151.2,38,132.4,0.64,6.8,Onion
152.6,45.3,147.9,0.62,6.7,Onion
165.9,37,133.6,0.72,7.1,Onion
242,49.9,179.3,0.86,6.8,Onion
135.3,36.5,224,0.65,6.7,Onion
257.9,53.2,197,0.89,6.9,Onion
298.5,63.3,264.8,1.12,7,Onion
222.4,41.7,193.4,0.77,7.3,Onion
231.8,44.6,209.8,0.79,6.7,Onion
297.2,58.1,246.8,0.97,7.3,Onion
135.1,39.1,140,0.75,6.6,Onion
166.6,40.4,174.8,0.72,6.6,Onion
115.3,30,116.4,0.57,6.2,Onion
209.5,57,167.9,0.86,6.8,Onion
267.2,50.8,189.6,0.9,6.6,Onion
244.8,50.4,194.4,0.88,7,Onion
135.5,33,122.1,0.59,6.6,Onion
198.3,41.2,153.5,0.75,6.6,Onion
191.3,34.6,165.8,0.76,6.1,Onion
338.4,62.5,258.5,1.2,6.6,Onion
183.4,44.3,138.8,0.78,7.1,Onion
127.6,30,132,0.68,6.2,Onion
318.6,56.2,249.3,1.1,6.2,Onion
171.2,31,134.7,0.67,6.2,Onion
136.8,30.8,100,0.57,6.7,Onion
303.8,58.1,272.2,1.04,6.3,Onion
167.3,31.8,145,0.73,6.4,Onion
284.9,59.2,294.8,1.13,6.2,Onion
155.6,30,100,0.57,7.4,Onion
278.5,57.3,266.9,1.04,6.4,Onion
191.2,45.2,152.1,0.87,7,Onion
196.4,49.2,223.4,0.87,6.3,Onion
170.7,42,178.8,0.67,6.1,Onion
147.8,37.3,163.4,0.61,6.9,Onion
310.5,70,279.3,1.09,6.5,Onion
205.5,44.3,174.6,0.75,7.1,Onion
100,30,104.4,0.53,6.2,Onion
176.5,35.8,169.6,0.66,7.4,Onion
243.3,47.8,193.4,0.92,7.3,Onion
167.9,30,161.3,0.7,7.1,Onion
322.8,61.4,279.2,1.13,6.2,Onion
174.4,36,172.3,0.69,7.2,Onion
191.3,45.9,166.4,0.81,6.8,Onion
171.8,40.9,130.4,0.76,7.2,Onion
260.8,48.6,191.6,0.96,6.5,Onion
307.5,57.7,258.5,1,6.9,Onion
155.3,31.3,146.2,0.66,6.5,Onion
350,66.5,265,1.11,7.1,Onion
326.9,60.3,289.5,1.16,7.3,Onion
323.2,61.8,266.1,1.14,6.1,Onion
303.1,52.1,263.5,1.03,7.4,Onion
259,51.6,213.6,0.91,6.1,Onion
173.3,41.7,154.3,0.79,6.8,Onion
154.1,39.7,138,0.59,6.8,Onion
153,39.4,172.4,0.71,7.1,Onion
191.1,31.2,138.3,0.77,6.1,Onion
212.9,40.7,183.9,0.78,7.5,Onion
266.7,50.3,243.3,0.98,6.3,Onion
319.5,57.3,293.7,1.2,7.4,Onion
323.3,68.3,270.7,1.16,6.8,Onion
334.9,55.4,278,1.12,7.2,Onion
248.3,46.8,200,0.85,6.9,Onion
205,52.8,191.7,0.78,6.8,Onion
192.6,45.2,193.6,0.95,6.8,Onion
100,30,124.6,0.5,6.9,Onion
192.6,40.8,153.4,0.78,7.1,Onion
337.1,67.8,248.2,1.2,6.6,Onion
146.1,30,134.7,0.5,7.2,Onion
111.2,30,131.5,0.5,7.4,Onion
122.7,30,123.1,0.57,7.3,Onion
277.8,43.9,235.7,0.87,7.5,Onion
158.1,30,169.4,0.6,6.2,Onion
313.7,53.1,215.9,1,6.4,Onion
315.7,52.7,267.6,1.05,6.1,Onion
196,35.9,142.7,0.71,6.3,Onion
350,61.1,221,1.13,6.7,Onion
116,30.3,121.5,0.57,7.1,Onion
194.1,41,185.3,0.82,6.2,Onion
212.9,45.2,194,0.84,6.3,Onion
130.3,31.8,142.3,0.64,6.3,Onion
252,51.3,237.5,0.95,6,Onion
296.9,56.6,239.2,1.09,6.2,Onion
272.3,51,239.2,1.04,6.4,Onion
350,62.2,270.3,1.11,7.1,Onion
276.4,52.3,277.8,0.99,6.4,Onion
140.2,30,133.6,0.58,6.1,Onion
137.5,30,134.1,0.53,6.1,Onion
204.2,35.5,165.2,0.78,7.4,Onion
132.8,32.7,155.4,0.5,6.4,Onion
190.2,41.9,193.8,0.79,7.1,Onion
269.7,54.6,220.9,1.02,6.5,Onion
279.5,55.7,261.5,1.01,7.1,Onion
159,39.2,162.7,0.74,7.3,Onion
327.8,62.5,280.5,1.11,6.5,Onion
103.9,30,128.9,0.5,7.3,Onion
114.1,30,121.3,0.55,6,Onion
261.9,49.6,260.8,0.95,6.4,Onion
350,58.3,300,1.11,6.1,Onion
295.4,58.9,252.7,1.11,6.4,Onion
229,45.6,174.6,0.78,7.2,Onion
217.1,53,260.6,0.96,6.8,Onion
292.6,51.1,255.6,0.99,6.1,Onion
206.6,38.9,172.4,0.78,7.1,Onion
340.8,56.3,300,1.2,7.5,Onion
296.2,55,259.2,0.97,7.2,Onion
105.5,30,139.2,0.56,7.3,Onion
100,30,100,0.54,7.3,Onion
127.5,39.7,117.3,0.62,6.9,Onion
235.9,50.7,190.2,0.9,7.4,Onion
128.1,37,132.3,0.55,6.8,Onion
256.2,48.3,216.7,0.92,6.9,Onion
212.7,41.5,133.1,0.75,7.1,Onion
129.5,37.1,137.6,0.67,7.1,Onion
104.9,31.6,128.6,0.5,7.2,Onion
204.6,42.5,219.1,0.73,6.6,Onion
159.8,32.8,142.3,0.68,6,Onion
127.2,31.7,144.6,0.6,6.5,Onion
158,31.5,104.2,0.64,7.2,Onion
104.9,32.9,114.5,0.57,6.9,Onion
135.6,38.4,129.7,0.6,6.7,Onion
138.1,32.6,166.5,0.7,6.4,Onion
331.2,67.8,275,1.02,6.5,Onion
125.8,30,129.4,0.59,6,Onion
203.9,40.1,154.9,0.68,6.4,Onion
131.8,30,147.9,0.67,7.5,Onion
107.3,35.1,127.9,0.5,6.6,Onion
121.8,32.2,134.4,0.57,7.1,Onion
132.9,31.5,111.9,0.57,7.4,Onion
307.9,59,289.6,1.15,6.1,Onion
198.7,39.6,166.4,0.68,6.3,Onion
326.8,61.4,300,1.19,6.2,Onion
206.9,44.7,168,0.71,7,Onion
263.3,54.4,197.3,0.9,6.2,Onion
328.5,67.5,281.4,1.11,6.7,Onion
349.3,70,297.7,1.13,7.3,Onion
325.2,58.5,300,1.11,7.3,Onion
166.2,35.5,178.1,0.72,7.4,Onion
187.6,42.5,201,0.77,6.9,Onion
207.1,35.3,182.7,0.74,6,Onion
221.3,45.1,190.8,0.78,7.1,Onion
170.2,35.3,141.2,0.74,6.9,Onion
164.8,41.6,155.2,0.67,6.7,Onion
284.3,54,212.3,0.91,7,Onion
100,30,122.9,0.5,6,Onion
339.2,65.4,293.2,1.2,6.4,Onion
279.4,51.6,221.5,1.07,6.9,Onion
295.8,65.8,256.8,1.07,6.8,Onion
196.8,47,214,0.92,6.9,Onion
274.8,51.9,263.5,0.91,7.1,Onion
246.4,53.8,238.3,0.96,6.5,Onion
133.5,36.3,112.1,0.54,6.9,Onion
299.9,59.8,231.4,1.06,6.4,Onion
331.1,55.2,257.9,1.08,7.2,Onion
228,34.1,162.4,0.8,6.1,Onion
247.4,42.7,203.5,0.89,7.3,Onion
350,60.7,278.8,1.2,7.2,Onion
180,38.5,168.5,0.7,7.4,Onion
350,60.6,235.4,1.07,6.3,Onion
288.7,50.3,252.9,1.03,7.1,Onion
141.4,36,168.3,0.58,6.6,Onion
330.9,65.1,300,1.15,6.2,Onion
249.9,46.8,226.2,1.04,7.4,Onion
180.2,41.9,175.3,0.74,7.4,Onion
194.1,42.4,213.7,0.71,6.6,Onion
291,59.7,257.5,1.09,6.4,Onion
210.9,49.9,185.7,0.86,6.8,Onion
233.2,41.3,222.7,0.83,7.4,Onion
152.3,36.4,182.7,0.62,6.1,Onion
246.5,49.2,242.3,0.95,7.1,Onion
329.4,67,300,1.19,6.6,Garlic
252.3,55,232.3,0.9,6.6,Garlic
254.1,54,216.7,0.94,6.9,Garlic
254.9,57.3,243.2,0.88,7.1,Garlic
194.5,44.4,206.1,0.67,7.2,Garlic
231.4,50.5,213.5,0.81,6.7,Garlic
230.1,48.9,214.9,0.87,7,Garlic
201.2,53,199.2,0.89,6.8,Garlic
232.8,56.6,214,0.83,6.7,Garlic
158.4,33.3,128.6,0.78,6.5,Garlic
190,40.2,158.1,0.75,6.7,Garlic
214.3,48.6,207.3,0.78,7.3,Garlic
272.9,58.3,268.8,0.99,6.8,Garlic
184.8,41.8,169.3,0.71,6.8,Garlic
169,34.8,141.3,0.71,6.4,Garlic
244.8,54.2,211.3,0.98,7.1,Garlic
221.2,51.2,214,0.9,6.6,Garlic
274.9,55.4,235.3,1.08,6.7,Garlic
207,39.3,179.3,0.83,6.4,Garlic
266.3,58.1,289.1,1,6.9,Garlic
253.5,51.3,242.5,0.94,6.5,Garlic
243.4,55,205.2,0.9,6.4,Garlic
215.2,53.9,175,0.92,6.6,Garlic
201.1,54.6,178.6,0.79,6.7,Garlic
208.5,38.3,199.3,0.8,6.5,Garlic
281.6,53.4,243.6,0.98,6.5,Garlic
196,51.2,158.3,0.81,6.7,Garlic
205.8,46.1,207.9,0.82,6.7,Garlic
171.4,34.9,169.1,0.73,6.8,Garlic
244.5,48.9,174,0.87,6.5,Garlic
252,57.7,266.2,0.92,6.7,Garlic
178.8,44.5,185.1,0.84,7,Garlic
255.3,49.3,208.1,0.83,6.5,Garlic
292.2,48.6,204.9,0.99,7.3,Garlic
182.1,43.1,130.8,0.79,7,Garlic
258.9,56,184.8,1.04,6.6,Garlic
235.2,53.1,189.8,0.7,6.7,Garlic
265.3,46.6,203.7,0.88,6.6,Garlic
132.3,35.1,132.5,0.65,6.8,Garlic
266.6,56.4,215.1,0.97,6.3,Garlic
260.6,51,204.7,0.94,6.9,Garlic
240,57.9,183.7,0.91,6.9,Garlic
263,48.9,218.9,1.05,6.3,Garlic
281.9,55.2,231.9,0.98,6.6,Garlic
160,37.2,143.1,0.68,6.8,Garlic
278.4,55.9,257.9,0.96,6.8,Garlic
210.1,42.3,199,0.83,6.9,Garlic
219,47.1,213.9,0.91,6.6,Garlic
195.6,41.7,197.9,0.8,6.6,Garlic
253.8,60.2,203.3,0.98,6.3,Garlic
198.8,42.9,183.5,0.78,6.4,Garlic
242.8,52.8,215.8,0.89,7,Garlic
140.8,32,130.6,0.66,6.5,Garlic
253,55.9,269.8,0.91,6.9,Garlic
213.7,47,174.2,0.67,6.9,Garlic
202.4,43.4,126.1,0.77,7,Garlic
242.4,48.6,209.8,0.95,6.6,Garlic
245.5,57,241.8,0.86,6.6,Garlic
204.7,47.5,153.6,0.85,6.4,Garlic
243.4,47,222.1,0.82,7.2,Garlic
248.1,48.2,219.4,0.85,6.4,Garlic
287.4,61.9,277.7,1.03,6.7,Garlic
273,56.1,218.1,0.94,6.8,Garlic
154.2,37,138.6,0.69,6.8,Garlic
228.1,57.6,237.4,0.86,6.8,Garlic
211.2,47.4,178.8,0.73,7,Garlic
207.1,46.4,220,0.84,6.9,Garlic
288.5,49,190.7,0.98,6.4,Garlic
229.3,51.1,194.5,0.88,7.1,Garlic
283.3,56.5,238.3,0.93,6.4,Garlic
266.6,51.1,180.1,0.97,7.1,Garlic
265.7,57.2,222.7,0.98,6.7,Garlic
185.4,42.6,189.4,0.69,6.8,Garlic
258.9,62.4,254.9,0.99,6.8,Garlic
299.5,66.7,273.1,1.04,6.7,Garlic
273.7,47.8,260.5,0.97,6.7,Garlic
176.3,41,186.9,0.79,7,Garlic
256.2,48.3,234.7,0.94,6.6,Garlic
238.5,50.9,224.3,0.96,6.4,Garlic
192.8,42.1,159.4,0.78,6.6,Garlic
272.4,64.9,227.3,0.94,7,Garlic
256.7,57.3,250.8,0.84,6.8,Garlic
274.9,53.5,259.5,0.98,6.6,Garlic
283.1,59.2,221.4,0.94,6.8,Garlic
183.4,38.6,164.2,0.74,6.6,Garlic
259.3,57.6,203.5,0.93,6.7,Garlic
222.9,53.6,215.2,0.86,6.7,Garlic
267.5,56.6,262.8,0.97,6.7,Garlic
284.2,57.4,300,1.02,6.9,Garlic
190,40.3,159.2,0.68,6.5,Garlic
301.8,56.3,231.2,0.93,6.5,Garlic
251.5,55.8,227.7,0.91,6.6,Garlic
173.1,40.5,147.2,0.72,6.8,Garlic
195,45.5,167,0.71,6.7,Garlic
195,45.6,182.4,0.71,7,Garlic
227.2,43.7,189.2,0.85,6.2,Garlic
144,39.6,124.1,0.63,6.9,Garlic
231.9,53.6,213.6,0.86,6.3,Garlic
185,37.3,164.5,0.77,7.1,Garlic
246,56.4,200.5,0.98,6.7,Garlic
256.2,50.1,149.6,1.01,7,Garlic
272,57,232.5,1,6.9,Garlic
170.1,40.2,185.2,0.72,7,Garlic
172.8,41.4,160.7,0.75,6.8,Garlic
110.9,30,100,0.5,7.3,Garlic
320.6,58.7,258.9,1.06,6.6,Garlic
175.6,36.7,174.5,0.66,6.9,Garlic
183.9,43.5,164.4,0.78,7,Garlic
234.3,53.3,261.6,0.87,6.8,Garlic
214.8,53.7,148,0.87,6.3,Garlic
242.8,53.5,204,0.84,7,Garlic
122.7,30,116,0.5,7,Garlic
223.3,53.3,243.4,0.89,7.1,Garlic
265.2,52.3,230.2,0.84,6.5,Garlic
251.7,44.4,177.2,0.82,6.3,Garlic
192.5,44.7,222,0.8,6.8,Garlic
330.6,55.7,230.2,1.2,6.2,Garlic
253.3,48.2,203,0.81,6.7,Garlic
262.3,44.6,194.7,0.98,7.4,Garlic
253.6,45,197.3,0.81,6.7,Garlic
313.6,58,266.9,0.95,6.5,Garlic
151.8,36.8,126.5,0.75,7.2,Garlic
216.3,41.8,155.9,0.7,7.1,Garlic
211.9,41.5,156.7,0.82,6.6,Garlic
179.1,37.2,182,0.77,7.1,Garlic
183.7,36,125.2,0.85,6.4,Garlic
182.8,38.8,173.5,0.81,7,Garlic
201.6,42.8,208.5,0.76,6.3,Garlic
199.3,36,130,0.59,6.9,Garlic
169.5,41.2,163.9,0.74,6.7,Garlic
282.9,55,217.8,1.02,6.4,Garlic
147.9,33.7,182.8,0.6,7,Garlic
220.2,43.8,197.6,0.77,7,Garlic
154.6,30,150.7,0.69,7.3,Garlic
282.5,60.4,248,1.05,6.8,Garlic
182.3,41.4,141.3,0.58,7,Garlic
131.2,31.7,138.6,0.57,6.3,Garlic
216.7,47.5,187.2,0.84,7,Garlic
270.6,60.3,233.7,0.94,6.9,Garlic
296.4,57.7,199.6,1.01,6.3,Garlic
334.3,69.8,270.4,1.14,6.7,Garlic
121.6,31.8,116.4,0.59,7.1,Garlic
212.9,46.6,167.9,0.79,6.9,Garlic
230.8,41.1,232.3,0.79,6.3,Garlic
346.3,68.5,261.9,1.19,6.6,Garlic
250.3,53.6,224.3,0.98,6.9,Garlic
109.2,30,102.1,0.53,6.8,Garlic
225.6,48.2,185.9,0.87,6.7,Garlic
241.5,50.7,210.1,0.83,6.3,Garlic
237,52,191,0.81,6.9,Garlic
255.9,55.9,221.9,1.08,6.9,Garlic
164,41.6,156.4,0.65,6.8,Garlic
211.4,43.1,215.7,0.71,6.5,Garlic
166.7,40.9,196.7,0.78,6.6,Garlic
216.1,48.1,175.6,0.87,6.7,Garlic
180.1,44.9,153.4,0.85,6.9,Garlic
264.2,51,256.9,1.08,6.4,Garlic
196.2,42,211.7,0.83,6.3,Garlic
245.5,44.9,204.4,0.94,6.3,Garlic
247.8,53.1,218.8,0.84,6.8,Garlic
222.3,47.8,213.2,0.83,7.1,Garlic
251.4,49.2,241.5,0.94,6.6,Garlic
329.4,60.6,289.7,1.09,7.2,Garlic
137.8,32,157.2,0.6,6.5,Garlic
294.9,57.4,300,0.98,7.1,Garlic
168.9,37.1,131.2,0.7,6.4,Garlic
144.6,36.1,114.1,0.61,6.3,Garlic
287.9,61.2,236.4,1.02,6.6,Garlic
179,38.6,151.4,0.79,6.3,Garlic
199.9,38.2,181.8,0.78,6.4,Garlic
244,53,186.3,0.84,7,Garlic
231.2,43.3,203.6,0.72,6.5,Garlic
230.8,49.2,213.4,0.86,6.6,Garlic
227.2,48.8,147.5,0.84,6.4,Garlic
259.1,56.2,189.6,0.97,7,Garlic
144.4,31.9,134.3,0.7,6.8,Garlic
177.5,35.6,159.2,0.69,7,Garlic
163.1,45.3,173.3,0.73,6.6,Garlic
234.4,52.8,218.9,0.87,7,Garlic
305.1,57.5,283.8,1.08,6.6,Garlic
212.5,51.7,195.7,0.81,6.8,Garlic
204.6,50.6,216.9,0.85,7,Garlic
280.7,54.3,256.3,0.9,6.5,Garlic
221.2,37.1,175.4,0.77,6.2,Garlic
175.5,44.9,149,0.65,6.8,Garlic
225.8,47,169.9,0.79,6.9,Garlic
219.4,43.2,178.6,0.76,7,Garlic
240.9,50.3,224,0.94,7.1,Garlic
228.9,37.6,212.4,0.83,6.1,Garlic
186.5,32.1,154.4,0.58,6.9,Garlic
150.5,33.7,134.4,0.59,6.5,Garlic
236.4,52.4,209.7,0.95,7,Garlic
241.5,48.7,222.6,0.92,6.4,Garlic
233.9,42.7,230.1,0.9,6.3,Garlic
245.3,54.5,225.6,0.97,6.9,Garlic
327.3,64.2,290.6,1.12,7.1,Garlic
235.6,45.6,202.8,0.9,6.4,Garlic
205.4,51.7,216.8,0.82,7,Garlic
136.2,37.9,143.3,0.6,6.8,Garlic
204.1,41.5,199.6,0.77,7.3,Garlic
140.4,34.4,100,0.58,6.5,Garlic
191.4,42.7,191.2,0.77,6.9,Garlic
125.4,30,100,0.53,6.4,Garlic
350,70,285.2,1.05,6.9,Garlic
295,56.4,278.4,0.98,6.4,Garlic
257,50.2,218.4,0.95,6.7,Garlic
174.7,37.4,117.1,0.68,6.3,Garlic
219,37.9,160.5,0.67,6.5,Garlic
243.9,56.8,232.4,0.92,6.7,Garlic
291,56.6,262.6,1.07,6.6,Garlic
326.6,63.1,266.5,1.07,7.2,Garlic
152.3,42.4,126.6,0.7,6.9,Garlic
260.9,48.7,213.2,0.88,6.6,Garlic
266.8,60.9,225.2,0.95,6.2,Garlic
263.2,59.6,240.1,0.92,6.5,Garlic
321.9,55.1,230.9,1.04,6.4,Garlic
204.2,44.3,164.9,0.88,6.5,Garlic
279.1,55.3,253.8,1.05,6.6,Garlic
195.6,41.8,163.8,0.78,7,Garlic
260.2,53.6,248.1,0.95,6.8,Garlic
261.8,49.3,290.3,0.93,6.3,Garlic
210.7,40.5,186.9,0.66,6.8,Garlic
166.3,40.2,159.3,0.72,7,Garlic
240,46.8,230,0.95,6.8,Garlic
261.4,49.1,226.7,0.94,7.1,Garlic
275.7,61.3,257.5,1.02,6.6,Garlic
235.7,48.4,236.9,0.83,6.8,Garlic
193.5,38.7,159.8,0.76,6.6,Garlic
234,51,197.8,0.86,6.4,Garlic
336.6,57.8,292.2,1.11,6.4,Garlic
182.7,33.6,174.2,0.7,7.2,Garlic
128.8,35.4,105.7,0.58,6.9,Garlic
242.2,54.6,235.8,0.93,6.9,Garlic
204.5,38.3,199.2,0.84,7.1,Garlic
278.1,57.4,268.6,1.01,6.8,Garlic
203.4,44.7,178,0.77,6.7,Garlic
332.8,67.8,258.3,1.08,6.8,Garlic
223.9,49.1,246.3,0.86,6.9,Garlic
199.6,35.6,155.6,0.81,6.4,Garlic
207.9,45.7,216.1,0.7,6.1,Garlic
176.8,41.6,171.7,0.72,6.7,Garlic
147.9,30,119.9,0.57,6.9,Garlic
274.8,53.8,235.9,1.02,6.3,Garlic
281.1,50.9,214.9,0.94,6.3,Garlic
290.6,51.8,254.2,0.96,7.1,Garlic
302.8,65.6,284.5,1.11,6.6,Garlic
229.8,54.9,230.3,0.86,6.9,Garlic
137.8,34.1,126.4,0.77,6.2,Garlic
191,40.4,151.3,0.74,6.4,Garlic
264.2,49.5,212.2,0.89,6.6,Garlic
144.8,37.5,126.1,0.61,6.6,Garlic
290.8,65.7,285.2,0.99,7,Garlic
253.1,50.2,241,0.91,7,Garlic
302.2,65.9,288.3,1.14,7.1,Garlic
259.2,57.9,257.2,1.03,6.5,Garlic
188.4,43.5,147.1,0.79,6.6,Garlic
266.7,54.1,207.8,0.85,6.7,Garlic
188.2,33.3,188.8,0.77,6.5,Garlic
306.7,64,274.7,1.08,6.2,Garlic
212.7,43.7,201.6,0.83,7.2,Garlic
138.8,38,147.3,0.61,6.6,Garlic
273.9,54.1,225.4,0.97,6.5,Garlic
194.5,48.4,160.3,0.65,7.1,Garlic
275,55.2,218.2,0.97,6.9,Garlic
163.2,39.6,151.9,0.78,7.1,Garlic
280.7,57,247,1.08,6.9,Garlic
328.8,62,244.1,1.07,6.9,Garlic
279.5,60.2,240.6,1,6.9,Garlic
253.7,60.6,220.3,0.84,6.5,Garlic
216.5,49.4,176.4,0.76,6.5,Garlic
223.4,56.4,195.6,0.88,6.6,Garlic
295.6,62.9,212.3,0.98,6.9,Garlic
257.3,49.5,231.4,0.84,6.7,Garlic
276.2,50.2,226.1,0.98,6.7,Garlic
170.1,35.8,152,0.71,6.2,Garlic
246.8,45.3,200.7,0.93,7.1,Garlic
230,45.5,152.1,0.8,6.5,Garlic
191.9,47.7,169,0.77,6.7,Garlic
319.3,60.3,258.9,1.09,7.3,Garlic
286.9,51.8,211.7,1.03,6.1,Garlic
282.4,51.6,243.1,1.04,6.3,Garlic
126.5,38.1,121.1,0.65,6.9,Garlic
189.9,44.8,169.7,0.75,6.7,Garlic
196.1,41.8,134.2,0.64,6.6,Garlic
165.1,36.8,112.1,0.65,7.4,Garlic
203.1,40.4,168.4,0.76,6.8,Garlic
223.9,42.3,260.7,0.86,7.4,Garlic
276.5,60.3,228.4,0.98,6.7,Garlic
173.4,36.6,140.7,0.67,6.7,Garlic
270.2,58.4,222.3,0.99,6.8,Garlic
318.1,54,229.6,1.09,6.9,Garlic
267.2,48.4,229.5,1.04,6.3,Garlic
317.7,59.5,299.5,1.08,7.2,Garlic
136,32.1,142.2,0.58,6.4,Garlic
261.3,56.6,239.5,1,6.5,Garlic
169.1,33.8,135.4,0.51,6.3,Garlic
201.1,49.8,195.7,0.85,6.8,Garlic
157.2,38.3,194.1,0.74,6.9,Garlic
324.4,62.8,300,1.02,6.6,Garlic
131.6,31.3,161.4,0.54,6.4,Garlic
258.1,47.7,212.1,0.92,6.5,Garlic
306.6,55.2,265.5,1.06,6.5,Garlic
164,35.9,184.9,0.63,7.1,Garlic
194,43.6,182.9,0.67,6.9,Garlic
206.9,48.6,213.9,0.92,7.3,Garlic
241.1,50,191.9,0.88,6.7,Garlic
184.7,38.4,221.2,0.59,6.4,Garlic
182.6,39.5,152.8,0.63,6.6,Garlic
215.9,40.8,179.6,0.66,6.7,Garlic
248,52.2,253.7,0.99,6.8,Garlic
295.3,58.3,300,1.09,7,Garlic
169.6,43.3,145.6,0.7,6.9,Garlic
186.5,40.6,153.2,0.7,7,Garlic
175.8,43.5,199.4,0.85,7.2,Garlic
320.1,66.8,297.5,1.14,7,Garlic
195.4,49.1,188,0.8,6.8,Garlic
174.7,45.3,148.1,0.67,6.8,Garlic
174.9,33,145,0.73,7.3,Garlic
289.1,65.8,228.5,1.06,6.3,Garlic
193.1,42.4,143.8,0.7,6.7,Garlic
151.3,33.2,119.8,0.67,7,Garlic
153.9,37.2,157.5,0.68,6.7,Garlic
254,49.2,217.2,0.93,6.4,Garlic
211.2,46.3,173.7,0.72,6.9,Garlic
200.4,44.7,127.5,0.73,6.4,Garlic
276.7,60.1,281.1,1.01,7.1,Garlic
174.4,39.7,163.5,0.65,7,Garlic
153.3,30.2,192.1,0.68,6.2,Garlic
250,49.6,237.1,0.93,7.1,Garlic
189.8,43.6,200.8,0.85,7.1,Garlic
138.6,38.1,143,0.68,6.7,Garlic
189.1,39.3,181.9,0.82,6.3,Garlic
251,52.7,226.8,0.92,6.9,Garlic
276.1,52.4,241.8,0.96,6.6,Garlic
186.5,39.4,159.3,0.72,6.9,Garlic
296.8,57.1,232.3,0.91,6.7,Garlic
266.6,53.3,228.6,0.95,7.1,Garlic
193,39.2,167.9,0.75,6.4,Garlic
184,43.6,165.8,0.89,6.5,Garlic
318.3,64.5,256.5,1.18,6.9,Garlic
100,31.6,113.3,0.51,6.3,Garlic
196.4,34.5,160.9,0.85,7.1,Garlic
204.6,41.4,178.1,0.83,6.3,Garlic
142.5,38.4,126.5,0.68,6.4,Garlic
185.1,45.2,196.9,0.81,6.5,Garlic
250.8,45,200.7,0.91,6.8,Garlic
240.1,51.1,231,1.01,7.2,Garlic
156.2,34.7,135.6,0.52,6.8,Garlic
172.1,40.9,162.9,0.79,6.4,Garlic
288.1,66.9,290.9,1.08,6.7,Garlic
184.8,40.2,181.8,0.81,6.4,Garlic
145.6,37.1,194.5,0.78,6.1,Garlic
283.6,52.9,242.6,1.11,7.1,Garlic
317.8,64,257.7,1.09,6.8,Garlic
233.3,49.7,198,0.94,6.3,Garlic
100,30,152.4,0.52,7.3,Garlic
149.8,31.9,150.1,0.74,6,Garlic
146.3,33.2,135.4,0.64,6.3,Garlic
334.2,68.1,269.3,1.18,6.8,Garlic
267,56.5,220.3,0.96,6.3,Garlic
298.7,55.2,269.9,1.01,6,Garlic
317,63.6,255.9,1.04,6.4,Garlic
230.8,49.6,222.9,0.81,6.3,Garlic
120.9,34.5,112.3,0.56,6.7,Garlic
151.8,30.2,171.2,0.63,7.4,Garlic
176.9,34.5,158.8,0.7,6.1,Garlic
119.6,30,100,0.5,7.4,Garlic
328.5,67.1,300,1.17,6.6,Garlic
263.2,45.6,248.5,0.85,6,Garlic
138.8,31.9,132.7,0.66,6.2,Garlic
319.1,51.3,260.3,1.02,6.6,Garlic
303.8,60.4,290.3,1.06,6.6,Garlic
110.6,32.9,112.3,0.5,6.5,Garlic
191.3,47.9,190.3,0.81,6.8,Garlic
176,41.2,155.2,0.72,6.5,Garlic
234,39.4,211.1,0.89,6.4,Garlic
126,30,116.8,0.56,7.2,Garlic
197.7,49.2,176.9,0.81,6.3,Garlic
239.4,43.6,220,0.91,6.4,Garlic
295.5,57.7,289.6,1.1,7.3,Garlic
150.2,35.1,158.5,0.57,7.1,Garlic
100,32.2,107.5,0.51,6.7,Garlic
344.9,67.5,278.1,1.2,7,Garlic
240.6,47.5,220.5,0.88,7.1,Garlic
158.8,32.2,134.1,0.7,7.3,Garlic
175.8,44.1,198.2,0.86,6.6,Garlic
255.4,46.2,214.7,0.91,7.2,Garlic
164.4,34.5,154.1,0.66,6.5,Garlic
210.9,45.8,212.9,0.74,7.3,Garlic
223.6,37.5,155.9,0.79,6.1,Garlic
147.8,30,130.2,0.59,6.2,Garlic
348.1,63.1,300,1.18,7,Garlic
131.5,30,101.5,0.5,6.3,Garlic
199.3,41.4,175.1,0.77,7.1,Garlic
275.1,56.9,296.3,1.01,6.3,Garlic
231.8,40.5,208.8,0.85,7.3,Garlic
226.8,42.7,205.8,0.81,6,Garlic
184.7,36.5,118.6,0.64,7.3,Garlic
147.3,44.2,137.7,0.56,6.7,Garlic
245.8,54.1,236.4,1.04,7,Garlic
308.7,56.4,285.2,1.04,6.6,Garlic
321.3,58.7,278.7,1.1,6.5,Garlic
157,30,152.2,0.64,7.3,Garlic
127.2,30,104.5,0.5,6.2,Garlic
237,51,245.4,1.01,6.7,Garlic
316.3,61.5,300,1.18,6.9,Garlic
330.8,57.3,267.7,1.04,6.5,Garlic
287.8,51.3,270.4,1.14,6.1,Garlic
153.8,32.3,154.4,0.73,6.1,Garlic
337.9,52.4,285.5,1.11,7.3,Garlic
157,32.3,132.8,0.57,6.3,Garlic
217.1,40.5,211.5,0.8,6.5,Garlic
100,30,100,0.57,6.7,Garlic
163.3,41.3,179.5,0.75,7.3,Garlic
283,49.4,248.8,0.91,6.1,Garlic
100,30,129.2,0.5,6.2,Garlic
140.2,39.1,118.3,0.61,6.5,Garlic
265.5,56.3,209.5,1.07,7.1,Garlic
143.8,30.3,139.6,0.71,7.5,Garlic
314.8,62.5,296.4,1.13,6.6,Garlic
274.5,50.2,259.1,0.87,7.2,Garlic
305.9,60.2,285.3,1.09,6.2,Garlic
162.8,30.9,128.8,0.62,7.4,Garlic
121.9,30,129.7,0.5,6.5,Garlic
251.5,43.4,242.6,0.93,6.1,Garlic
131.8,30,128.9,0.57,6.2,Garlic
335.7,56.9,254.3,1.09,7.4,Garlic
253.2,61,222.5,1.02,6.6,Garlic
155.2,31.2,152.2,0.52,6.4,Garlic
100,30,107.9,0.61,7.3,Garlic
148.7,40.2,159.9,0.59,6.8,Garlic
176.5,32.1,161.5,0.69,6.1,Garlic
128.8,34.9,125.1,0.5,7.3,Garlic
323.3,63.8,291.2,1.14,6.2,Garlic
289.7,51.6,263.1,1.01,7,Garlic
149.5,30.8,120.9,0.61,7.2,Garlic
119.6,32.6,144.5,0.5,7,Garlic
194.9,39.1,223.2,0.79,7.4,Garlic
117.7,35.9,126.4,0.68,6.8,Garlic
123.1,32.6,125.6,0.54,7.3,Garlic
211.8,41.4,189,0.86,7.5,Garlic
342.5,52,300,1.16,6.1,Garlic
162.9,36.5,127.7,0.64,6.5,Garlic
147.1,34.6,104.5,0.61,7.3,Garlic
226.5,45.2,169.2,0.82,6.5,Garlic
118,31.2,103.7,0.55,6.3,Garlic
299.2,59.6,236.5,1.13,7.3,Garlic
350,67.2,284,1.17,7.3,Garlic
152.7,31.2,113.7,0.51,6.4,Garlic
147.4,36.8,160.5,0.58,6.7,Garlic
100,30,157.8,0.5,6.2,Garlic
314.7,65.9,246.6,1.16,6.5,Garlic
180.5,44.2,174.4,0.81,6.8,Garlic
174,38.2,126.4,0.7,6.9,Garlic
152.5,33.8,144.3,0.68,6.6,Garlic
284.7,52.2,251.3,1.01,7.5,Garlic
339.5,68.1,291.1,1.16,6.8,Garlic
338.3,61.7,267.1,1.11,7.4,Garlic
202.4,41.3,206.9,0.92,7.1,Garlic
330.4,67.4,300,1.17,7.2,Garlic
181.1,39.3,179.5,0.71,6.5,Garlic
328.5,65,261.6,1.11,7.1,Garlic
193.6,36.7,169.2,0.84,6.4,Garlic
293.3,59.5,263.2,1.04,6.4,Garlic
284.1,52.8,273.4,0.96,7.1,Garlic
296.3,57.8,261.3,1.16,7.4,Garlic
326.5,66.3,299.4,1.2,6.7,Garlic
110.4,31,130.4,0.5,7.4,Garlic
265.9,58,205.2,1.01,6.7,Garlic
187.4,44.7,148,0.79,7.1,Garlic
129.7,30,132.4,0.62,7,Garlic
298.4,56.8,274.4,1.01,6.2,Garlic
256.3,40.8,252.7,0.89,6,Garlic
182.5,41.2,125.8,0.74,6.3,Garlic
193.9,34.2,189.8,0.81,7,Garlic
241.3,52.7,272.5,0.99,6.4,Garlic
178.6,34.6,145.6,0.83,6.1,Garlic
286.5,55,210.2,0.98,7.3,Garlic
196,47,178.9,0.71,6.6,Garlic
350,57.9,272.1,1.17,7.4,Garlic
340.5,69.5,296.8,1.2,6.8,Garlic
245.1,49.8,242.9,0.97,7.3,Garlic
149.2,38.1,149.8,0.64,6.7,Garlic
110.9,30,124.1,0.56,6,Garlic
282.9,52,224,1.08,6.8,Garlic
206.1,49.4,172.6,0.86,6.9,Garlic
284.3,55.8,236.4,1.12,7.2,Garlic
146.9,30,129.3,0.66,7.5,Garlic
334.5,62.2,275.5,1.2,6.1,Garlic
135.3,30,109.5,0.6,6.7,Garlic
206.1,37.5,150.8,0.68,7.1,Garlic
110.5,30,100,0.55,6.5,Garlic
190.8,44.8,227,0.76,7.4,Garlic
138.1,30,124,0.54,6.6,Garlic
280.8,44.3,214.8,0.99,6.1,Garlic
168.4,37.8,178.2,0.8,7.2,Garlic
219.9,53.5,228.4,0.93,7.1,Garlic
175,37,146.5,0.61,7.3,Garlic
350,62.4,300,1.2,6.6,Garlic
295.5,61.7,241.7,1.02,7.2,Garlic
244.1,46.4,257.1,1.27,6.8,Turmeric
322.3,58.4,289,1.56,6.5,Turmeric
191.7,42.8,174.9,1.16,5.9,Turmeric
266.5,50.3,260.6,1.58,6.9,Turmeric
290.6,54.6,263.6,1.71,6.7,Turmeric
224,42,201.2,1.13,6.6,Turmeric
238.2,46.9,231,1.44,5.7,Turmeric
303.9,52.9,272,1.52,6.6,Turmeric
212.7,39.8,212.8,1.25,5.8,Turmeric
195.9,40.5,228,1.23,6.3,Turmeric
232.3,43.5,195.9,1.23,6.2,Turmeric
272.7,43.7,250.2,1.49,6.8,Turmeric
243.1,46.5,205.1,1.39,6.7,Turmeric
292,62.7,235.7,1.53,6.1,Turmeric
250.5,43.1,221.7,1.28,5.7,Turmeric
341.1,54.7,320.1,1.93,6.6,Turmeric
216.6,46.7,237.7,1.41,6.2,Turmeric
275.3,54.5,251.5,1.49,6.2,Turmeric
272,45.2,257.2,1.62,6.6,Turmeric
292.5,53.4,229.5,1.71,5.5,Turmeric
307.6,57.1,265.3,1.54,6.2,Turmeric
187.1,34.6,210.3,1.17,6.5,Turmeric
247,40.7,256.6,1.08,6.2,Turmeric
212.5,40.1,223.1,1.06,6,Turmeric
226,44.1,207.4,1.22,6,Turmeric
266,50,233.3,1.49,6.2,Turmeric
295.3,52.8,226.5,1.31,6.3,Turmeric
318.6,57.6,274,1.85,6.5,Turmeric
184.7,39.2,155.8,1.25,6.5,Turmeric
242.6,44,212.4,1.5,5.5,Turmeric
238,43.5,187.1,1.24,6,Turmeric
230.6,40.2,174.8,1.09,6.5,Turmeric
282.9,51.8,255.3,1.46,6.2,Turmeric
229.1,42.8,220.8,1.26,6.2,Turmeric
254.2,51.5,208.8,1.48,6.2,Turmeric
275.7,47.6,234,1.55,6.3,Turmeric
274.2,50.9,210.6,1.62,6.8,Turmeric
356,54.2,282.6,1.93,7.1,Turmeric
240,46.2,209.5,1.29,6.4,Turmeric
224.6,43,183.6,1.22,6.1,Turmeric
282.2,55.2,284,1.44,6.6,Turmeric
237,48.3,271,1.51,7,Turmeric
199.1,38.5,178.2,1.14,5.4,Turmeric
239.6,37.5,194.6,1.19,6.7,Turmeric
334,56.4,294.4,1.65,6.1,Turmeric
270.2,48.4,246.5,1.63,6.8,Turmeric
250.2,47.4,245.4,1.37,6.3,Turmeric
308,57.8,266,1.56,5.9,Turmeric
295.1,41.2,261.2,1.58,6.7,Turmeric
287.3,50.7,202.9,1.42,6.1,Turmeric
252.2,43.5,191.8,1.22,6.2,Turmeric
289.3,55.5,214.1,1.47,5.8,Turmeric
224.1,43.3,224.5,1.22,5.9,Turmeric
299.4,52.7,268.4,1.5,6.6,Turmeric
222.7,43.3,174,1.1,5.8,Turmeric
222,42.5,198.6,1.31,6.5,Turmeric
271.8,55.1,192.9,1.5,6.2,Turmeric
209.9,48.5,175.4,0.98,6.7,Turmeric
230,47.8,234.6,1.39,6.5,Turmeric
263.9,52.7,274.2,1.51,6.3,Turmeric
237.9,42.1,206.4,1.28,6,Turmeric
235.3,46.1,200.8,1.33,6.3,Turmeric
266.2,55,236.1,1.5,6.2,Turmeric
198.3,45.1,176.4,1.22,6,Turmeric
225.8,40.4,200.6,1.44,6.1,Turmeric
258.6,51.1,284.3,1.51,6,Turmeric
339.4,57.6,316.5,1.48,6.2,Turmeric
261.5,46.6,213,1.27,6.7,Turmeric
224.4,39.3,190.9,1.52,6.9,Turmeric
263.4,44.8,233,1.41,6.3,Turmeric
259.5,42.1,198.4,1.35,6.1,Turmeric
229.1,47.2,224.6,1.33,6.5,Turmeric
327.2,62.6,245.1,1.64,5.8,Turmeric
222.2,44.8,253.1,1.39,6.6,Turmeric
319,60.9,298.1,1.67,6.3,Turmeric
248.3,42.3,269.6,1.4,5.6,Turmeric
309.2,60.7,300.7,1.72,6.6,Turmeric
265.3,47.1,242.4,1.53,6.2,Turmeric
200.8,44.8,167.4,1.16,6.1,Turmeric
191.8,37.1,235.6,1.25,6.3,Turmeric
284.7,57.9,235.4,1.57,5.8,Turmeric
326.1,64,340.3,1.48,5.9,Turmeric
260.3,50.6,204.8,1.44,6,Turmeric
321.2,56.4,257.3,1.62,6.2,Turmeric
267.7,49.9,276.7,1.52,6.2,Turmeric
368,57.9,295.9,1.82,6.4,Turmeric
216.7,40.6,219.8,1.52,6.8,Turmeric
297.1,57.9,284.9,1.6,6.4,Turmeric
274.9,39.4,243.2,1.52,7.2,Turmeric
212.1,42.1,232.2,1.28,5.9,Turmeric
263.3,50.5,247.2,1.37,6,Turmeric
323,50,317.7,1.54,5.6,Turmeric
232.4,47.2,243.7,1.19,6.1,Turmeric
263.2,51.5,268.4,1.42,6.5,Turmeric
274,49,242.7,1.45,6.4,Turmeric
302.8,56.6,283.1,1.66,5.6,Turmeric
271.1,60.2,228.2,1.47,6.1,Turmeric
256.4,61.4,288.6,1.51,6.5,Turmeric
279.7,58.5,247.1,1.52,5.8,Turmeric
254.2,43.7,280.4,1.36,5.5,Turmeric
197.8,47.4,165.9,1.11,6.2,Turmeric
212,43.5,166.2,1.23,6.6,Turmeric
131.5,30,125.9,0.9,5.4,Turmeric
280.4,54.5,244.6,1.6,6.8,Turmeric
266.5,44.9,191.4,1.38,7,Turmeric
317.9,50.6,265.7,1.68,6.7,Turmeric
322.4,58.8,302.7,1.78,5.7,Turmeric
337.9,63.9,350,1.79,6,Turmeric
245.5,36.9,206.9,1.09,5.6,Turmeric
281.8,48.4,255.6,1.33,6.2,Turmeric
286.5,48.2,236.8,1.58,5.9,Turmeric
236.8,51,179.3,1.4,6.2,Turmeric
155.6,32.7,198.7,0.92,6,Turmeric
219.9,41.9,192.6,1.2,5.6,Turmeric
330.1,63.3,258.4,1.81,6.2,Turmeric
305.3,52.5,287.1,1.59,7.3,Turmeric
254.6,47.7,268.4,1.57,5.3,Turmeric
344.8,56.6,291.4,1.66,6.1,Turmeric
222.4,34.5,189.3,1.11,7.1,Turmeric
343.6,54.9,316.3,1.87,7.1,Turmeric
350.9,50.2,238.7,1.73,6.4,Turmeric
135.1,34,182.1,1,5.6,Turmeric
240,45.7,240.3,1.31,5.2,Turmeric
247.2,44.2,210,1.26,5.7,Turmeric
276.2,37.9,269.7,1.5,7.1,Turmeric
212.2,41.1,188.7,1.22,7,Turmeric
344.3,55.2,307.6,1.61,6.8,Turmeric
325.3,60.8,246.1,1.75,6.3,Turmeric
271.6,48.6,216.1,1.59,6.9,Turmeric
273.3,41.3,236.1,1.38,6.2,Turmeric
188.7,40.7,202,1.03,6.1,Turmeric
138.1,34.7,139.1,0.84,5.6,Turmeric
297,56.4,244.2,1.5,6.8,Turmeric
212.9,41,174.9,1.06,6.2,Turmeric
291.6,51.4,288.1,1.52,6,Turmeric
279.3,47.7,290.2,1.56,5.6,Turmeric
335.1,55.7,278.7,1.85,5.5,Turmeric
305,46.5,269,1.64,5.4,Turmeric
307.6,57.3,286.1,1.55,6,Turmeric
329.3,63.3,260.4,1.76,5.9,Turmeric
202.5,38.9,159.5,1.02,6.6,Turmeric
217.4,44.3,221.1,1.38,6.2,Turmeric
336.8,65.4,276.7,1.8,6.3,Turmeric
270.3,54.7,322.2,1.64,6.7,Turmeric
278.2,52.8,261.4,1.65,5.9,Turmeric
348.4,58.6,283.3,1.81,6,Turmeric
224.8,45.2,239,1.39,6.4,Turmeric
279.5,52.3,271.9,1.44,5.3,Turmeric
369.5,63,284.1,1.92,7,Turmeric
226.7,39.4,180.3,1.06,6.6,Turmeric
280.6,60.5,244.1,1.55,6.4,Turmeric
228.3,30.4,165.6,1.25,5.6,Turmeric
156,30,151.7,0.91,5.3,Turmeric
287.9,58.8,342.9,1.78,6.7,Turmeric
235.1,52.2,268.4,1.33,6.3,Turmeric
258.7,44.4,217.1,1.51,6,Turmeric
298.5,49.7,240.6,1.44,6.7,Turmeric
321,64.9,295.8,1.66,6.5,Turmeric
292.7,53.8,304.3,1.48,6.9,Turmeric
169.6,38.1,161.1,1.25,6.5,Turmeric
306,59.9,250.9,1.67,6.3,Turmeric
191.1,38.6,198.3,1,5.6,Turmeric
387.9,60.7,285,1.74,5.6,Turmeric
230.9,41.1,225,1.03,5.9,Turmeric
232.4,45.8,204.7,1.3,6.9,Turmeric
264.2,51,253.6,1.35,6.2,Turmeric
292,51.8,242.5,1.48,6.4,Turmeric
317.6,52.4,269.4,1.59,5.2,Turmeric
238.2,46.8,202.5,1.34,6.7,Turmeric
343.1,53.1,291.5,1.76,6,Turmeric
342.1,60.1,238.5,1.84,6.7,Turmeric
233.6,40.8,190.7,1.14,6.6,Turmeric
273.9,48.9,223.9,1.44,6,Turmeric
233.1,52.8,206.9,1.4,5.9,Turmeric
200.9,38.5,211.5,1.16,6,Turmeric
251.3,51.4,216.1,1.36,6.2,Turmeric
312.3,50.7,221.7,1.68,6.8,Turmeric
251.6,50,215.5,1.28,6,Turmeric
209.2,43.9,222.2,1.17,5.7,Turmeric
249.7,44.8,285,1.46,5.5,Turmeric
199.2,37.1,190.5,1.11,7.1,Turmeric
272.8,56.1,260.8,1.56,5.5,Turmeric
204.1,50.1,179.9,1.32,6.6,Turmeric
273.3,55.7,240.8,1.48,5.7,Turmeric
244.9,49.4,234.3,1.56,5.5,Turmeric
254.2,41.5,242.2,1.24,6.9,Turmeric
314.1,56.1,294,1.58,7.2,Turmeric
213.2,40.6,202.4,1.3,6.4,Turmeric
325.2,57.2,271.1,1.49,6.1,Turmeric
170.4,36.3,178.5,1.16,7.3,Turmeric
241.7,41.9,195.1,1.15,6.3,Turmeric
187,34.2,188.5,1.16,6.5,Turmeric
285.4,44,252.5,1.37,5.5,Turmeric
238.1,41.5,200.8,1.33,6,Turmeric
326.8,67,290.2,1.77,6.1,Turmeric
221.1,44.1,245.1,1.22,5.8,Turmeric
263.8,53.2,272.1,1.56,6.3,Turmeric
344.6,66.6,321.3,1.74,6.1,Turmeric
236.7,45.8,268.4,1.4,6.9,Turmeric
247.6,46.6,201,1.52,7.2,Turmeric
236.9,52.5,237,1.27,6.8,Turmeric
286.8,60.8,294.9,1.67,7.2,Turmeric
360.3,55.6,301.5,1.75,5.7,Turmeric
301.3,48.2,224.7,1.66,6,Turmeric
241.2,41,243.2,1.34,6.5,Turmeric
236.5,50.9,189.8,1.18,6.3,Turmeric
276.2,49.9,229.9,1.29,6.6,Turmeric
209.3,46.7,182.4,1.3,6.8,Turmeric
266.2,46.1,275.5,1.48,7.2,Turmeric
323,55.5,262.3,1.65,5.8,Turmeric
199.1,41.6,180.4,0.98,6.7,Turmeric
276.7,50.9,197,1.46,6.8,Turmeric
321.1,62.6,281.8,1.56,5.4,Turmeric
196.5,41.6,197.3,1.09,6.6,Turmeric
359.6,52.6,290.1,1.73,5.8,Turmeric
400,59.5,317.7,1.67,6.2,Turmeric
243.3,33.8,197.6,1.14,6.8,Turmeric
273.8,53.9,281.9,1.58,5.8,Turmeric
275.8,46.1,219.9,1.34,6.8,Turmeric
347.9,58.1,328.8,1.62,6.4,Turmeric
300.6,67.9,277.1,1.62,6.7,Turmeric
399.5,70,340.3,1.93,6.4,Turmeric
363.1,66.2,335.8,1.91,6.3,Turmeric
355.1,56.7,259.7,1.7,6.7,Turmeric
347.5,58,316,1.7,5.8,Turmeric
325,65.3,309.3,1.93,5.8,Turmeric
167.4,37.1,143.9,0.87,5.8,Turmeric
215.2,42.4,183.5,0.99,6.2,Turmeric
323.8,62.3,258,1.63,6.6,Turmeric
157,30,131,0.82,5.9,Turmeric
265.6,58.5,257.3,1.47,5.6,Turmeric
202.8,42,190.3,1.23,6.7,Turmeric
222,33,183.1,1.12,6.8,Turmeric
258,46.4,278.7,1.64,5.5,Turmeric
342.4,60.1,287.3,1.67,6.3,Turmeric
249.1,46.6,200.4,1.22,7,Turmeric
340.6,50.4,285.3,1.56,7.1,Turmeric
198.3,42.8,154.7,1.19,6.6,Turmeric
210.7,50.2,247.8,1.37,5.8,Turmeric
200.8,36.3,224.3,1.23,5.8,Turmeric
204.1,34.6,197,1.04,5.7,Turmeric
326.9,60.1,296.5,1.89,6.7,Turmeric
365.9,64.9,324,1.83,6.5,Turmeric
172.3,36.5,164.8,1.18,6.8,Turmeric
284,52.2,280.3,1.5,5.9,Turmeric
235.6,48.3,200.5,1.31,6.1,Turmeric
193.7,47.8,239.6,1.12,5.8,Turmeric
279.4,47,209.7,1.49,5.9,Turmeric
295.2,52,291.5,1.58,6.7,Turmeric
290.2,47.8,236.4,1.4,5.9,Turmeric
285.4,47.6,261.5,1.56,5.4,Turmeric
172.4,37.6,161.8,1.12,5.7,Turmeric
368.2,66.3,308.5,1.86,5.9,Turmeric
247.7,43.1,211,1.42,5.5,Turmeric
220.5,30.2,217.3,1.31,5.1,Turmeric
283,51.8,262.4,1.58,5.5,Turmeric
220.6,41.7,190.9,1.19,5.6,Turmeric
211.6,39.9,195.3,1.15,6.5,Turmeric
289.9,46.7,263.7,1.58,6.8,Turmeric
275.6,45.2,268,1.45,7.3,Turmeric
213,40.9,173,1.4,7.1,Turmeric
303.2,52.1,301.7,1.5,6,Turmeric
255.2,36.5,198.3,1.17,6.5,Turmeric
193.8,39.4,201.6,1.04,6.7,Turmeric
323.3,57.8,296.9,1.91,6.5,Turmeric
285.7,43.2,295.3,1.48,6,Turmeric
316.3,58.7,277.3,1.54,7,Turmeric
266.9,48.2,244,1.62,6.2,Turmeric
348,64.9,309.5,2,6.1,Turmeric
219.2,36.1,198.6,1.13,5.3,Turmeric
328.9,53.1,290.9,1.7,6.8,Turmeric
244.6,52.5,260.4,1.58,6.5,Turmeric
215,36.4,194.7,1.14,6.7,Turmeric
372.4,69.8,307.9,1.89,6.8,Turmeric
266.5,56.1,247.4,1.42,5.8,Turmeric
268.7,48.5,215.8,1.45,6.8,Turmeric
248.3,42.7,196.8,1.36,6.6,Turmeric
208.5,44.2,204.5,1.18,5.6,Turmeric
186.8,42.5,171.1,1.25,6.4,Turmeric
202.8,46.9,184.3,1.34,5.9,Turmeric
356,53.7,255.2,1.62,6,Turmeric
318.4,53.1,286.6,1.62,6.5,Turmeric
183.7,44.4,181.2,1.09,6.1,Turmeric
174.3,42.2,165.5,1.17,5.9,Turmeric
298.1,52.2,283.9,1.52,6.4,Turmeric
186.8,35.7,213.7,1.26,6.3,Turmeric
310.6,54.7,228.3,1.58,7,Turmeric
251.2,37.5,234.9,1.47,5.8,Turmeric
196.2,32.1,225.1,1.14,5.3,Turmeric
264.4,58.4,204.5,1.36,6.4,Turmeric
154.2,36.6,161.3,0.93,6.6,Turmeric
168.3,35.5,216.1,1.02,6,Turmeric
342,60.2,254.2,1.73,5.7,Turmeric
244.8,37.6,208.8,1.38,6.5,Turmeric
161,33.3,189.4,0.89,6.4,Turmeric
237,53.4,272.8,1.25,5.9,Turmeric
375.2,69.4,350,1.86,6.4,Turmeric
275.6,51.3,207.7,1.37,6.2,Turmeric
309.4,54.1,294.1,1.61,6.4,Turmeric
316.4,60.8,283.3,1.6,5.7,Turmeric
198.5,41.8,176.9,1.23,5.7,Turmeric
334.7,56.9,309.6,1.75,5.2,Turmeric
272.4,48.9,247,1.45,6.5,Turmeric
348.7,62.7,331,1.68,6.1,Turmeric
347.2,55.2,296.5,1.7,6.5,Turmeric
365,53.5,279.9,1.86,5.1,Turmeric
237.5,49.1,211.4,1.64,5.4,Turmeric
174.8,40.8,194.1,1.08,6.7,Turmeric
258.9,48.6,246.9,1.43,7.1,Turmeric
336.1,58,318.4,1.64,6.4,Turmeric
194.9,40.4,143.5,1.15,6.4,Turmeric
340.3,57.8,287.4,1.71,7,Turmeric
264.8,42.8,258.9,1.3,6.8,Turmeric
217.1,44.3,256.9,1.36,6.7,Turmeric
154,36.3,166.3,1.12,6.4,Turmeric
196.7,46.4,186.7,1.28,6.1,Turmeric
162.9,30,139.1,0.91,6.3,Turmeric
230.1,48.6,239.8,1.38,6.4,Turmeric
216.6,43.1,215.1,1.03,6.6,Turmeric
269.3,46.2,249.5,1.66,6.5,Turmeric
313.5,52.1,290.9,1.77,7,Turmeric
191.4,42.8,177.2,1.3,6.3,Turmeric
312.9,59.8,278.2,1.7,6.9,Turmeric
271.5,53.4,242.6,1.37,6.3,Turmeric
179,42.6,182.2,1.06,6.1,Turmeric
265.9,43.7,197.5,1.45,6,Turmeric
251.1,51.2,210.9,1.37,6.7,Turmeric
337.8,49.8,279.5,1.55,5.3,Turmeric
363.1,56.4,342.4,1.78,7,Turmeric
212,34.4,226.4,1.26,6.1,Turmeric
348.8,67,327,1.96,6.1,Turmeric
161.9,38.8,197.9,1.01,6,Turmeric
335.6,60.7,308,1.81,6.7,Turmeric
265.3,49.8,275.4,1.34,5.7,Turmeric
261.7,45.9,205.1,1.46,6,Turmeric
355,69.3,332.6,2,6.8,Turmeric
263.4,43.9,252.2,1.32,6.6,Turmeric
255.7,46.5,177.5,1.34,6.9,Turmeric
319.9,50.7,268.2,1.47,6.4,Turmeric
250.5,46.4,200.2,1.34,6.9,Turmeric
205.7,48.4,151,1.25,6.9,Turmeric
136.4,32.9,123.5,0.97,6.3,Turmeric
276.5,50,289.9,1.47,5.4,Turmeric
256.8,47.8,186.7,1.24,6.3,Turmeric
324.4,58.6,329.4,1.8,6.5,Turmeric
284.9,53,290.3,1.62,6.6,Turmeric
277.1,44.2,201.5,1.55,6.6,Turmeric
246.5,52.7,261,1.58,5.6,Turmeric
257.9,47.8,221.1,1.36,5.6,Turmeric
237.9,56.3,219.3,1.31,6.3,Turmeric
153.7,30,139.3,0.8,5.2,Turmeric
320.7,56.7,284.6,1.62,5.6,Turmeric
150.5,30,120,0.8,6.3,Turmeric
202.2,41.5,214.1,1.21,6.7,Turmeric
133,32.9,120,1.03,5.3,Turmeric
152.2,30.3,122.1,0.8,6.6,Turmeric
282.2,47.5,252.9,1.53,7.5,Turmeric
189,33.4,161.4,1.03,7.2,Turmeric
371.7,56.4,302.7,1.77,5,Turmeric
201.1,37.9,158.8,1.08,5.8,Turmeric
271.7,49.2,229.9,1.52,6.2,Turmeric
298.9,53.7,237.8,1.58,7.1,Turmeric
348.7,58.6,339.7,1.84,6.1,Turmeric
296.7,47.1,180.6,1.54,5.1,Turmeric
368.4,54.9,297.9,1.74,5.6,Turmeric
155.6,31.2,165,0.94,5,Turmeric
238.7,50.4,222.5,1.44,6.8,Turmeric
320.9,55.2,315.4,1.69,7.1,Turmeric
146.4,36.1,213.4,1.07,7,Turmeric
333.1,57.2,285.8,1.63,5.4,Turmeric
308.5,39.9,234.3,1.56,5,Turmeric
263.7,49.8,286.5,1.64,6,Turmeric
383.1,62.5,350,2,6.9,Turmeric
375.9,61.8,270.4,1.83,5.9,Turmeric
315.3,52,326.9,1.88,5.6,Turmeric
349.8,53,313.4,1.84,5.3,Turmeric
243.3,34.1,170.6,1.28,5.4,Turmeric
175,34,121.1,0.85,7.4,Turmeric
258.7,51.9,244.6,1.28,6.6,Turmeric
176,39,121.6,0.95,6.4,Turmeric
172.9,41.6,173.7,1.16,6.7,Turmeric
190.2,44.9,212.9,1.06,5.8,Turmeric
260.6,54.6,232.1,1.54,6.3,Turmeric
212.5,40.6,248.3,1.34,7,Turmeric
234.8,37.7,182.6,1.3,6.7,Turmeric
349.3,48.4,290.2,1.63,7.2,Turmeric
207.3,30,172.2,0.95,7.4,Turmeric
299,48.7,273.3,1.48,5.1,Turmeric
134.2,30,120,0.9,7.5,Turmeric
400,62.1,306.1,1.87,5.4,Turmeric
175.2,30,123.6,0.8,7.2,Turmeric
169,38.3,173.3,1.27,5.1,Turmeric
373.6,60.2,342.2,1.9,6,Turmeric
268.4,47.9,188,1.36,6.8,Turmeric
231.7,36.6,186.6,1.26,5.2,Turmeric
359,62.7,345.1,2,7.2,Turmeric
146.2,30,120,0.97,5.2,Turmeric
218.3,40.2,191.5,1.2,6.9,Turmeric
400,64.1,350,1.98,6.6,Turmeric
193.6,40,201.9,1.06,6.2,Turmeric
278,51.2,321.2,1.6,7.3,Turmeric
137.4,30.6,133.2,0.96,7.5,Turmeric
294.6,47.1,280,1.76,7.2,Turmeric
334.4,57.3,311.1,1.76,5.9,Turmeric
352.3,53.5,326.6,1.68,6.4,Turmeric
379.8,59.6,336.7,1.81,5,Turmeric
124.7,30,120,0.91,5.3,Turmeric
304.5,44.5,300.4,1.45,5.6,Turmeric
151.2,30,120,0.91,6.9,Turmeric
120,34,156.1,0.92,6.3,Turmeric
352,57.2,289.9,1.89,7.5,Turmeric
392.3,59,324.5,1.95,6.9,Turmeric
374.8,68.5,340.6,1.87,6.1,Turmeric
372.4,61.8,313.1,1.75,7.1,Turmeric
400,60.9,337.1,1.88,7.4,Turmeric
146.6,30,180.5,0.92,5.6,Turmeric
127.4,35.2,120,0.95,6.5,Turmeric
349.3,60,260.3,1.64,6.2,Turmeric
203.8,35.3,240.6,1.1,5.2,Turmeric
265.8,45,223.2,1.43,5.1,Turmeric
275.3,42.8,201.2,1.27,6.9,Turmeric
175.5,30,120,0.97,5.3,Turmeric
163.5,35.7,131.9,1.05,5.2,Turmeric
220.3,33.6,200.6,1.26,5.2,Turmeric
380.6,60.9,324.7,1.76,7.1,Turmeric
120,30,120,0.92,7,Turmeric
255.5,44.2,247.5,1.39,6.6,Turmeric
163.9,42.4,143.7,0.91,6.1,Turmeric
158.9,34.4,186.9,1.18,7.4,Turmeric
155.3,30,127.6,0.91,5.5,Turmeric
177.8,30,178.7,1.03,6.6,Turmeric
155.4,30,163.9,0.88,6.7,Turmeric
151.9,30,145.8,0.86,5,Turmeric
296,50.3,264.1,1.26,7.3,Turmeric
210,38.4,169.1,1.25,5.8,Turmeric
126.7,30,190.4,0.8,7.2,Turmeric
169.2,34.5,187.5,0.96,5.4,Turmeric
177.7,30,120,1,7,Turmeric
120,30,120.7,0.81,7.5,Turmeric
228.9,44.4,212.1,1.41,6.1,Turmeric
363.7,63.4,325,1.84,7,Turmeric
400,57.4,350,1.94,7.1,Turmeric
400,57.8,321.5,1.93,5.8,Turmeric
245.6,46.5,197,1.49,6.8,Turmeric
153.5,30,163.4,0.93,7.1,Turmeric
141.8,30.5,159.6,0.9,5.9,Turmeric
176.7,30,157.5,0.86,6.8,Turmeric
269.6,37.5,249.9,1.28,7,Turmeric
339.4,59.5,327.5,1.72,7,Turmeric
280.9,50.8,209.8,1.61,7.2,Turmeric
301.2,53.8,265.2,1.38,7.1,Turmeric
267.2,45.1,221,1.62,5.1,Turmeric
334.3,55.1,280.5,1.86,5.4,Turmeric
268.6,47.6,270,1.41,5.1,Turmeric
362.8,68.7,345.1,1.88,6.6,Turmeric
242.8,36.1,209.1,1.3,5.3,Turmeric
249.6,48.5,210.4,1.31,6.3,Turmeric
361.5,66.2,350,1.84,5.1,Turmeric
261.4,46.7,218.1,1.47,5.9,Turmeric
300.8,52.8,284,1.64,7.3,Turmeric
373.5,61.1,341.3,1.66,5.6,Turmeric
137.1,30,120,0.92,6.8,Turmeric
157.2,30,135.6,0.82,5.5,Turmeric
144.5,30,120,0.82,5.6,Turmeric
305.5,52.5,267.2,1.73,7.5,Turmeric
157.5,30,174.3,1.06,7,Turmeric
165.9,30,173.7,0.92,5.7,Turmeric
299.6,54.5,266.1,1.65,7,Turmeric
159.1,37.8,167.8,1.05,5.7,Turmeric
266.5,43.6,260.5,1.39,5.3,Turmeric
354.8,53.2,306.6,1.63,5.7,Turmeric
299.8,53.1,266.7,1.55,6.9,Turmeric
198.1,39,163.2,1.11,7.3,Turmeric
382.9,60.2,350,1.94,7.2,Turmeric
219.5,30.9,215.4,1.2,7.2,Turmeric
360.4,54.8,320,1.88,5.5,Turmeric
281.1,49.3,276.8,1.5,7,Turmeric
148.2,30,154.9,0.92,6.4,Turmeric
299.8,43.6,231.3,1.52,5.3,Turmeric
154.5,34.2,167.5,1.19,6.7,Turmeric
140.8,30,120,0.88,5.7,Turmeric
330.6,50.6,282.6,1.65,7.2,Turmeric
198.9,37.4,203.4,1,6.5,Turmeric
363.6,62.4,256.1,1.88,5.3,Turmeric
204,45.2,256.9,1.23,6.3,Turmeric
215.4,32.2,195.4,0.95,6.5,Turmeric
133.6,30,120,0.86,5.9,Turmeric
400,66.2,350,2,6.4,Turmeric
399.4,61.8,350,1.94,7.3,Turmeric
120,30,136.1,0.86,5.7,Turmeric
292.6,42,313,1.58,7.4,Turmeric
317.9,57.7,283.8,1.82,6.9,Turmeric
149.2,36,160.8,0.99,6.8,Turmeric
155.8,34.9,149.1,0.91,5.4,Turmeric
326.1,56.2,239.4,1.46,6.6,Turmeric
379.5,64,350,1.91,7.2,Turmeric
231.8,44.4,238,1.26,6.5,Turmeric
157.2,30,135.9,1.07,7.1,Turmeric
308,53.9,280.4,1.74,7.1,Turmeric
159.1,35.5,156.8,0.88,6.1,Turmeric
173,44.8,190.5,1.52,5.7,Ginger
231.7,51.1,196,1.55,5.5,Ginger
212.3,40.7,178.8,1.69,5.7,Ginger
245.5,41.1,229.7,1.7,5.9,Ginger
295,55,253.6,1.78,5.7,Ginger
267.1,55.7,257.2,1.63,5.8,Ginger
209.6,34.5,178.5,1.37,5.4,Ginger
295.9,57.1,257.4,1.65,5.5,Ginger
219.5,45.3,227,1.74,5.7,Ginger
288.4,45.9,297,1.9,5.8,Ginger
250.6,48.3,191.9,1.65,5.8,Ginger
297.9,53.3,271.6,2.01,5.4,Ginger
320.4,48.9,306.5,1.99,5.4,Ginger
208.9,49,233.7,1.71,5.9,Ginger
266.4,49.5,215.7,2.03,5.9,Ginger
291.9,56.9,253.6,1.76,5.5,Ginger
179.9,36.5,199,1.6,6.1,Ginger
257.6,48.8,209,1.43,5.6,Ginger
293.3,50.8,217.3,1.91,5.9,Ginger
230,48.3,205.9,1.55,5.9,Ginger
299.3,62.1,275,2.04,5.5,Ginger
199.1,45.1,182.8,1.5,6.2,Ginger
318.6,62.6,251.9,2.04,5.6,Ginger
177.9,40.6,207.9,1.5,5.9,Ginger
159.9,33.2,124.2,1.3,6,Ginger
280.6,50.8,255.3,1.68,5.9,Ginger
157.3,39.4,147.3,1.44,6,Ginger
315.5,53,317,1.96,5.7,Ginger
312.7,54.6,257.3,2.06,6.1,Ginger
238.9,47.8,240.7,1.41,5.8,Ginger
248.8,46,187.2,1.73,5.9,Ginger
265.8,55.1,217.4,1.79,5.9,Ginger
216.5,41.9,220.9,1.71,5.4,Ginger
264.2,40.7,219.3,1.47,5.7,Ginger
275.2,46.6,276.4,1.82,5.6,Ginger
228.9,42,200.8,1.65,5.9,Ginger
229.9,49.9,207.4,1.65,6,Ginger
285.8,53,218.2,1.82,5.5,Ginger
197.1,46.3,189.6,1.32,5.8,Ginger
269.9,51.2,243.7,1.8,5.7,Ginger
174.8,40.9,194.6,1.51,5.8,Ginger
224.1,42.3,184,1.59,5.5,Ginger
141.7,37.1,188.2,1.33,5.8,Ginger
220.6,39.2,173,1.42,5.7,Ginger
169,42.5,176.3,1.39,6.1,Ginger
168.6,41,183.8,1.29,5.7,Ginger
262,51,217.6,1.73,5.7,Ginger
289.6,59.5,233.5,2.15,5.6,Ginger
172.1,37.6,156,1.15,6.1,Ginger
282.5,54.3,238.3,2.02,5.6,Ginger
185.9,39.3,190.4,1.23,5.8,Ginger
294.2,51.4,299.3,1.9,5.6,Ginger
325.4,63.9,221.9,2.01,5.9,Ginger
176.5,33.3,187.7,1.36,5.8,Ginger
204.7,40.2,234.5,1.67,5.2,Ginger
256.7,45.7,242.7,1.71,5.5,Ginger
262,50.3,228.5,1.64,5.6,Ginger
261.2,58.7,242.6,1.98,5.8,Ginger
244.3,49.6,274,1.67,5.6,Ginger
312.7,53.4,255.9,2.17,5.8,Ginger
212.2,36.2,168.4,1.32,5.6,Ginger
272.5,47.5,266.8,1.95,5.4,Ginger
245.1,43.3,249.4,1.42,6.2,Ginger
232.1,45.4,253.7,1.87,6.3,Ginger
281.3,50.2,285.5,1.71,5.4,Ginger
217.1,42.5,199.7,1.53,5.6,Ginger
237.5,43.3,222.4,1.57,6.2,Ginger
234.3,42.9,239.9,1.57,5.8,Ginger
356.4,64.3,337.1,2.3,6,Ginger
240.9,48.9,183.8,1.78,5.6,Ginger
259.9,45.5,230.4,1.65,5.9,Ginger
265.8,48,186.1,1.83,5.6,Ginger
184.6,30,211,1.41,5.3,Ginger
233.1,41.3,163.5,1.57,6,Ginger
194.6,40.7,204.7,1.49,6.1,Ginger
228.8,47.4,218.4,1.71,5.8,Ginger
321.4,59.7,268.7,1.93,5.8,Ginger
261.5,39.8,206,1.95,5.3,Ginger
356.6,65.6,285.5,2.34,5.9,Ginger
339.8,55.4,294.1,2.16,5.7,Ginger
324.8,57.3,265,2.14,5.6,Ginger
350.9,66.2,287.9,2.08,5.7,Ginger
278.8,43.3,277.4,1.66,5.9,Ginger
289.6,48.8,245.4,1.76,5.5,Ginger
228.2,49.4,209.6,1.59,5.9,Ginger
227.9,46.8,189.1,1.5,6,Ginger
240.1,44.6,294.4,1.91,6,Ginger
241.5,42.2,224.4,1.77,5.5,Ginger
221.9,44.9,214.9,1.96,6,Ginger
258.9,49.3,179.2,1.59,5.5,Ginger
246.2,48.6,255.9,1.67,5.3,Ginger
200.6,35,203.3,1.43,5.5,Ginger
249.9,44.6,234,1.72,5.5,Ginger
270.2,46.8,252.1,1.92,5.7,Ginger
252,46.6,246.9,1.62,5.8,Ginger
202.1,41.7,147.5,1.53,5.7,Ginger
341.2,60.5,343.1,2.17,5.9,Ginger
227.7,44.8,234.8,1.59,5.3,Ginger
320.7,57,248.7,2.08,5.7,Ginger
255.5,47.1,266.1,1.72,5.4,Ginger
312.2,46.5,252.6,2.02,6,Ginger
245.3,48.7,218.2,1.59,5.3,Ginger
143.4,30,163.6,1.07,5.6,Ginger
165.8,37.7,140.7,1.28,5.4,Ginger
172.8,30,130.4,1.29,6.2,Ginger
240.3,42.6,190.2,1.34,5.4,Ginger
301.1,51,264,2.1,5.5,Ginger
227.8,55.9,249.8,1.71,5.7,Ginger
125.1,38.1,136,1.1,5.6,Ginger
320.9,59.6,283.9,2.4,5.7,Ginger
240.8,45,249.9,1.57,6.1,Ginger
258.4,50.3,259.8,1.85,6,Ginger
362.8,50.7,298.4,2.1,5.1,Ginger
339.1,59.7,247.1,1.9,5.9,Ginger
301.4,59.6,306.9,1.94,5.6,Ginger
308.4,52.9,263.2,2.1,5.6,Ginger
292.5,55.1,290.2,2.01,5.4,Ginger
235.4,45.7,211.6,1.81,5.1,Ginger
188,36,206.5,1.45,5.6,Ginger
271.6,49.1,267.8,1.72,5.9,Ginger
302.1,57.6,247.3,1.98,6,Ginger
348,60.5,350,2.11,5.7,Ginger
399.7,63.3,307,2.45,6.1,Ginger
217.7,42.9,192.3,1.56,6.2,Ginger
343.6,58.6,298.5,2.21,5.4,Ginger
207.9,42.8,174.4,1.67,5.5,Ginger
252.2,38.7,227.1,1.47,6.1,Ginger
230.3,45.2,219.4,1.57,5.3,Ginger
207.2,41.8,191.3,1.4,5.9,Ginger
270.4,41.8,255.1,1.77,5.4,Ginger
331.1,61.3,283.6,2.29,6.1,Ginger
315.7,62.9,233.4,1.89,5.9,Ginger
218.8,42.2,237.1,1.68,6.2,Ginger
159.7,32,132.8,1.11,5.9,Ginger
347.6,63,325.4,2.28,5.5,Ginger
184.6,41.3,147.9,1.62,5.7,Ginger
270,47.5,246.4,1.77,5.7,Ginger
170.7,42.4,131.4,1.4,5.9,Ginger
261.4,48.8,202.8,1.85,5.5,Ginger
321,53,303.2,2.3,5.3,Ginger
225.9,38.9,254.1,1.53,6.1,Ginger
203,37.6,153.3,1.53,5.6,Ginger
277.9,51.4,295.5,1.76,5.5,Ginger
273.5,54.9,284.5,1.83,5.7,Ginger
314.8,54.7,288.1,1.93,5.4,Ginger
312,58.9,273.2,2.07,5.7,Ginger
307.9,59.2,285,2.03,5.5,Ginger
270.9,45.4,248,1.56,6.3,Ginger
213.6,37.6,245.1,1.83,5.2,Ginger
184.2,42.3,214.6,1.72,5.9,Ginger
165.1,30,157.1,1.14,6.4,Ginger
230.7,40.5,161.5,1.63,5.1,Ginger
175.2,34.4,155.3,1.1,6.1,Ginger
286.1,44.6,195.8,1.59,5.7,Ginger
313,56.4,239.5,2.33,5.5,Ginger
305.9,56.4,283.5,1.99,5.8,Ginger
331.8,63,311.6,2.21,5.5,Ginger
323,58.6,255.2,1.85,5.7,Ginger
301,55,242.3,1.92,6,Ginger
198.5,38.6,159.1,1.44,5.9,Ginger
328.5,61.5,284.1,2.28,6,Ginger
169.9,36.6,173.1,1.22,5.3,Ginger
231.5,50.3,222,1.89,6.1,Ginger
267.8,40.2,227.3,1.79,6.2,Ginger
188.8,39.3,193.4,1.67,6.1,Ginger
254.1,42.2,226.8,1.81,6.1,Ginger
276.4,45.1,252,1.7,6.2,Ginger
266.7,38.4,198.5,1.57,6.2,Ginger
185.3,37.5,173.2,1.31,5.7,Ginger
273.4,51.4,228.8,1.68,5.9,Ginger
243.3,38.6,218.5,1.61,6.1,Ginger
246.8,47.2,204.9,1.58,5.6,Ginger
199.7,41,182.5,1.5,6.1,Ginger
191.6,43.7,230.4,1.37,5.5,Ginger
400,70,340,2.4,5.7,Ginger
240.1,48.3,226,1.58,6.1,Ginger
247.2,47.7,242.4,1.76,5.3,Ginger
264,53.3,211.3,2,6.3,Ginger
315.1,50.7,264.7,1.98,5.8,Ginger
285.5,54.8,258.6,2.02,5.5,Ginger
280.7,51.7,194.1,1.78,6.4,Ginger
295.9,49,278,2.04,5.5,Ginger
224.2,40.1,221.6,1.2,5.5,Ginger
243.5,48.8,176.3,1.66,5.8,Ginger
328.8,59.5,281.3,2.24,5.3,Ginger
223.8,46.8,204.3,1.75,5.5,Ginger
221.9,46.5,225.4,1.74,5.9,Ginger
209.8,40.6,210.2,1.5,6.4,Ginger
195.1,30.9,203.9,1.35,6.3,Ginger
260.5,56.4,296.6,1.92,5.6,Ginger
228.3,40.8,282.5,1.76,6.2,Ginger
156.7,30.2,150.1,1.31,6.2,Ginger
328.1,56.8,276.2,1.97,5.4,Ginger
120,34.9,127.2,1.12,5.9,Ginger
229,31.6,217.7,1.69,5.1,Ginger
243.4,40.7,257.4,1.81,5.4,Ginger
211.5,43,200,1.54,5.7,Ginger
299.4,51,275.9,1.98,6.1,Ginger
220.8,37.7,233.7,1.36,5.5,Ginger
177.7,43,233,1.55,5.7,Ginger
270.8,52.6,232.1,1.81,5.6,Ginger
183.1,31,197.2,1.36,5.3,Ginger
175.2,31.7,196.6,1.37,6.2,Ginger
303.4,49.5,201.2,1.7,5.3,Ginger
320.4,52.4,222,1.87,5.8,Ginger
192.6,30,136.7,1.07,5.2,Ginger
296.6,53,262.4,1.92,5.4,Ginger
305.7,55.8,275.4,2.02,5.8,Ginger
313.6,53.3,325.1,2.17,5.5,Ginger
361.5,63.6,270.9,2.3,5.9,Ginger
295.3,59,311.7,1.92,5.7,Ginger
329.5,59.6,315.9,2.22,5.6,Ginger
243.6,45.1,201.7,1.75,5.6,Ginger
218.9,46.6,176.9,1.6,6.1,Ginger
336.6,58.4,278.8,2.09,5.7,Ginger
221.2,50.2,196.8,1.54,5.8,Ginger
230.1,45.9,180.7,1.43,5.9,Ginger
176.6,35.4,174.1,1.21,5.6,Ginger
252.6,37.2,238.1,1.71,5.2,Ginger
340.2,52.5,318.2,2.02,5.9,Ginger
345.4,57.4,231.1,2.08,5.6,Ginger
331.4,50,247.1,1.83,6.3,Ginger
342.2,54,293,2.15,6.3,Ginger
260.9,41.6,271.5,1.94,5.1,Ginger
242.6,48.9,211.9,1.79,5.4,Ginger
223.3,47.7,212.1,1.53,5.6,Ginger
240.1,45,212.5,1.71,6.3,Ginger
229.5,41.8,172.9,1.5,6.3,Ginger
174,41,209.6,1.43,5.4,Ginger
191.5,40.1,167,1.58,5.7,Ginger
171.5,42.7,160.6,1.49,5.7,Ginger
234.3,41.9,202.8,1.28,5.5,Ginger
317.6,54.9,291.6,1.94,5.8,Ginger
230.7,37.5,238.4,1.49,5.3,Ginger
306.2,48.9,253.3,1.91,5.5,Ginger
205.2,35.5,197.2,1.69,6.3,Ginger
198.5,38.6,226.2,1.42,5.8,Ginger
240.5,47.6,188.2,1.67,5.7,Ginger
164.9,38.1,197.3,1.24,6,Ginger
216.2,43.4,171.7,1.48,5.5,Ginger
310.1,56.8,326.2,2.09,6.1,Ginger
172.3,36.6,162.4,1.17,5.8,Ginger
368.3,66.2,336,2.5,5.8,Ginger
257.1,47.6,194.4,1.5,5.6,Ginger
269.2,57.3,215.3,1.96,5.9,Ginger
129.8,30,123.1,1.17,5.8,Ginger
307.1,54.6,217.9,2.17,5.8,Ginger
335.7,59,337.4,2.41,5.5,Ginger
190.7,40.5,179.4,1.27,5.5,Ginger
343.8,50.6,262.9,2.05,6.1,Ginger
213.9,40.8,153.3,1.33,5.5,Ginger
318.5,56,328.4,2,5.4,Ginger
276.5,54.7,200.7,1.81,5.8,Ginger
152.3,38.3,171.7,1,6.2,Ginger
341.3,54.2,207.9,2.05,5.9,Ginger
290.1,62.1,306.1,1.99,5.6,Ginger
249.6,47.6,241.8,1.59,5.2,Ginger
235,41.5,222.4,1.42,6,Ginger
364.8,63.6,350,2.25,5.7,Ginger
193.3,45.9,203.1,1.44,6.3,Ginger
313.4,58.2,303.6,1.92,5.9,Ginger
151.5,33.7,177.8,1.41,5.8,Ginger
254.1,56.4,216.2,1.89,5.7,Ginger
259.9,48.4,213.9,1.64,5.7,Ginger
178.4,39.4,156.5,1.28,6.2,Ginger
258.7,48.1,234.9,1.69,5.6,Ginger
307.4,48.8,276.5,1.82,6.3,Ginger
271.6,44.6,206.3,1.55,5.3,Ginger
133.3,39,176.2,1.14,6.1,Ginger
232.5,47.1,214,1.64,5.6,Ginger
336,61.8,315.5,2.24,5.5,Ginger
296,45.8,216.6,1.62,5.9,Ginger
161.2,30.2,169.7,1.42,5.4,Ginger
245.7,40.3,209.5,1.73,6,Ginger
297.5,53.1,321.1,2.13,5.2,Ginger
236.2,43.2,205.8,1.74,5.8,Ginger
303.6,49.6,234.1,1.94,5.6,Ginger
210.9,37.2,186.1,1.44,5.5,Ginger
153.7,41.8,173.7,1.39,5.9,Ginger
287.4,46.9,221.9,1.79,5.7,Ginger
287.5,51.8,243.9,1.78,5.9,Ginger
181,46.7,224.6,1.28,5.3,Ginger
311.7,50,283.3,2.22,6.2,Ginger
327,53.3,298.9,2.08,5.2,Ginger
245.7,45.7,236.4,1.86,6.3,Ginger
310,60.3,292.7,1.99,5.9,Ginger
262.5,44.3,222.4,1.73,6.1,Ginger
312.3,48.4,329.3,2.01,6.3,Ginger
126.5,30,149.9,1,5.4,Ginger
293.6,57.3,249.5,1.99,6.2,Ginger
237.7,44.8,183,1.57,5.4,Ginger
233.8,41.5,275.2,1.67,6,Ginger
183.6,38.4,153.4,1.42,5.7,Ginger
340.4,59.3,350,2.19,5.4,Ginger
169.5,36.4,192.9,1.57,5.4,Ginger
374.5,66,318.7,2.42,5.4,Ginger
223.3,53.4,262.2,1.75,5.7,Ginger
155.1,35.2,146.2,1.23,6,Ginger
120,30,146.4,1.02,6.1,Ginger
258.1,53.3,243.6,1.7,5.8,Ginger
206.5,41.6,151.5,1.54,5.8,Ginger
195.6,35.6,127.8,1.38,5.8,Ginger
161.3,31.8,194.4,1.04,5.8,Ginger
296.3,53.2,250.1,1.94,5.8,Ginger
383.2,59.4,328,2.31,6.3,Ginger
202.2,47.2,163.2,1.65,5.7,Ginger
277,48.1,235,1.58,5.6,Ginger
190.7,30,140.4,1.18,5.4,Ginger
211.9,39.6,169.1,1.41,6,Ginger
291.7,47.7,233.2,1.83,5.4,Ginger
274.3,47.5,225.6,1.83,5.9,Ginger
250.8,46.9,204.7,1.84,5.6,Ginger
229.8,45.6,228.9,1.6,5.5,Ginger
222,42.3,179.4,1.56,5.4,Ginger
276.9,48.1,274.6,1.65,5.8,Ginger
317.2,51,298.3,2.3,5.3,Ginger
133.1,30,120,1.2,5.4,Ginger
349.9,57.2,275.6,2.4,5.6,Ginger
159.6,31.5,168.5,1.31,6.4,Ginger
153.4,38.5,205,1.31,6.2,Ginger
357.6,66.8,292.7,2.35,5.7,Ginger
242.8,38.2,268.5,1.8,5.9,Ginger
217.4,43.7,263.5,1.6,5.5,Ginger
280.4,53.2,258,1.92,5.5,Ginger
234,51,216.5,1.69,6.3,Ginger
312.8,56.3,256.7,1.85,5.5,Ginger
182,42.4,173.5,1.48,5.4,Ginger
350.2,62.9,279.4,2.07,5.8,Ginger
257.5,46.3,238.6,1.77,5.6,Ginger
203.9,36.6,208,1.56,6.3,Ginger
285.4,48.2,268.4,1.86,5.6,Ginger
270.1,47.9,283.2,1.8,5.2,Ginger
336.4,58.5,267.6,2.23,5.4,Ginger
246.1,42.5,181.4,1.63,5.5,Ginger
289.4,57.1,254.2,1.86,5.7,Ginger
298.7,51.8,256.1,1.91,5.3,Ginger
374.5,60.8,308.8,2.38,5.8,Ginger
203.8,38.4,164.5,1.51,5.9,Ginger
275.5,59.6,259,1.96,5.6,Ginger
240.5,38.8,209.8,1.73,5.6,Ginger
246.3,42.2,191.9,1.57,6.1,Ginger
247.2,39.2,196.1,1.55,6.4,Ginger
283.6,52.5,253.2,1.76,5.8,Ginger
151.4,41.3,147.8,1.35,5.9,Ginger
313,51.8,267.2,1.81,5.7,Ginger
315,58.1,225.5,2.07,6,Ginger
249.7,40.9,238.6,1.65,6.3,Ginger
281,44.1,220.6,1.75,5.3,Ginger
294.2,51.3,261.4,1.83,6.1,Ginger
215.5,35.2,155.4,1.63,6.3,Ginger
354,63.3,325.8,2.5,5.5,Ginger
385.9,66.6,350,2.5,6.3,Ginger
379.9,62.1,268.1,2.12,5.4,Ginger
361.1,68.4,346.8,2.48,5.7,Ginger
197.8,37.8,146,1.32,5.3,Ginger
321.7,57.3,297.5,1.98,5.3,Ginger
120.4,30,140.3,1.13,6.3,Ginger
335.7,51.6,276,2.35,5.6,Ginger
168.1,30,152.4,1.27,6.4,Ginger
287.5,41.6,272.5,1.78,6.4,Ginger
120,34.3,133.2,1.08,5,Ginger
248.4,40.8,255.3,1.86,5.2,Ginger
259.2,46.8,174.6,1.86,5.4,Ginger
120,30,143.3,1.02,6.2,Ginger
248.7,40.8,263.5,1.79,5.1,Ginger
130.8,30,149.9,1.15,5.1,Ginger
302.5,49.1,325.1,1.9,6.2,Ginger
127.7,30,165.7,1.44,6.1,Ginger
253.9,46.3,230.4,1.83,6.1,Ginger
379.6,70,335.2,2.5,5.8,Ginger
358.7,57.7,284.5,2.21,6,Ginger
164.4,38.4,130.5,1.25,5.3,Ginger
318.3,49.1,283.1,2.18,5.1,Ginger
162.2,33.2,120,1.26,6.3,Ginger
124.8,30.8,120,1.08,5.5,Ginger
232.4,40,185.9,1.58,6.4,Ginger
182.8,41.1,202.7,1.21,5.8,Ginger
336.2,57.7,287.7,2.21,5.8,Ginger
153.1,30,151.2,1.05,5.5,Ginger
147.2,33.4,131.3,1.32,5.8,Ginger
237.1,37.2,217.5,1.5,5.3,Ginger
247.8,44.5,214.3,1.78,5.4,Ginger
250.3,51.4,229.1,1.57,5.5,Ginger
168.9,34.5,158.2,1.26,6.4,Ginger
374.4,61.9,350,2.14,5.3,Ginger
360.3,54.4,284.7,2.49,5.1,Ginger
137.1,30,135,1.22,5.9,Ginger
213.4,30,193.5,1.41,5,Ginger
167,39.7,169.6,1.24,5.9,Ginger
212,45.7,208.1,1.6,5.4,Ginger
305,61,273.1,2.24,5.5,Ginger
398.8,61.2,328.8,2.5,6.4,Ginger
383.1,58.7,350,2.35,6.3,Ginger
323.5,52.8,327.4,2.18,6.3,Ginger
266.7,42.3,237.5,1.63,5.3,Ginger
374.7,62.1,314,2.27,5.6,Ginger
172.3,35.3,198.2,1.33,5.1,Ginger
263.9,47.4,234.5,1.7,5.7,Ginger
376.9,64.3,326.6,2.4,5.2,Ginger
145.4,35.1,150.3,1.24,5.3,Ginger
383.7,60.2,336.2,2.32,5.2,Ginger
128,30,120,1.02,6.3,Ginger
353.8,65.1,270.6,2.31,5.2,Ginger
391.2,59.8,322.4,2.44,5.3,Ginger
282.7,45,234.2,1.72,5.1,Ginger
348.9,57.3,320.5,2.08,6.4,Ginger
383.1,66.3,330.9,2.5,6.1,Ginger
220.3,40.4,156.4,1.33,5.8,Ginger
120,30,120,1.16,5.2,Ginger
171.3,32.5,152.3,1.2,6.3,Ginger
236.4,36,211,1.6,6.1,Ginger
305.9,47,240,2.17,5.9,Ginger
379.3,67.2,350,2.39,6.3,Ginger
138.1,31,155.4,1.16,5.3,Ginger
308.3,51.1,285.8,1.81,5.1,Ginger
212.3,36,232.7,1.57,5.2,Ginger
355.8,65,302.8,2.36,5.7,Ginger
268.6,48.6,204.6,1.98,5.2,Ginger
347.6,55.3,298.7,2.25,5,Ginger
188.2,32.3,170.2,1.12,6.5,Ginger
374.3,67,350,2.48,5.1,Ginger
196.5,31.6,171.2,1.14,6.4,Ginger
182.3,38.3,185.2,1.29,5.3,Ginger
334.1,54,297.2,1.94,5.3,Ginger
212.1,35.7,224.3,1.65,6.4,Ginger
220.3,43.3,235.3,1.62,6.3,Ginger
363.5,58.9,304.6,2.31,6.4,Ginger
353.6,52.8,341.2,2.37,5.3,Ginger
175,37.5,180.6,1.21,6,Ginger
325,58,329.5,2.1,5.3,Ginger
290.8,48.8,260.9,2.11,6.4,Ginger
155.5,32.5,144.2,1.2,6.4,Ginger
166.4,30,144.8,1.31,6.1,Ginger
234.9,39.2,190.6,1.85,6.3,Ginger
238.2,38,215.5,1.49,6.3,Ginger
303.8,56.4,263.5,2,6,Ginger
368.1,62.1,346.1,2.2,6.4,Ginger
193.7,37.3,225.4,1.39,5.5,Ginger
134.9,33.4,149.8,1.29,5.3,Ginger
338,58.6,326.3,2.2,6.5,Ginger
128.8,30,152.9,1.05,5.9,Ginger
389.4,68.2,313.3,2.42,6,Ginger
218.9,43,168.2,1.56,5.3,Ginger
166.9,33,156.3,1.36,6.2,Ginger
393.9,65,350,2.43,5.7,Ginger
341,63.4,275.3,2.17,5.5,Ginger
161.8,30.7,150.9,1.43,5.4,Ginger
152.6,30,128.7,1.15,5.4,Ginger
383.2,62.5,313,2.5,5.4,Ginger
327.2,56.8,266.2,2.19,6,Ginger
301.3,60.8,296.6,2.11,6.3,Ginger
219.9,40.7,167.6,1.35,5.3,Ginger
135.4,30,131.2,1,5.4,Ginger
120,30,164.4,1.1,6,Ginger
400,65.8,350,2.4,6.2,Ginger
249.5,43.8,238.1,1.66,5.3,Ginger
132.7,30,188.1,1.24,6.3,Ginger
380.2,60.3,337,2.22,5.1,Ginger
241.8,30.9,226.6,1.52,5.2,Ginger
400,69.1,310,2.38,6.4,Ginger
136,30,120,1,6.2,Ginger
389,63.1,309.2,2.3,6,Ginger
379.2,59.2,312.4,2.21,5.3,Ginger
153.9,32.6,171.4,1.19,5.2,Ginger
140.9,31.8,162,1.14,6,Ginger
268.6,45.9,233.8,1.79,5.9,Ginger
391.4,65,346.9,2.49,6.4,Ginger
215.7,40.2,264.5,1.69,6.2,Ginger
182.9,31.5,159.5,1.3,5.6,Ginger
214,34.7,203.9,1.52,5.3,Ginger
152.2,30,129.1,1.26,6.3,Ginger
315.4,53.5,292.4,2.15,5.1,Ginger
215.4,39.4,159.7,1.56,5.7,Ginger
148.4,30.9,170.9,1.23,5.5,Ginger
214.6,37.9,188.5,1.3,6.2,Ginger
120,30.4,120,1.03,5.7,Ginger
131.5,30,162.9,1.12,6.3,Ginger
315.6,49.9,278.1,1.81,6.2,Ginger
326.7,54.5,301.3,2.1,5.1,Ginger
178.6,31.8,163.1,1.3,5.3,Ginger
346.1,59.8,322,2.18,5.1,Ginger
339.5,57,283.5,2.28,5.1,Ginger
222.3,38.8,193.5,1.31,5.3,Ginger
174.8,30,146.5,1.34,5.5,Ginger
342.3,59.7,317.7,2.28,5.1,Ginger
368.4,61.2,350,2.49,6.3,Ginger
373,61.7,337.4,2.21,5.8,Ginger
400,63.1,321.2,2.5,5.2,Ginger
335.2,58.1,336.2,2.16,5.7,Ginger
180.7,30,170.9,1.29,6.5,Ginger
338.5,57.3,350,2.21,5.1,Ginger
180.9,43.5,188.3,1.51,5.9,Ginger
299.9,50.4,262.4,2.09,6.3,Ginger
177,34.4,143.9,1.29,6,Ginger
140.9,30.1,161.5,1.01,5.8,Ginger
342.4,56.4,308.8,2.4,5.1,Ginger
203.1,33,174,1.78,5.1,Ginger
168.7,32.3,154.1,1.31,5.3,Ginger
283,50.2,276.7,2.14,6.5,Ginger
389.7,66.9,323.1,2.44,5.7,Ginger
391.3,55.9,272.5,2.31,5.5,Cardamom
258.1,38.4,260.8,1.89,5.6,Cardamom
314,56,279.6,2.07,5.9,Cardamom
310.3,50.3,239.2,2.07,5.8,Cardamom
278.9,43.8,246.1,1.92,5.7,Cardamom
241.5,41.3,238,1.93,5.9,Cardamom
315.9,48.9,308.8,1.93,5.6,Cardamom
306.7,45.7,302.9,1.89,6,Cardamom
348.2,49.7,307.5,2.21,6,Cardamom
301.1,42.5,233.4,1.74,6,Cardamom
355.9,57.3,302.6,2.18,5.6,Cardamom
298,51.1,271.4,2.03,5.3,Cardamom
326,51.4,263.3,2.11,5.3,Cardamom
311.3,39.6,243.1,1.84,5.5,Cardamom
237.4,46.2,229.7,1.81,5.6,Cardamom
292.5,48,265.3,1.98,5.9,Cardamom
314.5,51.8,341.8,2.16,6,Cardamom
348,53.3,279.5,2.14,5.5,Cardamom
253.6,39.9,249.6,1.92,5.7,Cardamom
295,40.5,272.3,2.09,6.2,Cardamom
279.2,44.1,274.2,2.03,5.8,Cardamom
286.9,46.1,191.6,1.83,5.8,Cardamom
362.7,56.6,299.9,2.08,6,Cardamom
275.4,43.6,243.4,1.92,5.9,Cardamom
277.8,47.9,276.5,1.94,5.7,Cardamom
239.8,45.3,247.4,2.01,6.1,Cardamom
323.2,54.3,299.1,2.11,5.7,Cardamom
325.1,55,306.8,2.02,5.5,Cardamom
307.7,56.3,331.9,2.15,6,Cardamom
274.9,43.1,262.3,1.87,6.1,Cardamom
248.1,39.1,216.2,1.92,6,Cardamom
281.2,47.8,284.9,1.95,6.2,Cardamom
245.7,43.2,223.6,1.91,5.6,Cardamom
315.4,53.4,333.6,2.02,5.8,Cardamom
264.6,43.4,259.4,1.83,5.7,Cardamom
319.3,47.6,236.4,2.06,5.6,Cardamom
361,58.3,316.6,2.09,5.9,Cardamom
287.6,38.7,212,1.94,5.7,Cardamom
287.8,39.8,206.9,1.87,5.2,Cardamom
291,50.6,276.5,2.01,5.7,Cardamom
238.8,42.3,206.6,1.8,5.6,Cardamom
351.1,56.2,298.1,2.08,5.6,Cardamom
333.1,65.2,349.9,2.19,5.6,Cardamom
316.8,46.8,320.6,2.14,5.9,Cardamom
315.7,46.9,283.8,2.12,5.9,Cardamom
352.7,51.2,278.3,2.03,5.4,Cardamom
198.1,36.2,162.6,1.67,5.3,Cardamom
310.9,50.4,252.1,2.01,6,Cardamom
235.4,31.9,150,1.57,5.8,Cardamom
383.9,62.8,346.6,2.17,5.5,Cardamom
364.5,51.3,346.7,2.15,6.1,Cardamom
253.2,44.9,200.3,1.91,5.8,Cardamom
297,42.3,246.2,1.98,6.2,Cardamom
290.7,49.9,259.2,1.99,5.6,Cardamom
354.1,57.2,269.3,2.11,5.9,Cardamom
219,39.5,173.3,1.88,5.4,Cardamom
268.1,42.4,203.4,1.8,5.9,Cardamom
329.7,52,261.9,2.19,5.9,Cardamom
246.5,41.9,261,1.86,5.9,Cardamom
340.1,56.6,334,2.06,6.1,Cardamom
300.5,48.6,298.6,1.97,5.7,Cardamom
257.1,47.5,253.4,1.95,5.7,Cardamom
244.3,42.2,287.5,1.67,5.5,Cardamom
360.3,46.9,326,2.13,5.5,Cardamom
342.1,48.1,273.2,2.07,6.3,Cardamom
385.1,51.9,296.8,2.3,6,Cardamom
244.7,44.8,224.9,1.76,5.8,Cardamom
290.5,42.5,259.8,1.72,5.9,Cardamom
335.7,52.1,292.1,2.05,5.9,Cardamom
303.2,50,292.2,2.15,5.9,Cardamom
293.7,45.6,246.3,1.93,6.1,Cardamom
401.5,52.2,271.6,2.14,6.4,Cardamom
264.3,47.4,288.1,2.04,6,Cardamom
232,35.4,193,1.84,5.6,Cardamom
288.2,45.5,259.9,1.91,6,Cardamom
237.7,36.2,189.1,1.7,5.9,Cardamom
258.1,48.6,282.7,2,5.8,Cardamom
299.5,51.7,287.2,2.01,5.7,Cardamom
305.4,52.7,305.5,2.04,5.6,Cardamom
257.5,45.3,258,1.94,5.5,Cardamom
276.9,40.6,223.7,1.88,5.7,Cardamom
294.1,53.7,317.2,1.95,5.7,Cardamom
291.3,46.9,284.8,1.99,6.1,Cardamom
361.3,59.3,305,2.3,5.7,Cardamom
329.8,48.7,259.7,2.08,5.7,Cardamom
286.8,41.8,275.5,1.94,5.9,Cardamom
294,43.8,244.1,2.03,6.1,Cardamom
361.4,60.7,331.6,2.2,5.6,Cardamom
198.6,40.7,189,1.82,5.7,Cardamom
240.7,44.6,223,1.88,5.8,Cardamom
269.3,36.6,239.1,1.85,6.3,Cardamom
401.9,62.2,348.5,2.24,5.8,Cardamom
268.4,46.3,290.9,1.92,5.6,Cardamom
278,41.4,297.4,2.08,5.6,Cardamom
342,53.9,305.3,2.17,5.5,Cardamom
346.9,45.4,288,1.95,5.8,Cardamom
348.4,45.4,244.9,2.17,6.1,Cardamom
264.4,46.1,234.8,1.76,5.9,Cardamom
348.2,58.5,336.7,2.04,5.8,Cardamom
274.4,46.8,259.8,1.8,6,Cardamom
295,43.9,226.8,1.87,5.7,Cardamom
292.9,44.4,255.6,1.98,6,Cardamom
212.3,35,192.1,1.68,5.6,Cardamom
367.8,57.9,370.7,2.32,5.7,Cardamom
229.9,40.4,238.3,1.84,5.2,Cardamom
286.6,42.1,242.7,1.93,6.1,Cardamom
298.2,43.2,283,1.93,6.2,Cardamom
218.7,34.6,197,1.72,5.7,Cardamom
344.2,54.4,283.1,1.99,5.2,Cardamom
385.1,55.1,355.2,2.22,5.7,Cardamom
309,55,264.1,2.09,5.7,Cardamom
245.7,31.9,247.1,1.69,6.2,Cardamom
403.2,63.2,348,2.33,5.8,Cardamom
277.3,48.9,276.2,2.16,5.7,Cardamom
338.3,57.4,312.7,2.15,5.7,Cardamom
233,41.9,192.5,1.9,5.6,Cardamom
162.4,32.3,179.3,1.55,5.4,Cardamom
218.2,38.6,198,1.91,5.4,Cardamom
346.2,54.8,341.8,2.19,5.7,Cardamom
422.4,70,380,2.45,5.7,Cardamom
197.1,32.3,184.3,1.75,5.3,Cardamom
230.7,32.5,213.9,1.83,6.1,Cardamom
351.2,49,249.3,2.09,5.8,Cardamom
204.4,38.7,215,1.78,5.5,Cardamom
313.9,47.8,250.3,2.09,5.7,Cardamom
224.2,32.7,154.5,1.73,5.6,Cardamom
323.8,50.1,303.7,2.22,6,Cardamom
250.6,42.5,251.1,1.76,6.3,Cardamom
357.8,52.5,296.1,2.29,5.7,Cardamom
150,30,206.4,1.55,6,Cardamom
255.9,44.5,247.1,1.99,5.8,Cardamom
281.2,48,286.3,2.05,5.8,Cardamom
280.7,50,297.2,1.96,5.5,Cardamom
332.9,59.4,304.4,2.09,5.9,Cardamom
192.6,33.2,150,1.65,6.3,Cardamom
289.7,48.4,233.7,1.98,5.5,Cardamom
345,47.6,265.8,2.02,5.9,Cardamom
262,48.1,240.4,1.83,5.6,Cardamom
307.1,47,235.2,2.04,5.5,Cardamom
418.8,70,372.8,2.28,5.9,Cardamom
183,46,220.3,1.98,5.8,Cardamom
322.8,53.4,264.5,2.02,5.8,Cardamom
255.1,45.8,188.5,1.83,5.9,Cardamom
380.4,53.8,286.1,2.25,6,Cardamom
284,45.4,286.7,2.07,5.9,Cardamom
260.8,37.5,193.3,1.63,5.5,Cardamom
309.4,55.7,262.3,2.04,5.8,Cardamom
266.4,44.8,237.6,1.94,5.8,Cardamom
316.2,48.5,270,2.01,5.6,Cardamom
389.1,59.5,341.2,2.16,5.9,Cardamom
282.9,42.8,287.1,2.03,5.7,Cardamom
428.1,68.9,341.2,2.4,5.7,Cardamom
364.5,57.8,252.8,2.07,5.3,Cardamom
275.3,53.4,245.8,2.06,5.8,Cardamom
310.2,46.5,311.1,2.08,6.2,Cardamom
192.2,34.5,164.8,1.7,5.7,Cardamom
251.8,41.8,254.9,1.74,6,Cardamom
300.7,58.1,250.5,2.04,5.7,Cardamom
304.6,48.9,320.1,1.99,6.1,Cardamom
187.5,32.6,150,1.5,5.8,Cardamom
291.8,42.7,250.4,1.89,5.7,Cardamom
235,35.3,241.3,1.65,5.7,Cardamom
330.2,54,336.3,2.16,5.8,Cardamom
273.3,51.7,221.8,1.97,5.9,Cardamom
437.5,65.1,367.4,2.43,5.6,Cardamom
315.7,48.5,275.9,2.09,5.9,Cardamom
307.6,54.8,271.4,2.06,5.5,Cardamom
216.5,36.6,197.7,1.68,6,Cardamom
242.7,41.3,151.5,1.75,5.9,Cardamom
220.1,33.4,216.7,1.8,5.4,Cardamom
351.9,50.7,247.2,2.05,5.7,Cardamom
246.5,38.6,263,1.97,5.6,Cardamom
296.4,52.1,259.2,2.17,5.6,Cardamom
243.9,45.2,216.3,2.02,6.2,Cardamom
160.1,39.1,196.1,1.67,6,Cardamom
308,46.9,251.9,2.03,5.3,Cardamom
227.3,35.8,221.9,1.82,5.4,Cardamom
255.6,51.5,239.1,1.96,5.6,Cardamom
430.4,64.9,311.9,2.49,6.1,Cardamom
341.5,47.8,291.3,2.21,6.4,Cardamom
263.9,45.6,218.5,1.82,6,Cardamom
380.9,56.1,322.2,2.24,5.5,Cardamom
374,64.8,366.6,2.14,5.7,Cardamom
279.9,47.1,258.6,2.03,5.2,Cardamom
295.7,56.9,308.6,2.05,5.4,Cardamom
306.2,50.9,246.3,1.98,6.1,Cardamom
446.4,56,361.4,2.32,5.8,Cardamom
326.3,48.9,259.5,2.16,5.6,Cardamom
325.8,43.9,298.7,1.95,5.3,Cardamom
151.3,30.4,165.4,1.5,6.2,Cardamom
295.6,51.9,244.8,1.93,5.8,Cardamom
297.4,48.7,223.2,1.99,5.8,Cardamom
306.2,54.2,240.6,2.06,5.5,Cardamom
230.8,43.8,211.2,1.73,5.9,Cardamom
360.6,47.7,302.9,2.21,5.3,Cardamom
375.4,53.6,331,2.25,5.3,Cardamom
307.4,42.9,273.6,1.86,5.4,Cardamom
338.3,64,298.8,2.29,5.6,Cardamom
219.5,38.9,241.5,1.71,5.8,Cardamom
253.2,39.1,195.3,1.78,5.5,Cardamom
373.1,61.5,283.1,2.31,5.7,Cardamom
416.1,61.4,325,2.44,5.3,Cardamom
276.6,45.9,299.3,2.14,5.5,Cardamom
360.4,57.6,380,2.12,5.7,Cardamom
317.4,43.9,290.8,2.21,5.5,Cardamom
297.6,51.7,314.3,2.13,5.3,Cardamom
401.1,65.3,346.3,2.18,5.6,Cardamom
267,41.2,251.5,1.6,5.9,Cardamom
282.6,53.8,300,1.97,6,Cardamom
233.4,41.4,194.5,1.74,5.5,Cardamom
262.4,41.6,272.3,1.79,5.9,Cardamom
219.6,36.2,256.8,1.6,5.5,Cardamom
331.7,48.3,314.3,2.19,5.9,Cardamom
269.6,43.1,246.1,1.93,5.8,Cardamom
223,31.5,175.3,1.74,6.2,Cardamom
352.8,52.8,322.7,2.21,6.3,Cardamom
192.8,40.9,163,1.74,5.6,Cardamom
230.5,42.9,240.9,1.73,5.7,Cardamom
313.2,50.3,303.9,2.1,5.4,Cardamom
319.8,53.4,306.5,1.92,5.9,Cardamom
288.1,50.3,240.5,1.94,5.9,Cardamom
440.6,68.5,350.3,2.44,5.6,Cardamom
279,48.2,288.7,1.98,5.9,Cardamom
281.6,44.2,274,1.95,5.7,Cardamom
251.9,41.3,241.3,1.83,5.4,Cardamom
181.1,35.7,204.1,1.67,5.7,Cardamom
214.5,39.6,165.4,1.77,6.1,Cardamom
295.8,44.2,243,1.96,5.3,Cardamom
221.2,35.1,209.7,1.74,5.4,Cardamom
217.9,37.1,196.7,1.76,6,Cardamom
214.8,31.1,188.4,1.62,6.3,Cardamom
346.5,58.2,290.2,2.1,5.5,Cardamom
321.9,45.4,238.8,1.99,5.6,Cardamom
276.3,51.9,310,1.97,5.8,Cardamom
202.8,38.1,223,1.6,5.9,Cardamom
401.1,62.2,338,2.29,5.3,Cardamom
332.9,59.2,313.4,2.32,6.2,Cardamom
422.5,67.7,380,2.47,5.8,Cardamom
307.3,59.6,292.1,2.17,5.5,Cardamom
223,34,242.7,1.59,5.7,Cardamom
365.1,59.3,317.6,2.24,5.7,Cardamom
280.1,39.2,246.5,1.9,5.1,Cardamom
232,44,168.5,1.64,5.7,Cardamom
371.4,47.1,333,2.23,5.9,Cardamom
329.9,46.9,319.1,2.1,6.2,Cardamom
402.7,69.3,380,2.36,5.9,Cardamom
340.7,56.6,251.7,1.95,5.7,Cardamom
331.6,53.2,285.7,2.2,5.2,Cardamom
254.6,49.6,256.9,2,5.6,Cardamom
415.8,60.7,318.2,2.29,5.8,Cardamom
378.9,50.3,358.2,2.21,6.2,Cardamom
392.3,65.4,300.2,2.32,5.6,Cardamom
225.6,39.1,250.4,1.86,5.8,Cardamom
216.7,36.9,231.4,1.71,5.6,Cardamom
306.6,45.9,232.2,1.86,5.7,Cardamom
306,42.3,238.5,2.01,5.6,Cardamom
356.8,64.4,314.4,2.37,6.1,Cardamom
364.2,51.5,338.1,2.19,6,Cardamom
396.9,62.5,380,2.29,5.5,Cardamom
361.6,59,357.1,2.14,5.2,Cardamom
155.8,30.9,167,1.57,6.4,Cardamom
333.2,49.8,278,2.08,5.7,Cardamom
309.8,42.6,265.6,2.04,5.4,Cardamom
391.1,62.7,368.2,2.33,6.1,Cardamom
335.4,57.4,281.9,2.06,5.5,Cardamom
330,50.6,249.7,2.09,5.4,Cardamom
337.5,48.3,258.5,2.1,5.3,Cardamom
319.2,47,253.4,2.11,6.4,Cardamom
204.5,37.7,252.6,1.73,6.1,Cardamom
332.3,55.6,272.6,2.24,5.8,Cardamom
328.3,46.9,251.8,1.95,6,Cardamom
187.5,30,163.2,1.64,5.9,Cardamom
256.2,40.4,234.4,1.92,5.8,Cardamom
223.6,32.9,224,1.87,6.2,Cardamom
269.1,48.4,258.7,2.06,5.7,Cardamom
270.8,40.2,245.7,2.01,6.3,Cardamom
278.4,46,296.6,2.11,6,Cardamom
304.1,46.5,273.1,1.92,5.4,Cardamom
356.5,54.8,316.5,2.26,6.1,Cardamom
368.7,47.4,313.7,2.24,5.5,Cardamom
277.7,39.5,238.8,1.71,5.9,Cardamom
190.3,31.7,254.7,1.56,5.6,Cardamom
355.9,53.9,294.1,2.37,5.5,Cardamom
417,66.6,365.8,2.29,5.7,Cardamom
366.6,55.6,328.5,2.18,6.1,Cardamom
422.1,60.9,344.1,2.46,5.8,Cardamom
305.3,50.6,247.4,2.02,5.8,Cardamom
357.2,42.9,306.9,2.26,6.4,Cardamom
251.4,37.1,214.1,1.87,5.5,Cardamom
288.7,39.2,263,1.85,6.2,Cardamom
310.6,47.5,306.7,1.99,5.9,Cardamom
219.4,39.8,206,1.75,5.5,Cardamom
313,50.8,276.2,2.06,5.2,Cardamom
281.6,40.2,300,1.73,6,Cardamom
251.5,42.7,251.1,1.84,5.7,Cardamom
252.5,40.3,254.2,1.9,5.8,Cardamom
258.2,40.9,188.7,1.74,5.8,Cardamom
302.4,43.3,241.1,1.99,5.3,Cardamom
294.2,47.3,254,2.09,5.8,Cardamom
299.8,50.8,221.2,1.89,6.2,Cardamom
286.7,46.3,297.5,2.04,6.1,Cardamom
330.5,45.4,280.8,2.06,5.2,Cardamom
330,53.8,297.2,2.05,5.7,Cardamom
329.9,56.2,300.2,2.1,5.5,Cardamom
259,44.5,164.2,1.81,5.6,Cardamom
268.5,43.9,241.1,1.77,5.8,Cardamom
359.5,50.7,297.3,2.28,5.6,Cardamom
190,40.4,222,1.84,5.9,Cardamom
268.5,48,299.8,1.94,5.4,Cardamom
322.7,61.3,314.3,2.07,5.9,Cardamom
283,43.5,271.3,1.98,6.3,Cardamom
229.7,46.6,255.5,1.81,6,Cardamom
250.6,43.7,234.7,1.88,6.1,Cardamom
382.4,58.3,320.1,2.31,5.4,Cardamom
342.8,56.2,276.5,2.05,5.5,Cardamom
373.1,54.3,358.8,2.07,5.6,Cardamom
245.8,42.2,270.6,1.9,5.2,Cardamom
303.2,38.2,289.3,2.01,6,Cardamom
265.9,47.8,261.7,1.99,5.4,Cardamom
327.4,50.6,339,1.98,5.8,Cardamom
249.3,38.7,211.3,1.83,5.4,Cardamom
385.1,64.7,380,2.37,5.3,Cardamom
304,50,254.2,1.96,5.6,Cardamom
299,46.7,233.8,1.94,5.3,Cardamom
167.9,30,178,1.5,5.2,Cardamom
304.7,46.8,302,1.97,6.1,Cardamom
288.7,49.1,252.6,2.02,5.9,Cardamom
253.1,37.9,210.4,1.78,6,Cardamom
224.6,41.1,222.8,1.77,5.6,Cardamom
333,46.8,270.3,2.24,5.5,Cardamom
220,43.8,213.4,1.76,5.8,Cardamom
414.7,53.9,335.9,2.17,6.4,Cardamom
302.6,48.4,281.7,2,6.1,Cardamom
224.4,30,159.4,1.69,6.2,Cardamom
404,64.2,360.7,2.35,5.1,Cardamom
275.4,40.5,190.9,1.85,6.2,Cardamom
269.2,31.6,219.6,1.93,5.3,Cardamom
191.3,32.6,176.3,1.59,6,Cardamom
243.5,42.6,198.1,1.87,5.8,Cardamom
362.4,52.4,325,2.03,5.8,Cardamom
272.6,42.4,258.5,1.96,5.6,Cardamom
304.8,47,239.4,1.93,5.8,Cardamom
271.7,39,238.9,1.89,5.3,Cardamom
203,41.9,246.6,1.66,6.1,Cardamom
331.3,56,316.1,2.19,6,Cardamom
291.7,54.2,244.9,1.95,5.7,Cardamom
290.9,48.5,198.4,1.94,6,Cardamom
262.1,41.1,187.9,1.72,5.9,Cardamom
399.2,57.8,326.5,2.39,5.1,Cardamom
287.7,44.7,231.4,1.97,6.2,Cardamom
231.6,30,206,1.76,6.4,Cardamom
159.6,30,217.1,1.62,6.3,Cardamom
447.3,63.3,352.3,2.42,5.3,Cardamom
351.5,52.8,301.3,2.18,5.3,Cardamom
417.2,62.5,380,2.46,5.2,Cardamom
442.4,60.3,374.8,2.47,6.2,Cardamom
153.4,30,168.5,1.52,6.3,Cardamom
160,30,150,1.5,6.2,Cardamom
224.3,44.6,170.6,1.72,5.8,Cardamom
407.7,66.7,359.4,2.27,5.6,Cardamom
272.5,41.8,226.4,1.79,6.2,Cardamom
320.1,52.3,320.6,2.08,6,Cardamom
270.4,41,258,1.94,5.5,Cardamom
274.7,44,258.6,1.93,6.2,Cardamom
172.3,30,172.8,1.53,6.2,Cardamom
332,53.4,271.4,2.14,5.6,Cardamom
273.2,40.4,236.6,2.11,5.3,Cardamom
365.2,55.3,334.9,2.16,5.3,Cardamom
209.5,39.5,159.3,1.75,6.1,Cardamom
150,35,150,1.5,5.9,Cardamom
246.7,37.5,252.7,1.76,5.1,Cardamom
173,30,153.2,1.55,6.3,Cardamom
242.5,36.2,210.6,1.83,5,Cardamom
312,50.9,288.7,2.07,5.1,Cardamom
150,30,213.1,1.5,6.3,Cardamom
202.5,33.5,194.8,1.76,5.5,Cardamom
440.5,68.6,378.8,2.5,5.8,Cardamom
294.1,47.1,256.4,2.04,6.2,Cardamom
390.9,54,302.4,2.1,6.1,Cardamom
310.4,43.4,304.3,2.04,5.1,Cardamom
254.9,41.2,227.1,2.05,5.9,Cardamom
171.4,30,163.2,1.61,5.1,Cardamom
402,54.9,340.6,2.44,5,Cardamom
233.9,39.2,198.6,1.7,6.3,Cardamom
389.5,55.1,316.8,2.18,6.5,Cardamom
419.6,59.4,380,2.45,5.9,Cardamom
224.8,34.4,171.7,1.72,6,Cardamom
308.8,50.6,289.3,2.09,5.8,Cardamom
188.4,30,182.3,1.62,6.3,Cardamom
300.8,59.2,275.5,2.28,6,Cardamom
172.3,30,150,1.7,5,Cardamom
277.8,59,319.4,2.15,5.7,Cardamom
325.1,51.2,281.4,2.04,6.2,Cardamom
152.2,33.2,181.3,1.5,5.8,Cardamom
326.5,51.3,316.9,2.03,5.5,Cardamom
447.6,58.9,372.2,2.26,5.2,Cardamom
450,64.7,380,2.48,5.3,Cardamom
381.7,53,302.7,2.11,5.4,Cardamom
221,39.7,173,1.77,5.6,Cardamom
399.9,51.2,375,2.38,5.2,Cardamom
442.6,69.5,365.2,2.5,6.4,Cardamom
155.1,30,162.5,1.56,5.4,Cardamom
175.8,30,150,1.5,5.4,Cardamom
361,50.4,267.9,2.15,6.3,Cardamom
169.1,30,170.1,1.61,6.3,Cardamom
373.1,55.4,380,2.31,6.3,Cardamom
220.7,30.1,192.1,1.67,5.2,Cardamom
324.2,55.9,318.2,2.22,5.2,Cardamom
274.6,36,221.3,1.86,5,Cardamom
390.8,66,349.2,2.42,6.3,Cardamom
432.3,64.5,358.4,2.42,6.2,Cardamom
326,43.7,200.9,2.1,5.3,Cardamom
450,65.1,380,2.5,5.9,Cardamom
369.7,56.3,328.4,2.05,6.3,Cardamom
296.3,56.6,276.4,1.99,5.9,Cardamom
298.4,45.3,240.3,1.93,6,Cardamom
301.1,44.9,290.1,2.12,6.5,Cardamom
164.8,32.6,150,1.5,5.8,Cardamom
253.6,42.4,202.6,1.9,5.1,Cardamom
349.5,51.3,273.9,2.06,5.2,Cardamom
359.9,52.5,323.7,2.3,5.1,Cardamom
370.8,56.5,270.3,2.18,6,Cardamom
255.1,37.5,226.9,1.95,5.8,Cardamom
340,60.1,321.7,2.27,5.3,Cardamom
288.1,46.6,357.7,2.06,6.4,Cardamom
402.1,50.5,332.6,2.3,6.4,Cardamom
246.8,38.2,187,1.8,6.3,Cardamom
448.3,59.5,361.2,2.4,6.1,Cardamom
389,53.6,359,2.44,6,Cardamom
194,30,150,1.58,5.6,Cardamom
389.7,63.6,356.9,2.46,5,Cardamom
314.8,53,320.2,2.1,5.4,Cardamom
284.1,45.5,254.1,1.87,5.1,Cardamom
227.1,35.1,218.1,1.63,6,Cardamom
276.9,39,191.3,1.83,6.3,Cardamom
330.1,55.3,345.2,2,6,Cardamom
450,70,337.4,2.5,5.2,Cardamom
450,63.4,380,2.47,6.3,Cardamom
354.6,55.1,307.5,2.19,5.7,Cardamom
159.9,30,219,1.55,5.4,Cardamom
354.3,56.6,321.8,2.06,5.8,Cardamom
290.2,42.3,301.7,1.84,6,Cardamom
444.5,62.4,380,2.46,5.4,Cardamom
202.4,31.5,210.2,1.59,6.5,Cardamom
243.5,40,204.2,1.75,5.2,Cardamom
413.7,60.1,298.1,2.31,5.5,Cardamom
380.5,63.1,356.1,2.33,6.4,Cardamom
399.9,61.9,325.2,2.24,6.3,Cardamom
294.6,45.7,232,2.03,5.1,Cardamom
443,62.8,325.9,2.38,5.5,Cardamom
246.8,36.8,237.2,1.81,5.3,Cardamom
331.4,54.4,274.6,2.09,5.9,Cardamom
421.5,59.3,345.2,2.44,6.2,Cardamom
347.9,57.9,349.6,2.22,5.1,Cardamom
345.2,55.3,317.3,2.07,6.2,Cardamom
199,39.9,157.3,1.68,6,Cardamom
286.2,43.9,263.7,2.1,5.2,Cardamom
166.9,30,150.7,1.5,5.3,Cardamom
450,69.5,373.1,2.45,6.3,Cardamom
180.2,30.2,178.5,1.59,5,Cardamom
367.9,54,211.9,2,5.8,Cardamom
269.3,44.4,204.1,1.77,6,Cardamom
303.6,48.8,321.4,2,5.2,Cardamom
295.4,48.9,254.8,1.95,5.6,Cardamom
392.2,55.1,281.7,2.2,6,Cardamom
328.9,45.3,222.1,1.93,6.3,Cardamom
264.1,47.6,262.7,1.81,5.3,Cardamom
450,68.6,309.9,2.5,6,Cardamom
201.1,30,153,1.62,6.1,Cardamom
219.1,30,225.8,1.64,5.1,Cardamom
167,30,162.9,1.5,5.1,Cardamom
350.7,48.6,262.5,2.11,5.1,Cardamom
160.9,34.7,169.3,1.55,5.6,Cardamom
435.7,68.5,348.2,2.5,6,Cardamom
181.4,30,182.5,1.55,6.4,Cardamom
366.4,58,290.4,2.36,6.2,Cardamom
301,49.6,269.2,2.01,6.3,Cardamom
424.5,67.4,333.2,2.47,5.3,Cardamom
161.7,30,172.5,1.5,5,Cardamom
196.1,42.4,196.2,1.71,6.1,Cardamom
192,30,185.5,1.68,5.2,Cardamom
204.4,30,194.6,1.66,5.2,Cardamom
450,69.7,380,2.5,5.4,Cardamom
285,45.9,203,1.76,5.9,Cardamom
285.7,45.7,217.8,2.03,6,Cardamom
206.5,33.8,219.5,1.66,6.3,Cardamom
268.6,43.1,264.7,2.15,5.1,Cardamom
369.5,57.3,346.1,2.26,6.2,Cardamom
211.3,40.8,188.7,1.64,6.3,Cardamom
390.4,53.6,336.6,2.29,6.2,Cardamom
275.7,45.3,262.7,1.93,6.1,Cardamom
280.7,38.4,237.9,2.01,5.1,Cardamom
198.9,36,194.6,1.62,6.1,Cardamom
324.2,47.1,271.2,2.22,6,Cardamom
317.4,47.5,297,2.02,6.3,Cardamom
384.9,64.9,327.7,2.26,5.8,Cardamom
303,44.7,276.2,2.14,5.2,Cardamom
194,30,212.7,1.73,5.2,Cardamom
420.1,60.8,326.2,2.27,6.5,Cardamom
290.1,43,179,2.01,5.2,Cardamom
306.3,55.3,317.6,2.12,5.9,Black Pepper
285.2,47.2,255.1,1.93,5.9,Black Pepper
333.6,52.3,274.4,2.17,6.1,Black Pepper
268.1,47.1,213.9,1.94,5.5,Black Pepper
351.4,58.5,319.9,2.07,5.9,Black Pepper
354.9,50.2,330.2,2.16,5.4,Black Pepper
351.1,61.8,283.1,2.33,5.9,Black Pepper
322.5,54.9,259.5,1.97,5.5,Black Pepper
345.9,64.8,276.5,2.3,5.7,Black Pepper
283.4,46.3,245.6,1.99,5.5,Black Pepper
378.3,57.6,325.2,2.12,6,Black Pepper
256.4,39,249.9,1.82,6.1,Black Pepper
276.5,44.5,253.1,1.93,5.7,Black Pepper
394.7,60,330.7,2.36,5.7,Black Pepper
276.5,49.8,248.9,2.15,5.8,Black Pepper
268.6,51.4,283.5,1.89,5.8,Black Pepper
351.1,53.8,329.4,2.17,5.3,Black Pepper
303.6,51.2,258.3,2,6.1,Black Pepper
246.1,44.5,234,1.92,5.7,Black Pepper
283.2,42.4,313.3,2.26,5.5,Black Pepper
265.4,44.8,258.8,2.01,5.6,Black Pepper
349.6,56.4,320.6,2.12,5.8,Black Pepper
296.8,38,196.2,1.91,6,Black Pepper
269.1,50.7,209.6,1.97,6,Black Pepper
279.8,49,230.2,1.87,5.5,Black Pepper
347.5,54.2,297.9,2.17,5.5,Black Pepper
244.8,40.8,284.7,1.8,5.3,Black Pepper
221.1,34.2,233.9,1.72,5.5,Black Pepper
321.9,50.6,261.1,2.05,5.7,Black Pepper
337.7,50.6,330.5,2.32,5.5,Black Pepper
376.9,54.8,323.2,2.29,5.4,Black Pepper
221.2,40.9,219.6,1.79,5.8,Black Pepper
286.6,36.7,200.5,1.98,5.6,Black Pepper
275,43.3,284.8,1.86,5.9,Black Pepper
326.8,52.4,294.4,2.11,5.7,Black Pepper
235.7,43.9,259.7,1.83,6,Black Pepper
239.5,42.5,232,1.85,5.6,Black Pepper
295.3,46.4,287.9,2,5.9,Black Pepper
265.2,42,184.2,1.73,5.3,Black Pepper
261.9,47.3,226,1.83,5.7,Black Pepper
258.9,40.9,238.5,1.91,6.2,Black Pepper
257.1,42.7,213,1.99,5.5,Black Pepper
334.9,46.2,247.4,1.96,6.1,Black Pepper
283,41.1,249.2,1.91,5.5,Black Pepper
273.3,38.2,275.7,1.94,6.1,Black Pepper
221.4,31.1,237.4,1.9,6.3,Black Pepper
362.8,45.9,297.7,2.1,5.3,Black Pepper
336.7,47.3,308,2.13,6.2,Black Pepper
268.7,40.6,219.6,1.96,5.5,Black Pepper
314.2,52.7,249.7,1.99,5.7,Black Pepper
329,56.6,334.4,2.19,5.8,Black Pepper
232.8,35.9,218,1.76,5.5,Black Pepper
203.2,39.2,186.8,1.7,5.9,Black Pepper
277.5,48.4,199,1.86,5.9,Black Pepper
330.4,47.8,260.4,2.09,5.5,Black Pepper
300.8,58,367.4,2.18,5.8,Black Pepper
378.1,63.4,328.2,2.25,5.6,Black Pepper
234.1,45.1,227.8,1.85,5.8,Black Pepper
364.4,51.3,290.2,2.07,5.3,Black Pepper
262.5,39.4,237.6,1.97,5.8,Black Pepper
244.1,44.1,221.1,1.91,5.7,Black Pepper
279.7,43.9,218.3,1.77,5.2,Black Pepper
236.3,38.3,261.1,1.68,5.7,Black Pepper
278.9,52,245.4,2.09,5.8,Black Pepper
304.9,48.4,283.8,1.87,5.9,Black Pepper
322.7,50.6,290.9,2.17,5.6,Black Pepper
345.4,45.7,289.1,2.2,6.3,Black Pepper
249.1,36.6,233.6,1.86,5.6,Black Pepper
276.5,45,254,1.85,5.7,Black Pepper
256.2,45,239.8,2.03,6.2,Black Pepper
255.3,44.1,242.6,1.76,5.7,Black Pepper
361.8,63.5,303.6,2.2,5.5,Black Pepper
352.8,57.8,307.1,2.28,5.5,Black Pepper
353,61.1,330.5,2.25,5.7,Black Pepper
285.3,42.8,268.1,1.94,6.1,Black Pepper
256.8,46.6,240.7,1.92,5.6,Black Pepper
278.6,44.3,199.9,1.78,5.5,Black Pepper
344.1,42.1,260.8,2.08,5.4,Black Pepper
348.7,56.7,329.9,2.08,5.8,Black Pepper
275,46.7,284.3,1.97,5.9,Black Pepper
348.8,46.6,308.6,2.2,5.5,Black Pepper
323.9,58.2,291.5,1.95,5.8,Black Pepper
190.1,32.7,257.5,1.68,6.1,Black Pepper
253.2,40.3,290.9,1.98,5.6,Black Pepper
257.8,37.7,258.4,1.98,5.5,Black Pepper
300.2,40.4,228.8,1.95,6,Black Pepper
214.3,38.9,163.5,1.88,5.7,Black Pepper
298.8,53.4,281.5,1.94,5.5,Black Pepper
274,40.1,248.2,1.81,5.9,Black Pepper
325.3,46.6,293.1,1.97,5.2,Black Pepper
278.7,49.3,238.7,2.15,5.6,Black Pepper
254.9,37.7,191.5,1.8,5.6,Black Pepper
354.2,52.9,296.3,2.24,5.3,Black Pepper
324.6,61,323.6,2.1,5.7,Black Pepper
316.7,49.9,244,1.88,5.9,Black Pepper
335.6,45.2,287.8,2.08,5.4,Black Pepper
331.9,50.5,309.8,2.15,5.8,Black Pepper
350.2,56.5,284.1,2.13,5.7,Black Pepper
279.2,44.1,245.6,1.81,5.7,Black Pepper
241.9,33.6,188.7,1.81,5.9,Black Pepper
198.3,39.6,213.5,1.82,5.7,Black Pepper
391.5,59.1,324.3,2.05,5.4,Black Pepper
268.5,45.3,277.5,1.91,6.1,Black Pepper
363.9,52.7,312.3,2.24,5.7,Black Pepper
416.5,59.4,373.6,2.34,6,Black Pepper
276.1,45.1,290.1,1.99,5.3,Black Pepper
350.2,55.2,306,2.14,5.8,Black Pepper
292,38.4,225.6,1.94,6.3,Black Pepper
448.1,58.8,346.2,2.4,5.2,Black Pepper
262.5,43,286.8,1.93,5.2,Black Pepper
224.2,35.5,197.1,1.68,5.3,Black Pepper
316.9,51.9,299.7,2.09,5.5,Black Pepper
305.8,45.6,286.2,1.97,5.3,Black Pepper
281.9,48.8,256.1,2,6.1,Black Pepper
310.1,46.2,273.8,2.04,5.6,Black Pepper
279.5,40.1,262.6,1.92,6.2,Black Pepper
300.3,40.5,289,2.06,6.1,Black Pepper
262.7,48.8,270.7,1.84,5.9,Black Pepper
376.9,52,284.2,2.17,6.1,Black Pepper
241,39.8,165.1,1.69,5.7,Black Pepper
388.4,64.2,299.6,2.2,5.5,Black Pepper
173,50.2,169.5,1.78,5.9,Black Pepper
313,48.1,261.1,2.11,6,Black Pepper
318.9,46.7,252.5,1.85,5.6,Black Pepper
213.7,43.4,194.4,1.65,6.2,Black Pepper
244.2,35.1,212.4,1.94,5.8,Black Pepper
422.3,60,332.4,2.31,5.9,Black Pepper
306.5,43,257.1,2.05,6.3,Black Pepper
194.7,36.6,150,1.71,5.9,Black Pepper
310.8,53.5,332.8,2.1,6.3,Black Pepper
208.4,39.1,184.9,1.62,5.7,Black Pepper
199.1,36,221.4,1.75,5.8,Black Pepper
324.9,52.7,262,2.08,6.2,Black Pepper
307.5,55.1,326.2,2.17,5.8,Black Pepper
312.5,51.7,268.4,1.89,5.8,Black Pepper
275.5,37.4,219.3,1.83,5.3,Black Pepper
221.4,38.4,172.3,1.55,5.8,Black Pepper
210.6,31.8,188.4,1.68,5.9,Black Pepper
276.7,40.9,260,1.93,5.8,Black Pepper
288.5,47.3,194.4,1.91,5.6,Black Pepper
275.7,43.8,247.5,1.89,5.8,Black Pepper
210.9,42.7,189.4,1.7,5.7,Black Pepper
210.3,39.1,202,1.7,5.8,Black Pepper
299,49.9,279.3,2,5.7,Black Pepper
214.4,30,153.8,1.69,6,Black Pepper
450,60,379.1,2.37,5.4,Black Pepper
278.9,56.7,290.5,1.96,5.7,Black Pepper
240.4,37.7,175.6,1.84,5.8,Black Pepper
417.5,61.7,371.4,2.22,6,Black Pepper
316.6,49,293.5,2.09,5.4,Black Pepper
308,46.6,213.1,1.9,5.8,Black Pepper
284.6,40.9,229,2,6,Black Pepper
312.6,45.6,250.9,1.95,5.6,Black Pepper
306.7,53.6,273.9,2.04,5.7,Black Pepper
261.3,43.1,233.3,1.86,5.9,Black Pepper
407.3,66.4,380,2.39,5.5,Black Pepper
408.7,57.6,287.6,2.11,6.2,Black Pepper
404.6,61,324.9,2.48,5.9,Black Pepper
181.9,31.5,217.2,1.57,5.5,Black Pepper
351.9,54.2,283.1,2.27,5.7,Black Pepper
314.5,51.3,308,2.22,6.3,Black Pepper
367.8,66.2,326.9,2.21,5.7,Black Pepper
287.7,51.9,290.3,2.04,5.8,Black Pepper
390.8,57.8,334.4,2.21,5.9,Black Pepper
249.1,46.3,186,1.77,5.7,Black Pepper
230.9,41.6,181.4,1.91,5.5,Black Pepper
304.6,47,281.4,2.06,5.6,Black Pepper
360.9,58.4,307,2.31,5.6,Black Pepper
400.7,63.1,325.6,2.19,5.7,Black Pepper
218.3,34.4,226.1,1.71,5.8,Black Pepper
156.2,31.1,164.4,1.64,5.6,Black Pepper
232.2,43.6,198.5,1.71,5.8,Black Pepper
322,57.8,295.1,2.15,5.8,Black Pepper
335.3,52.1,268.8,2.07,5.9,Black Pepper
298,43,232.1,2.03,5.3,Black Pepper
450,66.6,376.4,2.39,6,Black Pepper
292,52.1,275.1,2.04,5.6,Black Pepper
316.6,56.2,296.9,1.95,6.1,Black Pepper
306.3,43.3,285,2.08,5.5,Black Pepper
297.6,52.2,240.9,1.77,5.5,Black Pepper
341.3,54.4,351.6,2.15,5.4,Black Pepper
179,33.8,164.2,1.68,5.3,Black Pepper
228.2,30.8,229.6,1.85,6.4,Black Pepper
256.6,47.1,240.3,1.89,5.5,Black Pepper
220.6,41.8,233.9,1.74,5.4,Black Pepper
361,57.9,250.6,2.24,5.6,Black Pepper
338.3,50.2,267.2,2.24,6.2,Black Pepper
354.5,51.6,261.2,2.04,6.2,Black Pepper
327.7,49.8,295.3,1.99,5.7,Black Pepper
307.5,53.3,214.7,1.97,5.7,Black Pepper
356.6,54.5,306.4,2.04,5.9,Black Pepper
248.3,44.4,260.7,1.86,5.8,Black Pepper
282.2,45.6,265.9,1.98,5.4,Black Pepper
237.4,39.9,199,1.82,5.3,Black Pepper
280.5,37.8,216.4,1.86,5.4,Black Pepper
385,54.9,320.6,2.31,5.9,Black Pepper
308.4,48.1,261.3,2.09,6.2,Black Pepper
247.9,37.7,198.6,1.85,5.4,Black Pepper
257.2,45,190.1,1.79,6.1,Black Pepper
440.8,63.9,369,2.37,5.6,Black Pepper
324.6,47.9,267.2,2.21,6.2,Black Pepper
222,32.5,207.4,1.78,6.4,Black Pepper
283.9,44.5,224.1,1.92,5.7,Black Pepper
299.2,53.9,272.5,1.97,5.7,Black Pepper
306.5,50,292.7,2.07,6,Black Pepper
238.5,30,232.3,1.91,6.2,Black Pepper
255.1,48.5,209.3,1.96,5.5,Black Pepper
401.9,57.4,347.5,2.45,6,Black Pepper
398,58,372.5,2.23,6.1,Black Pepper
238.4,37.3,235,1.78,6.4,Black Pepper
344.5,49,312,2.02,5.4,Black Pepper
172.5,30,176.6,1.67,5.9,Black Pepper
251.9,49.6,222.6,1.84,6.1,Black Pepper
321,52.1,286.9,2.06,5.7,Black Pepper
247.7,39.8,198.9,1.91,5.7,Black Pepper
325,47,268.5,2.03,6.1,Black Pepper
283.4,46.1,264.9,2,6.5,Black Pepper
375.3,56.4,380,2.21,5.3,Black Pepper
237.6,37.8,221.2,1.72,5.6,Black Pepper
222.8,32.3,166.5,1.6,5.4,Black Pepper
235.4,32.1,185.6,1.67,6,Black Pepper
179.5,30,184.8,1.55,6.2,Black Pepper
218.6,37.3,222.7,1.88,6.1,Black Pepper
273.2,48.6,230.1,2.02,5.7,Black Pepper
178.4,30,150,1.5,6.1,Black Pepper
329.7,60.6,330.8,2.28,5.6,Black Pepper
302,51.2,281,1.93,6,Black Pepper
343.7,49.3,282.3,2.18,6.1,Black Pepper
308.4,42,273.4,2.02,6,Black Pepper
316.7,52.8,303.7,2.11,5.7,Black Pepper
375.4,64.4,355.2,2.42,5.7,Black Pepper
200,30,164.6,1.7,5.4,Black Pepper
218.9,33.7,231.5,1.59,5.3,Black Pepper
260.9,44.1,228.5,1.79,6,Black Pepper
186,36.7,180.2,1.7,5.5,Black Pepper
349.5,55.5,313.3,2.22,5.3,Black Pepper
274.2,38.2,259.3,1.79,5.1,Black Pepper
315.5,49.7,210.4,1.99,5.9,Black Pepper
229.9,38.8,207.8,1.83,6.3,Black Pepper
357.6,53.2,240.7,2.12,5.3,Black Pepper
287.4,45.7,275.6,1.87,6.4,Black Pepper
431.2,70,380,2.48,5.8,Black Pepper
347.9,58.2,320.5,2.26,5.7,Black Pepper
417.9,68.5,362.7,2.5,6.1,Black Pepper
290.1,44.3,298.3,1.92,5.6,Black Pepper
266.5,44.1,296.9,1.86,6,Black Pepper
252.3,40.2,214.8,1.7,6,Black Pepper
371.8,53.3,290.5,2.06,5.2,Black Pepper
178.7,30,150,1.62,5.3,Black Pepper
229.5,44.1,213.4,1.88,6.1,Black Pepper
339,56.4,293.2,2.16,6,Black Pepper
348.7,54.1,322.2,2.19,5.8,Black Pepper
283,43.9,245.4,1.88,6.2,Black Pepper
248,49.3,266.5,1.84,5.6,Black Pepper
306.7,49.4,292.9,2,5.2,Black Pepper
379.4,53.2,314.6,2.09,5.8,Black Pepper
193.3,31.2,156.1,1.63,6.1,Black Pepper
333.4,44.5,282.5,1.96,6.1,Black Pepper
353,52.9,299.2,2.14,5.9,Black Pepper
196,31.3,170.8,1.53,6.3,Black Pepper
340.9,47.8,290.2,2.15,6.2,Black Pepper
204,38.4,195.6,1.74,5.3,Black Pepper
390.5,54.2,330.8,2.4,5.7,Black Pepper
347.6,48.7,380,2.23,5.4,Black Pepper
363.5,48.1,319.6,2.09,6.1,Black Pepper
229.9,38.5,210.2,1.65,5.8,Black Pepper
319.6,52.8,244.5,1.94,5.7,Black Pepper
243.3,37.4,180.2,1.78,5.1,Black Pepper
333.2,54.6,299.1,2.19,5.8,Black Pepper
270.1,37.9,192.9,1.85,5.5,Black Pepper
286.7,39,261.8,1.95,5.3,Black Pepper
315.9,47.8,302.6,2.31,5.5,Black Pepper
390.1,67.3,345.2,2.43,5.9,Black Pepper
398.2,57.2,319.4,2.15,5.3,Black Pepper
242.5,36.2,192.9,1.98,6.2,Black Pepper
401.1,60.1,349.7,2.39,5.6,Black Pepper
337.4,51.9,232.6,1.96,5.4,Black Pepper
362.4,57.8,300,2.25,5.9,Black Pepper
417,61.3,325.4,2.48,5.8,Black Pepper
278.1,39.9,227.1,1.82,6.1,Black Pepper
285.1,46.3,249,1.8,5.3,Black Pepper
290.6,47.8,254.6,1.98,5.9,Black Pepper
402,57.6,324.7,2.27,5.4,Black Pepper
233,35.9,231.3,1.77,5.4,Black Pepper
287.6,41.4,255.9,1.92,5.5,Black Pepper
272.1,49.8,218.8,1.86,5.5,Black Pepper
348.5,59.2,283.4,2.28,5.9,Black Pepper
364.4,58.3,366.4,2.3,5.5,Black Pepper
297.9,43,323.8,1.96,6.1,Black Pepper
344.3,58.2,304,2.3,5.7,Black Pepper
305.6,44.6,248.2,1.95,5.4,Black Pepper
281.3,52.1,267.6,1.94,5.4,Black Pepper
364,46.4,293.4,2.25,5.6,Black Pepper
333.1,49.8,297,2.08,5.4,Black Pepper
287.3,45.4,285.6,2.07,5.1,Black Pepper
275,43.5,198.9,1.86,5.8,Black Pepper
325.8,49.3,286.3,1.96,6.3,Black Pepper
315.1,48.6,283.5,2,5.8,Black Pepper
218.9,36.5,164,1.72,5.9,Black Pepper
155.5,33.7,172.3,1.66,5.9,Black Pepper
256.6,41.6,193,1.75,5.3,Black Pepper
335.9,51.2,323.6,1.97,5.8,Black Pepper
320,42.1,318.4,1.99,6.1,Black Pepper
310.6,48.1,300.8,2,6.4,Black Pepper
387.3,61.4,369.1,2.3,5.5,Black Pepper
320.8,46.6,276.2,2.03,5.7,Black Pepper
273.5,47.4,280.2,2.04,5.5,Black Pepper
234.5,43.3,163.8,1.78,5.8,Black Pepper
333.3,62,282.4,2.03,5.6,Black Pepper
278.2,41.9,206.5,1.82,6.1,Black Pepper
267.1,41.2,273.5,1.92,5.9,Black Pepper
347.1,54.5,312.8,2.07,5.6,Black Pepper
230.7,39.3,223.2,1.78,5.7,Black Pepper
336.9,51.9,318.7,2.09,5.4,Black Pepper
315.7,51,243.1,1.96,5.6,Black Pepper
272.4,38.7,195.2,1.92,5,Black Pepper
332.4,59.3,305.1,2.19,5.6,Black Pepper
210.8,32,209.2,1.66,5.1,Black Pepper
372.3,53.2,334.1,2.41,5.2,Black Pepper
350.9,52.1,305,2.23,5.9,Black Pepper
202.3,30.8,209.1,1.76,6.1,Black Pepper
174.1,30,170.9,1.62,6,Black Pepper
361.9,56,289.6,2.21,5.4,Black Pepper
395.4,54.9,301.7,2.19,6.1,Black Pepper
285.9,46.3,264.7,1.93,5.8,Black Pepper
255.1,36.9,251.6,1.72,5.6,Black Pepper
209.2,34.2,174,1.61,5.7,Black Pepper
206.1,31.3,206.1,1.75,5.8,Black Pepper
316.4,40.9,280.1,1.96,5.3,Black Pepper
289.9,53.4,254.7,2.23,5.8,Black Pepper
405.6,67.3,329.5,2.31,5.8,Black Pepper
169.9,30,193.1,1.58,5.3,Black Pepper
450,57.3,349,2.44,5.3,Black Pepper
320.8,59.6,330.2,2.15,5.6,Black Pepper
184.7,35.2,151.4,1.66,5.7,Black Pepper
281.8,45.1,275.1,2.02,6,Black Pepper
240.9,38.8,248.7,1.85,5.3,Black Pepper
178.9,30.7,166.8,1.54,5.6,Black Pepper
379.8,56.4,358.2,2.2,6,Black Pepper
278.4,39.6,254.5,1.94,5.2,Black Pepper
193.4,33.9,223.7,1.63,5.9,Black Pepper
249.9,38.7,181.7,1.78,5.5,Black Pepper
295.5,36.2,264.3,2.06,5.3,Black Pepper
343.3,54.4,332.1,2.27,5.3,Black Pepper
279,44.8,254,1.99,5.2,Black Pepper
272.9,38.5,263.8,2,6.1,Black Pepper
268.8,40.6,185.5,1.76,6.2,Black Pepper
220.1,40.3,237,1.8,6,Black Pepper
230.4,50,223.5,1.75,5.9,Black Pepper
369.3,59.1,271.2,2.21,6,Black Pepper
365.6,56,332.1,2.23,5.1,Black Pepper
407.5,55.7,359.6,2.23,5.4,Black Pepper
181.2,30,150,1.7,5.1,Black Pepper
273.2,33.9,234.9,1.79,5.6,Black Pepper
179.2,34.8,248.7,1.56,5.9,Black Pepper
356,59.3,299.5,2.18,6.1,Black Pepper
251,42,219.7,1.78,5.3,Black Pepper
266.2,40.6,219.7,1.79,5.9,Black Pepper
399.5,60.4,366.6,2.46,5.4,Black Pepper
450,61.7,380,2.5,5.1,Black Pepper
387.8,52.8,306.3,2.23,5.1,Black Pepper
334.1,53.4,335.8,2.22,6.1,Black Pepper
430.9,54.6,362.9,2.35,6.3,Black Pepper
369.6,53.7,289.8,2.25,5.4,Black Pepper
396.1,60.7,356.3,2.2,6.4,Black Pepper
150,33.5,150,1.71,5.5,Black Pepper
414.4,66.2,380,2.49,6,Black Pepper
150,30,159.9,1.55,6.2,Black Pepper
150,30,184.7,1.55,5.2,Black Pepper
291.5,45.8,306.8,2,5.6,Black Pepper
226.9,38.2,246.8,1.82,5.2,Black Pepper
196.6,33.5,168.9,1.65,6,Black Pepper
439.4,62.8,380,2.38,5.1,Black Pepper
158.6,30.4,228.7,1.67,5.7,Black Pepper
436.2,58.8,327.6,2.36,5.5,Black Pepper
440.1,62.1,365.1,2.43,6.4,Black Pepper
375.8,59.5,350.4,2.42,6.1,Black Pepper
317.6,44.3,244.5,1.83,5,Black Pepper
174,30,228.6,1.5,6.4,Black Pepper
178.3,30.9,161.7,1.68,5.2,Black Pepper
214.8,40.2,224.5,1.78,5.5,Black Pepper
224.3,37.7,198.6,1.67,5.9,Black Pepper
367,56.8,287.4,2.26,6,Black Pepper
414.1,49.8,317.9,2.25,6.4,Black Pepper
343.9,48.1,283.3,2.04,6.4,Black Pepper
221.9,30,221.2,1.69,5.2,Black Pepper
328.1,44,255.4,2.03,6.4,Black Pepper
410.1,62.2,325.7,2.39,6,Black Pepper
189.8,30,155.8,1.5,5.6,Black Pepper
260.9,42.8,198.1,2.05,5,Black Pepper
216.4,31.5,192.4,1.63,5.4,Black Pepper
447.2,70,342.7,2.5,5.5,Black Pepper
150,30,192.5,1.63,5.6,Black Pepper
177.7,32,150,1.71,5.7,Black Pepper
257.9,35.5,203.2,1.84,5.5,Black Pepper
434.5,65.5,380,2.5,5.8,Black Pepper
450,66,380,2.39,5.8,Black Pepper
262,36.3,247,1.87,6.3,Black Pepper
384.7,64.2,380,2.49,5.9,Black Pepper
348.3,54.9,376.8,2.29,5.7,Black Pepper
326.2,50.6,225.5,1.95,5.7,Black Pepper
394.3,60.3,341.1,2.32,5,Black Pepper
428.9,62.1,378.2,2.4,5.5,Black Pepper
163.5,30,150,1.56,5.4,Black Pepper
189.6,36.9,212,1.66,5.7,Black Pepper
297,45.6,210.2,1.93,5.4,Black Pepper
431.6,67.1,351.4,2.44,6,Black Pepper
379,52.2,301,2.13,6.4,Black Pepper
377.7,48.3,343.2,2.28,5,Black Pepper
167.9,30,156.4,1.68,6,Black Pepper
319.3,41,264.6,1.92,5.4,Black Pepper
395.3,63,304.8,2.17,5.2,Black Pepper
354.5,60.6,329.1,2.23,5.5,Black Pepper
435.5,61.2,373.9,2.33,5.5,Black Pepper
215.4,37.8,216.6,1.81,5.5,Black Pepper
441,66,348.4,2.46,5.8,Black Pepper
150,30,177.7,1.61,5.4,Black Pepper
410.8,66.1,380,2.36,6.2,Black Pepper
208.4,30,180.8,1.64,6.5,Black Pepper
250.8,44,262.8,1.84,5.6,Black Pepper
398,49.8,294.1,2.12,6.2,Black Pepper
439.2,55.4,380,2.42,5.1,Black Pepper
246.4,39.6,150,1.72,5.7,Black Pepper
403.2,50.5,377.3,2.11,5.1,Black Pepper
333.6,47.3,245,1.99,6.2,Black Pepper
404.8,56.7,379.3,2.33,6.4,Black Pepper
396.4,68,380,2.37,5,Black Pepper
383.2,55.2,334.5,2.41,5.3,Black Pepper
253.9,47.3,216,1.76,5,Black Pepper
420,60.7,346.4,2.5,5.5,Black Pepper
150,30,150,1.52,5.3,Black Pepper
164.4,31,177.6,1.56,6.2,Black Pepper
211.5,33.2,188.4,1.69,6.2,Black Pepper
420.8,70,364.4,2.38,5.5,Black Pepper
193.3,30,210.9,1.64,6.5,Black Pepper
165.1,30,174.9,1.55,6.3,Black Pepper
169.3,30,150,1.68,5.1,Black Pepper
198.8,37.7,188.4,1.54,5.7,Black Pepper
217.9,30,172.8,1.53,5.4,Black Pepper
405.5,66.5,338.5,2.42,6.3,Black Pepper
418.7,66.6,293,2.5,5.3,Black Pepper
356.3,57.9,247,1.98,5.2,Black Pepper
258.5,34.7,238.6,1.77,6.3,Black Pepper
164,31.6,161.9,1.65,5.5,Black Pepper
339.3,51.4,311.2,2.08,6,Black Pepper
182.7,34.5,192.1,1.85,6.3,Black Pepper
416.9,48.6,297.3,2.34,6.3,Black Pepper
203.5,32.8,150,1.7,5.1,Black Pepper
364.5,59.9,317,2.32,6.4,Black Pepper
435.7,62.7,369.7,2.38,6.4,Black Pepper
327.7,51,282.7,2.05,5.6,Black Pepper
217,37.2,150,1.58,5.8,Black Pepper
150,30,150,1.53,5.1,Black Pepper
215.1,30,258.7,1.75,5.3,Black Pepper
356.7,55.3,339.9,2.24,6.5,Black Pepper
165.9,30,150,1.53,5.7,Black Pepper
244.2,31.1,213.9,1.66,6.2,Black Pepper
289.6,42.4,235.1,2,5.7,Black Pepper
255.8,37.6,218.5,1.77,5.9,Black Pepper
225.5,32.6,204.3,1.79,6.5,Black Pepper
218.4,31.1,186,1.68,5.1,Black Pepper
310.8,43,306.1,2.03,5.1,Black Pepper
220,30,169.6,1.83,6.2,Black Pepper
250.2,38.9,203.9,1.71,5.7,Black Pepper
192.5,38.9,198.8,1.61,5.8,Black Pepper
421.6,60.4,380,2.28,5.5,Black Pepper
382.2,56.8,365.3,2.45,6.5,Black Pepper
158.2,35.1,157,1.59,5.9,Black Pepper
180.9,31.2,172.6,1.59,5.9,Black Pepper
203,38.5,224.3,1.57,6,Black Pepper
424.2,59.3,362.4,2.32,5.1,Black Pepper
234.5,34.1,193.8,1.67,6.3,Black Pepper
268.2,41.1,267.7,1.77,5.7,Black Pepper
408.2,51.6,320.1,2.31,5.4,Black Pepper
218.1,35.4,200.6,1.82,5.1,Black Pepper
427.6,59.6,380,2.5,6.1,Black Pepper
181.4,31.6,159.3,1.72,5.5,Black Pepper
341.5,48.9,324.7,2.08,6.1,Black Pepper
170.8,31.1,175.8,1.72,6,Black Pepper
182.9,30,150.3,1.5,5.2,Black Pepper
411.8,55.7,366.8,2.44,5.3,Black Pepper
450,62.4,368.8,2.42,5.1,Black Pepper
320.6,42.6,285.1,1.9,5.8,Black Pepper
150,35,150,1.5,5.7,Black Pepper
195.2,33,150,1.7,6.3,Black Pepper
211.2,31.9,159.1,1.64,5.5,Black Pepper
398.6,52.9,340,2.24,6.2,Black Pepper
198.8,31.1,160.6,1.63,6.2,Black Pepper
391.8,61.3,380,2.45,6,Black Pepper
405.8,63.5,364.8,2.38,5.5,Black Pepper
210.4,36.6,197.8,1.77,5.8,Black Pepper
450,66.6,352.5,2.43,5.1,Black Pepper
364,46.5,312.8,2.22,5,Black Pepper
184.9,30.4,187.9,1.51,6.2,Black Pepper
403.8,54.7,331.7,2.5,6.4,Black Pepper
190.8,30,188.9,1.77,6.4,Black Pepper
436.7,70,371.8,2.46,6,Black Pepper
395.6,55.3,348.9,2.21,5.3,Black Pepper
249.5,44.4,233.5,1.82,6,Black Pepper
150.3,30,153.4,1.52,5.5,Black Pepper
222.6,44,293.7,1.38,6.9,Coconut
262.8,44.7,368.5,1.45,6.9,Coconut
227.5,41.5,278.8,1.55,7.1,Coconut
193.2,28.2,295.5,1.18,7.2,Coconut
253.5,46.5,369.8,1.49,6.8,Coconut
188.3,33.8,236.8,1.18,6.8,Coconut
268.8,43.8,395.7,1.5,7.5,Coconut
210.1,42,325.3,1.37,6.8,Coconut
207.8,37.6,282.4,1.39,6.6,Coconut
269,51.8,364.2,1.57,6.6,Coconut
225.6,32.5,251.9,1.21,5.8,Coconut
197.6,41.3,248.5,1.38,6.6,Coconut
255.5,40,390.5,1.58,7.3,Coconut
219.7,39.2,278.2,1.33,7.3,Coconut
302.1,43.8,351.8,1.63,6.5,Coconut
280.7,46.3,321.3,1.52,6.8,Coconut
230.8,33.5,294,1.28,6.5,Coconut
236.5,45.9,334.7,1.68,6.7,Coconut
257.1,46.8,350.3,1.51,6.8,Coconut
232.2,42.8,356.6,1.57,7.2,Coconut
232.3,38.2,315.2,1.28,7,Coconut
212.9,40,300.8,1.47,6.8,Coconut
190.7,32.5,253.5,1.19,6.5,Coconut
201.1,33.5,269.1,1.37,7.1,Coconut
268.5,41.4,330.7,1.55,7.4,Coconut
312.8,48.4,386.6,1.76,7,Coconut
206.7,29.6,353.6,1.34,5.9,Coconut
268,45,323.4,1.56,6.4,Coconut
307.4,48.3,447.2,1.97,6.3,Coconut
303,47.9,450,1.82,6.5,Coconut
170.5,35.8,202.2,1.32,6.4,Coconut
281.5,48.4,395.2,1.75,7.7,Coconut
314,56.7,364.5,1.9,6.8,Coconut
264.3,46.7,360.2,1.58,6.9,Coconut
256.2,42,352.1,1.53,6.6,Coconut
210,39.2,286.3,1.34,7.1,Coconut
198.8,31.5,295.4,1.23,6.5,Coconut
245.3,44.8,310.2,1.55,7.1,Coconut
215.9,40,355,1.5,6.8,Coconut
287.6,47.2,331.8,1.6,7.1,Coconut
185.4,31.3,237.8,1.2,7.5,Coconut
288.4,49.5,421.6,1.67,6.7,Coconut
266.5,40.4,380.6,1.48,6.7,Coconut
194.6,33.7,215,1.27,6.7,Coconut
276,39.3,270.4,1.62,6.4,Coconut
195.8,34,252.2,1.16,6.8,Coconut
290.4,55.3,375.9,1.67,6.9,Coconut
285.1,45.4,319.9,1.76,7.2,Coconut
171.9,33.3,244,1.25,7.3,Coconut
213,38.1,318.6,1.2,6.6,Coconut
224.9,40.8,293.9,1.38,7,Coconut
259.5,39.5,324.3,1.63,7.1,Coconut
269.6,54.4,387.2,1.76,6.4,Coconut
204.2,36.9,240.8,1.35,6.2,Coconut
183.6,31.5,252.7,1.12,7.1,Coconut
275.3,43.6,359.3,1.42,6.2,Coconut
220,37.9,279.8,1.38,6.7,Coconut
250,43.6,363.6,1.6,6.3,Coconut
254.3,37.4,376.2,1.62,6.9,Coconut
305.7,43.2,368.1,1.72,5.9,Coconut
281.8,45.1,382.7,1.52,7,Coconut
145.8,24.2,181.9,1.05,6,Coconut
254.8,41.8,386.2,1.4,7.1,Coconut
214.2,35.3,282.2,1.37,6.7,Coconut
246.2,41.1,317,1.49,6.7,Coconut
246.1,42.8,365.2,1.43,7.2,Coconut
185,38.8,241.7,1.29,7,Coconut
144,32.4,263,1.14,7.3,Coconut
249.5,43.6,343,1.55,6.6,Coconut
247.1,39.6,324,1.35,7.2,Coconut
241,34.1,337,1.57,6.3,Coconut
158.7,29.4,334.7,1.12,7.1,Coconut
258.1,44.5,293.6,1.63,6.4,Coconut
212.8,33.6,285.4,1.14,6.2,Coconut
147.2,26.1,223.7,0.95,6.3,Coconut
216.2,36.8,326.8,1.43,6,Coconut
268.2,51.7,346.5,1.59,7,Coconut
226.7,34.2,278.5,1.31,7.2,Coconut
225.1,33.8,255.8,1.36,6.4,Coconut
261.7,43,358,1.5,6.6,Coconut
212.5,35.6,286.8,1.36,6.7,Coconut
176.7,29.5,246,1.18,6.6,Coconut
163.7,25.9,224.9,1.1,6.5,Coconut
266.7,43.8,312.7,1.56,7,Coconut
148.3,25.5,281.9,1.05,6.3,Coconut
162.3,32.4,238.4,1.26,6.7,Coconut
204.4,27.5,244.9,1.11,6.3,Coconut
287.2,45.2,332.4,1.58,7.1,Coconut
233.8,41.5,283.7,1.24,6.4,Coconut
226.8,33.1,346.4,1.44,7.1,Coconut
194.1,44.9,274,1.47,6.8,Coconut
211.2,36.9,347.1,1.34,7,Coconut
228.4,34.4,314,1.35,6.2,Coconut
203.9,35.2,324.5,1.29,6.8,Coconut
312.9,52.8,382.5,1.77,6.9,Coconut
230.2,34.5,239,1.16,7,Coconut
212.4,34.4,169.9,1.28,6.5,Coconut
230.4,39.7,366.3,1.27,6.5,Coconut
193.3,36.9,189.2,1.49,6.9,Coconut
267.4,41,384,1.62,6.4,Coconut
208.7,42.1,321.6,1.4,6.5,Coconut
236.4,38.1,287.4,1.32,6.4,Coconut
325.9,52.4,401.9,1.98,6.5,Coconut
235.3,35.4,315.6,1.54,5.8,Coconut
247.7,39.2,308.4,1.3,7.3,Coconut
188.1,35.3,192.8,1.23,6.2,Coconut
191.5,40.1,216.9,1.24,6.6,Coconut
167.8,32.9,281.3,1.14,6.4,Coconut
171.7,27.2,215.4,1.18,7.6,Coconut
325.3,44.9,417.1,1.9,6.2,Coconut
224.1,42,312,1.28,7.1,Coconut
207.5,35.8,278,1.37,7,Coconut
144.9,27.5,167.7,1.02,7.1,Coconut
239.1,29.8,353.1,1.44,7.9,Coconut
185.6,36.1,210.7,1.42,6.7,Coconut
159,22.2,253.5,1.03,7.8,Coconut
207,35.8,279.2,1.54,7.2,Coconut
257,43,369.4,1.48,6.9,Coconut
143.4,20.6,235.8,1.01,7.8,Coconut
290.2,56.2,385.1,1.69,6.7,Coconut
196.2,29.5,377.4,1.19,6.1,Coconut
147.5,29.7,167.8,1.02,6.5,Coconut
154.4,33.9,260.6,1.15,6.5,Coconut
198.7,32.3,277.3,1.19,6.3,Coconut
255.5,42,254.4,1.38,6.7,Coconut
187.2,34.7,294.9,1.29,6,Coconut
188.4,29.2,254.4,1.28,6.2,Coconut
220,42.7,263.5,1.48,6.3,Coconut
350,55.3,441.7,2,6.3,Coconut
170.4,32.2,150,1.04,6.4,Coconut
152.1,30.9,210.6,1.05,6.5,Coconut
299.3,46.4,359,1.59,6.7,Coconut
282.8,56.1,377.7,1.57,6.6,Coconut
213.6,30.2,316.9,1.36,5.9,Coconut
273.7,38.3,309.2,1.56,6.1,Coconut
284.6,46.7,403.7,1.66,6.7,Coconut
149.3,30.6,207.6,1.21,6.8,Coconut
247.2,36.5,271.3,1.48,7.5,Coconut
190.2,27.5,258,1.35,6.3,Coconut
306.4,55.9,335.6,1.83,6.6,Coconut
287.8,50.3,310.5,1.47,6.8,Coconut
275.9,47.1,339.2,1.66,6.4,Coconut
238.9,40.7,290.9,1.36,7.2,Coconut
237.5,26.2,302.8,1.23,6.4,Coconut
197.3,35.8,287.1,1.22,6.7,Coconut
232.1,35.8,226.1,1.24,7.5,Coconut
234.6,39.9,304,1.32,6.4,Coconut
182,24.2,264,1.22,6,Coconut
293.4,44.3,361.8,1.79,6.9,Coconut
264.1,39.3,314.6,1.38,7.7,Coconut
305.2,55,376.1,1.85,6.8,Coconut
140.8,20.8,225.8,1.08,6,Coconut
256.7,43.9,405.2,1.78,7.7,Coconut
163.6,20,239.4,1,7,Coconut
227.9,38.8,262.1,1.51,7.2,Coconut
176.4,23,220.6,1.15,6.8,Coconut
327.5,48,432.9,1.67,7.7,Coconut
347.7,53.2,395.9,1.69,6.1,Coconut
341.9,52.8,412.3,1.85,6.7,Coconut
314.5,45.1,450,1.84,7.7,Coconut
130,28.9,191.3,0.85,5.9,Coconut
152.8,24,248.2,0.99,7.1,Coconut
100,20.8,193.8,1.02,6.3,Coconut
125.4,24.1,239.7,0.98,6.9,Coconut
100,20,150,0.96,6,Coconut
201.8,33.9,308,1.32,7.2,Coconut
233.5,38.8,315.1,1.41,6.8,Coconut
191.7,41.1,283,1.29,6.7,Coconut
138.9,30.5,238.7,1.09,7,Coconut
163.9,29.4,227.7,1.11,6.8,Coconut
211.8,41.5,330,1.31,6.5,Coconut
261.3,38.9,325.3,1.64,6,Coconut
244.4,46.1,278.4,1.74,6.1,Coconut
195.9,38.1,227.8,1.18,6.9,Coconut
191.9,37.1,208.2,1.15,6.9,Coconut
160,20.5,202.2,0.95,7.6,Coconut
344.8,60,417.4,1.9,7.1,Coconut
210.5,32.1,263.6,1.1,7.9,Coconut
250.5,38.9,319.5,1.41,6.8,Coconut
252.3,37.1,346.7,1.54,6.7,Coconut
230.2,40.1,381.2,1.35,6.3,Coconut
207.4,34.3,308.9,1.29,7.1,Coconut
148.2,28.7,217,1.08,6.1,Coconut
317.8,44.6,450,1.89,7.7,Coconut
280.2,41.8,288.9,1.54,6.4,Coconut
331.5,53.2,413.5,1.7,6.6,Coconut
212.6,45,290.1,1.43,6.9,Coconut
238.3,39.3,282.4,1.5,5.8,Coconut
312.9,46.5,441.6,1.76,6.3,Coconut
136.1,25.1,157.2,0.89,7,Coconut
167.2,27.7,199.1,0.98,7,Coconut
262.8,48.3,358.3,1.48,6.9,Coconut
259,46.3,367.4,1.65,7.4,Coconut
257.6,42.9,316.6,1.58,6.1,Coconut
217,40.8,303.5,1.54,6.3,Coconut
112.7,25.4,150,0.96,6.7,Coconut
126.3,20,236.2,0.83,5.8,Coconut
196.2,35.9,256.4,1.18,6.3,Coconut
255.4,44.7,390.7,1.47,6.5,Coconut
169.1,21.8,207.4,1.01,7.5,Coconut
239.4,47.6,262.2,1.48,6.4,Coconut
217.6,36.4,264.9,1.45,7,Coconut
249,36.9,342.8,1.37,6.1,Coconut
233.1,39.7,300.6,1.54,7.2,Coconut
219.6,40.1,289.6,1.37,6.4,Coconut
212.6,31.8,251.7,1.26,7.4,Coconut
209,32,275.8,1.52,6.5,Coconut
255.8,41.1,346.8,1.61,6.1,Coconut
149.2,24,191.7,1.11,6.6,Coconut
212.5,34,255.7,1.25,6.8,Coconut
330.4,60,389.2,1.76,6.6,Coconut
176.6,26.1,232.6,1.02,7.5,Coconut
182.5,36.9,253.8,1.2,6.3,Coconut
213.7,28,238.5,1.2,6.5,Coconut
206.7,33.3,284.1,1.37,6,Coconut
133.3,20.6,240.4,1.14,6.6,Coconut
185.4,30.8,249.9,1.23,6.9,Coconut
263,47.6,326.7,1.64,7.5,Coconut
264.9,43.7,374.6,1.62,7.1,Coconut
204.9,32.9,273,1.47,7.2,Coconut
219.1,34.7,216.3,1.48,7,Coconut
194.5,32.8,270.8,1.21,7.6,Coconut
179.8,30.6,262.6,1.24,7.2,Coconut
289.7,52.8,432.2,1.84,5.9,Coconut
171.1,30.2,303.6,0.99,7.3,Coconut
125.1,27.2,164.2,1.04,6.9,Coconut
209.2,35.9,284,1.3,6.7,Coconut
235.8,40.7,292.5,1.36,6.9,Coconut
122.3,20,150,0.8,6.3,Coconut
215,32.5,212.6,1.29,6.1,Coconut
245,46.4,338.9,1.66,6.8,Coconut
260.6,39.7,339.5,1.42,6.6,Coconut
224.9,36.8,279.4,1.47,6.4,Coconut
120.6,20,280.4,0.95,7.3,Coconut
239.7,30.7,234.3,1.39,6.4,Coconut
239.9,37.6,301,1.5,6.1,Coconut
349.7,60,450,2,6,Coconut
160.3,28.8,155.6,1.1,6.4,Coconut
252,41.7,298.1,1.41,7,Coconut
273.2,51.4,333.7,1.74,6.6,Coconut
279.7,48.3,393.6,1.72,6.5,Coconut
201.9,35.3,256,1.27,7,Coconut
292.9,48.9,297.5,1.68,6.6,Coconut
260.7,45.2,398.2,1.42,6.6,Coconut
221.3,42.4,302.2,1.37,6.7,Coconut
196.2,35.7,260.8,1.34,6.9,Coconut
325.4,53.3,403.8,1.96,6.3,Coconut
234.5,44.3,293.9,1.57,6.8,Coconut
269.2,38.7,328.7,1.51,6,Coconut
145.2,24.3,209.6,0.99,6.9,Coconut
291.6,45.8,380.6,1.61,6.4,Coconut
253.9,45.8,327.8,1.52,6.7,Coconut
267.1,42.8,362.3,1.56,6.8,Coconut
170.3,32,278.2,1.21,6.9,Coconut
201.2,39.3,295.9,1.46,7.5,Coconut
193.1,37.6,287.6,1.16,6.6,Coconut
267.4,38.4,306.7,1.63,7.6,Coconut
318.3,43.2,363,1.89,5.6,Coconut
274.3,38.7,391.4,1.46,5.7,Coconut
227.7,42.5,298.6,1.43,6.7,Coconut
183.4,35.9,284.8,1.29,6.6,Coconut
294,49.4,406.7,1.61,6.1,Coconut
225.5,30.3,257.4,1.4,8,Coconut
202,30,331.6,1.15,5.9,Coconut
125.2,20,150,1.05,6.4,Coconut
207.6,46.5,305.6,1.38,7.1,Coconut
268,48.6,313,1.6,7.5,Coconut
257.8,49.2,267.4,1.47,6.7,Coconut
265.6,44.1,320.7,1.65,7.3,Coconut
186,27.8,265.4,1.31,6.1,Coconut
265.8,41.9,339.9,1.5,6.8,Coconut
247.5,41.8,371.1,1.58,5.8,Coconut
228.6,33.9,301,1.3,7.3,Coconut
218.2,40.6,322.8,1.49,6.5,Coconut
222.8,33,322.8,1.34,5.7,Coconut
307.4,52.6,400.8,1.82,5.6,Coconut
205.2,34.9,262.7,1.22,6.4,Coconut
172.2,28.6,253.9,1.1,6.2,Coconut
218.1,32.4,269.1,1.5,7.6,Coconut
122.2,22.6,150,1.07,7.1,Coconut
217.1,38.3,316.8,1.3,7.1,Coconut
149.9,28.1,222.8,1.28,6.3,Coconut
141,32.7,263.2,1.2,6.9,Coconut
286.2,50.9,430.6,1.86,7.3,Coconut
216.6,34.4,300.3,1.37,7.1,Coconut
252.5,33.5,314,1.4,7.2,Coconut
255.9,43.6,318.5,1.51,7.2,Coconut
207.9,20,219.4,1.06,6,Coconut
191.7,40,286.5,1.34,6.3,Coconut
288.5,39.2,441.6,1.69,7.4,Coconut
181.3,24.7,220.9,1.15,6.8,Coconut
290.5,54.3,420,1.8,6.4,Coconut
231.5,39.3,348.4,1.34,6.7,Coconut
292.7,49.1,376.3,1.51,6.1,Coconut
279.2,48.7,399.7,1.63,7.2,Coconut
243.8,42.5,387.7,1.71,6.9,Coconut
331.2,50.9,412.3,1.82,7.4,Coconut
254.9,41,397.2,1.73,6.2,Coconut
182.3,34,304.5,1.13,7.3,Coconut
116.7,26.8,161.3,0.83,7.4,Coconut
211,32.4,287.1,1.3,6,Coconut
288.8,41.6,342.7,1.62,6.2,Coconut
171.2,33.1,209.2,1.34,6.8,Coconut
274.6,43.8,342.2,1.56,7.1,Coconut
208.9,36.2,301.2,1.31,5.9,Coconut
312.9,52.5,361.5,1.86,6.7,Coconut
224.6,39.8,311.4,1.39,6.8,Coconut
224.7,42.1,301.9,1.73,7.1,Coconut
107.9,21.6,150,0.96,5.9,Coconut
245.4,39,344.4,1.61,5.8,Coconut
139.4,28.4,257.8,1.11,6,Coconut
266.4,40.4,337.9,1.71,7.3,Coconut
319.2,50.8,431.8,1.93,6.9,Coconut
225.8,41,271.2,1.46,6.6,Coconut
198.6,32.2,290.6,1.2,7.3,Coconut
310.9,53.8,402.7,1.92,6,Coconut
149.9,26.6,264.1,1.11,6,Coconut
276.3,50.9,324.2,1.61,6.2,Coconut
211.4,32.2,331.9,1.48,7.9,Coconut
269.3,42.1,318.4,1.57,7.3,Coconut
192.7,30.3,283.1,1.11,6.4,Coconut
219.8,42.1,274.4,1.47,6.2,Coconut
229.4,49.1,331.8,1.63,6.9,Coconut
308.4,47.6,422.6,1.88,7,Coconut
223.9,35.6,361.4,1.33,6.5,Coconut
222.3,36.2,286.1,1.5,7,Coconut
339.4,46.8,374.3,1.85,7.8,Coconut
208.5,20,243.7,1.14,5.8,Coconut
166.2,26.6,229.4,1.16,6.7,Coconut
209.2,42.5,355.3,1.38,6.7,Coconut
135.8,23.5,193.6,1.06,7.4,Coconut
285.3,48.5,358,1.65,6.7,Coconut
240,30.9,281.8,1.42,7.7,Coconut
277.8,45.5,370.3,1.4,6.7,Coconut
157.2,30.2,220.3,1.09,6.7,Coconut
100,25,200.1,0.89,6.7,Coconut
104.9,26.2,159,1.01,6.5,Coconut
305.3,57.7,384.8,1.73,6.8,Coconut
274.3,39.9,383,1.53,5.8,Coconut
206.8,33,235.1,1.3,7,Coconut
236.9,40.5,293,1.3,6.3,Coconut
274.4,47.1,367.5,1.67,6.6,Coconut
182.8,38.6,280.7,1.4,6.3,Coconut
265.3,38.4,394.2,1.45,7.2,Coconut
129.7,30.4,156.2,1.11,6.5,Coconut
157.5,34.4,232.6,1.29,6.2,Coconut
225.2,32.4,304.6,1.27,6.4,Coconut
276.7,42.9,369.1,1.61,7.3,Coconut
238.6,36.2,321.4,1.42,7.1,Coconut
209.1,28.4,249.9,1.28,7.6,Coconut
237,29.2,345.8,1.24,7.9,Coconut
203,31,296.3,1.36,6.8,Coconut
153.3,20.7,267,1.12,7.7,Coconut
233.7,37.4,242.4,1.53,5.9,Coconut
221,35.4,299.7,1.18,5.9,Coconut
109.3,20,150,0.96,7.9,Coconut
159,23.6,239.5,1.01,5.6,Coconut
128.9,20,150,0.88,5.6,Coconut
171.8,20,214.5,0.99,7.5,Coconut
236.3,43,235.9,1.5,6.8,Coconut
183.5,29.7,205.3,1.09,6.7,Coconut
155.3,20,289.5,1.01,7.9,Coconut
106.3,24.5,166.3,0.85,6.4,Coconut
174.4,24.8,235.1,1.02,6.5,Coconut
290.9,44.5,378.5,1.64,7,Coconut
122.2,28.2,150,0.93,6.9,Coconut
135.3,20,214.8,1,7.6,Coconut
178.4,29.1,266.8,1.31,7.3,Coconut
233.8,35.8,285.9,1.43,5.8,Coconut
177.7,27.1,227.9,1.2,5.6,Coconut
151.2,28.6,196.3,0.98,6.3,Coconut
103.9,20,150,0.9,7.5,Coconut
266,37.7,428.3,1.61,5.9,Coconut
320.5,51.8,368.6,1.69,7.4,Coconut
130.3,20,196.4,0.9,8,Coconut
153.3,26.4,250.5,1.11,7.7,Coconut
233.8,35.6,324.3,1.42,6.2,Coconut
296.5,46.6,420.6,1.76,6,Coconut
308.4,52,414,1.96,7.7,Coconut
105.4,20,150,0.99,7.9,Coconut
132.5,20,230.9,0.8,5.7,Coconut
312.6,53.4,396,1.91,6.1,Coconut
318.4,53.5,341.7,1.85,6.7,Coconut
142,23.1,166.2,0.95,6.4,Coconut
159.7,20,217.8,0.99,7.3,Coconut
237.5,36.1,275.9,1.5,6.9,Coconut
203.2,32.5,286.9,1.3,7.8,Coconut
204.9,36.3,318,1.43,7.8,Coconut
122.3,20,210.2,1.1,8,Coconut
208.9,28.3,243.8,1.31,6.2,Coconut
160.5,24.7,193.6,1.12,7.9,Coconut
275.4,45.2,329.8,1.64,7.8,Coconut
350,60,414.9,1.95,6.9,Coconut
193.7,34.7,249,1.3,6.7,Coconut
125.8,21.9,190.5,1.04,6.2,Coconut
305.2,41.9,380.9,1.71,6.2,Coconut
100,20,150,1.05,6.1,Coconut
198,31.7,227.2,1.17,7.6,Coconut
139,29,247.3,1.08,6.6,Coconut
122.3,22.5,181.9,0.94,7,Coconut
251.4,40.1,361.3,1.46,6.3,Coconut
256.9,45.7,328.2,1.63,7.7,Coconut
167,25.8,250,1.02,7.2,Coconut
225.3,38.7,291.1,1.31,6.8,Coconut
208.5,25.3,186.5,1.26,5.6,Coconut
107.5,22.3,195.6,0.8,6.7,Coconut
285,47.7,380,1.72,6.7,Coconut
109.6,20,179.8,0.99,7.9,Coconut
141.3,23.4,150,0.93,6.7,Coconut
263.1,47.1,327,1.56,6.2,Coconut
164.6,24.7,245.1,1.04,7.8,Coconut
305.5,46.6,392.8,1.71,5.8,Coconut
343.1,47.7,450,1.82,5.6,Coconut
137.3,30.9,200.3,0.91,6.4,Coconut
118.8,23.3,199.9,1.02,6.5,Coconut
147.1,26.6,150,1.07,7.7,Coconut
222,41.9,315.8,1.44,7.8,Coconut
182.5,33.6,317.4,1.19,7.7,Coconut
304.2,45.6,390.9,1.74,6.6,Coconut
350,53.7,393,1.91,7.1,Coconut
104,20,160.2,0.8,5.8,Coconut
312.8,48.2,374.3,1.86,5.6,Coconut
131.1,23.4,238.9,0.83,5.8,Coconut
303.3,48.8,408.6,1.98,7.7,Coconut
332.4,48.1,376.5,1.6,8,Coconut
111.8,20,185.6,0.85,6.7,Coconut
147,23.4,184.3,0.94,6.2,Coconut
210.3,25.6,259.3,1.13,5.9,Coconut
247.6,37.3,320,1.48,6,Coconut
161.9,25.7,175.8,1.17,7.6,Coconut
321.8,48.8,437.3,1.86,6.1,Coconut
311.3,51.4,399.1,1.86,5.9,Coconut
139.1,25.6,199.4,0.96,5.6,Coconut
350,60,450,2,6.5,Coconut
342.3,48.5,395.2,1.99,7.2,Coconut
247.4,45.4,373.9,1.53,7.4,Coconut
218.8,32.9,287.1,1.4,5.6,Coconut
315.5,44.1,408.6,1.65,6.3,Coconut
302.1,55.8,345.6,1.87,6.9,Coconut
350,53,392.2,2,5.8,Coconut
333.3,60,397.1,1.84,6.9,Coconut
326.5,40.5,433.7,1.79,7.8,Coconut
121.2,20,157.9,0.8,6.2,Coconut
134.1,21.6,178.2,0.96,5.7,Coconut
316.5,47.5,396.8,1.76,7.8,Coconut
271.6,46.7,344.2,1.64,7.5,Coconut
231.7,38.7,319.2,1.36,5.8,Coconut
169.4,27.2,282.5,1.16,7.1,Coconut
100.1,20,162.5,0.94,7.7,Coconut
185.6,23.8,242.5,1.18,6,Coconut
294.8,47.2,397.1,1.92,7.3,Coconut
350,57,450,2,7.2,Coconut
135.6,20.5,172.8,0.82,5.7,Coconut
210.6,29.6,240.7,1.18,7.4,Coconut
182.9,30.4,305.4,1.29,6.4,Coconut
247.8,41.2,312.7,1.51,6.6,Coconut
241.4,39.5,365.9,1.65,6,Coconut
309.3,47.8,364.9,1.83,5.7,Coconut
109.3,20.4,150,0.84,6.3,Coconut
341.2,54.5,374.8,1.95,7,Coconut
218.1,32.4,230.5,1.51,6.6,Coconut
152.2,23.4,187.6,1.23,7.4,Coconut
322.3,56.4,440.4,1.99,6.3,Coconut
182.5,22.7,284.2,1.21,5.7,Coconut
243.8,39.6,297,1.34,6.2,Coconut
148.9,28.7,202.3,1.07,6.5,Coconut
202.5,23,249.4,1.3,5.7,Coconut
268.3,40.3,414.5,1.55,7.7,Coconut
200.7,28.9,288.9,1.27,7.9,Coconut
257.6,40.2,325.7,1.45,6.2,Coconut
120.6,21.1,239.1,0.9,6.2,Coconut
182.4,28.9,286.9,1.2,7.4,Coconut
294.3,40.2,366.1,1.67,5.9,Coconut
344.7,53.7,436.9,1.86,6.3,Coconut
115.5,27.9,159.5,0.96,6.8,Coconut
120.7,20,207.2,0.93,5.8,Coconut
161.9,30.1,158.3,1,6.6,Coconut
269.4,47.7,350.6,1.74,6.2,Coconut
209.3,35.4,242.3,1.34,7.4,Coconut
265.5,34,378,1.56,5.7,Coconut
290.1,47.5,338.5,1.6,7.5,Coconut
304.8,44.4,381.9,1.91,7.7,Coconut
221.1,37,260.7,1.46,7.8,Coconut
145.5,20,236.2,0.98,5.7,Coconut
319.5,46,430.6,1.83,7.9,Coconut
280,42.5,412.5,1.66,7.9,Coconut
257.7,44.3,362.3,1.6,7.6,Coconut
163.3,22.2,150,1.27,5.7,Coconut
209.3,26.6,222.4,1.32,6.1,Coconut
127.4,21.7,232.3,1.15,7.2,Coconut
298.9,46.1,360,1.83,7.6,Coconut
350,50.6,394.3,1.92,7.8,Coconut
153.3,27.2,214.4,1.1,7.8,Coconut
274.3,49.4,330.3,1.67,6.6,Coconut
231.1,37,305.9,1.38,6.8,Coconut
163.4,27.5,249.5,1.24,6.2,Coconut
287.3,42.4,334.2,1.57,5.8,Coconut
176,26,248.3,1.06,7.1,Coconut
287.1,39.8,364.9,1.69,6.2,Coconut
265.5,41.6,275,1.65,7.7,Coconut
198,33.3,181.8,1.69,5.9,Arecanut
268,49.2,250.5,1.98,6.4,Arecanut
272.6,50.2,270.2,1.96,6.6,Arecanut
224.7,46.2,216.2,1.95,6.3,Arecanut
174.9,25.5,183.1,1.5,6.6,Arecanut
291.8,48.1,240.5,2.19,6,Arecanut
188,34.8,196.4,1.46,6.2,Arecanut
240.1,41.2,270.1,1.86,6.4,Arecanut
227.5,37.1,248.6,1.71,5.8,Arecanut
274.6,46.1,241.9,1.95,6,Arecanut
278.1,44.1,288.9,1.85,6.6,Arecanut
279.2,52.9,287.3,2.1,6.4,Arecanut
183.3,27.9,171.3,1.5,6.2,Arecanut
195,33.3,216,1.57,6.2,Arecanut
177.9,29.8,185.8,1.43,6.3,Arecanut
213.2,39.4,221.4,1.66,6.2,Arecanut
179.1,34.4,187.3,1.44,6.3,Arecanut
188.8,33.1,227.2,1.46,6.3,Arecanut
222.3,33.6,244,1.76,6.1,Arecanut
159.1,35.8,125.8,1.29,6.1,Arecanut
294.8,50.3,227.7,2.01,6.2,Arecanut
177.2,34.3,176.2,1.61,6.3,Arecanut
219.8,28.7,230.4,1.58,6.3,Arecanut
162.9,28.4,168.8,1.56,6.1,Arecanut
187.8,36.6,229.7,1.61,6.7,Arecanut
197.4,36.8,219.7,1.69,6.3,Arecanut
256.6,41,296.6,2.11,6.6,Arecanut
197.9,38.7,213,1.73,6.1,Arecanut
296.7,47.7,268.6,2.18,6.1,Arecanut
282.9,51.4,275.9,2.06,6.2,Arecanut
263.9,40.1,225.5,1.77,6.5,Arecanut
212.6,24.7,181,1.6,6.4,Arecanut
226.8,30,117.7,1.69,6.1,Arecanut
262.6,40.1,252.8,2.23,6.5,Arecanut
169.7,27.5,100,1.35,6.1,Arecanut
275.2,43.3,263.6,1.95,6.5,Arecanut
307.5,53.8,283.1,2.04,6.3,Arecanut
241.3,41.4,233,1.63,6.1,Arecanut
213.2,30.6,232,1.45,6.4,Arecanut
232.5,50.9,222.4,1.91,6.2,Arecanut
179,37.3,197,1.49,6.1,Arecanut
220.8,43.7,160.2,1.78,6.3,Arecanut
176.4,28.8,177.9,1.54,6.3,Arecanut
266,42.7,279.1,2,6.3,Arecanut
188.6,39.8,207,1.54,6.3,Arecanut
216.7,34,192.6,1.79,6.1,Arecanut
201,41.3,249.9,1.66,6.4,Arecanut
247.3,44.6,224.8,1.81,6.6,Arecanut
169.4,23.8,191.9,1.49,6.4,Arecanut
274.4,43.2,228.5,1.71,6.4,Arecanut
246.1,36.1,265.9,1.92,6.3,Arecanut
223.7,36,242.7,1.62,6.4,Arecanut
182.3,33.4,175.1,1.61,6.3,Arecanut
167.2,34.7,189.4,1.31,6.1,Arecanut
238.7,41.1,279.6,1.8,6.2,Arecanut
177.9,42.6,196,1.6,6.3,Arecanut
210,39.5,210.6,1.97,6.4,Arecanut
247.6,43.6,259.6,1.64,6.4,Arecanut
147,30.7,157.6,1.45,6.1,Arecanut
193.9,43.6,177.1,1.49,6.3,Arecanut
259.9,46.7,239.8,1.77,6.3,Arecanut
176.8,32.9,144.5,1.65,6.3,Arecanut
223.8,39,219.9,1.59,6.1,Arecanut
292.9,46.5,283.1,2.32,6.4,Arecanut
228.5,32.3,220.6,1.71,6.4,Arecanut
205.2,36.3,230.5,1.71,6.5,Arecanut
243.6,47.1,165.5,1.81,6.1,Arecanut
253.8,47.2,260.6,1.94,6.5,Arecanut
294.1,49.9,267.4,2.08,6.3,Arecanut
225.2,35.3,171.7,1.57,5.9,Arecanut
214.3,35.3,220,1.75,6.6,Arecanut
142.6,33.8,163,1.46,6.6,Arecanut
259.9,43.1,237.3,1.83,6.3,Arecanut
159,33.8,137.4,1.49,6.5,Arecanut
217.9,41.8,205.3,1.67,6.6,Arecanut
227.9,37.9,194.6,1.96,6.4,Arecanut
212.8,35.7,260.6,1.83,6.1,Arecanut
283.9,42.7,295.9,2.01,6.1,Arecanut
208.9,34.7,187.6,1.69,6.3,Arecanut
280.1,51.5,281.5,2.14,6.3,Arecanut
276.3,55.1,248,1.98,6.3,Arecanut
160.9,34.9,200.9,1.56,6.3,Arecanut
256.7,46.5,186.7,1.77,6.4,Arecanut
248.9,39.7,268.8,1.97,6.2,Arecanut
177.4,37.5,208.9,1.44,6.2,Arecanut
231.1,29.4,235.2,1.79,6.5,Arecanut
215.1,42.1,198.5,1.56,6.6,Arecanut
197.7,28.4,186.2,1.56,5.9,Arecanut
257.9,42.5,266,1.77,6.2,Arecanut
224.1,48.2,245.1,1.87,6.1,Arecanut
250.5,40.7,253.5,1.86,5.9,Arecanut
243.8,43.9,343.6,2.08,6,Arecanut
185.1,29,190.9,1.71,6.1,Arecanut
240.6,38.3,298.2,2.01,6.4,Arecanut
183.7,36.4,162,1.55,6.1,Arecanut
150.2,38.6,192.4,1.36,6.3,Arecanut
207.4,36.9,189.8,1.58,6.4,Arecanut
154.2,30.6,135.6,1.34,6.3,Arecanut
280.1,41.5,311.3,2.13,6.2,Arecanut
228.5,41.5,265.6,2.04,6.2,Arecanut
105.5,20,135.9,1.33,6.4,Arecanut
218.8,32.8,209.8,1.69,6.8,Arecanut
118.3,25.5,112.2,1.24,6.1,Arecanut
164.9,26.2,166.7,1.37,6.6,Arecanut
279.5,48.9,285.4,2.38,5.8,Arecanut
284.3,41.6,269.7,1.92,5.6,Arecanut
125.5,20,161.5,1,6.6,Arecanut
237.4,40.4,220.4,1.85,6,Arecanut
159.6,30.5,189,1.4,6.5,Arecanut
314.7,51.7,284.9,2.16,6.2,Arecanut
117.9,31.5,195,1.25,6.3,Arecanut
141.2,24.4,161.5,1.22,6.1,Arecanut
267.7,44.6,278.2,1.85,6.3,Arecanut
240,37.1,224.6,1.75,6.1,Arecanut
269.2,49.6,240.1,1.9,5.8,Arecanut
163.8,31,167.1,1.51,5.9,Arecanut
233.8,34.1,259.3,1.91,5.9,Arecanut
143.1,33.8,132.5,1.43,6.1,Arecanut
181.2,27.8,141.3,1.41,6.2,Arecanut
200.1,32.7,156.6,1.53,6.1,Arecanut
197.6,28.7,179.6,1.64,6.9,Arecanut
163.8,23.7,186.2,1.42,6.9,Arecanut
136.6,20,182.7,1.04,6.7,Arecanut
219.8,40.6,219.2,1.82,6.6,Arecanut
320.9,52.6,320.3,2.47,6.1,Arecanut
212.7,41,214.8,1.79,5.9,Arecanut
262.2,45.3,278,2.01,6.7,Arecanut
302.4,44.6,237.3,2.04,6.5,Arecanut
192.4,35,183.2,1.52,6.6,Arecanut
146.1,26.3,168.6,1.42,6.4,Arecanut
195.7,25.4,233.6,1.71,6.9,Arecanut
212,35,274.8,1.74,6.5,Arecanut
193.7,39.2,249.4,1.73,6.5,Arecanut
226.5,35,197.7,1.71,6.2,Arecanut
298,48,281.8,2.09,6.3,Arecanut
203.7,34.9,215.8,1.82,6.2,Arecanut
190.2,32.5,152.7,1.49,6.4,Arecanut
165,28.1,166.5,1.35,5.9,Arecanut
291,45.7,262.5,2.1,5.9,Arecanut
242.2,41.6,240.5,1.86,6.3,Arecanut
192.1,27.2,198.5,1.47,5.9,Arecanut
279.1,43,267.1,1.76,6.4,Arecanut
314.1,57,303.4,2.08,6.1,Arecanut
246.4,37.6,263.4,2.02,6.8,Arecanut
134.8,23.3,214.3,1.59,5.9,Arecanut
292.4,46.6,321.4,2.31,6.4,Arecanut
258.1,48.3,245.1,2.05,5.7,Arecanut
328.9,52.1,350,2.47,6,Arecanut
303.5,48.5,309.8,2.17,6.4,Arecanut
269.2,53,226.7,2.15,6.3,Arecanut
176.3,35.1,232.9,1.58,5.9,Arecanut
152,26.3,109.8,1.43,6.2,Arecanut
269.9,39.8,242.5,1.9,6,Arecanut
338.8,54.3,350,2.5,6.7,Arecanut
213.1,31.5,176.1,1.63,6.6,Arecanut
290.9,49.2,340.5,2.15,6.1,Arecanut
201.5,29,163.7,1.6,6.1,Arecanut
330.8,49.7,350,2.5,6.1,Arecanut
170.3,28.7,135.5,1.35,6.4,Arecanut
269.5,50.8,246.8,1.97,6.3,Arecanut
260.1,42.4,208.7,1.82,6.4,Arecanut
172,31.4,169.1,1.28,6.4,Arecanut
100.2,23.4,100,1.01,6.2,Arecanut
215.2,37.5,258.6,1.76,6.5,Arecanut
204.2,34.5,234.8,1.74,5.9,Arecanut
259.9,42.7,263.2,2.07,5.7,Arecanut
175.5,24.9,201.1,1.46,5.9,Arecanut
270.2,47.6,267.4,2.01,6.5,Arecanut
223.6,37.5,241.6,1.85,6.4,Arecanut
245.6,45.3,217.8,2.13,5.7,Arecanut
299.2,51.1,285.4,1.91,6.1,Arecanut
291,48.1,257.7,2.34,6.7,Arecanut
204.1,31.2,139.4,1.34,6,Arecanut
172.3,34.8,247,1.47,6.1,Arecanut
200.9,34.3,245.3,1.41,6.4,Arecanut
310,55.1,316,2.21,6,Arecanut
259.7,41.7,289.3,1.98,5.6,Arecanut
141.2,27.8,191.2,1.18,5.6,Arecanut
180.4,32.8,193.8,1.72,6.2,Arecanut
146.7,27.4,100,1.06,6.2,Arecanut
241.4,44.9,260.7,2.11,6.3,Arecanut
213.7,34,246,1.84,5.6,Arecanut
212.7,32.3,249.7,1.59,6.8,Arecanut
294.5,46.8,305.6,2.11,6.4,Arecanut
232.8,37.4,251.5,1.64,6.8,Arecanut
261.2,50.3,313,2.09,6.1,Arecanut
248.4,48.7,284.4,2.02,6.3,Arecanut
207.9,37.9,222.7,1.88,6.1,Arecanut
212.7,40.9,263.8,1.52,6,Arecanut
248.5,36.7,228.9,1.92,5.7,Arecanut
136.4,25.3,130.4,1.2,6.1,Arecanut
230.2,28.5,151.5,1.58,6.5,Arecanut
193.6,34.2,211.2,1.48,6.2,Arecanut
339.9,54.2,335.4,2.38,6.6,Arecanut
253.2,41.4,269.6,1.9,6.2,Arecanut
290.7,51.7,316.7,2.18,6.4,Arecanut
334.2,54.5,337.7,2.5,6.4,Arecanut
255.7,41.1,269.9,1.94,6.5,Arecanut
192.1,35.4,218.5,1.29,6.4,Arecanut
229.5,34.2,225.2,1.7,6.7,Arecanut
231,39.5,231,1.79,6,Arecanut
225.5,37.1,247.1,1.56,5.9,Arecanut
260.2,41.4,238.6,1.94,6,Arecanut
249.5,39.6,235.9,1.88,6.6,Arecanut
149.9,34.4,209.7,1.46,6.1,Arecanut
342.8,57.7,316.8,2.09,6.2,Arecanut
294.2,46.1,331.2,2.13,5.9,Arecanut
203.1,32.5,257.6,1.78,6.7,Arecanut
147.7,29.8,152.9,1.25,6.5,Arecanut
243.9,41.6,213,1.8,6.1,Arecanut
239.8,33,224.2,1.61,6.7,Arecanut
232.5,40.5,184.2,1.92,6.4,Arecanut
270.4,44.7,263.9,1.88,6.1,Arecanut
234.7,40.1,245.6,1.72,6.1,Arecanut
128.3,20,100,1,6.5,Arecanut
161.1,25.2,152,1.44,6.2,Arecanut
239.5,39.2,186.3,1.55,6.6,Arecanut
255.2,42.8,234.1,1.94,6.3,Arecanut
282.4,32.6,201,1.85,6.2,Arecanut
263.9,46.2,249.6,1.91,5.7,Arecanut
270.7,42.6,264.9,1.99,6.5,Arecanut
245.2,38,230.1,1.94,6,Arecanut
174.7,31.3,217.5,1.51,5.7,Arecanut
212.4,30.6,191,1.56,6.9,Arecanut
181,26.8,188.7,1.46,6.1,Arecanut
265.9,43.7,306.5,2,6,Arecanut
237.1,42.7,234.2,1.94,6.3,Arecanut
261.9,42.2,242.5,1.82,5.8,Arecanut
293.2,54.1,350,2.26,6.4,Arecanut
190.1,24.9,110.7,1.4,6.5,Arecanut
221.4,33.2,256.7,1.8,6.1,Arecanut
162.5,22.2,190.8,1.1,5.9,Arecanut
143,21.6,156.9,1.17,6.6,Arecanut
320.8,48.3,290.7,2.24,6.1,Arecanut
156.2,22.5,166.9,1.08,5.9,Arecanut
275.9,51,271.2,1.92,6,Arecanut
195.7,21.6,181.7,1.46,6.5,Arecanut
240.8,38.6,260.8,1.91,6.8,Arecanut
231.4,37.3,223.1,1.77,5.7,Arecanut
170.4,28.4,143.1,1.33,6.4,Arecanut
191.4,29.2,191.7,1.6,6.4,Arecanut
321.6,48,345.9,2.25,6.2,Arecanut
186.6,34.6,207,1.39,6.5,Arecanut
296.4,49.5,282.7,2.15,6.5,Arecanut
227.7,35.6,229.3,1.93,5.7,Arecanut
154.5,33.3,195.8,1.55,6.9,Arecanut
181.5,37.6,201.7,1.74,6.3,Arecanut
332,60,327.9,2.5,6.4,Arecanut
258.6,45.1,277.8,2,6.3,Arecanut
332.5,48.9,291.1,2.17,6.1,Arecanut
230.5,39.5,235.6,1.99,6.6,Arecanut
322.7,49.1,301.5,2.28,6,Arecanut
297.3,49.9,309.3,2.1,6.1,Arecanut
130,25.3,128,1.22,6.4,Arecanut
170.7,34.4,184.7,1.3,6.1,Arecanut
317.5,56.1,303.9,2.1,6.3,Arecanut
257,44.7,285.7,2.15,6.1,Arecanut
103.4,20.8,100,1.08,6.1,Arecanut
279.3,41.6,285.6,1.95,6.5,Arecanut
240.4,35,242.7,1.61,5.7,Arecanut
257.9,43.4,192.4,1.77,6.2,Arecanut
347.6,57.5,350,2.38,6.2,Arecanut
126.7,23.5,147.6,1.12,5.6,Arecanut
215.2,37.2,193.6,1.63,6.6,Arecanut
133.3,20,138.9,1.24,6.9,Arecanut
140.6,20.9,149.8,1.02,6.1,Arecanut
302.4,50.3,267.1,2.23,6.3,Arecanut
263.8,45.5,242.1,2.07,6.5,Arecanut
201.3,31.5,148.9,1.31,6.5,Arecanut
201.8,31.7,223.5,1.37,6.6,Arecanut
176.3,35.6,198.4,1.62,6.3,Arecanut
181,35.8,199.2,1.49,6,Arecanut
269.2,38.3,232.6,1.92,6.3,Arecanut
347.4,41.1,313.4,2.46,5.8,Arecanut
224.6,36.2,204.9,1.87,6.5,Arecanut
179.9,25,207.9,1.34,6.5,Arecanut
288,38.5,209.3,2.02,6.7,Arecanut
278.9,55.5,349.2,2.24,6.6,Arecanut
174,35,200.2,1.42,6.1,Arecanut
215.7,41.2,214.3,1.67,6.4,Arecanut
184,27.6,163,1.42,6.1,Arecanut
163.3,28.4,186.5,1.37,6.6,Arecanut
271,48.3,311.4,2.26,5.8,Arecanut
288.7,39.1,228.5,1.83,6.4,Arecanut
171.2,28,146.7,1.39,6,Arecanut
160,26.2,159.7,1.48,6.8,Arecanut
250.8,47.5,267,2.16,6.6,Arecanut
147.1,20,120.9,1.25,5.8,Arecanut
252.8,40.8,227.4,1.77,6.1,Arecanut
246.5,35.6,257.1,1.73,6.6,Arecanut
135.5,22.3,139.1,1.4,6.2,Arecanut
227.6,41.8,219.6,1.52,6.5,Arecanut
209.5,26.2,177.9,1.51,6.7,Arecanut
158.2,35.5,142.1,1.38,6.3,Arecanut
199.6,36.6,220,1.53,6.5,Arecanut
257.9,45.5,263.9,1.83,6.1,Arecanut
162.5,37.4,188.3,1.62,5.8,Arecanut
273.9,47.1,322.1,2.07,6,Arecanut
189.1,31.1,243.8,1.48,5.7,Arecanut
248.8,42.1,205.1,1.92,6.9,Arecanut
183.9,38.4,172.5,1.36,6.1,Arecanut
143.9,20,104.6,1.25,6.4,Arecanut
218.4,35,227,1.73,5.7,Arecanut
134.2,24.5,162.6,1.08,6.2,Arecanut
223.9,39,252.3,1.78,5.9,Arecanut
322.9,49.7,314,2.42,6.7,Arecanut
310.9,41.6,256.8,2.03,5.8,Arecanut
237.5,31.4,223.4,1.81,6.8,Arecanut
205.3,35,195,1.75,6.2,Arecanut
300.1,55.4,253.3,2.03,6.3,Arecanut
203.3,35.1,214.5,1.62,6.3,Arecanut
280.5,46.7,270.8,2.28,6.2,Arecanut
225.3,42.4,187.7,1.55,6,Arecanut
283.1,47.4,332.9,2.12,6.2,Arecanut
247.5,37.1,194.7,1.86,6.7,Arecanut
129.1,30.5,150.6,1.24,6.4,Arecanut
161.5,21.9,128.5,1.14,6.3,Arecanut
209.1,34.3,185.6,1.69,6.4,Arecanut
176.6,29.3,134.3,1.45,6.3,Arecanut
291.5,40.9,277.1,2.11,5.9,Arecanut
212.7,28,204.3,1.87,5.8,Arecanut
308.2,53.5,296.4,2.11,5.9,Arecanut
204.8,34.4,207.4,1.48,6.6,Arecanut
186.8,28.3,144.2,1.52,6.4,Arecanut
193.8,26.3,224.9,1.48,6.7,Arecanut
119.9,23.7,141.8,1.3,6.7,Arecanut
180.9,33.9,210.1,1.47,6.4,Arecanut
271.7,42,270.8,1.99,6.5,Arecanut
158.5,20,151.6,1.4,5.8,Arecanut
190.9,33,201.9,1.65,6.6,Arecanut
235.3,47.9,237.3,1.74,6.2,Arecanut
314.2,53.7,241,2.2,6.1,Arecanut
225.2,35.6,213.6,1.78,5.7,Arecanut
219,35.9,200.5,1.7,6.4,Arecanut
247,40.9,225.1,1.85,6.2,Arecanut
210.2,36.7,213.6,1.78,6.3,Arecanut
337,55.6,318.1,2.37,5.8,Arecanut
204.3,43.1,208.6,1.73,6,Arecanut
290.1,40.1,312.2,2.22,5.7,Arecanut
266.6,37.3,214.7,1.93,6.8,Arecanut
294.7,55.7,263.8,2.26,6.1,Arecanut
297.3,52.9,314.8,2.42,6.1,Arecanut
271.8,43.7,254.8,1.88,6.2,Arecanut
241.1,38.3,282.1,1.93,7,Arecanut
243.4,42.4,272.6,1.89,6.4,Arecanut
297,44.3,281,2.27,6.6,Arecanut
237.7,41.1,250.8,1.95,6.1,Arecanut
259.1,36.1,257.5,1.91,6,Arecanut
320.5,42.1,293.3,2.28,6.7,Arecanut
289.3,46,274.6,2.18,6.5,Arecanut
217.3,31.6,172,1.62,6.7,Arecanut
248.2,34.5,243,2.05,6.9,Arecanut
282,47.9,300.2,1.95,6.4,Arecanut
292.8,44.9,258.2,2.14,5.7,Arecanut
177.3,27.3,162.6,1.59,6.6,Arecanut
307.8,49,285.8,2.13,6.7,Arecanut
192.5,24.9,159.7,1.33,5.9,Arecanut
321.9,51.5,308.1,2.16,6.4,Arecanut
340.9,51.5,350,2.48,6.8,Arecanut
194.4,36.8,183.8,1.78,6.3,Arecanut
187.5,31.9,171.5,1.58,6,Arecanut
263.1,50,316.8,2.19,6.6,Arecanut
144,20,155.9,1.48,6.9,Arecanut
268.4,44.7,216.5,1.97,6,Arecanut
148.3,24.5,137.2,1.27,6.2,Arecanut
183.5,30.3,222.5,1.63,5.8,Arecanut
281,45.6,318.3,2.05,6.6,Arecanut
123.7,20.6,133.3,1.15,6.8,Arecanut
118.6,20,112.9,1,5.8,Arecanut
179.1,25.3,155,1.46,6.8,Arecanut
163.8,32.3,180.1,1.49,6.2,Arecanut
278.9,35.2,296.4,1.82,7,Arecanut
278.7,43.6,230.3,1.89,6.9,Arecanut
124.3,20,125.6,1.16,6.9,Arecanut
155.9,20,123.4,1.13,5.5,Arecanut
277.9,53.5,298.2,1.96,5.7,Arecanut
320,52,292.2,2.39,6.7,Arecanut
350,52.3,328.9,2.5,6.7,Arecanut
331.3,57.5,350,2.44,6.5,Arecanut
347.8,51.8,350,2.47,5.9,Arecanut
261.4,42.5,250.8,1.86,5.5,Arecanut
140.1,21.1,100,1.15,5.7,Arecanut
332.6,54,329.4,2.32,6.4,Arecanut
119.6,27,147.3,1.23,5.6,Arecanut
197.1,36.7,191.7,1.76,5.8,Arecanut
136.1,20,131.8,1.16,6.7,Arecanut
259.8,37.8,263,1.94,5.9,Arecanut
222.3,36.1,197.5,1.77,6.9,Arecanut
332.9,54.7,314.4,2.35,5.8,Arecanut
282.2,45.5,260.2,1.95,6.1,Arecanut
225.7,35.2,215.7,1.47,5.9,Arecanut
333.7,47.5,344.3,2.31,5.5,Arecanut
237.2,34.9,255.7,1.94,5.8,Arecanut
347.9,51.1,313.9,2.5,5.6,Arecanut
212,32.4,196.7,1.62,6.6,Arecanut
126.7,22.2,142,1,5.6,Arecanut
129.1,25.1,119.4,1.16,6.4,Arecanut
190.7,30.9,241.7,1.82,5.6,Arecanut
261.8,43.7,284.9,1.85,7,Arecanut
126.3,20.5,169.8,1.22,6.9,Arecanut
290,44.5,338.2,2.3,5.7,Arecanut
253.6,44.4,254,2.01,6.1,Arecanut
348,55.4,350,2.5,5.9,Arecanut
249.1,42.2,293.1,2.07,5.7,Arecanut
336.2,55.3,341.2,2.12,6.3,Arecanut
289.9,46.7,226.3,2.06,5.8,Arecanut
204.5,38.3,207,1.63,6.5,Arecanut
271.6,42.3,206.4,2.05,5.6,Arecanut
193.4,32.4,235.2,1.52,5.9,Arecanut
241.6,42.4,201.6,1.79,6.4,Arecanut
165,24.3,113.5,1.31,5.6,Arecanut
290.5,49.7,279.3,2.05,6.7,Arecanut
168.7,22.9,131.9,1.24,6.9,Arecanut
350,49.7,326.3,2.36,6.9,Arecanut
263.6,45.7,302.7,2.19,6.7,Arecanut
266.8,47.9,265.8,1.97,5.8,Arecanut
350,60,350,2.5,6.5,Arecanut
249.3,42.2,227.1,1.72,5.9,Arecanut
318.1,60,302.5,2.46,6,Arecanut
242.6,38.7,196.3,1.62,5.9,Arecanut
112.6,20,100,1,5.5,Arecanut
215.5,37.6,252,1.84,6.9,Arecanut
190.9,33.4,154.2,1.54,5.9,Arecanut
152.8,31.5,191.7,1.46,6.3,Arecanut
288.6,40.9,271.7,2.14,6,Arecanut
332.1,53.5,317.3,2.34,6,Arecanut
183,33.4,247,1.74,6.8,Arecanut
100,20,100,1,6.1,Arecanut
187.9,22.3,185.2,1.27,5.6,Arecanut
332.5,50.5,350,2.34,6.7,Arecanut
244.8,36.1,244.4,1.75,6.2,Arecanut
186.5,27.1,226.9,1.35,6.7,Arecanut
292.5,50.5,333.2,2.2,6.8,Arecanut
332.3,55.6,320.4,2.46,6.6,Arecanut
100,20,125.8,1,5.7,Arecanut
220.9,35.9,267.3,1.71,5.9,Arecanut
329.5,52.2,350,2.1,6.9,Arecanut
347,54,315.4,2.3,6.3,Arecanut
100,20,103.5,1,5.9,Arecanut
286.1,56.9,286.1,2.1,5.8,Arecanut
260.9,35.2,277.2,2.12,5.8,Arecanut
300.4,44.5,311.8,2.04,6.6,Arecanut
277.8,48.5,297.2,2.06,5.7,Arecanut
148.7,24.6,147.6,1.36,6,Arecanut
181.7,25.7,158.2,1.49,5.7,Arecanut
342.7,49.6,350,2.5,5.7,Arecanut
328.9,53,350,2.21,6.9,Arecanut
271.8,43,276.3,2.06,6.1,Arecanut
169.1,25.6,156.8,1.54,5.8,Arecanut
344.8,52.1,305.2,2.35,5.9,Arecanut
304.4,40.6,269,2.03,5.8,Arecanut
127.4,22.5,158.3,1.16,5.9,Arecanut
178.4,28.5,190.6,1.16,6,Arecanut
176.6,27.8,167.6,1.21,5.7,Arecanut
126.6,20.9,101.9,1.03,5.9,Arecanut
271.9,47.1,309,2.07,6.4,Arecanut
307.7,46.4,282.2,2.14,5.8,Arecanut
172.8,26.9,136.1,1.36,5.8,Arecanut
324.9,53.4,312.1,2.29,5.7,Arecanut
299.5,53,304.9,2.37,6.5,Arecanut
165,21.7,161.4,1.22,6.8,Arecanut
329.2,47.4,316.4,2.2,5.6,Arecanut
320.8,57.6,345.7,2.46,5.8,Arecanut
295.3,45.3,285.2,2.18,5.8,Arecanut
187.5,28.8,191.1,1.48,5.6,Arecanut
140.4,27.5,197.1,1.04,6.6,Arecanut
124.2,25.8,138.2,1.29,6.2,Arecanut
245.8,48.4,278.6,2.12,6,Arecanut
177.9,24.8,181.3,1.38,6.5,Arecanut
145.6,20,162.8,1.32,6.9,Arecanut
237.1,42.1,227.8,1.87,6.4,Arecanut
284.5,42.6,292,2.11,5.6,Arecanut
281,39.8,294.8,2.04,6.9,Arecanut
281.5,51.9,286.5,1.94,6.2,Arecanut
248.8,38,235.1,2.14,6.8,Arecanut
328.6,52.2,315.2,2.29,6.3,Arecanut
296.1,48.1,264.5,2.15,6.8,Arecanut
294.9,44.2,260,2.19,5.7,Arecanut
213.9,31.6,208.3,1.56,5.6,Arecanut
280,51.9,289,2.05,5.9,Arecanut
160.2,22.3,130.8,1.33,6.5,Arecanut
194.8,27.2,245.4,1.56,6.9,Arecanut
294.9,52.2,332,2.35,5.6,Arecanut
327.8,48.4,310.6,2.36,6,Arecanut
312.8,50.8,350,2.26,6.9,Arecanut
335.9,49.1,330.3,2.31,5.7,Arecanut
213.5,28.8,218.9,1.43,5.7,Arecanut
179.9,33.2,186.8,1.38,6.1,Arecanut
280.3,52.6,226.9,2.14,6.7,Arecanut
186.4,32.5,150.4,1.55,5.9,Arecanut
161.5,26.4,115,1.33,6,Arecanut
217.1,39.3,179.6,1.79,6.7,Arecanut
178.5,30.8,189.9,1.56,6.2,Arecanut
139.9,24.5,102,1.26,6.8,Arecanut
342,60,340.1,2.5,6.9,Arecanut
202.3,34.9,138.6,1.67,6.9,Arecanut
122.9,21.7,105.7,1.17,6.4,Arecanut
252.5,47.9,256.1,2.04,6.1,Arecanut
303.3,44.3,312.6,2.13,5.9,Arecanut
257.9,46.8,304.2,2.05,6.1,Arecanut
134.8,15.5,129.3,0.75,5.7,Cashewnut
119.2,23.1,112.1,0.81,5.7,Cashewnut
170.9,34,179.8,1.05,5.8,Cashewnut
195.6,31,143.1,0.92,5.5,Cashewnut
167.1,31.5,142.8,1.04,5.9,Cashewnut
197.2,32.4,161.7,0.99,5.6,Cashewnut
140.3,27,133.6,0.92,5.7,Cashewnut
200.4,35.5,206.2,1.26,5.8,Cashewnut
181.4,37.9,180.7,1.05,5.8,Cashewnut
178.3,34.9,176.5,0.96,5.9,Cashewnut
189.8,30.9,113.1,0.94,5.8,Cashewnut
198.3,36.7,185.8,1.12,5.8,Cashewnut
207.2,36.7,204.4,1.13,6,Cashewnut
178.7,31.1,150.8,1.04,5.7,Cashewnut
209.5,39.5,210.7,1.19,5.7,Cashewnut
216.9,36.6,193.4,1.2,5.7,Cashewnut
213.5,33.1,158.7,1.15,5.9,Cashewnut
172.2,27.4,163.5,0.88,5.7,Cashewnut
188.5,31.7,189.2,0.93,5.7,Cashewnut
213.6,39.2,205.9,1.07,5.7,Cashewnut
117.1,20.9,112.2,0.77,6.1,Cashewnut
178,29.9,151.8,1.03,6,Cashewnut
161,24.3,142.2,1.03,6,Cashewnut
202.6,39.7,177.4,1.04,5.7,Cashewnut
171.1,33.7,195.1,0.92,5.6,Cashewnut
204.3,39.9,169.7,1.15,5.7,Cashewnut
204.6,33.3,167.1,1.16,5.8,Cashewnut
211,34.3,195.6,1.02,6,Cashewnut
172.9,30,153.4,0.86,5.8,Cashewnut
176.8,25.3,156.5,1.07,5.9,Cashewnut
182.5,26.4,175.4,0.97,5.4,Cashewnut
165.8,36.3,173.6,1.01,5.8,Cashewnut
183.1,36.6,168.7,0.94,5.5,Cashewnut
186.7,29,173.8,1.22,5.5,Cashewnut
196,33.2,135.5,1.04,5.7,Cashewnut
159.2,29.2,165.5,0.96,5.7,Cashewnut
222.1,38.9,174,1.21,5.6,Cashewnut
145.2,24.7,115.2,0.9,6,Cashewnut
220.8,39.9,197.1,1.19,6,Cashewnut
177.6,23.4,171.8,0.86,5.9,Cashewnut
169.4,29.7,197.3,0.88,5.4,Cashewnut
184.6,39.4,171.8,1.13,6,Cashewnut
122.4,25.3,171.4,0.74,5.8,Cashewnut
180.4,31.1,140.1,0.94,5.9,Cashewnut
238.4,41.4,207.4,1.29,5.8,Cashewnut
186.2,27,150.3,1.08,6.2,Cashewnut
231.4,42,233.3,1.29,5.4,Cashewnut
140.8,28.2,129,0.76,5.6,Cashewnut
151.7,29.6,169.1,0.98,5.9,Cashewnut
202.3,34.3,185.2,1.12,5.9,Cashewnut
253.3,46.2,202.4,1.33,5.5,Cashewnut
226.9,39.1,210.7,1.16,5.3,Cashewnut
194.3,34.9,220,1.21,5.5,Cashewnut
168.9,31.4,168.3,0.97,6.1,Cashewnut
225.1,35.8,168.7,1.14,5.8,Cashewnut
200.6,31.1,195.4,1.14,5.3,Cashewnut
193.5,34.6,144.7,1.01,5.8,Cashewnut
144.9,26.6,126.4,0.85,5.8,Cashewnut
209.3,39.6,190.2,1.03,5.7,Cashewnut
126.7,23.4,129.6,0.7,5.7,Cashewnut
207.1,29,154.2,1.27,5.4,Cashewnut
169.3,34.6,150.1,0.83,5.7,Cashewnut
192.8,28.9,139.4,1.06,5.8,Cashewnut
146.2,18.7,127.2,0.7,5.6,Cashewnut
206.6,36.9,201.3,1.21,5.6,Cashewnut
143.1,23.1,134.5,0.76,5.9,Cashewnut
162.4,28.9,177.2,0.96,5.6,Cashewnut
241,36,200.2,1.45,6.1,Cashewnut
145.8,22.9,141,0.82,5.9,Cashewnut
179.8,30.5,147.1,1.15,5.8,Cashewnut
167,31,185.9,1.05,5.4,Cashewnut
160.3,23.8,165.8,0.79,5.6,Cashewnut
179.1,35.2,154.8,0.99,5.5,Cashewnut
211.5,27.4,170.8,1.08,5.6,Cashewnut
201.7,30.6,208.6,1.09,5.8,Cashewnut
211.4,32.2,174.2,1.04,5.5,Cashewnut
198.2,39.4,184.4,1.05,6,Cashewnut
124.4,18.6,123.8,0.73,5.3,Cashewnut
210.5,29.8,173.5,1,5.6,Cashewnut
210.1,34.5,194.3,1.03,5.8,Cashewnut
198.6,31.1,185.6,1.16,5.7,Cashewnut
171,32.6,157,0.91,5.8,Cashewnut
210.3,38.4,216.8,1.06,5.7,Cashewnut
210.8,36,184.5,1.11,5.8,Cashewnut
145.2,31.6,139.4,0.88,5.8,Cashewnut
169.5,34.1,172.7,1.04,5.9,Cashewnut
118.8,27.8,136,0.79,5.6,Cashewnut
226.3,35.1,190.6,0.91,5.3,Cashewnut
154.8,25.2,172.7,0.85,6.1,Cashewnut
184.8,28.8,131.9,1.08,6,Cashewnut
185.5,26,140.9,0.89,5.5,Cashewnut
100.7,15,119.4,0.61,6.2,Cashewnut
216.8,33.1,190.5,1.13,6.1,Cashewnut
197.7,35.6,183,1.17,6,Cashewnut
207.2,30.3,193.2,1.03,6.2,Cashewnut
125.9,22.5,119.4,0.81,5.9,Cashewnut
140.4,29.2,131.7,0.83,5.6,Cashewnut
183.7,30.8,159.6,0.93,6,Cashewnut
219.6,35.1,203.5,1.1,6.1,Cashewnut
142.1,27.7,122.3,0.79,5.7,Cashewnut
109.9,22.1,130.9,0.57,5.5,Cashewnut
246.3,38.2,212.4,1.37,5.6,Cashewnut
163,22.8,159.8,0.91,5.7,Cashewnut
233.4,42.8,203.6,1.39,6,Cashewnut
106.3,23,132.9,0.73,5.8,Cashewnut
157.4,29.3,176,0.93,5.7,Cashewnut
190.9,27.6,194.2,1.14,5.4,Cashewnut
193,29.6,188.2,1,6.1,Cashewnut
201.5,29.5,164.8,1.07,6.4,Cashewnut
146.8,21.6,156.3,0.87,6.3,Cashewnut
193.6,32.6,143.5,1.25,5.8,Cashewnut
177.5,30.8,137.6,0.99,5.5,Cashewnut
105,19.7,80,0.65,5.6,Cashewnut
133.6,25.1,112.3,0.63,6,Cashewnut
209.4,33.7,201.8,1.1,5.3,Cashewnut
220.4,31.1,180.7,1.28,5.8,Cashewnut
231.5,40.4,207.3,1.14,5.3,Cashewnut
153.7,28.5,145.1,0.97,5.3,Cashewnut
261,40.5,221.3,1.28,5.6,Cashewnut
100.5,18.5,93.8,0.55,5.6,Cashewnut
228.6,35.4,215.4,1.28,6.3,Cashewnut
166.4,25.8,116.4,0.85,5.4,Cashewnut
134.3,22.5,154,0.67,6,Cashewnut
96.6,22.4,109.7,0.61,5.8,Cashewnut
121.2,20.3,88.3,0.82,6.3,Cashewnut
114.7,15,112.3,0.55,5.9,Cashewnut
242.2,35.6,237.3,1.25,6.2,Cashewnut
132.4,28,118.6,0.75,5.7,Cashewnut
147.1,22.8,158.6,0.79,6.2,Cashewnut
233,38.1,197.7,1.19,5.5,Cashewnut
108.2,15.1,115.5,0.65,5.5,Cashewnut
216.4,30.6,157.7,1.12,5.7,Cashewnut
202.1,36.6,160.5,1.09,5.7,Cashewnut
265.6,43.3,233.1,1.47,5.9,Cashewnut
153,30,171.9,1.02,6,Cashewnut
213.8,42.4,190.6,1.14,5.6,Cashewnut
213.3,37.4,216.3,1.17,6.2,Cashewnut
256.3,47.3,224.1,1.49,6,Cashewnut
148.1,22.8,172.8,0.76,6,Cashewnut
258.1,41.7,228.8,1.28,6,Cashewnut
249,38.8,226.9,1.46,5.8,Cashewnut
101.9,15,111.3,0.65,5.4,Cashewnut
231.5,44.5,188.7,1.19,5.9,Cashewnut
121.8,15,105.2,0.74,6.2,Cashewnut
178.4,28.5,150.3,0.97,6,Cashewnut
199.6,28.4,141.1,0.94,5.5,Cashewnut
187,26.7,165.7,0.85,5.2,Cashewnut
139.3,15.2,131,0.58,6,Cashewnut
199.1,38.3,163.8,0.91,5.7,Cashewnut
210.4,41,196.4,1.2,5.8,Cashewnut
200.3,36.1,179.2,0.95,5.9,Cashewnut
194.2,28.2,159.5,1.17,5.9,Cashewnut
153.7,23.4,147.8,0.75,5.5,Cashewnut
164.8,28.8,147.9,0.88,5.5,Cashewnut
145.7,26.6,154.9,0.96,6.3,Cashewnut
208,39.7,227.4,1.3,6.1,Cashewnut
274,40.6,238.6,1.39,5.9,Cashewnut
187.4,30.1,163,1.03,5.3,Cashewnut
202.3,37.8,162.6,1.04,5.6,Cashewnut
164.5,22,161,0.88,5.5,Cashewnut
159.8,28.4,124.6,0.96,5.8,Cashewnut
141.3,17,104.1,0.81,5.4,Cashewnut
147,18.6,131.3,0.8,6.2,Cashewnut
215,38.8,189.5,1.23,6.1,Cashewnut
174.4,36,167.2,0.92,5.8,Cashewnut
162.2,25.9,155.4,0.83,5.5,Cashewnut
141.8,25.6,134.6,0.77,5.8,Cashewnut
174.7,34.9,186.2,0.97,5.7,Cashewnut
180.2,32.9,147.9,0.98,5.6,Cashewnut
111.7,18.4,153.8,0.63,5.9,Cashewnut
176.9,32.9,140.5,1.04,6.2,Cashewnut
152.2,25.9,120.9,0.97,6,Cashewnut
198.4,33.9,153.8,0.99,5.9,Cashewnut
245.9,49.7,190.4,1.37,5.6,Cashewnut
160.7,22.8,125.1,0.7,6.2,Cashewnut
201.5,38.6,195.1,1.27,5.5,Cashewnut
110.2,17.2,117.5,0.59,5.4,Cashewnut
245.4,36.5,181.9,1.27,5.9,Cashewnut
117.1,15,80,0.5,6,Cashewnut
201.3,30.9,176.3,1.13,5.7,Cashewnut
211.4,26.2,146.1,1.03,5.3,Cashewnut
170.7,35.5,178.5,0.97,6,Cashewnut
197.2,36.9,160.1,0.91,5.9,Cashewnut
107.2,17.6,126,0.7,5.2,Cashewnut
262.8,45.9,189.5,1.4,6.2,Cashewnut
168.3,29,171.5,0.87,5.8,Cashewnut
214.8,39.7,210.8,1.1,5.7,Cashewnut
236,38.7,205,1.29,5.6,Cashewnut
179.9,27.1,163.7,1,5.4,Cashewnut
158.7,22.2,130.9,0.9,5.4,Cashewnut
190,29.9,205.5,1.08,5.6,Cashewnut
217.7,36.1,175.7,1.22,5.8,Cashewnut
206.7,24.4,191.7,1.08,5.3,Cashewnut
255.5,38.9,187.3,1.33,5.9,Cashewnut
165.1,31.7,168.8,0.96,6.1,Cashewnut
190.6,36.3,206.4,1,5.3,Cashewnut
165.3,20.6,186.2,0.8,6.4,Cashewnut
257.6,39.5,212.9,1.33,6.2,Cashewnut
137.8,26.3,141.7,0.96,5.7,Cashewnut
151.8,21.2,137.7,0.79,5.4,Cashewnut
229.9,39.9,188.9,1.34,5.2,Cashewnut
205.7,33,132.7,0.99,5.6,Cashewnut
258,50,209.7,1.43,6.1,Cashewnut
247.6,38.7,208.1,1.3,5.6,Cashewnut
205.2,24.4,173.9,1.19,6.2,Cashewnut
179.7,40.2,190.6,1.03,5.8,Cashewnut
188.8,35.8,185.9,1.11,5.9,Cashewnut
205.9,32.1,185.4,1.05,5.3,Cashewnut
204.3,40.5,197.5,1.3,5.9,Cashewnut
214.6,34.6,180.7,1.18,5.8,Cashewnut
109.8,19.4,110.6,0.76,5.4,Cashewnut
120.5,23.1,100.6,0.79,5.7,Cashewnut
209.5,37.1,181.8,1.16,5.8,Cashewnut
210.6,33.4,167.4,1.05,5.1,Cashewnut
165.9,30.3,144.3,0.99,5.7,Cashewnut
156.6,22.4,132.7,0.98,5.5,Cashewnut
127.9,19.9,84.3,0.75,6.4,Cashewnut
145.6,22.9,116.4,0.92,5.5,Cashewnut
243,45.3,219.6,1.25,5.5,Cashewnut
144.3,28.8,147.2,0.98,5.9,Cashewnut
141,24.9,117,0.76,5.7,Cashewnut
136.5,25.1,106.7,0.91,5.7,Cashewnut
91.1,16.9,88,0.76,5.4,Cashewnut
174,31.6,198.8,1.14,5.7,Cashewnut
209.9,35.8,178.6,1.02,5.9,Cashewnut
206.2,33.9,189.4,1.09,5.4,Cashewnut
251,42.3,241.9,1.45,6.3,Cashewnut
212.3,36.1,168.6,1.05,6.3,Cashewnut
231.8,38.1,207,1.17,6.2,Cashewnut
142.3,21.4,108.1,0.83,6.4,Cashewnut
208.2,31.3,189.4,1.09,5.2,Cashewnut
144.2,27.4,140.8,0.87,5.9,Cashewnut
148,24,125.7,0.86,5.2,Cashewnut
219.3,32,180.5,1.23,5.5,Cashewnut
221,41.9,221.7,1.37,5.5,Cashewnut
235.1,45.8,224.3,1.42,6.1,Cashewnut
89.5,15,112.1,0.54,6,Cashewnut
150.6,26.8,145.6,0.89,5.9,Cashewnut
279.9,47.5,249.9,1.46,5.9,Cashewnut
210,39.1,169.1,1.16,5.4,Cashewnut
192.8,34.8,219.8,1.25,5.9,Cashewnut
118.8,17.6,123.2,0.75,5.4,Cashewnut
211.2,33.9,183.2,0.96,5.8,Cashewnut
202.6,37.1,200.7,1.07,5.6,Cashewnut
174.4,31.3,148.1,0.82,6.2,Cashewnut
155.8,25.6,161.5,0.82,5.4,Cashewnut
116.1,19.7,129.2,0.7,5.2,Cashewnut
218.5,38.2,181.6,1.11,5.6,Cashewnut
198.1,36.9,153.5,1.23,5.9,Cashewnut
201.2,26,213.5,0.98,5.5,Cashewnut
185.1,33.7,193.5,1,5.7,Cashewnut
224.7,37.2,195.5,1.15,6,Cashewnut
185,34,128.9,1.15,5.4,Cashewnut
114,20.6,114.2,0.78,5.9,Cashewnut
179.3,39.7,171.8,1.14,5.7,Cashewnut
209.9,37.3,173,1.28,5.8,Cashewnut
202.4,32.1,171.7,1.09,6,Cashewnut
144.7,24.4,153,0.83,5.4,Cashewnut
139.5,25.6,113.2,0.83,5.8,Cashewnut
173.1,23.8,142.4,0.9,6,Cashewnut
164.8,30.6,134.5,1.02,5.3,Cashewnut
171.3,29.3,162.7,0.79,6.1,Cashewnut
155.8,31.6,162.7,1,5.8,Cashewnut
181.5,27.6,161.8,1.09,5.4,Cashewnut
224.1,41.3,213.4,1.19,5.9,Cashewnut
214.5,32.8,184.9,1.02,5.9,Cashewnut
156.8,21.2,121.4,0.94,6,Cashewnut
129.8,20.1,112.9,0.8,5.4,Cashewnut
177.2,36.5,186.9,1.01,5.8,Cashewnut
139,27.3,121.1,0.86,6.2,Cashewnut
186.1,37.4,181.5,1.08,5.6,Cashewnut
191.8,29.9,142.3,1.16,5.4,Cashewnut
228.9,38.5,243.1,1.33,6.2,Cashewnut
205.4,28.2,163.4,1.21,5.8,Cashewnut
136.5,20.1,96.4,0.73,5.3,Cashewnut
216,36,196.5,1.23,6.4,Cashewnut
233.5,45.1,223.9,1.37,6,Cashewnut
204.5,37.6,154.6,1.08,5.8,Cashewnut
191.9,37.2,183.5,1.06,5.8,Cashewnut
202.8,34.1,201,1.16,5.6,Cashewnut
140.9,20.9,124.1,0.73,5.3,Cashewnut
136.1,19.6,109.8,0.76,5.6,Cashewnut
249.3,37.8,203.5,1.29,6.3,Cashewnut
141,24,147.4,0.75,5.9,Cashewnut
151.9,23.5,181.8,1.09,5.9,Cashewnut
156.9,24.3,181.8,0.9,6.2,Cashewnut
172.6,29.7,182.5,0.87,6,Cashewnut
200.5,32.9,187.1,1.12,5.5,Cashewnut
192.3,23.1,168.2,0.95,5.5,Cashewnut
217.9,32.6,176.2,1.15,6.3,Cashewnut
226.1,39.5,246.8,1.18,6.3,Cashewnut
131.5,17.9,130.9,0.71,5.2,Cashewnut
116.6,18.9,127.2,0.55,5.5,Cashewnut
258.6,36.9,178.1,1.04,5.5,Cashewnut
186,29,138.5,0.94,5.5,Cashewnut
100.8,15,89.2,0.78,5.9,Cashewnut
218.1,33.6,147.7,1.03,5.3,Cashewnut
148.5,20.9,136.7,0.8,5.7,Cashewnut
188.1,30.8,147.8,1.02,5.9,Cashewnut
190.8,28.9,199.1,1.08,5.8,Cashewnut
196,29.2,155.9,1.02,5.8,Cashewnut
157.2,31.1,143.7,0.87,5.9,Cashewnut
127,21,90.5,0.63,5.5,Cashewnut
163.7,36.6,195.9,0.98,5.6,Cashewnut
116.4,21.5,113.5,0.73,6.3,Cashewnut
130,23.8,91.1,0.77,6.1,Cashewnut
202.5,27.9,145.3,1.04,5.4,Cashewnut
225.3,34.2,206.4,1.1,5.7,Cashewnut
164.1,25.6,191.2,0.91,5.3,Cashewnut
138.6,20,123.8,0.7,6.1,Cashewnut
144.8,20.7,122.1,0.82,5.4,Cashewnut
82.3,15,92.3,0.69,5.8,Cashewnut
223.4,38,179,1.14,5.4,Cashewnut
175.6,29.3,142.3,0.95,5.9,Cashewnut
100.8,16.6,100.2,0.65,6.2,Cashewnut
142.1,19.1,125.2,0.87,5.4,Cashewnut
134.6,20,141.5,0.94,5.3,Cashewnut
107.6,20.3,91.4,0.54,5.7,Cashewnut
215.8,40.1,209.2,1.29,6,Cashewnut
124.5,21.1,134.3,0.86,5.4,Cashewnut
173.5,32,126.5,1.01,5.7,Cashewnut
146.8,20.9,126.9,0.74,6,Cashewnut
179.4,32.3,150,1.03,5.5,Cashewnut
93,15.9,87.5,0.62,5.8,Cashewnut
126.8,26.7,106.5,0.78,6,Cashewnut
167.3,30.9,169.1,0.9,5.8,Cashewnut
228.7,42.3,216,1.28,5.8,Cashewnut
280,50,222.8,1.45,5.9,Cashewnut
198.3,34.7,223.2,1.02,5.7,Cashewnut
159.2,28.9,158.5,0.9,5.4,Cashewnut
161.4,23.8,140.1,0.97,5.4,Cashewnut
142.7,25.6,144.5,0.86,5.4,Cashewnut
184.6,29.7,138.8,1.07,5.7,Cashewnut
98.8,16.9,95.3,0.55,5.3,Cashewnut
195.5,30.5,165.4,0.96,6,Cashewnut
191.1,39.8,145.5,0.88,5.9,Cashewnut
183,27.1,150.5,0.99,5.7,Cashewnut
170.1,36.5,163.2,1.06,5.9,Cashewnut
187.9,37.2,182.6,1.25,5.9,Cashewnut
206,37.5,200.5,1.22,6,Cashewnut
197.4,28.4,142.6,1.16,5.8,Cashewnut
230.3,37.8,199.7,1.31,6.3,Cashewnut
161,28.3,174.7,0.87,6.1,Cashewnut
179.2,29,142.4,0.98,6.1,Cashewnut
167.5,20.9,164,0.98,5.3,Cashewnut
170.1,27,135.3,0.77,6.3,Cashewnut
237.2,40.7,211.4,1.31,6.1,Cashewnut
251.2,43,224.5,1.46,5.7,Cashewnut
113,15.1,141.2,0.7,6.1,Cashewnut
159.8,29.9,165.6,1.03,6,Cashewnut
86.1,15,104.4,0.86,6.3,Cashewnut
168.4,27.9,175.9,1.06,6.4,Cashewnut
132.6,20.6,108.1,0.67,5.4,Cashewnut
263.6,50,209.3,1.41,5.7,Cashewnut
253.7,36.2,241.7,1.28,5.4,Cashewnut
208.4,41.2,181.9,1.03,5.9,Cashewnut
161.4,27.1,130.1,0.83,6.1,Cashewnut
192.1,25.5,182.7,0.99,6.4,Cashewnut
105.4,15,103,0.52,6.4,Cashewnut
235.5,32.2,214.3,1.23,5.1,Cashewnut
125.7,22,101.9,0.61,5.2,Cashewnut
190.3,30.1,148.9,1.02,6.1,Cashewnut
280,47.9,236.7,1.45,5.4,Cashewnut
213.8,32.6,198.3,1.12,6.1,Cashewnut
170.8,33.2,169.4,1,6.2,Cashewnut
252,41.1,238.2,1.43,5.2,Cashewnut
94.6,15,90.4,0.58,5,Cashewnut
237,39.3,235.8,1.21,5.1,Cashewnut
248.8,42,221,1.5,5.1,Cashewnut
116.4,15,95.4,0.61,6.1,Cashewnut
151.5,21.6,117.8,0.86,5,Cashewnut
158.9,29.9,160.4,0.92,5.2,Cashewnut
172.9,29.8,134.8,0.87,5.9,Cashewnut
173.3,34.5,166.5,0.99,5.4,Cashewnut
86.4,20.2,80,0.5,6.1,Cashewnut
259.2,41.2,233.7,1.33,6.4,Cashewnut
214.1,33.7,208,1.14,6.4,Cashewnut
107.8,15,131.9,0.71,6.5,Cashewnut
80.2,15,105.4,0.5,5.1,Cashewnut
171.9,27.1,152.1,0.91,6.4,Cashewnut
280,37.9,243.3,1.5,5.1,Cashewnut
184.9,35.1,155.6,1.01,5.9,Cashewnut
258,46.1,179.3,1.35,6.1,Cashewnut
253.8,50,250,1.43,5.5,Cashewnut
258.3,42.5,244.2,1.39,5.4,Cashewnut
239.2,37.4,221.6,1.34,5.1,Cashewnut
129.9,17.8,112.5,0.72,5.1,Cashewnut
80,15,103.5,0.6,5.3,Cashewnut
258.8,49,217.1,1.4,5.8,Cashewnut
80,15,80.3,0.5,6.2,Cashewnut
126.3,19.8,149.7,0.77,6,Cashewnut
111.5,15,80,0.64,6.1,Cashewnut
177,20.1,172.1,1.03,6.1,Cashewnut
222.4,39.9,207.5,1.24,5.3,Cashewnut
237.6,36.9,206.3,1.35,6.5,Cashewnut
247.5,41.1,216.5,1.4,6.3,Cashewnut
237.8,46.1,205.8,1.21,5.9,Cashewnut
203.7,28.3,157.7,0.95,6,Cashewnut
188.8,34,190.9,1,5.4,Cashewnut
95,15,93.9,0.56,6.4,Cashewnut
234.8,38.5,229.4,1.2,5.3,Cashewnut
172.6,19.4,143.8,0.86,5.1,Cashewnut
81.3,15,80,0.6,5.7,Cashewnut
241.3,42.5,240.5,1.44,5.9,Cashewnut
241.2,41.4,210.9,1.35,6.3,Cashewnut
80,15,82.8,0.71,5.1,Cashewnut
280,47,250,1.44,5.7,Cashewnut
103.2,15,83.2,0.62,5.2,Cashewnut
244.4,49.1,250,1.48,5.2,Cashewnut
206.4,34.5,191.2,1.2,5.2,Cashewnut
225.1,33,198.7,1.16,6,Cashewnut
105.5,18.9,118.5,0.62,6.1,Cashewnut
103.5,15,105,0.5,5.3,Cashewnut
165.9,37.6,151.2,0.95,5.9,Cashewnut
212.3,34.6,172.4,0.89,5.7,Cashewnut
131.4,22.8,146.1,0.77,6.5,Cashewnut
208.3,39.2,234.4,1.1,5.2,Cashewnut
138,28.6,111.1,0.9,6,Cashewnut
227.1,44,194.7,1.38,5.9,Cashewnut
84,15,96.9,0.54,5.1,Cashewnut
265.2,47.2,250,1.33,6,Cashewnut
218.7,31.4,175.3,1.1,6,Cashewnut
109.5,20.2,119.3,0.83,5.1,Cashewnut
80.5,16.4,88.4,0.64,5.4,Cashewnut
157.5,31.4,143.7,0.92,5.8,Cashewnut
225.3,33,210.6,1.25,5.1,Cashewnut
119.6,15,122.1,0.51,6.3,Cashewnut
256.4,39.9,234.7,1.49,6.1,Cashewnut
137.2,26,164.4,0.68,5.5,Cashewnut
138,20.7,149,0.72,6.2,Cashewnut
264,45.9,241,1.42,6.3,Cashewnut
170.4,24.6,191.8,0.97,5.3,Cashewnut
261.7,46,246,1.33,5.5,Cashewnut
236.6,39,185.2,1.27,5,Cashewnut
130.7,17.5,137.4,0.86,5.1,Cashewnut
170.9,22.6,148,1,6.3,Cashewnut
80,15,102.9,0.54,6.5,Cashewnut
238.4,38.8,213.9,1.31,5.2,Cashewnut
82.2,15.9,80,0.52,5.1,Cashewnut
187.9,28.5,188.7,1.11,5.1,Cashewnut
122.5,18.1,124,0.71,5.8,Cashewnut
85.1,15,130.7,0.67,5.1,Cashewnut
192.9,37.1,172.9,1.23,6.2,Cashewnut
150.2,16.7,81.5,0.69,5.1,Cashewnut
132.9,16.7,103.8,0.76,6.5,Cashewnut
162.3,31.4,156.6,1.01,6.4,Cashewnut
183.4,36.3,182.4,1.09,5.6,Cashewnut
171.2,35.8,155.5,0.92,6,Cashewnut
272.7,45.7,250,1.5,5.5,Cashewnut
92.2,15,94.7,0.54,5.2,Cashewnut
200.3,34.2,180.5,1.09,6.2,Cashewnut
265.6,44.7,250,1.49,6.3,Cashewnut
246.1,40.6,206.9,1.34,5.1,Cashewnut
258.4,42.1,216.8,1.39,5.4,Cashewnut
130,15,129.6,0.58,6.3,Cashewnut
236.3,38.5,223.8,1.31,6,Cashewnut
267.9,38.7,223.6,1.31,6.4,Cashewnut
94.7,17.9,80,0.53,5.7,Cashewnut
80.2,15,94.9,0.61,6.3,Cashewnut
241.3,36.7,208.7,1.36,6.4,Cashewnut
231.1,38.1,192.7,1.21,6.1,Cashewnut
111.1,15,127.1,0.65,5.1,Cashewnut
88.4,20.3,102.5,0.5,5.8,Cashewnut
128.8,18.2,122.7,0.78,5.1,Cashewnut
261.8,47.2,234.9,1.48,6.1,Cashewnut
235.8,36.1,230.9,1.23,5.2,Cashewnut
131.7,16.3,145.3,0.9,5.3,Cashewnut
104.2,19.2,80,0.55,6.4,Cashewnut
96.3,16.1,113.1,0.66,5.9,Cashewnut
196.6,26.7,180,1.01,6.2,Cashewnut
139.2,19,113.7,0.62,5.1,Cashewnut
80,15,108.1,0.56,5.3,Cashewnut
263.2,50,233.6,1.5,5.2,Cashewnut
112.9,19.7,95.9,0.63,5.4,Cashewnut
264.5,35.3,220.3,1.31,5.2,Cashewnut
159.6,26,151.4,0.95,6.2,Cashewnut
116.6,20.9,113.5,0.61,5.3,Cashewnut
180.8,33.3,177.4,1.05,5.3,Cashewnut
246.9,48.5,226.2,1.34,6.3,Cashewnut
93.4,15,102.6,0.6,6.3,Cashewnut
197.2,34.2,166,1.07,5.4,Cashewnut
95.6,15.6,99.3,0.59,5.3,Cashewnut
150.3,23.3,135.3,0.75,6.3,Cashewnut
171.5,29,126.2,0.87,6.1,Cashewnut
252.7,44.5,244.5,1.43,6.3,Cashewnut
127.4,15,126.1,0.64,5.3,Cashewnut
169.4,24.6,162.9,0.86,6.2,Cashewnut
166.9,24.2,129.9,0.89,5.4,Cashewnut
90.6,15,80,0.61,6.3,Cashewnut
112.3,19.1,119.1,0.68,6.3,Cashewnut
115.5,25.5,108.8,0.69,6,Cashewnut
257.2,39.5,198.7,1.37,5.2,Cashewnut
232.1,35.9,220.6,1.39,5.4,Cashewnut
115.3,15,105.5,0.51,6.3,Cashewnut
85.4,15,101.4,0.5,5.4,Cashewnut
102.5,15.6,110,0.57,5.7,Cashewnut
138.3,17.5,120.9,0.82,5.3,Cashewnut
157,26.5,179.4,0.99,5.2,Cashewnut
197.2,29.4,213.9,1.01,5.6,Cashewnut
275.1,47.3,250,1.47,5.5,Cashewnut
257.1,39.4,348.5,1.05,6,Tapioca
223,35.1,296.1,1.01,6.2,Tapioca
258.1,46,387.3,1.01,5.9,Tapioca
295.7,52.8,363.9,1.34,5.9,Tapioca
229.7,28.1,269.1,0.98,5.7,Tapioca
238.2,34.9,319.2,1.15,5.6,Tapioca
266.1,37.4,347.8,1.08,6.5,Tapioca
175.1,31.7,216.7,0.84,6.3,Tapioca
163.5,29.7,244.2,0.91,5.5,Tapioca
201.8,30.8,264.3,0.95,5.8,Tapioca
290,40.9,390.1,1.2,6.7,Tapioca
238,47.4,390.6,1.12,5.9,Tapioca
214.6,30.8,295.2,0.82,5.9,Tapioca
221.8,32,196.3,0.78,5.8,Tapioca
295.3,40.3,340.7,1.26,6.4,Tapioca
234.2,41.7,343.4,1,6.1,Tapioca
183.5,32.5,278,0.97,5.7,Tapioca
234.8,35.9,333.7,0.98,6,Tapioca
266.8,42.1,320.9,1.19,5.7,Tapioca
151.5,31.5,228.5,0.85,5.8,Tapioca
299.8,51.5,425.2,1.31,5.8,Tapioca
228.3,35.4,258.6,0.94,6.2,Tapioca
262.4,36.7,369.9,1.18,5.7,Tapioca
202.4,38.9,286.6,1.03,6,Tapioca
272,42.4,323.1,0.99,6,Tapioca
265.5,51.9,342,1.05,6.2,Tapioca
296.7,43.6,417.1,1.35,6.3,Tapioca
260.2,41.3,306.8,0.99,5.9,Tapioca
263.6,45,433.6,1.18,6,Tapioca
191.9,31,246.1,0.91,5.7,Tapioca
243.9,41.1,335.5,1.16,6.3,Tapioca
214.9,35.8,299.8,1.04,5.8,Tapioca
212.9,40,283.9,1.13,6.3,Tapioca
180.3,25.2,271.7,0.81,6,Tapioca
260.4,42.5,357.9,1.12,6.3,Tapioca
173.8,36.7,307.4,0.94,6.2,Tapioca
272.1,46.5,352.5,1.23,6.2,Tapioca
287,54.9,329.6,1.32,6.3,Tapioca
239.9,36.3,340.1,0.93,6.3,Tapioca
203.3,38.8,349.9,1.04,6.7,Tapioca
221.9,36.4,332.1,1.04,6,Tapioca
241.9,42.2,311.4,1.09,5.8,Tapioca
199.2,31.6,246.2,0.96,5.6,Tapioca
212.2,41.4,325.8,0.95,5.9,Tapioca
263.4,51.6,339.4,1.27,6.1,Tapioca
165.8,32.3,239.7,0.86,6.5,Tapioca
253.3,41.9,266,1.17,5.8,Tapioca
156.6,28.2,253.4,0.81,5.9,Tapioca
188.2,36,243.1,0.65,5.8,Tapioca
147.1,26.1,258,0.69,5.9,Tapioca
256.3,38,338.1,1.07,5.9,Tapioca
220,40.3,221.7,0.88,5.6,Tapioca
147.3,31.3,158,0.69,6,Tapioca
270.6,49.3,337.4,1.05,5.6,Tapioca
229.5,42.7,393.7,1.04,6.3,Tapioca
242.3,35.5,269.4,0.98,5.6,Tapioca
281.2,50.4,359.8,1.24,5.8,Tapioca
189.3,35.7,253.1,1.02,6,Tapioca
278.8,41.4,307.6,1.3,6,Tapioca
225.4,33.9,313,0.99,5.9,Tapioca
225.6,37.8,284.5,1.06,6.3,Tapioca
127.9,27.8,189.3,0.69,6.4,Tapioca
210,40.1,304.7,1.03,6.2,Tapioca
276.1,50.5,369.3,1.21,5.9,Tapioca
179.1,36.4,202.3,0.81,6.1,Tapioca
216.4,38,280.9,0.98,5.7,Tapioca
226.6,30.7,260.4,0.84,5.8,Tapioca
137.8,34.4,179.2,0.73,6.1,Tapioca
179,34.3,304.5,0.79,5.9,Tapioca
238.3,41.9,291.3,1.09,5.8,Tapioca
223.5,40.9,294,1.07,6.5,Tapioca
242.3,45.5,342.9,0.99,5.9,Tapioca
216.8,35.5,276.9,0.94,6.4,Tapioca
246.5,45.5,340.2,1.16,5.3,Tapioca
233.5,37.5,302.2,0.99,5.7,Tapioca
239.1,42.4,324.4,1.12,5.6,Tapioca
252.8,49.8,323.1,1.13,6.3,Tapioca
204.9,39.1,335.5,1.12,6.4,Tapioca
253.5,37.9,297.6,1.04,6.4,Tapioca
243.9,44.6,355.6,1.27,6.3,Tapioca
324.5,50.8,376,1.28,6.2,Tapioca
263,42.6,397.5,1.13,5.8,Tapioca
210.3,37.8,343.7,1.03,6.4,Tapioca
182.7,25.1,326.2,0.91,5.6,Tapioca
212.1,37.2,318.9,0.99,5.9,Tapioca
219.4,33,275.2,0.95,6.6,Tapioca
200.4,38.6,255.7,0.93,5.9,Tapioca
252.3,43.5,362.4,1.12,6.4,Tapioca
250.5,39.8,342,1.03,5.5,Tapioca
219.9,35.4,267.1,1.02,6.1,Tapioca
237.9,45,336.8,0.91,6.3,Tapioca
262.1,47.6,336.2,1.05,6.1,Tapioca
270.2,47,352.6,1.22,6.2,Tapioca
210.2,31.7,278.1,0.85,5.4,Tapioca
216.9,39.6,283.5,1.08,6.3,Tapioca
220.7,41.1,312.2,0.99,6.2,Tapioca
226.2,40.9,306.9,1.23,5.7,Tapioca
231.8,37.2,357.8,1.16,6,Tapioca
260.5,57.4,401.4,1.33,6.3,Tapioca
201.6,35.9,289.4,1.05,5.8,Tapioca
236.6,32.9,327.2,1.1,6.7,Tapioca
239.3,36.8,293.9,1.09,6.7,Tapioca
151,28.4,150,0.51,6.2,Tapioca
134.8,21,264.3,0.67,5.3,Tapioca
225.5,35,296.5,1.13,5.8,Tapioca
232.2,42.1,253.6,0.92,6.2,Tapioca
163.4,25.5,215,0.65,5.3,Tapioca
302.9,54.2,448.6,1.15,6.3,Tapioca
197,32.6,233.5,0.74,6.5,Tapioca
217.6,40.3,301,1.02,6.1,Tapioca
260.1,45.9,323.5,1.2,6.4,Tapioca
268.5,51.6,391.9,1.2,6.6,Tapioca
163,27,150,0.82,6.2,Tapioca
178.7,27.4,203.1,0.72,6,Tapioca
296.7,47.7,347,1.33,6.2,Tapioca
243.6,39.4,286,1,6.2,Tapioca
232.8,35.5,284.1,1.06,6.6,Tapioca
143.6,21.4,281.7,0.61,5.5,Tapioca
234.5,39.8,329.6,1.03,6.1,Tapioca
166.6,28.1,235,0.79,5.3,Tapioca
185.4,35.2,277,0.88,6.1,Tapioca
206.3,27.3,268.3,0.83,6.6,Tapioca
213.5,34,302.2,0.84,5.3,Tapioca
262.1,46.6,396.7,1.2,6.3,Tapioca
117.6,22.3,205.6,0.61,6.3,Tapioca
257.2,40.4,341.7,1.13,6.5,Tapioca
302.4,46.8,414.1,1.3,5.9,Tapioca
130.7,29.9,166.4,0.71,6.7,Tapioca
279.2,42.6,387.3,1.32,6.3,Tapioca
158.2,30.3,276.2,0.91,6.1,Tapioca
166.1,35.3,269.2,0.75,5.8,Tapioca
153.3,24.6,152.6,0.74,6.5,Tapioca
237.2,42.3,319.7,1.13,6.1,Tapioca
130.8,23.1,232.2,0.68,6.6,Tapioca
222.6,36.5,256.5,1.02,5.7,Tapioca
299.1,48.2,373.4,1.28,6.6,Tapioca
192.4,27.6,275.2,0.84,6.3,Tapioca
113.3,22.5,209.7,0.73,6.2,Tapioca
260.4,38,338.4,1.08,5.4,Tapioca
241.3,34.8,267.5,1.1,6.1,Tapioca
228.1,44.6,321.8,1.05,6,Tapioca
156.4,27.8,246.6,0.75,6.4,Tapioca
233.6,41.2,320,1.19,5.8,Tapioca
211.4,33.9,339.1,0.93,5.6,Tapioca
177.9,35.9,254.2,0.78,6.3,Tapioca
237,42.9,306.9,1.05,6.1,Tapioca
195.4,47.6,296,0.9,5.9,Tapioca
255.3,33,238.5,0.93,5.5,Tapioca
267.5,50,396.2,1.07,6.2,Tapioca
282.4,52.1,380.1,1.42,5.7,Tapioca
297.9,50.4,366.1,1.28,6,Tapioca
177.9,34.5,325.4,0.94,6.3,Tapioca
267.3,42.9,352,1.27,5.9,Tapioca
279.7,49.5,364.8,1.23,6.8,Tapioca
278.7,49.1,336.7,1.21,6,Tapioca
237.9,41.5,360.5,1.13,6.8,Tapioca
108.4,20,187,0.65,6.7,Tapioca
221.6,36.6,314.2,0.95,6.2,Tapioca
193.1,29.6,301.5,0.93,6.5,Tapioca
209,33.1,232.9,1.08,6.4,Tapioca
226.2,40.5,271.6,0.97,5.3,Tapioca
267.6,45.3,417.1,1.14,6.4,Tapioca
209,36.4,250.8,0.95,6.1,Tapioca
220,37.5,367.9,1.01,5.6,Tapioca
243.3,42.6,353.8,1.13,6.1,Tapioca
163.7,30.7,234.6,0.72,6,Tapioca
277,44,298.1,1.11,6.5,Tapioca
224,38.6,282.1,1.14,5.5,Tapioca
255.8,45.7,325.2,0.93,6,Tapioca
187,31.5,175.9,0.8,6.1,Tapioca
161.9,30.5,320.2,0.9,6.8,Tapioca
337.4,54.4,450,1.44,6,Tapioca
282.2,51.4,339.9,1.29,5.4,Tapioca
119.7,24,157.8,0.5,5.9,Tapioca
298.9,49.8,365.8,1.31,5.7,Tapioca
158.2,26.2,196.5,0.64,6.1,Tapioca
299.7,53,357.8,1.16,5.8,Tapioca
143.5,26.7,232.1,0.67,6,Tapioca
172,32.1,219.4,0.84,6.4,Tapioca
263.1,46.6,368.7,1.29,6.1,Tapioca
209.7,38.9,229.4,0.92,6.5,Tapioca
238.6,43.7,313.8,1.11,5.7,Tapioca
208.6,31.4,239.8,0.91,6.6,Tapioca
254.4,43.1,354.5,1.19,5.4,Tapioca
251.5,48.3,317.7,1.21,5.4,Tapioca
290,45.7,388.1,1.35,5.8,Tapioca
274,53.8,346.4,1.38,6.6,Tapioca
278,39.6,444.7,1.21,6.7,Tapioca
239.8,44.4,307.8,1.03,5.8,Tapioca
191.6,29.8,274.8,0.92,6.5,Tapioca
226.5,42.2,263.9,0.91,6.1,Tapioca
296.6,41.7,351.9,1.3,5.1,Tapioca
224.5,35.8,294.7,1.04,6.2,Tapioca
245,33.5,287.1,1.05,6.7,Tapioca
285.6,45.8,403.6,1.28,5.8,Tapioca
276.8,49.4,406.2,1.27,6.2,Tapioca
159.1,31.7,241.5,0.86,5.4,Tapioca
204.7,40.5,219.2,0.85,5.9,Tapioca
210.7,25.5,321.2,0.91,6.6,Tapioca
285.4,47.5,330.3,1.19,5.9,Tapioca
279.3,38.4,303.9,1.15,6.1,Tapioca
279.8,44.9,450,1.21,6.3,Tapioca
252.3,46.8,361,1.26,6.6,Tapioca
201.8,27,248,0.89,6.8,Tapioca
292.2,45.9,310.5,1.1,5.7,Tapioca
151.5,30.2,257.1,0.79,6,Tapioca
296.6,56.5,414,1.31,6.1,Tapioca
246.1,44.2,421.5,1.06,6.1,Tapioca
274.3,43.6,322,1.09,6.3,Tapioca
235.7,38.5,307.5,1.13,6.4,Tapioca
211,28,223,0.89,6.3,Tapioca
139.8,27.9,261.3,0.78,6.5,Tapioca
250,39,306.9,0.89,5.9,Tapioca
247.6,39,325,1,5.6,Tapioca
193.8,25,219.2,0.97,6.3,Tapioca
238.1,37,327.2,1.07,6.5,Tapioca
225.2,42.7,254.9,0.99,6,Tapioca
142.3,24.2,205.6,0.5,6.1,Tapioca
190,29.8,232.8,0.99,5.7,Tapioca
209.2,37.5,291.1,0.87,5.4,Tapioca
297,49.7,353.8,1.26,6,Tapioca
255.1,40.1,319.9,1.19,5.7,Tapioca
114.6,20,157,0.59,5.6,Tapioca
229.1,40.1,311.1,1.22,5.9,Tapioca
312.1,51.5,411.3,1.28,6.5,Tapioca
264.1,45.4,355.1,1.13,5.8,Tapioca
269.6,51,345.6,1.07,5.7,Tapioca
311.7,52.6,411.4,1.15,6.1,Tapioca
233.7,39.9,266.6,0.99,5.9,Tapioca
194.3,30.1,292.9,0.81,6.1,Tapioca
191.6,33.6,253.5,0.85,5.5,Tapioca
175,21.8,353.8,0.86,5.3,Tapioca
110.5,33.5,261.3,0.6,6.2,Tapioca
139,24.1,218.6,0.67,5.7,Tapioca
276.3,43.5,383.5,1.23,5.3,Tapioca
293.4,39,339.2,1.38,5,Tapioca
193.5,31,297,0.84,6.2,Tapioca
158.3,30.5,338.8,0.88,6.2,Tapioca
321.8,48.2,367.8,1.32,5.7,Tapioca
187.7,31.3,229.7,0.74,6.3,Tapioca
266.2,45.4,369,1.09,5.6,Tapioca
286.5,43.6,300.1,1.23,5.4,Tapioca
219.6,31.4,326.1,0.87,6.6,Tapioca
275.1,38.5,319.2,1.14,5.2,Tapioca
218.7,34.5,294.2,0.89,6.8,Tapioca
224.1,40.1,291.3,1.1,5.6,Tapioca
219.5,31.8,257.2,0.92,5.9,Tapioca
228.8,28.9,212.7,0.91,6.6,Tapioca
129.9,20.3,187.2,0.58,6.5,Tapioca
227.2,41.6,265.3,1.07,5.7,Tapioca
284.2,55.2,369.4,1.28,5.9,Tapioca
139.4,24.5,243.2,0.79,5.8,Tapioca
218.5,42.2,299.8,1.11,5.9,Tapioca
149.3,32.5,233.1,0.84,5.9,Tapioca
292.5,50.2,405.1,1.42,6.6,Tapioca
208,43.6,305.1,1.07,6.6,Tapioca
300.9,52.4,396.1,1.22,6.2,Tapioca
193.3,41.7,229.9,0.89,6.3,Tapioca
264.9,45.8,324.5,1.21,5.9,Tapioca
134.1,22.9,241.3,0.6,5.5,Tapioca
148.5,30.7,286.1,0.84,6.1,Tapioca
231.5,48.3,356.3,1.19,5.9,Tapioca
240.2,47.6,316.7,1.11,5.9,Tapioca
281.2,55.9,371.1,1.17,5.9,Tapioca
192.4,32.4,188.6,0.73,6.1,Tapioca
221.1,38.9,284.6,0.95,5.5,Tapioca
198.4,28.1,211.3,0.83,6.5,Tapioca
294.1,37.8,450,1.19,5.2,Tapioca
286,45.4,335.7,1.31,6.4,Tapioca
313.8,46.6,364.4,1.2,6.6,Tapioca
194.6,36.3,243.9,0.95,5.9,Tapioca
206.9,36.3,293.1,0.96,5.2,Tapioca
306.4,52.2,385.7,1.34,5.7,Tapioca
138.9,23.3,216.8,0.75,6.6,Tapioca
181.3,29.1,231.8,0.86,6.1,Tapioca
131.8,21.2,198.3,0.56,6.2,Tapioca
234.7,38.8,310.2,0.96,5.8,Tapioca
179.2,33.6,242.6,0.94,6.2,Tapioca
239.4,39.3,350.2,1.07,6.3,Tapioca
315.3,52.8,392.6,1.38,5.6,Tapioca
280.2,51,329.3,1.33,5.8,Tapioca
261.7,45.8,370.6,1.12,6.3,Tapioca
226.7,38.9,284.6,0.94,6,Tapioca
288.3,40.8,322.3,1.24,6.4,Tapioca
186.7,42.2,246.4,0.88,6,Tapioca
191.7,33,351.9,0.91,5.6,Tapioca
235.2,41.3,358.7,1.2,6.7,Tapioca
268,51.3,365.4,1.26,5.9,Tapioca
259.7,41.5,241.4,1.14,5.7,Tapioca
264.2,38.5,284.4,1,6.3,Tapioca
168.6,38.6,258.8,0.77,6.2,Tapioca
153.7,29.4,243.8,0.73,6.4,Tapioca
232.2,44.2,342.8,1.26,6.5,Tapioca
292.7,48.7,404.2,1.27,6.4,Tapioca
189.3,33.7,235.4,0.89,6,Tapioca
224.3,42.5,353.8,1.1,6.2,Tapioca
155.4,20.4,274.5,0.67,5.6,Tapioca
281.4,42.9,335.7,1.27,5.7,Tapioca
173.2,25,250,0.87,6.5,Tapioca
215.9,36.9,233.5,0.88,6,Tapioca
157.4,26.2,283.6,0.66,5.7,Tapioca
216.5,42.7,342.7,1.11,6.1,Tapioca
208.7,36.8,270.8,0.89,5.9,Tapioca
275.4,53.7,340.5,1.26,5.9,Tapioca
210.8,30.2,240.2,0.98,6.6,Tapioca
218.2,33.4,246.3,0.79,6.5,Tapioca
226.7,37.3,304.4,1.03,5.5,Tapioca
208,33.3,256.7,0.84,5.8,Tapioca
272.6,45.3,366.2,1.22,5.6,Tapioca
185.5,40.7,325.4,1.1,6,Tapioca
168.4,32.1,286.5,0.94,5.7,Tapioca
207.1,34.1,319.3,0.9,5.8,Tapioca
148.4,26.9,244.9,0.53,6.2,Tapioca
186.8,32.7,212.7,0.72,5.7,Tapioca
312.4,54.1,373.8,1.38,5.9,Tapioca
231.3,39.1,322.7,1.24,6.5,Tapioca
248.5,39.6,316.1,1.04,5.5,Tapioca
131,24.6,207.5,0.72,5.5,Tapioca
157,33.1,219.6,0.69,6.4,Tapioca
245.4,46.8,337.7,1.2,6.3,Tapioca
282.1,52.8,392.4,1.24,6.1,Tapioca
224.5,44.7,275.9,1.08,6.1,Tapioca
242.2,35.6,267.9,0.98,6.7,Tapioca
118.4,20,197,0.56,5.4,Tapioca
251.9,44.3,347.7,1.14,5.7,Tapioca
259,37.2,350.4,1.25,6.5,Tapioca
227.1,42.9,274.3,1.08,6.2,Tapioca
303.4,47.8,412.5,1.34,6.4,Tapioca
205,38.3,322.5,0.9,6.2,Tapioca
206.5,28.4,273.4,0.93,6.1,Tapioca
181.3,38.1,306.7,0.95,5.5,Tapioca
245,41,365.4,1.2,6.6,Tapioca
283.8,46.9,327.8,1.09,6.6,Tapioca
305.8,51.8,450,1.25,6,Tapioca
253.1,47.9,363.9,1.33,5.7,Tapioca
266.3,40,400.1,1.19,5.8,Tapioca
200.1,32.1,277,0.88,5.6,Tapioca
272.1,43.2,362,1.13,6.1,Tapioca
256.1,43.7,319.7,1.24,5.2,Tapioca
285.6,43.9,353.5,1.23,5.5,Tapioca
108,24.1,201.8,0.57,5.7,Tapioca
281.3,50.8,382.1,1.25,5.9,Tapioca
130.1,20.9,240.6,0.78,6.5,Tapioca
181.2,36,217.3,0.8,6.2,Tapioca
133.5,22.1,261.9,0.69,5.7,Tapioca
221.8,39.9,408.1,1.05,5.4,Tapioca
175.9,22.3,246.3,0.81,6.5,Tapioca
193.6,34.5,283,0.84,6,Tapioca
305.3,49.8,373.1,1.46,6.3,Tapioca
175.9,30.2,293.2,0.91,6,Tapioca
264,44.3,376.3,1.25,6.9,Tapioca
160.8,25.5,211.4,0.73,6.5,Tapioca
285.7,42.8,370.4,1.24,7,Tapioca
111.8,26.8,150,0.56,5.5,Tapioca
258.9,34.7,367.6,1.27,6.6,Tapioca
349.7,57.4,450,1.34,6.4,Tapioca
162.6,23.4,184.8,0.73,5.1,Tapioca
174.6,31.1,330.7,0.9,6.2,Tapioca
269.7,33.9,318,1.18,6.9,Tapioca
258.1,36.7,331.5,1.11,5.7,Tapioca
172.8,25.1,274,0.81,6.8,Tapioca
295.8,42.7,402.4,1.36,5.3,Tapioca
247.5,46.5,344.9,1.03,5.5,Tapioca
152.7,30,263.4,0.95,5.5,Tapioca
139,20,238.1,0.68,5.4,Tapioca
145.5,20,181,0.53,6.9,Tapioca
311.5,45,342.9,1.28,6.7,Tapioca
100,24.5,172.4,0.5,6.5,Tapioca
150.1,27.2,257.1,0.93,5.4,Tapioca
202.7,33.7,264.5,0.87,5.1,Tapioca
145.3,23.3,213.7,0.62,6.5,Tapioca
205.3,21.2,316.3,0.85,5.4,Tapioca
257.5,37.9,335.1,1.01,5.3,Tapioca
170.9,32,254.5,0.8,6.6,Tapioca
198.7,36.4,380.3,0.91,5.9,Tapioca
341.1,53.9,450,1.5,5.1,Tapioca
112.8,24.4,156.2,0.5,6.1,Tapioca
267.6,40.3,327.3,1.21,6.9,Tapioca
312.8,48.4,410.9,1.32,5.5,Tapioca
230.7,32.2,306.4,0.94,6.6,Tapioca
315.4,50.2,432.5,1.33,7,Tapioca
122.8,21.4,156.2,0.59,5.9,Tapioca
272,41.9,319.7,1.07,6.2,Tapioca
344.6,58.5,450,1.36,6.2,Tapioca
135.9,22.5,217.5,0.72,6.9,Tapioca
183.9,28.2,327.9,0.87,6.7,Tapioca
238.8,43.6,341.6,0.98,6.5,Tapioca
137.8,21.4,181.2,0.64,6.8,Tapioca
219.9,34,317.1,0.99,5.6,Tapioca
273.7,44.3,362.4,1.26,5.7,Tapioca
187.9,30.4,257.2,0.85,6.6,Tapioca
337,52.3,411.7,1.47,6.5,Tapioca
350,57.9,388.5,1.5,6.6,Tapioca
274.4,37.4,326.9,1.07,5.2,Tapioca
127,20,196.5,0.64,5.1,Tapioca
199,29.5,251.5,0.78,5.1,Tapioca
339.6,50.7,362.6,1.5,6.8,Tapioca
143,25.4,168.2,0.51,6.9,Tapioca
153.9,30.2,167.4,0.69,6.7,Tapioca
157.6,22.7,213.1,0.63,5.4,Tapioca
205.5,36,266.7,1.02,6.5,Tapioca
350,60,450,1.48,5.3,Tapioca
253.2,40.6,372.7,1.17,5.3,Tapioca
136.9,20,150,0.69,5.4,Tapioca
345.5,50.2,429.5,1.48,6.8,Tapioca
266.4,45,344.3,1.21,5.5,Tapioca
124.1,23.1,213.3,0.63,6.7,Tapioca
290.1,47.2,442.1,1.36,5.5,Tapioca
221.8,43.4,324,0.9,6.3,Tapioca
110.7,25.8,150,0.52,6.2,Tapioca
287.2,48.6,400.7,1.23,5.8,Tapioca
310.7,47.2,388,1.12,5.7,Tapioca
119.6,20,195.9,0.5,6.6,Tapioca
154.8,21.4,150,0.65,5.5,Tapioca
166.7,24.6,251.9,0.75,5.8,Tapioca
286.3,46,402.1,1.33,5.7,Tapioca
124.6,20,150,0.5,6.6,Tapioca
114.9,20,150,0.63,5.8,Tapioca
348.8,58.4,360.2,1.45,6.7,Tapioca
139.1,23.4,227.5,0.65,6.2,Tapioca
190.3,31.1,293.1,0.94,6.8,Tapioca
315.2,48.5,430.3,1.23,6.9,Tapioca
335.3,57.6,411.5,1.48,6.2,Tapioca
146.4,20,150,0.5,5.8,Tapioca
146.1,20,263.8,0.66,6.9,Tapioca
266.6,41.9,343.2,1.22,6.7,Tapioca
306.3,46.1,415.4,1.15,5.5,Tapioca
324.1,50.2,424.9,1.39,6.8,Tapioca
203.1,27,268.2,0.96,5.1,Tapioca
139.6,26,214.8,0.68,6.2,Tapioca
132.2,20,243.3,0.61,6.7,Tapioca
276.4,47,302.6,1.07,6.1,Tapioca
322.9,59.8,448.4,1.47,6.3,Tapioca
223.6,40.4,286,0.99,6.7,Tapioca
114.5,20,154.5,0.54,5.3,Tapioca
183.3,37.8,228.3,0.76,5.7,Tapioca
287.3,43.3,348.5,1.22,6.5,Tapioca
161.6,29.3,215.4,0.72,5.5,Tapioca
209.7,25,301.2,0.94,6.7,Tapioca
219.4,31.4,253.6,0.97,6.3,Tapioca
194,22.4,216.9,0.76,5.2,Tapioca
144.2,34.1,252.1,0.67,5.8,Tapioca
273.7,46,402.5,1.16,6.6,Tapioca
175.9,33.6,326.4,0.89,6.1,Tapioca
124.6,20,177.1,0.57,5.2,Tapioca
134.6,20,196.2,0.83,5.1,Tapioca
280.7,47.8,324.9,1.25,5,Tapioca
209.5,30,288.4,1.05,6.8,Tapioca
350,52.8,420.5,1.28,6.5,Tapioca
149.2,20,233.5,0.64,5.5,Tapioca
198.6,25.6,269,0.88,6.7,Tapioca
150.5,23.1,167.6,0.79,6.5,Tapioca
188.2,33.5,229.9,0.89,6.9,Tapioca
196.4,32.4,247.6,0.88,5.7,Tapioca
134.6,20,293,0.57,5.3,Tapioca
315.4,53,403.3,1.49,6.5,Tapioca
247.7,48.3,296.2,1.18,6.3,Tapioca
188.8,26.2,211.6,0.95,6.6,Tapioca
233.9,41.9,295.3,1.03,6.6,Tapioca
203,26.6,248.1,0.75,5.1,Tapioca
125,20,150,0.5,6.4,Tapioca
137.7,20,204.7,0.53,5.9,Tapioca
350,51.2,373.8,1.41,6.4,Tapioca
291.5,54.2,433.2,1.47,5.7,Tapioca
339.1,54.6,376.3,1.26,5.8,Tapioca
141.8,21.6,233.7,0.83,5.2,Tapioca
317.7,44.9,354.2,1.21,5.8,Tapioca
212.3,34.9,261.4,0.87,5.6,Tapioca
167.9,28.5,231.5,0.96,5.2,Tapioca
264.1,43.1,333.4,1.11,6.4,Tapioca
184.2,26.8,269.5,0.76,5.5,Tapioca
338.7,55,392.6,1.41,5.3,Tapioca
326.1,51.2,388.1,1.45,5.5,Tapioca
308.2,51.8,415,1.38,6.7,Tapioca
284.9,52.6,384.7,1.35,5.8,Tapioca
266.6,39.7,324.9,1.19,5.7,Tapioca
348.6,49.8,370.7,1.41,5.1,Tapioca
175.5,35.6,235.9,0.88,6,Tapioca
214,32.4,359.1,1.06,5.3,Tapioca
100,25.2,183.7,0.61,5.5,Tapioca
252.6,46.9,341.7,1.08,5.9,Tapioca
204.7,35.8,259.2,0.88,6.1,Tapioca
153.1,25.8,241.3,0.83,5,Tapioca
327.5,52.6,413.5,1.35,5.8,Tapioca
140.4,20,189.3,0.58,5.3,Tapioca
246.2,38.4,351,1,6.2,Tapioca
142.6,24.5,273.1,0.85,6.2,Tapioca
107.2,20,168.5,0.59,6.8,Tapioca
268.2,47.3,388.3,1.22,6.7,Tapioca
102.6,20,150,0.56,5.4,Tapioca
263.9,45.8,389.8,1.11,5.7,Tapioca
293.8,53.9,450,1.43,5.8,Tapioca
350,50.5,391.2,1.5,5.4,Tapioca
340.6,50.4,437.4,1.41,6.3,Tapioca
193,26.9,241.9,0.87,5.1,Tapioca
161.9,26.8,188,0.68,5.6,Tapioca
148.5,26.1,220.6,0.86,6.5,Tapioca
123.6,23.2,172.1,0.52,5.8,Tapioca
333.9,56.9,412.8,1.4,6.4,Tapioca
236.1,34.4,303.1,1.01,7,Tapioca
212.5,49.2,271.5,1.03,6.4,Sweet Potato
133.2,35.1,202.7,0.74,6.5,Sweet Potato
230,41.6,231.5,0.91,6,Sweet Potato
248.3,50.6,290,0.98,6.4,Sweet Potato
190.9,32.7,170.8,0.75,6.1,Sweet Potato
220.2,45.5,244.6,1.01,6.4,Sweet Potato
181.3,35.4,204.7,0.72,6.4,Sweet Potato
145.4,24.7,145.9,0.6,5.9,Sweet Potato
266.5,57.3,336.7,1.11,6,Sweet Potato
211.4,43.9,238.5,0.86,6.4,Sweet Potato
163,34.6,225.5,0.79,6.5,Sweet Potato
137,42.3,122.8,0.77,6.2,Sweet Potato
152.2,39,183.2,0.69,6.4,Sweet Potato
240.3,42.1,215.6,0.97,6.3,Sweet Potato
141.1,30.8,166.1,0.75,6.3,Sweet Potato
189.2,37.1,241,0.93,6.5,Sweet Potato
231.2,51.4,257.5,0.94,6.3,Sweet Potato
267.1,56.7,282.8,0.97,6.3,Sweet Potato
261.5,52,286,1.01,6.3,Sweet Potato
226.9,43.1,209.2,0.93,6.1,Sweet Potato
163.3,31.5,207.3,0.75,6.5,Sweet Potato
237,45.5,268.3,1.01,6.5,Sweet Potato
211,39.1,250.1,0.9,6.1,Sweet Potato
251.7,45.6,275.4,1.03,6.2,Sweet Potato
117.9,29.5,145.5,0.65,6.2,Sweet Potato
180.6,32.5,164.9,0.81,6.3,Sweet Potato
121.1,20.2,127.4,0.65,6.5,Sweet Potato
168.9,32,195.1,0.78,6.2,Sweet Potato
223.8,43.4,262.3,1,6.1,Sweet Potato
217.7,47.9,258.4,0.85,6.1,Sweet Potato
150.2,39.6,232.9,0.91,6.5,Sweet Potato
159.8,28,156.4,0.79,6.5,Sweet Potato
209.9,45.1,201.1,0.88,6.2,Sweet Potato
165,34.6,227.8,0.79,6.3,Sweet Potato
141.3,29.4,152.5,0.78,6.4,Sweet Potato
126.5,20,140.1,0.6,6.2,Sweet Potato
228.1,41.6,230.5,0.97,6.5,Sweet Potato
143,27.8,209.1,0.72,5.9,Sweet Potato
206.1,53.2,240.9,0.96,6,Sweet Potato
243.6,44.3,298.2,1.05,6.5,Sweet Potato
201.5,35.1,178.8,0.84,6.6,Sweet Potato
249.2,48.7,307.1,0.95,6.3,Sweet Potato
230.4,48.5,244.2,0.93,6.3,Sweet Potato
231.5,49,236.3,0.92,6.2,Sweet Potato
213.6,40.8,220.3,0.91,5.9,Sweet Potato
239.5,53.1,250.7,0.96,6.2,Sweet Potato
135.4,33.5,192.1,0.76,6.3,Sweet Potato
198.2,41,243.7,0.86,6.3,Sweet Potato
216.5,43.3,233.2,0.99,6.7,Sweet Potato
195.8,32.9,270,0.86,5.8,Sweet Potato
205,32.3,239.1,0.82,6.1,Sweet Potato
185.7,29.6,183.8,0.72,6.1,Sweet Potato
113.5,21.4,130.5,0.57,6.1,Sweet Potato
194.2,52.7,242.5,0.87,6.1,Sweet Potato
173.8,39.4,243.6,0.81,6.2,Sweet Potato
208.5,37.8,214.2,0.88,6.6,Sweet Potato
193.4,38.6,248.4,0.95,6.2,Sweet Potato
245,59.1,266.9,1.02,6.6,Sweet Potato
196.6,37.2,212.7,0.88,6.4,Sweet Potato
249.7,42.4,326.7,0.95,5.8,Sweet Potato
189.4,38.2,259.5,0.88,6,Sweet Potato
189.8,34.6,210.5,0.82,6.2,Sweet Potato
242.2,54.1,297.5,1.17,5.9,Sweet Potato
246.3,57,297,1,5.8,Sweet Potato
166.7,34,235.5,0.78,6.1,Sweet Potato
154.7,29.7,144,0.74,6.1,Sweet Potato
221.8,43.3,252.3,1.03,6.4,Sweet Potato
132.2,30.5,142.4,0.78,6.5,Sweet Potato
147.9,28,129.8,0.68,6.2,Sweet Potato
212.6,39.1,249.3,0.91,5.8,Sweet Potato
230.2,46.8,297,0.97,5.9,Sweet Potato
217.5,45.7,187.7,0.94,6.3,Sweet Potato
155.9,34,201.6,0.85,6.3,Sweet Potato
222.2,45,216.6,0.78,6.1,Sweet Potato
138.6,42,230.8,0.69,6.4,Sweet Potato
247.4,49.3,267,0.98,6,Sweet Potato
204.8,45.4,270.9,1.02,5.9,Sweet Potato
199.4,41,294.6,1.03,6.4,Sweet Potato
162.9,32.4,212.3,0.78,6.4,Sweet Potato
134.4,25.3,148.8,0.63,6.1,Sweet Potato
197.4,44.6,219.1,0.9,6.2,Sweet Potato
214.9,44.2,244.7,1.04,6.5,Sweet Potato
168,34.2,146.3,0.69,6.5,Sweet Potato
148.6,28.8,105.5,0.72,6.4,Sweet Potato
213.9,41.9,221.6,0.93,6.3,Sweet Potato
173.1,23.1,186.1,0.7,5.8,Sweet Potato
172.1,36.3,211.9,0.84,5.9,Sweet Potato
226.3,46.4,252.9,0.93,6.1,Sweet Potato
244,46.2,252.9,0.9,6.5,Sweet Potato
211.3,39.8,272.4,0.88,6.2,Sweet Potato
148.7,35.7,183.2,0.82,6,Sweet Potato
157,28.9,191.1,0.7,6.5,Sweet Potato
213.1,49.2,282.2,1.03,6,Sweet Potato
154.2,33.6,208.3,0.81,6.4,Sweet Potato
198,39.3,286.7,0.9,6.6,Sweet Potato
162.9,34.1,291.8,0.82,6.5,Sweet Potato
198.3,33.1,272.7,0.82,6.4,Sweet Potato
160.3,36.6,174.5,0.76,6.3,Sweet Potato
265.6,58.6,303.5,1.01,6.3,Sweet Potato
143.6,26.9,130.7,0.73,6,Sweet Potato
148.2,35,219,0.69,6.3,Sweet Potato
214.2,40.6,243.3,0.89,6.3,Sweet Potato
180,31.4,252.5,0.93,6.6,Sweet Potato
207.1,34.7,216.5,0.82,6.6,Sweet Potato
262.4,49.1,327.5,1.07,6.6,Sweet Potato
192.3,43.5,263.7,0.89,6,Sweet Potato
268.4,52.6,298.2,1.15,6.5,Sweet Potato
216.5,39.8,227.8,0.96,6.6,Sweet Potato
203.8,31.3,231.3,0.84,5.9,Sweet Potato
101.9,20,109.7,0.57,6.7,Sweet Potato
209.4,45.4,211.9,0.94,5.9,Sweet Potato
217,41.8,308.5,0.95,6.1,Sweet Potato
203.6,42.1,227,0.94,6.1,Sweet Potato
179.9,36.2,170.6,0.79,6.1,Sweet Potato
250.1,51.3,259.3,1.02,5.9,Sweet Potato
211,45.4,248.8,0.91,6.4,Sweet Potato
227.6,39.7,203.2,0.95,6.8,Sweet Potato
267.5,48.8,291.9,1.1,5.9,Sweet Potato
126,26.6,154.4,0.68,6.5,Sweet Potato
157.5,31.3,187.9,0.86,6.1,Sweet Potato
180.1,32.7,203.1,0.79,5.9,Sweet Potato
168.5,37.2,222.9,0.75,6.4,Sweet Potato
256.4,42.4,304.5,1.05,6.6,Sweet Potato
205,44.7,252,1,6.7,Sweet Potato
208.2,40.6,249.8,0.98,6,Sweet Potato
216.9,47.3,241.2,0.91,6.4,Sweet Potato
218.8,46,242.1,1.01,6.1,Sweet Potato
273.7,43.5,317.2,1.01,6.2,Sweet Potato
199.6,38.2,180.8,0.77,6.1,Sweet Potato
255.5,40.9,255.8,0.95,6.2,Sweet Potato
271.5,60,350,1.17,6.2,Sweet Potato
233.7,54.6,266.9,1.01,6.1,Sweet Potato
219.5,45.8,221.1,0.9,6.3,Sweet Potato
148.8,31.6,169.4,0.72,5.9,Sweet Potato
190.1,33.6,203.6,0.85,6.7,Sweet Potato
253.7,48.8,257.7,0.94,5.8,Sweet Potato
245.3,44.9,311.4,1.01,6.5,Sweet Potato
177.2,38.2,187.9,1.01,6.1,Sweet Potato
230.9,45.2,239.4,0.99,6.2,Sweet Potato
115,20,100,0.6,6.6,Sweet Potato
271.9,56.5,334.3,1.17,6.9,Sweet Potato
275.4,56.7,300.8,1.12,6.4,Sweet Potato
167.4,29,252.4,0.8,5.7,Sweet Potato
233.4,53.7,304.6,1.08,6,Sweet Potato
202.4,35.5,207.1,1,5.7,Sweet Potato
198.9,46.5,295.9,0.92,6.3,Sweet Potato
242.8,44.7,270.4,0.96,6.1,Sweet Potato
217.7,50.7,262.2,0.97,6.3,Sweet Potato
206.3,41.1,179.3,0.88,6.6,Sweet Potato
183,39.2,240.1,0.9,6.1,Sweet Potato
252.5,45.5,250.7,0.98,6.8,Sweet Potato
138.8,27.3,168.9,0.71,6.1,Sweet Potato
291.3,56.9,350,1.1,6.6,Sweet Potato
169.6,31.5,194.2,0.7,5.8,Sweet Potato
221.4,44.8,264.7,1.01,6.5,Sweet Potato
102.1,20,143.5,0.63,5.7,Sweet Potato
189,36.6,240.4,0.94,5.9,Sweet Potato
227.2,46.7,326.5,0.97,6.1,Sweet Potato
173.4,29.8,162.1,0.78,5.8,Sweet Potato
159.3,33.9,217.6,0.9,5.8,Sweet Potato
176.6,36.4,235.8,0.81,5.9,Sweet Potato
219.6,49.9,279.1,1.05,6.5,Sweet Potato
265.7,48.2,272.3,1.01,6.6,Sweet Potato
262.8,45.9,272.5,1.1,6.4,Sweet Potato
261.4,54.8,350,1.12,6.3,Sweet Potato
192.3,41.4,244.9,0.91,6.4,Sweet Potato
157.7,32.4,197.4,0.78,6.3,Sweet Potato
171.3,31.4,187.8,0.65,6.4,Sweet Potato
86,28.8,176.3,0.63,6.2,Sweet Potato
158.5,38.8,209.1,0.84,6.1,Sweet Potato
207.4,34.2,238.8,0.85,6.2,Sweet Potato
194.7,30.6,222.8,0.87,5.8,Sweet Potato
230.1,34.1,240.9,0.94,6.7,Sweet Potato
146,31,151.3,0.67,6.9,Sweet Potato
130.7,29.1,209.4,0.62,6.2,Sweet Potato
158.8,32.6,223.9,0.67,6.5,Sweet Potato
216.7,37.4,260.5,0.97,5.9,Sweet Potato
260.6,48.6,305.2,1.05,6.5,Sweet Potato
80,20.6,106.3,0.57,6,Sweet Potato
146.9,29.5,168.9,0.61,6.1,Sweet Potato
241.8,44.6,270,0.93,6.2,Sweet Potato
175.1,37,190,0.84,6.4,Sweet Potato
269.7,49.9,317.9,1.07,6,Sweet Potato
89.3,30.1,101.4,0.57,6.1,Sweet Potato
223.4,41.8,203.8,0.91,6,Sweet Potato
156.9,29.7,192.6,0.76,5.8,Sweet Potato
195.4,28.3,280.6,0.83,6.7,Sweet Potato
219.2,36,185.2,0.89,5.9,Sweet Potato
199.3,46,239.2,0.84,6.1,Sweet Potato
149.7,34.4,174.8,0.65,5.9,Sweet Potato
232.8,44.2,271.6,0.9,6.8,Sweet Potato
174.4,34.6,184.4,0.71,6.1,Sweet Potato
114.9,22.3,151,0.63,6.4,Sweet Potato
192.6,43.8,254.7,0.95,6.6,Sweet Potato
172.6,34.5,238.2,0.84,6.5,Sweet Potato
220,42.4,232.2,1.01,6,Sweet Potato
271.4,49.8,322.9,1.02,6.3,Sweet Potato
179,34.9,207.6,0.8,6.6,Sweet Potato
194.9,42.2,200.4,0.92,6.4,Sweet Potato
225.3,43.7,256.2,0.95,5.7,Sweet Potato
257.9,46.3,330.9,1.14,5.9,Sweet Potato
101.4,20.4,100,0.58,6.1,Sweet Potato
141.5,34,215.2,0.82,6,Sweet Potato
173.3,44.7,236.8,0.81,6.7,Sweet Potato
189.1,34,230.9,0.86,6.3,Sweet Potato
211,40.7,246.7,0.92,6.8,Sweet Potato
253.2,50.1,278.4,0.99,6.3,Sweet Potato
224.6,41.9,236.6,1,6.3,Sweet Potato
171.2,36.7,181.7,0.69,6.2,Sweet Potato
132.9,27.4,203.1,0.77,6.4,Sweet Potato
239.8,43,293.6,1.01,5.7,Sweet Potato
176.4,33.8,195.3,0.81,6.6,Sweet Potato
200.4,46.3,334.3,0.89,6.5,Sweet Potato
255,51.3,332.8,1.03,6,Sweet Potato
113.1,20,103.5,0.61,5.8,Sweet Potato
165.2,31.8,187.5,0.85,6.4,Sweet Potato
235.7,54.9,350,1.1,6,Sweet Potato
185.4,42.6,246.5,0.9,6.5,Sweet Potato
252.7,52.6,246.1,1.11,6.4,Sweet Potato
147.8,29.5,156.4,0.64,6.4,Sweet Potato
202.1,36.9,215.6,0.88,6.4,Sweet Potato
244.2,40.9,266.9,1.02,6.3,Sweet Potato
207.7,47.5,293.6,1.03,6.1,Sweet Potato
224.9,47.5,287,0.99,6.7,Sweet Potato
166.1,33.3,226.2,0.85,6,Sweet Potato
233.3,44.1,271.1,0.95,6.7,Sweet Potato
181,33.8,205.3,0.83,6.7,Sweet Potato
173,35.9,275.9,0.8,6.3,Sweet Potato
223.4,44.8,250.5,0.97,5.8,Sweet Potato
149,33.4,163.8,0.76,5.9,Sweet Potato
208.3,35,337.4,0.9,5.7,Sweet Potato
181.7,39.7,249.1,0.86,6,Sweet Potato
92.2,20.9,139.5,0.56,6,Sweet Potato
171.3,35.9,200.2,0.89,5.8,Sweet Potato
226.3,43.2,283.1,0.97,6.9,Sweet Potato
93.7,20,176.4,0.59,6.2,Sweet Potato
150,33.3,172.4,0.65,6.3,Sweet Potato
240.3,49.3,304.5,1.04,6.7,Sweet Potato
277.8,50.3,350,1.04,6.8,Sweet Potato
96.4,24.7,108.2,0.56,6.2,Sweet Potato
193.2,36.8,189.2,0.81,6.4,Sweet Potato
248.7,45.6,309.1,1.06,6.5,Sweet Potato
134,22.3,195.1,0.65,6.2,Sweet Potato
246.7,46.1,312.5,1,5.7,Sweet Potato
223.8,42.2,233.2,0.92,5.9,Sweet Potato
251,48.8,309.5,1.18,6.4,Sweet Potato
178.9,35,226.5,0.87,6.6,Sweet Potato
125.4,26.5,149.1,0.6,6.3,Sweet Potato
216.3,36.6,277.3,0.9,5.9,Sweet Potato
181.6,38.6,214.9,0.85,6.7,Sweet Potato
138.1,31.2,246.1,0.72,6.1,Sweet Potato
273.4,43.6,328.8,1.2,6.8,Sweet Potato
243.6,41.5,276.3,1.06,5.9,Sweet Potato
225.6,47.5,242.7,0.9,6.4,Sweet Potato
257.5,55.4,285.7,1.12,6.3,Sweet Potato
160.1,30.3,197.2,0.79,5.9,Sweet Potato
246.3,44.6,294,1.01,6.5,Sweet Potato
249.6,49.4,318.6,0.97,6.3,Sweet Potato
207.3,38.1,248.1,0.93,5.9,Sweet Potato
198.2,44.8,244.6,0.9,6.2,Sweet Potato
142.6,36.2,230,0.88,5.9,Sweet Potato
161.3,32.9,216.7,0.74,6.3,Sweet Potato
175.5,30.7,180.5,0.72,5.7,Sweet Potato
169,39.3,203.2,0.82,6,Sweet Potato
142,34.8,204.4,0.81,6.1,Sweet Potato
123.8,27.9,130.7,0.68,5.9,Sweet Potato
148.4,27.2,160.2,0.7,6.2,Sweet Potato
251.3,44.1,325.5,0.98,6.2,Sweet Potato
198.1,36.6,199.8,0.89,6.2,Sweet Potato
103.4,28.7,160.7,0.6,6.1,Sweet Potato
223,44.9,262.6,0.9,6.5,Sweet Potato
175.2,38.5,251.1,0.85,6.1,Sweet Potato
165.6,24.6,218.5,0.75,6.5,Sweet Potato
189.1,37.7,217.1,0.9,5.7,Sweet Potato
135.2,22.6,170.1,0.59,5.7,Sweet Potato
177.7,34.4,229.5,0.84,6.1,Sweet Potato
154.1,31.6,230.8,0.78,5.9,Sweet Potato
175.2,34,172.1,0.73,6.2,Sweet Potato
226.9,45.4,283.1,0.87,6.1,Sweet Potato
224.7,42.1,273.7,0.9,6.5,Sweet Potato
205.5,49.6,288.5,0.96,6.4,Sweet Potato
198.8,36.5,233.9,0.85,5.8,Sweet Potato
293.8,59.2,309.5,1.16,6.2,Sweet Potato
235.6,52.1,276.9,1.05,6.5,Sweet Potato
173.3,36.6,210.6,0.88,6.3,Sweet Potato
129.1,20,151.8,0.6,6.7,Sweet Potato
235.3,48.3,278.3,1.06,6.2,Sweet Potato
137.4,26.1,126.3,0.66,5.7,Sweet Potato
257.3,48,340.7,1.06,6.4,Sweet Potato
227.5,41.4,321.9,0.89,5.8,Sweet Potato
242.5,43,245.6,0.98,5.6,Sweet Potato
195.4,31.6,229.5,0.81,5.9,Sweet Potato
191.4,36.6,229.1,0.85,6.5,Sweet Potato
114.2,20,122.8,0.57,6.6,Sweet Potato
139.8,31.1,126.8,0.64,6.5,Sweet Potato
127.1,21.5,145.7,0.61,6.7,Sweet Potato
203.3,39.9,209.9,0.86,6.4,Sweet Potato
114.4,22.8,107.4,0.64,6.6,Sweet Potato
202,38.6,224.4,0.88,6.4,Sweet Potato
226.1,44.8,216.7,0.96,5.9,Sweet Potato
285.5,54.2,298.8,1.14,6.1,Sweet Potato
248.9,44.4,240.8,0.97,6.5,Sweet Potato
248.6,44.7,216.2,0.94,5.9,Sweet Potato
282.3,59.4,300.1,1.12,6.4,Sweet Potato
98.7,27.6,127.1,0.56,6,Sweet Potato
140.8,31,129.9,0.7,6,Sweet Potato
175.3,40.2,288.3,0.84,6.2,Sweet Potato
157.9,27.1,213.9,0.72,6,Sweet Potato
235.4,51.9,230,0.99,6.3,Sweet Potato
167.9,37.6,222.6,0.76,6.1,Sweet Potato
115.3,29.8,170.5,0.63,5.9,Sweet Potato
135.9,24.3,174.9,0.69,6.3,Sweet Potato
238.7,40.3,260,1.01,6.5,Sweet Potato
204.6,39.2,268.9,0.83,6.5,Sweet Potato
168.2,32.3,177.6,0.83,6.5,Sweet Potato
243.9,50.4,350,1.11,6.1,Sweet Potato
131.4,28.4,171.3,0.65,6.3,Sweet Potato
110.4,20,188.2,0.66,6.7,Sweet Potato
127.7,33.7,156.8,0.73,6.2,Sweet Potato
215.9,38.9,217.2,0.87,6.5,Sweet Potato
261.8,52.2,272.5,0.95,6.1,Sweet Potato
147.9,38.2,239.8,0.75,6.1,Sweet Potato
276.4,47.9,261.9,1.11,6.2,Sweet Potato
289.8,51.6,330,1.12,6.7,Sweet Potato
231.4,36.7,248.3,0.99,6.8,Sweet Potato
262.8,47.1,301.5,0.91,5.6,Sweet Potato
215.9,41.2,272.6,0.95,6.1,Sweet Potato
220.3,46.1,255.7,0.84,6.4,Sweet Potato
186.1,34.7,199.3,0.81,5.8,Sweet Potato
204.1,37.9,255.9,0.91,6.3,Sweet Potato
219.3,45,222.7,0.9,6.2,Sweet Potato
115.9,23,140.4,0.64,6.3,Sweet Potato
212.2,48.8,253.6,0.85,6.3,Sweet Potato
212.8,50.2,219.9,0.94,6.2,Sweet Potato
142.1,27.7,211.6,0.72,6.1,Sweet Potato
147.3,24,130.2,0.63,6.7,Sweet Potato
205.9,32.8,249.1,0.98,6.8,Sweet Potato
207.6,38.4,303.1,0.87,6.1,Sweet Potato
217.7,46.4,259.1,1.03,6.3,Sweet Potato
179.6,28.8,194.9,0.66,5.7,Sweet Potato
235.6,44.3,264.7,0.89,5.9,Sweet Potato
172.6,35.3,256.5,0.83,6.2,Sweet Potato
238.2,54.1,312.5,1.04,6.3,Sweet Potato
164.7,37.6,224.8,0.81,6.6,Sweet Potato
151.3,29,199.2,0.73,6.7,Sweet Potato
219.3,36.2,270.5,0.98,5.9,Sweet Potato
249.4,48.7,300,1.03,6.1,Sweet Potato
173.9,28.2,229.1,0.84,6,Sweet Potato
193.9,40.7,221.2,0.9,6.8,Sweet Potato
263.6,51.8,307.6,1.1,6,Sweet Potato
216.7,44.6,242,0.89,6,Sweet Potato
300,52.4,350,1.07,6.1,Sweet Potato
123.6,26.2,168.3,0.56,5.9,Sweet Potato
203.7,36.9,265,0.96,6.9,Sweet Potato
251,53,319.4,1.06,5.7,Sweet Potato
204.4,36.7,250,0.98,6.7,Sweet Potato
133.9,27.2,166.3,0.66,5.8,Sweet Potato
254.7,47.6,275.7,1.1,5.7,Sweet Potato
96.9,20,100,0.5,6.9,Sweet Potato
103.7,20,115.9,0.5,6.8,Sweet Potato
148.7,35.6,203.1,0.77,5.8,Sweet Potato
208.7,42.5,273.6,1.01,6.5,Sweet Potato
155.8,39.9,250.4,0.8,6,Sweet Potato
152.3,33.8,147.8,0.69,6.5,Sweet Potato
273.2,56.6,322.1,1.09,6.5,Sweet Potato
214.2,44,283.9,1.11,6.8,Sweet Potato
254,43.5,345.8,1.04,5.7,Sweet Potato
82.4,20,168.7,0.51,5.7,Sweet Potato
236.8,48,297.7,1.12,6,Sweet Potato
215.6,48.7,239.1,1,6.5,Sweet Potato
220.3,47.5,270.5,0.96,6.4,Sweet Potato
169.9,29.3,171,0.74,6.3,Sweet Potato
116.3,22.6,128.5,0.6,5.7,Sweet Potato
166.4,32.6,193.6,0.8,5.6,Sweet Potato
120.4,26,194.5,0.68,6.8,Sweet Potato
108.1,21.7,100,0.52,6,Sweet Potato
102.8,20,179.4,0.5,6.8,Sweet Potato
190.4,37.4,213.5,0.88,6,Sweet Potato
210.8,43.5,243.1,0.92,6.5,Sweet Potato
300,49.6,350,1.18,6.8,Sweet Potato
234.9,41.3,251.6,0.97,5.8,Sweet Potato
254.7,45,311.4,1.11,5.5,Sweet Potato
92.8,20,100,0.5,5.5,Sweet Potato
272.6,50.3,289.6,1.09,5.7,Sweet Potato
182.2,31.2,206.1,0.85,6.9,Sweet Potato
161.2,30.4,201.8,0.85,5.6,Sweet Potato
250.5,39.3,292.1,1.03,6.7,Sweet Potato
150.6,27.5,157.5,0.68,5.7,Sweet Potato
80,20,100,0.54,5.8,Sweet Potato
175.5,30.2,137.2,0.67,6.4,Sweet Potato
300,52.3,350,1.09,5.6,Sweet Potato
197.7,34.9,241.7,0.82,6.4,Sweet Potato
155.8,29.9,155.3,0.65,6.1,Sweet Potato
228.2,49.8,268.9,1.02,6.6,Sweet Potato
245.3,53.2,350,1.09,5.7,Sweet Potato
201.5,34.7,229.2,0.92,5.6,Sweet Potato
161.7,31.4,189.3,0.69,5.8,Sweet Potato
145.6,33,158.9,0.65,6.3,Sweet Potato
269.9,47.2,259.8,1.04,6.6,Sweet Potato
246.7,48.5,270.2,0.95,6.3,Sweet Potato
157.1,28.7,215.5,0.76,5.5,Sweet Potato
136.2,22.6,139.6,0.62,5.9,Sweet Potato
94.6,22.2,162.6,0.59,6.5,Sweet Potato
80,20.7,164.6,0.5,6.2,Sweet Potato
163.9,27,161.2,0.77,6.2,Sweet Potato
148.1,30.1,183.9,0.8,6.4,Sweet Potato
102.2,20,124.2,0.58,5.7,Sweet Potato
281.2,50.4,340.9,1.2,5.8,Sweet Potato
149,29.1,185.2,0.85,6.9,Sweet Potato
124.3,33,184.9,0.62,6.8,Sweet Potato
267.9,45.2,320.5,1.2,5.9,Sweet Potato
124.2,21.7,164.4,0.66,5.7,Sweet Potato
119.4,21.5,194.9,0.65,6.3,Sweet Potato
103.6,25.6,100,0.52,6.6,Sweet Potato
223.4,36.2,241.5,0.84,6,Sweet Potato
192,36.7,162.7,0.87,6.2,Sweet Potato
221.9,42.3,309.3,0.99,6.9,Sweet Potato
211.4,48.1,246.5,0.97,6.2,Sweet Potato
243.3,49.5,246.8,1.12,6.3,Sweet Potato
165,25.8,186.7,0.8,6.9,Sweet Potato
120.6,28.3,143.5,0.54,6.3,Sweet Potato
102.2,20.3,123.2,0.63,6.9,Sweet Potato
291.3,52.4,324.7,1.09,6.4,Sweet Potato
245.6,50.7,318.3,1.09,5.9,Sweet Potato
152.6,32.9,235.5,0.72,5.7,Sweet Potato
123.4,22.4,183.7,0.71,5.6,Sweet Potato
241.7,34.9,287.6,1.02,5.7,Sweet Potato
126.9,20,127.3,0.57,5.7,Sweet Potato
104.7,21.4,139.5,0.61,6.8,Sweet Potato
105.6,20,168.1,0.51,6.8,Sweet Potato
292.9,52.4,327.9,1.13,5.9,Sweet Potato
190.3,37.1,221.8,0.87,6.7,Sweet Potato
89.2,29.9,100,0.56,6.2,Sweet Potato
296,51,347.2,1.18,5.9,Sweet Potato
112,26.4,121.1,0.65,5.6,Sweet Potato
249.3,46.1,251.5,1.11,6.8,Sweet Potato
80.9,20,100,0.5,7,Sweet Potato
277.8,45.5,325.2,1.16,5.6,Sweet Potato
149.6,33.6,173.3,0.81,5.8,Sweet Potato
267.6,50.5,320.5,0.92,6.6,Sweet Potato
282,52,328,1.13,6.9,Sweet Potato
208.3,39.1,246.6,0.87,6.3,Sweet Potato
82,20,125.2,0.5,6.5,Sweet Potato
93.6,30.6,100,0.57,6.5,Sweet Potato
81.5,20,117.6,0.56,6.9,Sweet Potato
300,50.9,344.4,1.2,5.8,Sweet Potato
258.1,52.9,311.3,1.14,5.7,Sweet Potato
100.7,21.3,143.8,0.64,5.9,Sweet Potato
110.8,24,123.8,0.63,6.4,Sweet Potato
183.8,36.3,230.5,0.81,5.7,Sweet Potato
256.1,41.1,257,1.11,6.9,Sweet Potato
219.6,39,261.2,0.87,6.4,Sweet Potato
232.1,40.6,249.7,0.97,6.5,Sweet Potato
224,43.5,249.6,0.87,6,Sweet Potato
126.7,34.6,180.6,0.67,6.3,Sweet Potato
252.6,48.3,316.2,1.1,6.8,Sweet Potato
255.5,43,264.2,1.02,6.8,Sweet Potato
96.2,20,138.3,0.5,5.5,Sweet Potato
125.3,24.9,171.7,0.72,6.6,Sweet Potato
271.3,53.1,307.2,1.04,6.2,Sweet Potato
138.8,21.3,115,0.61,5.7,Sweet Potato
190.4,32.7,147.5,0.78,6.9,Sweet Potato
234.2,44.2,264.5,1.05,6.7,Sweet Potato
291.8,60,328.5,1.2,6.8,Sweet Potato
172.4,34.4,254,0.94,6.4,Sweet Potato
273.8,44.2,271.5,1.04,5.5,Sweet Potato
148.1,31.8,198.8,0.71,5.6,Sweet Potato
103.7,20,142.1,0.51,6.3,Sweet Potato
232.9,44.1,271.2,0.96,6.7,Sweet Potato
116.7,30,257.6,0.73,6.6,Sweet Potato
124.5,23.1,140.6,0.67,6.7,Sweet Potato
112.2,24,168,0.57,6.2,Sweet Potato
242,44.6,292.7,1.13,6.1,Sweet Potato
208,48.5,272.8,0.94,6.3,Sweet Potato
187,42,255.3,0.9,6.3,Sweet Potato
182.5,31.2,213.5,0.85,6.9,Sweet Potato
295.8,54.2,320.3,1.1,5.8,Sweet Potato
263.8,52.1,267.2,1.08,6,Sweet Potato
276.2,59.6,288.9,1.1,6.6,Sweet Potato
220.3,41.9,236.7,0.93,6.4,Sweet Potato
137.7,36.6,200.2,0.6,6.1,Sweet Potato
254.9,40.2,253.1,0.95,6,Sweet Potato
121.5,25.6,157.5,0.51,6.7,Sweet Potato
205,32.6,254.5,0.89,5.6,Sweet Potato
195.7,38.4,183.3,0.81,6.8,Sweet Potato
275.3,48.5,350,1.1,5.8,Sweet Potato
288,51.9,305.7,1.16,6.2,Sweet Potato
236.4,49,250.4,0.93,6.7,Sweet Potato
113.7,30.8,140.9,0.61,6.7,Sweet Potato
163.7,31.3,201.3,0.71,6.3,Sweet Potato
300,58.7,308.7,1.2,6.1,Sweet Potato
138.9,29.9,134,0.66,6.4,Sweet Potato
215.7,37.3,273.9,0.92,6,Sweet Potato
280.6,48.4,287.1,1,6.9,Sweet Potato
265.9,54.7,347.6,1.16,6.3,Sweet Potato
272.1,52.2,280.2,1.04,6.2,Sweet Potato
109.3,20.2,138.6,0.64,6.8,Sweet Potato
135.7,26.4,147.2,0.73,6.7,Sweet Potato
229.4,36.8,292.1,1.04,5.8,Sweet Potato
191.6,32.8,179,0.78,5.8,Sweet Potato
193.9,39.5,194.2,0.74,7,Sunflower
185,35.7,183.7,0.67,6.7,Sunflower
144.5,28.5,151.6,0.49,7.3,Sunflower
267.2,52,182.3,0.94,6.8,Sunflower
178.4,36.2,146.9,0.6,7.1,Sunflower
271.5,50.7,191.5,0.85,7,Sunflower
188.4,28.3,136.8,0.7,7.2,Sunflower
228,42.3,219.4,0.84,6.8,Sunflower
175.2,33.6,168.4,0.65,7.3,Sunflower
173.9,36.7,149.6,0.65,6.8,Sunflower
243.1,36.5,203.1,0.93,7.3,Sunflower
222.9,54.9,197.3,0.91,6.9,Sunflower
208.1,35.8,138.1,0.73,7.2,Sunflower
177.8,39.6,179.9,0.57,6.9,Sunflower
271.5,51.4,246.2,0.91,6.9,Sunflower
230.1,49.6,210.9,0.97,7.3,Sunflower
248.8,49.8,213.6,1.02,7,Sunflower
201.6,41.6,152.2,0.74,6.8,Sunflower
244.5,43,201.4,0.73,6.8,Sunflower
181.4,38.1,151.8,0.63,7.1,Sunflower
202.1,38.6,173.5,0.65,7.1,Sunflower
191.8,37.9,123.6,0.83,6.6,Sunflower
236.8,49.4,215.4,0.87,6.7,Sunflower
232.5,41.7,207.4,0.85,6.9,Sunflower
228.5,46.2,224.9,0.78,7.2,Sunflower
277.3,49.3,199,0.93,7.1,Sunflower
179.6,30,143.9,0.66,6.9,Sunflower
241.3,41.1,181.6,0.73,6.7,Sunflower
251.1,42.4,242.2,0.96,6.4,Sunflower
169.8,40.3,174.8,0.61,7.2,Sunflower
265.8,53.2,223.7,0.87,7.3,Sunflower
153.9,39.2,149.5,0.75,7.1,Sunflower
218.4,39.1,197.4,0.9,6.5,Sunflower
252.7,45.9,178.5,0.8,7,Sunflower
198.7,38.9,180.3,0.92,7.4,Sunflower
215.9,32.7,191.6,0.8,6.3,Sunflower
222.5,45.8,185.5,0.76,7.2,Sunflower
186.5,39.2,159.7,0.8,7.2,Sunflower
157.4,39.1,154.4,0.62,6.8,Sunflower
202.9,47.3,220.4,0.78,7,Sunflower
300.2,52,236.8,0.95,7.1,Sunflower
170.4,37,118.5,0.6,6.5,Sunflower
242.6,51.4,261.5,0.83,6.7,Sunflower
245.3,46.7,173.4,0.87,6.7,Sunflower
174.8,41.9,132,0.67,6.8,Sunflower
228.4,39.4,191.9,0.71,6.5,Sunflower
189.2,39.9,160.3,0.77,6.9,Sunflower
164.4,29.3,142.9,0.54,6.9,Sunflower
323.8,62.2,253.3,1.14,7,Sunflower
306.9,54.1,224.3,1.1,6.6,Sunflower
234.8,43.7,173.7,0.78,6.6,Sunflower
205.7,39.1,160.8,0.74,6.5,Sunflower
190.3,40.8,151.7,0.7,7.2,Sunflower
183.2,39.9,181.3,0.63,7.1,Sunflower
256.2,48.3,219,0.87,7.1,Sunflower
237,33.1,182.4,0.65,6.5,Sunflower
286.9,53.6,233.5,0.86,6.8,Sunflower
222.6,37.1,231.5,0.65,7.4,Sunflower
249.5,52.3,223.9,1.04,7.1,Sunflower
305,48.6,259.6,1.06,6.6,Sunflower
176.9,39.3,173.6,0.63,7,Sunflower
169.9,36.3,107.4,0.62,7.3,Sunflower
189.4,40,165.2,0.77,7.5,Sunflower
143.5,26,111.3,0.7,6.5,Sunflower
253.8,46.9,262.2,1.01,7.5,Sunflower
212.7,44.9,168,0.86,6.9,Sunflower
188.3,43.5,197.7,0.68,7,Sunflower
244.9,47.7,193.4,0.87,7.5,Sunflower
263.5,56.3,239.1,1.06,7,Sunflower
162.9,35.4,149,0.67,7.2,Sunflower
209.7,41.9,177.3,0.75,6.8,Sunflower
225.8,46,207,0.79,7.1,Sunflower
191.3,40.6,133.9,0.68,7.2,Sunflower
171.1,40.4,155,0.74,7.3,Sunflower
263.6,49.1,179.4,0.99,7.1,Sunflower
256.4,52.8,248.7,0.73,7.2,Sunflower
241.8,42.8,202,0.86,6.8,Sunflower
306.6,51.3,266.2,1.07,6.5,Sunflower
268.8,50.6,223.9,0.8,7.1,Sunflower
202.5,40.9,155.7,0.78,6.7,Sunflower
304.3,48.4,239.9,0.96,6.5,Sunflower
230.3,45.5,232.2,0.86,7.2,Sunflower
217.7,35.4,205.7,0.8,7.3,Sunflower
287.1,60.5,273.4,1.03,7,Sunflower
236.8,51.1,225.4,0.97,7.3,Sunflower
209.5,47.3,175.7,0.79,7,Sunflower
222.6,41.1,189.6,0.73,6.6,Sunflower
269.9,43.9,177.8,0.8,7,Sunflower
236.4,48.1,181.5,0.83,7,Sunflower
227.3,48.8,217.9,0.79,7.4,Sunflower
224,33.4,176.1,0.71,6.3,Sunflower
215.7,45.3,196.1,0.73,6.8,Sunflower
279.8,53.2,243.8,0.95,6.7,Sunflower
236.8,47.7,214.8,0.88,6.5,Sunflower
218,51.3,216.6,0.94,6.9,Sunflower
261.8,46.5,204.8,0.88,6.6,Sunflower
173.2,29,178.3,0.64,7,Sunflower
294.9,44.9,236.9,0.97,6.6,Sunflower
177.2,38.3,165.3,0.62,7,Sunflower
217.5,42.9,190.2,0.7,7.1,Sunflower
229.7,34.3,181.4,0.75,7.7,Sunflower
192.6,47.2,175.8,0.74,7,Sunflower
326.4,59.1,226.4,1.13,6.5,Sunflower
181.5,35.7,139,0.61,6.8,Sunflower
212.7,44.8,192.9,0.75,6.9,Sunflower
208.6,40.1,183,0.84,7.3,Sunflower
248.2,47.5,178.7,0.84,7.6,Sunflower
228.2,44.7,195.8,0.99,7.1,Sunflower
294.4,55.3,224.4,1.06,6.3,Sunflower
239.7,41.7,199.7,0.82,7.6,Sunflower
186.4,41.3,166.8,0.79,7.3,Sunflower
291.3,48,252.6,0.91,6.9,Sunflower
296.6,47.8,239.8,0.93,7.5,Sunflower
237,49.1,203.4,0.88,7,Sunflower
338.2,54.8,280,1.12,6.7,Sunflower
292.5,56.5,178.2,0.88,7.1,Sunflower
115.9,30.8,127.5,0.57,7.5,Sunflower
230.7,44.1,226.3,0.85,7.5,Sunflower
187.4,38.5,167.9,0.71,6.4,Sunflower
218.3,39.6,209.3,0.74,7.3,Sunflower
191.4,31.4,201.9,0.68,7.6,Sunflower
284.8,52.6,251.5,1.05,6.9,Sunflower
254.3,46.5,254,0.99,7.7,Sunflower
116.3,25,101.6,0.54,7.1,Sunflower
294.6,46.2,250.6,1.1,6.6,Sunflower
143.5,34.1,148,0.47,6.9,Sunflower
173.2,35.1,151.5,0.58,6.6,Sunflower
232.5,41.4,125.4,0.63,6.8,Sunflower
235.4,43.9,153.9,0.78,6.9,Sunflower
260.8,54.3,233,0.93,7.6,Sunflower
197.6,37.5,159.9,0.67,6.9,Sunflower
272,47.5,208.4,0.84,7.2,Sunflower
173.6,39.8,159.9,0.63,7.2,Sunflower
168.8,36.2,147.4,0.6,7.1,Sunflower
240.5,40.5,192.6,0.76,6.5,Sunflower
113.3,25,104.9,0.52,6.8,Sunflower
263.3,52.5,215.8,0.94,7,Sunflower
308.6,50.3,250.6,1.05,7.5,Sunflower
166.1,33.2,170.7,0.6,7.4,Sunflower
132.2,33,104.6,0.42,6.6,Sunflower
270,51.2,213.5,0.98,7.2,Sunflower
188.2,38,172.5,0.71,7.2,Sunflower
225.7,39.1,142.4,0.74,8,Sunflower
160.3,42.2,146,0.72,7,Sunflower
205.5,44.5,218.2,0.74,6.6,Sunflower
294.5,51.9,237.7,0.96,7.5,Sunflower
244.6,46.9,232.5,0.94,6.4,Sunflower
215.8,42,229.7,0.85,7.3,Sunflower
331.6,61.2,273.5,1.11,7.4,Sunflower
303.5,55.3,226.3,1.05,6.2,Sunflower
169,25,153,0.66,7.6,Sunflower
278.2,42,231.8,0.82,7.6,Sunflower
225.6,42,194.6,0.88,6.5,Sunflower
327.8,58.2,265.1,1.08,6.8,Sunflower
322.5,60.2,236.3,1.06,6.8,Sunflower
259.1,46.1,215.5,0.95,6.5,Sunflower
255.8,45.7,194.4,0.82,7.1,Sunflower
241.5,41.7,195.9,0.84,7.7,Sunflower
228.6,53.1,177.4,0.8,7,Sunflower
218,52,197.2,0.72,7.1,Sunflower
185.9,35.1,188.4,0.69,6.5,Sunflower
192.4,39.2,119.3,0.6,7.3,Sunflower
291.6,48.3,252.8,1.06,7.3,Sunflower
162.1,32.9,150.6,0.61,6.7,Sunflower
231.1,49.9,189.7,0.74,7.1,Sunflower
264.9,50.5,218.5,0.83,7.6,Sunflower
126.5,28.2,154.7,0.53,6.5,Sunflower
192.3,27.8,123.7,0.61,6.5,Sunflower
256.2,45,244.2,0.97,7.5,Sunflower
269.4,49.1,203.3,0.82,7.1,Sunflower
164.3,40,144.8,0.7,7.6,Sunflower
202,41.4,205.9,0.8,7,Sunflower
307.7,65,263.4,1.08,7,Sunflower
107,25,134.8,0.43,7.6,Sunflower
174.7,40.9,172.2,0.75,7.2,Sunflower
187.3,38.3,133.6,0.58,7.1,Sunflower
316,49.2,242.1,1.05,7.5,Sunflower
217.5,37.7,135.8,0.75,7.6,Sunflower
162.6,29.8,144.9,0.52,6.5,Sunflower
264.9,51.6,200.7,0.76,7.2,Sunflower
218.1,51.8,253.8,0.73,7.3,Sunflower
119.6,25,107.3,0.5,7.7,Sunflower
263.7,43.3,189.5,0.87,7.2,Sunflower
226.2,38.6,196.1,0.64,7.4,Sunflower
258.8,48.3,194.6,0.96,7.2,Sunflower
140.8,29,138,0.63,7.5,Sunflower
199.6,36,142.6,0.69,6.9,Sunflower
140.7,35,120.6,0.52,7.6,Sunflower
312.1,56.5,230.4,1.15,6.3,Sunflower
218.2,41.9,185.7,0.8,6.6,Sunflower
235.4,42.6,202.9,0.82,6.8,Sunflower
333,52.8,236.6,1.12,7.2,Sunflower
272.5,51.3,208.4,0.82,7.2,Sunflower
126.3,25,114.8,0.65,7.7,Sunflower
302.8,52.8,276.9,0.98,6.6,Sunflower
255,48.2,233.7,0.86,7,Sunflower
161.3,25,175.3,0.61,7.3,Sunflower
164.4,29.7,122.1,0.51,6.5,Sunflower
240,43.8,189,0.84,7.2,Sunflower
303.9,56.1,223.3,1.01,7.4,Sunflower
225.2,37.8,171.8,0.81,6.2,Sunflower
219.8,43.5,128.3,0.75,6.6,Sunflower
190.3,41,142.1,0.76,6.8,Sunflower
272.7,61,231.6,0.99,6.7,Sunflower
166,28.7,163.3,0.58,7.4,Sunflower
144.3,25.5,100,0.57,7.4,Sunflower
198.7,40.4,160.7,0.73,6.7,Sunflower
158.5,31.6,125.6,0.66,6.5,Sunflower
174.8,41.6,173,0.68,7.1,Sunflower
176.9,38.2,124.3,0.69,6.2,Sunflower
322.9,50.8,269.3,1.06,6.4,Sunflower
158.8,39.3,136.1,0.67,7.2,Sunflower
152.8,34.8,141.1,0.61,7.1,Sunflower
200.1,39.6,153,0.64,7.1,Sunflower
158.8,33.9,140.9,0.58,7,Sunflower
160.4,35.1,186.8,0.6,6.4,Sunflower
205.6,35.7,180.7,0.85,6.9,Sunflower
236.2,51.2,194.1,0.8,7.3,Sunflower
100,25,120,0.46,6.1,Sunflower
221.1,44.4,206.5,0.72,7.4,Sunflower
219,35.6,164.6,0.71,6.3,Sunflower
271.7,53.2,185.8,1.04,6.3,Sunflower
230.7,47.1,199.9,0.9,6.5,Sunflower
232.4,45.6,185.6,0.79,6.9,Sunflower
289.8,52.7,266.8,1.12,6.5,Sunflower
213.8,34.9,163.5,0.78,7.9,Sunflower
191.6,40.4,180.6,0.79,6.7,Sunflower
265.6,45.7,228.7,1.07,6.4,Sunflower
275,41.4,200,1.01,6.6,Sunflower
225.5,47.2,167.8,0.74,7.1,Sunflower
276.6,48,259,0.88,7,Sunflower
179.5,25,163.3,0.58,7.9,Sunflower
243.8,43.7,243.2,0.88,6.9,Sunflower
255.4,48.6,203.9,0.82,6.7,Sunflower
191.5,34.4,158.8,0.64,7.2,Sunflower
197.9,39,184.7,0.74,6.7,Sunflower
200.5,46,184.3,0.71,7.3,Sunflower
237.8,45.7,180.8,0.74,6.5,Sunflower
164,37.1,161.4,0.56,7.3,Sunflower
265.1,53.7,212.8,0.92,7,Sunflower
213.1,35.3,187.5,0.74,6.9,Sunflower
168.5,37.8,162.5,0.7,7.2,Sunflower
148,26.8,105.9,0.57,7.9,Sunflower
215.7,35.9,215.7,0.83,6.2,Sunflower
275.7,52.5,242.4,1.06,7,Sunflower
239.2,45.5,267.3,0.86,7.5,Sunflower
234.9,44.7,203,0.86,7.6,Sunflower
215.2,34.1,166.3,0.71,6.5,Sunflower
180.2,36.1,137.2,0.66,6.6,Sunflower
320.2,53.8,241.6,1.04,6.6,Sunflower
110.5,25,100,0.4,7.6,Sunflower
315.2,64.9,280,1.12,7.1,Sunflower
193.1,41,141.3,0.83,6.8,Sunflower
245.8,42.3,235.9,0.97,7.7,Sunflower
221.3,36,196.8,0.71,6.6,Sunflower
281,46.2,241.2,1.04,6.7,Sunflower
304,47.5,251.7,0.99,7.1,Sunflower
282,51.7,269.1,0.98,7.4,Sunflower
200.4,31.4,206.1,0.7,7.2,Sunflower
127.1,35,135.8,0.5,7.2,Sunflower
263.2,42.8,196.1,0.86,7.5,Sunflower
119.1,25,100,0.43,6.6,Sunflower
263.8,54,213.5,0.98,6.9,Sunflower
267.9,54.3,192.5,0.93,6.9,Sunflower
226.6,42.4,190.6,0.81,7.2,Sunflower
256.4,46.9,219.8,0.88,7.8,Sunflower
255.6,48.3,209.4,0.88,7.3,Sunflower
283.7,50.6,234.2,1.01,6.4,Sunflower
249.6,50.7,234.2,0.82,7.3,Sunflower
157.6,34.1,136.1,0.65,7.5,Sunflower
226.1,43.6,185.4,0.8,7.3,Sunflower
186.8,43.8,150.5,0.71,7.3,Sunflower
306.8,48.5,231.7,1.08,6.8,Sunflower
254.7,44.6,252.4,0.98,6.6,Sunflower
231.6,45.2,208.2,0.95,7.7,Sunflower
121.2,29.3,117.9,0.51,7.2,Sunflower
270.4,51.5,226.5,0.97,7.3,Sunflower
193.8,44,150.3,0.79,7.1,Sunflower
256.9,50.5,195.7,1,6.5,Sunflower
213.4,42.9,191,0.89,7.7,Sunflower
232.5,49.1,214,0.83,6.7,Sunflower
167.1,33.9,165.2,0.69,7.5,Sunflower
143.7,32.8,100,0.48,6.9,Sunflower
199.3,40.1,206.7,0.7,7.1,Sunflower
224.3,40.6,200.5,0.82,6.7,Sunflower
255.5,50.2,227.1,0.93,7,Sunflower
150.7,32.1,130,0.6,6.9,Sunflower
146.3,25.6,119.3,0.41,7.1,Sunflower
200.3,39.2,187.9,0.67,6.8,Sunflower
137.9,35.7,111.9,0.64,7.1,Sunflower
124.9,31.8,131.4,0.4,6.9,Sunflower
243.6,46.3,173,0.96,6.9,Sunflower
218.9,47.1,236,0.87,7.5,Sunflower
338.7,61.7,259.6,1.17,6.5,Sunflower
146.6,33.8,134.3,0.62,7.6,Sunflower
206.2,35.2,158.3,0.72,7.6,Sunflower
173.4,32.8,163.3,0.57,7.2,Sunflower
100.7,31.7,127.8,0.54,7.7,Sunflower
315.9,53.1,280,1.14,7.5,Sunflower
235.8,44.4,185.8,0.84,7.3,Sunflower
281,58.8,234.8,1.07,7.3,Sunflower
208.6,43.3,160,0.7,7,Sunflower
217.4,40.8,182.3,0.77,6.9,Sunflower
262.4,43.2,201.3,0.84,6.8,Sunflower
168.6,30.1,103,0.68,7.1,Sunflower
220.4,49.4,209.4,0.8,7,Sunflower
234.5,38,199.8,0.89,7.6,Sunflower
135.8,32.2,126.9,0.53,7.4,Sunflower
226,41.7,129.2,0.73,7.9,Sunflower
250.8,39.3,207.8,0.86,7.8,Sunflower
337,55,240,1.1,7.3,Sunflower
152.5,32.9,121.8,0.59,6.9,Sunflower
163.4,27.9,100,0.66,6.3,Sunflower
273.1,48.9,217.1,0.94,6.2,Sunflower
219.1,36,208.8,0.79,6.5,Sunflower
205.1,41.9,161.3,0.72,6.5,Sunflower
256.2,46.1,214,0.96,6.6,Sunflower
280.1,48.7,219.1,0.96,7.1,Sunflower
175.8,39.4,149.6,0.62,7,Sunflower
272.5,51.6,188.7,0.85,7.1,Sunflower
207.9,43.9,203,0.78,7.1,Sunflower
228.5,45.4,189.6,0.79,7.5,Sunflower
227,41.7,189.1,0.89,7.4,Sunflower
190.5,33.1,115.6,0.63,7.1,Sunflower
134.4,28,100,0.55,6.6,Sunflower
201.7,42.7,182.2,0.75,7,Sunflower
171.5,38.9,131.1,0.7,6.7,Sunflower
238.5,43.1,228.9,0.88,7.4,Sunflower
209.2,25,157.9,0.62,7.7,Sunflower
217,40.6,162.4,0.66,6.7,Sunflower
207.4,33.1,180.5,0.79,7.7,Sunflower
152.6,27.3,139.2,0.58,7,Sunflower
307.4,51.2,251.5,1.06,7.4,Sunflower
319.1,55.3,266,1.03,7.2,Sunflower
294.7,51.7,227.7,0.93,6.9,Sunflower
193.4,36,157.7,0.71,6.8,Sunflower
260.4,53.7,234.4,1.05,6.8,Sunflower
272.7,50.9,228.7,0.98,7.1,Sunflower
302.6,49.2,233.6,1.03,6.2,Sunflower
260,43.6,222.9,0.98,6.4,Sunflower
191.4,37.8,153.2,0.6,6.8,Sunflower
263.9,45.6,210.9,0.89,7.6,Sunflower
211.5,38.9,163.2,0.64,6.2,Sunflower
240.7,50.1,245.4,0.89,6.9,Sunflower
263.7,53.1,222.7,0.96,7,Sunflower
280.8,46.5,233.2,0.86,6.4,Sunflower
164.8,27.7,162.1,0.61,6.5,Sunflower
262,56,212.8,0.84,6.9,Sunflower
200.2,39.5,158.6,0.75,7.2,Sunflower
109.1,27.4,121.3,0.48,7,Sunflower
342.9,47.8,267.8,1.06,6.3,Sunflower
202.7,43.7,176.8,0.72,7,Sunflower
141.2,27.3,140,0.46,6.1,Sunflower
157.8,27.1,164.5,0.54,7.3,Sunflower
350,55.6,264.3,1.1,6.3,Sunflower
295.4,52.5,259,1.06,6.7,Sunflower
291.1,54.7,245.8,0.88,6.8,Sunflower
212.1,40.9,196.6,0.7,6.7,Sunflower
110,25,130.7,0.5,7.9,Sunflower
238.4,44.7,256.2,0.88,7.8,Sunflower
307.7,55.5,253.6,1.01,8,Sunflower
318.6,44.7,263.9,1.14,7.8,Sunflower
100,25,134.1,0.42,6.1,Sunflower
302.7,55.5,238.1,1.04,6.9,Sunflower
287.4,42.9,219,1.08,7.8,Sunflower
207.2,38.1,183.8,0.71,6.4,Sunflower
205.6,40.6,163.8,0.72,6.5,Sunflower
331.8,63.3,250.7,1.14,6.8,Sunflower
270.7,50.4,210.7,0.99,7.6,Sunflower
129.4,25,115.5,0.42,7.7,Sunflower
252.7,50.6,231.7,0.93,6.1,Sunflower
149.7,29.1,128.2,0.43,7.6,Sunflower
350,56.1,276.5,1.14,6.9,Sunflower
339.4,61.8,238.5,1.13,6.7,Sunflower
177.9,32.1,138.1,0.71,7.7,Sunflower
165,35.4,143.7,0.67,7.9,Sunflower
177,39.7,162.6,0.67,6.6,Sunflower
139.5,32.9,103.9,0.57,7.2,Sunflower
127.6,32.2,151,0.53,7.4,Sunflower
220.5,32.3,195.6,0.78,7.6,Sunflower
333.4,60.5,280,1.19,6,Sunflower
107.4,25,143.1,0.43,7.9,Sunflower
309.3,60.3,252,1.04,7.6,Sunflower
108,25,141.2,0.4,6.5,Sunflower
350,60.2,280,1.2,7.4,Sunflower
198.1,35.9,167.7,0.78,6.5,Sunflower
231.3,37.4,206.9,0.8,6.2,Sunflower
279.2,48.6,230.7,0.98,7.1,Sunflower
171.2,38.3,173.7,0.64,6.5,Sunflower
320.6,59.6,253.7,1.16,6.7,Sunflower
126.6,25,118,0.42,6,Sunflower
290.5,56.9,253.4,1.06,7.4,Sunflower
232.1,38.8,162.7,0.7,6.4,Sunflower
148.7,34.1,144.8,0.65,6.6,Sunflower
247.6,48,224.5,0.97,6.6,Sunflower
320.2,53.4,229.1,1.04,7.9,Sunflower
305.4,55.8,273.5,1.06,7.2,Sunflower
138.7,25,161.7,0.47,7.7,Sunflower
104.8,34.1,132.5,0.54,6.9,Sunflower
256.7,51,229.1,1,7.1,Sunflower
223.7,39.6,197.3,0.84,7.9,Sunflower
343.3,52.3,250.7,1.07,6.7,Sunflower
126.9,25,100,0.41,7.5,Sunflower
202.2,42.2,190.2,0.75,6.4,Sunflower
102.7,25,103.2,0.44,6.3,Sunflower
147.1,26.2,119.5,0.63,6.4,Sunflower
289.1,57.9,280,1.07,6.4,Sunflower
300.5,64.5,280,1.17,7.6,Sunflower
332.2,59.7,280,1.11,6.4,Sunflower
312.1,50.3,236.6,1.05,6.3,Sunflower
274.4,48.3,214.8,1.03,7.4,Sunflower
316.2,48.1,239.9,1.1,7.4,Sunflower
211.3,31.3,162.7,0.58,7.7,Sunflower
209.4,32,181.1,0.82,7.9,Sunflower
153.3,35.6,119.5,0.72,6.4,Sunflower
206.4,38.6,152.7,0.76,6.2,Sunflower
298.9,51.7,239.2,1.08,7.4,Sunflower
344.7,59.9,261.3,1.15,6.5,Sunflower
159.7,41,130.5,0.63,7.4,Sunflower
238.8,46.5,196.7,0.76,6.7,Sunflower
313.9,56.1,254.5,1.17,7.3,Sunflower
254.5,45,173.7,0.85,7.5,Sunflower
215,39.4,171.8,0.68,6.2,Sunflower
177.6,41.8,175,0.67,7.3,Sunflower
110.4,28.6,124.4,0.4,7.3,Sunflower
274.1,41.9,175.2,1.01,7.6,Sunflower
183.5,31.9,134.5,0.61,7.9,Sunflower
245.4,37.9,189.3,0.73,7.9,Sunflower
295.1,48.9,218.9,0.96,6.6,Sunflower
254.4,38.1,180.3,0.83,6.5,Sunflower
159,28.3,100,0.58,7.6,Sunflower
308.9,54.8,248.7,1.03,7.6,Sunflower
320.4,51.3,275.1,1.18,7.6,Sunflower
218.9,38.1,189.7,0.79,6.6,Sunflower
100,25,100,0.41,6.4,Sunflower
115,27.4,127.7,0.52,7.5,Sunflower
289.2,49.4,254.1,0.93,7.5,Sunflower
180.8,41.3,138.8,0.66,7.1,Sunflower
115.2,25.6,124.8,0.5,7.4,Sunflower
311.4,49.7,233.8,1.01,8,Sunflower
292.2,49.3,234.1,1.07,7.9,Sunflower
350,49.9,280,1.2,6,Sunflower
107.2,25,139.4,0.5,6.2,Sunflower
143.3,25,108.9,0.5,7.7,Sunflower
290.8,46.4,247.7,1.12,8,Sunflower
346.3,65,280,1.18,6.9,Sunflower
325.5,55.4,213,0.97,6.8,Sunflower
215.6,39.3,187.5,0.77,8,Sunflower
210.9,46.8,194.6,0.8,6.1,Sunflower
307.1,62.2,260.8,1.15,7,Sunflower
182.1,32.6,161.9,0.76,7.4,Sunflower
100.3,25,111,0.4,6.5,Sunflower
342.5,54.4,277.2,1.02,6,Sunflower
166.3,35.1,118.4,0.61,7.6,Sunflower
136.9,25,136.6,0.63,6.7,Sunflower
259.2,49.5,223.3,0.86,7.1,Sunflower
267.8,50.6,194,0.95,7.4,Sunflower
100,34.3,101.7,0.43,7.3,Sunflower
172.3,37.8,156,0.58,7.1,Sunflower
350,55,280,1.1,6,Sunflower
177.5,39,185.4,0.64,7.8,Sunflower
350,58,250.1,1.2,6.7,Sunflower
175.7,29.9,154.5,0.62,7.5,Sunflower
100,25,100,0.4,7.2,Sunflower
348.7,58.2,280,1.09,7.6,Sunflower
100,27.3,117.3,0.44,6.4,Sunflower
100,25,100,0.4,6.4,Sunflower
256.1,46.1,251.4,0.96,6.3,Sunflower
147.6,25,167.2,0.55,6.1,Sunflower
180.4,29.4,178.7,0.54,6.5,Sunflower
317.9,56.3,267.4,1.17,7.6,Sunflower
187.2,31.9,177.9,0.52,6.1,Sunflower
299.3,50.1,255.7,1.08,7.5,Sunflower
146.4,27.4,143.5,0.43,7.7,Sunflower
158.5,32.9,196,0.62,7.9,Sunflower
159.2,29.8,170.6,0.64,6.2,Sunflower
315.6,54.9,269.9,1.18,7.1,Sunflower
174.7,34.8,137.7,0.58,6.9,Sunflower
299.8,57.6,250.8,1.13,6.6,Sunflower
312.3,61.4,259.5,1.12,7.4,Sunflower
253.2,41,185.6,0.87,7.1,Sunflower
221.5,44.2,199.3,0.8,7.8,Sunflower
107.4,25,100,0.5,8,Sunflower
346.1,60.2,270.5,1.2,7.7,Sunflower
100,25,121.9,0.54,6.2,Sunflower
100,25,111.4,0.4,7.5,Sunflower
219.5,39.6,188.2,0.84,6.1,Sunflower
100,33.1,122.6,0.48,6.8,Sunflower
182.6,39.1,142.5,0.72,6.6,Sunflower
151.4,25,149.1,0.54,6.5,Sunflower
224.2,39.6,186.8,0.76,7.9,Sunflower
152.9,38.5,170.5,0.55,7,Sunflower
292.6,56.2,236,1.04,6.1,Sunflower
304.7,53.6,255.1,0.99,6.3,Sunflower
308.8,55.7,212.6,0.97,6.5,Sunflower
121.8,25,100,0.53,7,Sunflower
309.3,59.8,242.7,0.98,7.4,Sunflower
105.9,26.5,131.1,0.45,7.3,Sunflower
136.7,29.6,100,0.46,6.9,Sunflower
187.5,28.2,168,0.73,6.1,Sunflower
197.6,38.2,148.1,0.52,7.3,Safflower
170,36.4,156.2,0.53,7.6,Safflower
230.5,46.1,189.3,0.76,7.8,Safflower
141.4,31.3,160.3,0.51,7.8,Safflower
166.8,35.5,132.4,0.45,7.4,Safflower
216.8,43.2,206.8,0.56,7.3,Safflower
235.7,36.8,196.1,0.61,7.3,Safflower
139.3,39,174,0.52,7.9,Safflower
227.8,46.8,209.5,0.69,7.2,Safflower
186.6,40.5,142.3,0.57,7.6,Safflower
134.4,33.7,168.8,0.46,7.1,Safflower
177.1,35.5,139.2,0.53,7,Safflower
274,54.9,221.1,0.72,7.4,Safflower
176.5,33.2,150.6,0.55,7.8,Safflower
215.2,50.3,197.1,0.61,7.2,Safflower
164,22.7,92.9,0.41,7.2,Safflower
229,46.4,177.7,0.64,7.3,Safflower
211.3,46.6,171.2,0.63,7.5,Safflower
166.5,26.6,128.6,0.46,8,Safflower
198.2,35.2,169.7,0.51,6.7,Safflower
176.2,31,145.7,0.46,7.5,Safflower
211.6,49.5,199.1,0.6,7.2,Safflower
217.7,40.5,163.2,0.54,7.8,Safflower
223.7,36.4,211.9,0.65,7.1,Safflower
139.5,38.8,131.1,0.41,7.6,Safflower
187.2,34.9,167.4,0.51,7.8,Safflower
215.7,45.9,176.3,0.55,7.6,Safflower
187.9,31.6,149.3,0.61,7.7,Safflower
147.2,23.6,137.9,0.44,7.7,Safflower
208.1,40.4,179.7,0.6,7.3,Safflower
166.9,35.4,130.1,0.46,7.4,Safflower
125.8,25.2,114.1,0.36,7.3,Safflower
265.2,55.8,230.1,0.67,7.9,Safflower
269.4,49.9,235.1,0.68,7.3,Safflower
182.6,39.4,149.7,0.6,7.6,Safflower
176.3,35.5,157.3,0.54,7.4,Safflower
199.3,39.4,142.7,0.52,7.8,Safflower
177,36.1,127.5,0.54,7.6,Safflower
221,41.3,210.2,0.67,7.6,Safflower
142.6,28.5,138.3,0.49,7.1,Safflower
200.4,38.4,162.4,0.57,7.9,Safflower
239.4,50.1,201.9,0.66,7.4,Safflower
230.4,44.2,214.7,0.57,7.4,Safflower
170,34.5,138.8,0.53,7,Safflower
185.3,38.2,182.6,0.54,7.9,Safflower
219,42.2,153.4,0.58,7.8,Safflower
218.1,43.8,181.7,0.58,7.3,Safflower
170.9,38.7,138.5,0.51,7.3,Safflower
137.9,30.2,115.1,0.46,7.3,Safflower
203.8,39.1,172.1,0.61,7.5,Safflower
209.2,40.7,177.6,0.66,6.9,Safflower
238,42.4,163.1,0.6,7.7,Safflower
136.5,27.8,165.5,0.42,7.1,Safflower
182,32.4,127.7,0.48,7.9,Safflower
229.6,50.6,177.8,0.56,7.6,Safflower
189.9,32.6,189.8,0.53,8,Safflower
183.8,32,153.5,0.46,7.4,Safflower
156.3,37.6,132.9,0.53,7.3,Safflower
199.1,41.1,169.5,0.55,7.8,Safflower
246.9,41.2,159.6,0.67,7.2,Safflower
122.1,32.1,101.3,0.41,7.6,Safflower
129.9,25.5,133.1,0.42,7.3,Safflower
205.3,43.6,198.1,0.58,7,Safflower
194,40.4,171.9,0.57,7,Safflower
139,30.8,146.2,0.46,7.1,Safflower
255.5,43.8,205.1,0.67,8.2,Safflower
258.8,49,226.3,0.75,7.3,Safflower
195.3,40.8,186.8,0.58,7.6,Safflower
158.9,32.4,106,0.53,6.9,Safflower
147.4,34.4,138.7,0.45,7.4,Safflower
188.6,34.9,177.9,0.54,7.5,Safflower
146.9,47,145.5,0.5,7.6,Safflower
158,38.5,153.8,0.5,7.2,Safflower
220.7,44.9,173.1,0.69,7.2,Safflower
160.9,32.5,166.2,0.52,7.5,Safflower
204,45.8,181.6,0.55,7,Safflower
256,50.8,225.8,0.69,7.4,Safflower
220.4,44.2,192.1,0.64,7.4,Safflower
206.4,36.8,183.2,0.58,7.1,Safflower
147.9,26.7,119.8,0.46,7.4,Safflower
182.1,39.6,163.7,0.53,7.4,Safflower
227.8,50.6,192.1,0.67,7.8,Safflower
220.6,40.8,171.1,0.61,7.3,Safflower
163.4,33.8,143,0.5,7.6,Safflower
188,36.9,148.3,0.57,7.5,Safflower
185.9,41.4,161.5,0.52,7.6,Safflower
227.1,42.2,183.7,0.59,7.7,Safflower
159.3,33.5,135.6,0.45,7.5,Safflower
190.6,32.3,168.9,0.45,7.7,Safflower
245.3,43.1,217.3,0.61,7.2,Safflower
237.5,49.7,202.5,0.62,7.5,Safflower
252.1,45.5,250,0.68,7.1,Safflower
233.5,46.6,233.7,0.65,7.3,Safflower
220.6,44.9,187,0.58,7.4,Safflower
176.8,37.3,154.6,0.56,7.7,Safflower
170.4,31,158.6,0.52,7.9,Safflower
233.5,37.9,148.7,0.56,7.3,Safflower
186.6,37.4,166.7,0.55,7.7,Safflower
247,47.1,229.2,0.7,6.9,Safflower
135.7,31.7,107.3,0.4,7.7,Safflower
198.8,43.6,156.4,0.62,6.9,Safflower
101.5,28.1,104.9,0.42,8.1,Safflower
259.1,47.3,192.5,0.65,7.5,Safflower
179.5,40.4,164.6,0.5,7.6,Safflower
177.9,40.9,167.9,0.57,7.5,Safflower
221.6,43,227,0.7,6.8,Safflower
106.4,27.8,123,0.4,7.6,Safflower
189.1,38.9,123.9,0.52,7.2,Safflower
175.6,32.5,135.4,0.54,8.2,Safflower
265.9,53.7,250,0.8,7.1,Safflower
181.3,37,132.3,0.51,7.4,Safflower
153.8,31.6,94,0.43,7.4,Safflower
271,40.6,193.2,0.7,8.1,Safflower
166.1,39.2,133.9,0.54,7.4,Safflower
192.3,32,147.5,0.47,7.3,Safflower
187.5,36.9,131.5,0.54,7.8,Safflower
139.4,26.2,152,0.52,6.9,Safflower
177.8,35.9,174.9,0.6,8.3,Safflower
168.7,31.5,160.6,0.62,8.1,Safflower
181,39.1,155.5,0.52,7.6,Safflower
189.9,34.9,182.2,0.54,7.5,Safflower
139.5,35.2,178,0.5,7.3,Safflower
253.6,46.2,216.8,0.7,6.6,Safflower
219.8,41.6,218.1,0.61,8.1,Safflower
138.9,28.8,110.9,0.4,8.1,Safflower
264.2,48.1,180.2,0.69,7.4,Safflower
235.6,47.7,204,0.68,8.1,Safflower
221.7,49.3,181.4,0.61,7.4,Safflower
276,47.8,250,0.67,8.3,Safflower
195.8,30.8,167.8,0.55,6.7,Safflower
230.1,48.9,182,0.66,7.6,Safflower
186.1,37.9,177,0.51,7.9,Safflower
92.9,21.7,84.7,0.36,7.8,Safflower
175.8,35.3,150.5,0.58,6.9,Safflower
186.4,32.9,194.7,0.5,7.1,Safflower
220.9,45.1,153.5,0.64,7.7,Safflower
253.5,46.1,199.3,0.66,7.7,Safflower
236.9,46.2,177,0.66,7.1,Safflower
203.8,38.9,177.4,0.45,7.9,Safflower
198.4,42.2,174.6,0.55,7.9,Safflower
163.6,36.6,131.5,0.5,8,Safflower
214.9,46.8,184,0.64,7,Safflower
207.5,38.8,172.4,0.58,7.4,Safflower
198.7,38.7,188.5,0.53,7,Safflower
155.4,25,80,0.45,7.9,Safflower
186.7,36.5,192.6,0.52,7.9,Safflower
192.1,37.1,148.1,0.54,6.7,Safflower
160.7,34.9,147.8,0.57,7.7,Safflower
231.8,52.7,160.1,0.66,7.4,Safflower
145.1,23.2,125.9,0.44,7.6,Safflower
264.3,42.1,207.4,0.64,7.8,Safflower
263.8,54.7,199.9,0.73,7.4,Safflower
219.3,47.5,214.3,0.59,7.7,Safflower
194.5,36.2,192,0.49,7.1,Safflower
213.8,44.8,224.1,0.59,7.2,Safflower
224,43.5,188.2,0.63,6.8,Safflower
148,32.7,157.1,0.48,7.9,Safflower
201.3,45.5,183,0.6,7.5,Safflower
161.2,25.8,88.9,0.39,7.7,Safflower
121.8,28.8,122.3,0.43,7.6,Safflower
245,45.4,174.5,0.65,6.7,Safflower
105.3,22.7,80,0.44,7.9,Safflower
208.2,35.6,185.3,0.63,6.7,Safflower
85.7,20,99.3,0.32,6.8,Safflower
243.9,51.4,199.2,0.6,7.2,Safflower
153.5,21.8,136.3,0.38,8.1,Safflower
251.1,50.4,222.3,0.69,7.8,Safflower
285.1,51.6,222.6,0.72,7.7,Safflower
136.3,33.8,165.8,0.43,7.3,Safflower
282,59.5,241.3,0.76,7.6,Safflower
140.1,31.1,143.6,0.49,7.6,Safflower
216.9,44.7,204.4,0.57,7.6,Safflower
206.5,46.1,172,0.56,7.9,Safflower
227.1,46,184.5,0.58,7.8,Safflower
234.5,47.3,212.3,0.64,7.4,Safflower
236.3,50.6,213.7,0.68,6.9,Safflower
95,25.8,80,0.38,7.1,Safflower
135,27.4,150.6,0.4,7,Safflower
148.4,30.2,132.4,0.51,7.7,Safflower
284.8,49.5,244,0.73,6.9,Safflower
259.7,46,212.8,0.7,7.4,Safflower
111.7,20,119.4,0.37,7.9,Safflower
235.1,38.3,190.7,0.62,8.3,Safflower
244.2,50.7,184.1,0.74,7.2,Safflower
231.9,44.3,212.8,0.71,7.9,Safflower
200.6,37.5,145.9,0.58,7,Safflower
203.1,34.1,154,0.56,7,Safflower
144.4,26.7,104.7,0.3,7.7,Safflower
162.1,36.9,127.3,0.42,7.2,Safflower
235,42.8,178.9,0.64,7.2,Safflower
287.6,42.4,212.8,0.76,8,Safflower
211.4,44.5,177.1,0.57,8,Safflower
234.7,49.7,238,0.6,8,Safflower
176.9,40.1,153.3,0.56,7.2,Safflower
180.8,32.5,162.2,0.51,7,Safflower
223.6,36.8,171.8,0.54,8,Safflower
155.6,39,145.5,0.5,7.5,Safflower
116.1,23.7,115,0.33,7,Safflower
237.4,42.2,200.4,0.72,6.7,Safflower
190.9,36.3,143.5,0.6,7.1,Safflower
236.1,52.5,216.6,0.71,7.8,Safflower
174.4,36.8,195.8,0.57,7.9,Safflower
162,35,157,0.57,7.4,Safflower
122.4,28.1,100.3,0.32,7.7,Safflower
218.7,34.3,183.1,0.58,8.3,Safflower
133.3,27.3,123.3,0.41,7.5,Safflower
256.8,54.7,235,0.74,7.7,Safflower
219.3,48.8,190,0.66,7,Safflower
212.9,38.3,167.6,0.58,8.1,Safflower
106.2,27,125.4,0.35,7.9,Safflower
129.1,23.5,111.8,0.49,7.9,Safflower
207.5,41.9,174.3,0.57,8,Safflower
207.8,34.1,163.4,0.58,7.7,Safflower
187.1,40.4,160.3,0.58,7.2,Safflower
156.2,39.8,166.5,0.5,7.5,Safflower
239,45.2,182.6,0.62,7.8,Safflower
154.8,35.5,155.8,0.49,7.2,Safflower
167.7,40.8,169.7,0.52,7,Safflower
142.9,30.8,86.7,0.45,6.8,Safflower
198,35.7,191.3,0.57,8,Safflower
136.9,23.5,86.8,0.37,7.7,Safflower
200.7,41.2,168,0.48,7.3,Safflower
175.3,30.2,152.5,0.48,7.3,Safflower
232.5,35.7,208.8,0.59,8.1,Safflower
240.2,46.3,192.7,0.66,7.9,Safflower
222.1,45.4,197.9,0.72,7.9,Safflower
136.4,21.8,113.4,0.44,7,Safflower
181.7,45.9,174.9,0.52,7.7,Safflower
153.6,31.7,153.5,0.51,7.7,Safflower
274.4,52.2,195,0.74,7.7,Safflower
161,40.5,155.9,0.46,7.7,Safflower
185.4,32.9,136.3,0.52,6.8,Safflower
148,27.1,133.3,0.38,6.8,Safflower
170.9,36.9,141.3,0.48,6.9,Safflower
180.3,31.8,167.7,0.47,7.9,Safflower
159.3,31.9,155.6,0.47,7.4,Safflower
205.4,49.5,192,0.63,7.2,Safflower
213.5,33.3,141.7,0.58,7.8,Safflower
149,31.8,108.9,0.38,7.2,Safflower
245.5,43,224.4,0.69,7.2,Safflower
215.3,41.4,194.3,0.63,8.1,Safflower
140.4,21.5,132.2,0.42,6.9,Safflower
218.6,49.6,212.5,0.7,7,Safflower
170.7,28.7,131.7,0.48,8.1,Safflower
181.8,29.5,134.4,0.55,7.9,Safflower
132.8,33.3,123.2,0.46,7.7,Safflower
292.7,58.9,243.3,0.77,8,Safflower
165.8,32.4,129.4,0.52,7,Safflower
266.8,59.3,208.2,0.74,7.1,Safflower
194.4,27.6,153.3,0.55,7.6,Safflower
141.3,33.7,138.4,0.46,7.8,Safflower
216.5,47.9,199.7,0.59,7.5,Safflower
203.5,35.1,157.4,0.58,7.2,Safflower
264.1,53.9,206.2,0.7,7.3,Safflower
192,35.7,174.8,0.53,7,Safflower
250.7,46.3,220.2,0.7,6.8,Safflower
180,38,156.1,0.5,6.7,Safflower
202.4,30.8,144,0.51,6.7,Safflower
171.5,39.2,158.4,0.46,7.8,Safflower
227.1,40.8,185.6,0.63,7.7,Safflower
165.6,31.9,160.7,0.4,7.4,Safflower
163.7,31.4,112.1,0.48,8.1,Safflower
188.3,42.2,176.4,0.55,7.1,Safflower
80,20,89.2,0.31,8.1,Safflower
217,43,206.3,0.61,7.8,Safflower
217.6,49.1,203.1,0.66,7.8,Safflower
245.2,43.1,212.7,0.6,7.4,Safflower
209.1,35.4,176.7,0.52,6.6,Safflower
270.1,49.2,193.4,0.72,8.1,Safflower
181.5,34.8,156.9,0.59,6.8,Safflower
147.6,30.6,119.2,0.46,7.5,Safflower
177.9,34.7,128.8,0.5,7.3,Safflower
124.6,23.5,81.7,0.42,6.7,Safflower
278.6,60,250,0.8,8,Safflower
187.2,35.7,147.1,0.49,7.6,Safflower
247.9,36.9,181.3,0.57,6.7,Safflower
215.5,36.6,172,0.59,7.7,Safflower
176.3,33.5,166.1,0.59,7.9,Safflower
222.6,38.3,187.7,0.55,7.5,Safflower
211.4,44.1,183.2,0.59,7.5,Safflower
118.8,29.5,148.3,0.36,7.5,Safflower
257.4,48.1,188,0.64,7.2,Safflower
143.4,29.6,100.5,0.49,7.7,Safflower
268.5,47.3,216.5,0.69,7.1,Safflower
186.9,38,145.7,0.5,7.6,Safflower
274.3,49.3,219.3,0.74,7.3,Safflower
238.7,45.3,209.1,0.66,7.5,Safflower
168.1,28.5,132.4,0.47,7.9,Safflower
136.1,21.3,118.1,0.35,8,Safflower
172.1,31.3,152.5,0.53,7.2,Safflower
153.4,25.5,158.3,0.45,7.2,Safflower
208.3,30.7,191.6,0.52,7.2,Safflower
178.1,37.3,150.4,0.53,7.5,Safflower
104,20,106.5,0.34,7.8,Safflower
177.4,33.5,177.1,0.52,7.7,Safflower
234.7,48.5,201.4,0.63,7.7,Safflower
222,42.7,194.3,0.62,7.2,Safflower
172.4,39.7,142.2,0.46,7.5,Safflower
293,54.2,250,0.71,7,Safflower
253.6,47.1,229.9,0.79,7.9,Safflower
227.9,40.7,188.4,0.62,8.1,Safflower
213,42.1,218.5,0.55,8.2,Safflower
155.9,28.5,160.9,0.53,6.9,Safflower
267,50.2,230.9,0.76,7.3,Safflower
206.5,36.2,173.4,0.57,7.4,Safflower
269.2,53.3,173,0.75,7.6,Safflower
120.6,31.2,142.7,0.39,7.5,Safflower
279.2,49.3,221.7,0.75,7.7,Safflower
200.2,40.2,205.3,0.58,7.9,Safflower
149.2,34.3,158.4,0.44,7.2,Safflower
224.1,39,167.3,0.57,6.9,Safflower
157,32.1,117.7,0.49,7.7,Safflower
125.5,28,103.8,0.43,6.9,Safflower
180.1,33,156.4,0.49,7.8,Safflower
221.4,49.8,218.4,0.62,8,Safflower
222.1,43.5,193,0.64,7,Safflower
235.9,50.5,204.3,0.72,7.1,Safflower
246.4,52.2,211.4,0.68,8.1,Safflower
238.3,46.6,216.5,0.67,8,Safflower
225.6,45.9,206.2,0.65,6.9,Safflower
228.7,43.7,186,0.7,7.7,Safflower
189.2,38.5,169.6,0.55,8,Safflower
192,46.7,189,0.61,7.6,Safflower
97.2,20,97.5,0.32,8,Safflower
204.3,48.1,250,0.6,7.9,Safflower
151.7,27.9,126.8,0.51,7.3,Safflower
140.9,27.8,117.3,0.43,7.3,Safflower
171,27.9,156.9,0.54,7.1,Safflower
176.8,39.7,158.1,0.5,7.4,Safflower
160.1,30.1,138.9,0.49,7.6,Safflower
229.3,53.8,200.8,0.67,7.7,Safflower
194.3,37.1,152.1,0.55,7.1,Safflower
182.3,37.4,166.9,0.46,6.8,Safflower
293.9,55.6,247,0.75,8,Safflower
127.4,29.4,150.5,0.35,7.4,Safflower
177.1,38.6,183.2,0.5,7.3,Safflower
243.6,44.3,203.4,0.66,7.9,Safflower
234.6,41.5,184.1,0.62,7.6,Safflower
161.5,30.2,129.7,0.42,8.1,Safflower
206.7,43.5,151.1,0.6,8.2,Safflower
158,37,143,0.56,7.8,Safflower
134.7,28.3,143.8,0.38,8,Safflower
170.1,29.5,150.8,0.47,7.1,Safflower
116.6,23.2,102.4,0.35,8,Safflower
135.6,31.3,90.4,0.37,7.5,Safflower
233.6,51,183.8,0.66,7.6,Safflower
179.7,34.4,122.9,0.48,7.5,Safflower
82.3,20,108.4,0.35,6.8,Safflower
133.8,20,103.2,0.39,8.1,Safflower
124.2,24,99.8,0.42,7.8,Safflower
293.9,52.6,236,0.79,8.4,Safflower
213.8,43.8,165.3,0.62,7.8,Safflower
87.1,20,91.5,0.3,7.4,Safflower
80,20,116.8,0.3,7.5,Safflower
240.8,43.8,219.8,0.63,6.6,Safflower
269.1,48.5,243.3,0.71,6.7,Safflower
278,60,250,0.8,8.1,Safflower
249.3,49.2,243.9,0.69,7.3,Safflower
147,22,110.6,0.48,6.9,Safflower
261.7,44.2,245.6,0.62,6.7,Safflower
170.9,20,133.6,0.42,6.7,Safflower
172.7,28.2,103.8,0.47,7,Safflower
183.9,39.3,147.1,0.53,7.6,Safflower
249.6,47.3,195.2,0.66,8.2,Safflower
137.6,29,103.2,0.35,7,Safflower
168.4,29.8,162.1,0.51,8.4,Safflower
274.7,51.6,213.1,0.8,7.4,Safflower
235.8,42.6,202.6,0.63,7.2,Safflower
266,50.1,183.6,0.74,6.6,Safflower
82.6,20,89.5,0.37,7.4,Safflower
206.8,43.9,152.4,0.52,6.7,Safflower
103.9,24.9,114.5,0.43,7.1,Safflower
269.5,60,232.9,0.8,7.8,Safflower
283.1,55,218.1,0.8,7.8,Safflower
140.5,20,124.6,0.38,6.6,Safflower
295.1,48.7,230.6,0.8,8.4,Safflower
80,23.6,97.3,0.3,7.6,Safflower
106.5,20,80,0.3,8.4,Safflower
300,47,218.5,0.8,6.7,Safflower
254.8,48.4,217,0.65,7.3,Safflower
161.9,36.7,155.7,0.53,7.2,Safflower
96.4,26.9,114.6,0.34,7.6,Safflower
110.3,23.7,84.9,0.35,6.9,Safflower
229.9,44.6,202.3,0.59,6.6,Safflower
80,22,120.2,0.34,7.1,Safflower
205.1,36.1,164.3,0.56,6.9,Safflower
97.7,20,81.5,0.36,6.5,Safflower
150,22.7,106.3,0.32,8.3,Safflower
148,27.7,103.1,0.42,6.6,Safflower
232.2,47.9,208.7,0.7,6.6,Safflower
300,50.8,250,0.77,8.3,Safflower
277.7,56.4,235.9,0.72,7.7,Safflower
89.3,20,108.6,0.37,8.2,Safflower
300,57,250,0.79,7.6,Safflower
191.3,34.3,132.1,0.5,7.8,Safflower
233.5,47.3,198.8,0.55,7.1,Safflower
142.6,31,151.5,0.5,8.1,Safflower
261.4,50,224.7,0.77,7.8,Safflower
188.6,39,203.6,0.59,7.4,Safflower
287.2,49.6,232.7,0.68,7.8,Safflower
100,20,100.8,0.3,6.7,Safflower
138,28.5,111,0.39,7.3,Safflower
271.6,44.7,202.2,0.66,6.8,Safflower
101.8,20,104,0.3,8.4,Safflower
275.7,45.6,242.2,0.8,7,Safflower
80,20,85.5,0.36,8.3,Safflower
94,28.3,88.5,0.33,7.8,Safflower
259.3,48.9,233.2,0.7,6.8,Safflower
186.2,35.6,140.5,0.52,6.7,Safflower
211.9,36.1,214.9,0.59,6.7,Safflower
269.1,54.7,219.4,0.72,7.8,Safflower
300,52.5,248.3,0.79,7.3,Safflower
92.6,20,90.1,0.31,7.9,Safflower
159.7,33.8,182.3,0.5,7.7,Safflower
114.1,20,80,0.39,7.2,Safflower
300,60,250,0.8,7.2,Safflower
238.2,53.4,235.6,0.68,7.4,Safflower
207.5,27.9,170.4,0.52,7.1,Safflower
269.9,44.1,177.2,0.7,7,Safflower
172.9,34.8,198.9,0.48,7.2,Safflower
273.4,58.3,239.7,0.75,7.6,Safflower
300,53.3,250,0.79,8,Safflower
263.9,50.9,237.1,0.74,8.2,Safflower
184.9,41.4,162.1,0.58,8,Safflower
295.3,57.2,250,0.75,7.7,Safflower
283.5,50.7,241.6,0.69,6.7,Safflower
92.6,24.5,96.8,0.3,6.9,Safflower
216,38.9,178.4,0.63,7.9,Safflower
245,43.6,213.1,0.73,7.9,Safflower
199.8,28.1,179,0.55,8.3,Safflower
100.3,20,116.9,0.38,8.3,Safflower
161.5,32.8,154.6,0.56,8.3,Safflower
196.3,36.4,155.8,0.54,6.9,Safflower
290.4,45.8,243.7,0.74,6.8,Safflower
164,30.8,152.2,0.56,6.7,Safflower
223.5,40.3,190.1,0.63,7.7,Safflower
214,40.1,225.4,0.64,8.2,Safflower
171,33.8,147.3,0.51,6.9,Safflower
274.3,46.3,197.2,0.7,6.6,Safflower
219.3,47.5,174.1,0.67,8.4,Safflower
163,22.9,144.3,0.48,8.4,Safflower
135.9,24,122.2,0.42,7.2,Safflower
124.8,27.9,112,0.38,7.5,Safflower
268.9,44,198.3,0.66,6.8,Safflower
179.1,28.5,159.8,0.51,8.3,Safflower
279.7,51.7,223.5,0.78,8.5,Safflower
94.7,20.7,80,0.3,7.7,Safflower
133.4,29.7,126.7,0.46,8.3,Safflower
107.7,20,80,0.42,6.9,Safflower
134.3,29.1,126.4,0.5,6.9,Safflower
299.5,51.4,248.2,0.8,8,Safflower
194.4,39.5,162.8,0.57,6.7,Safflower
172.7,32,180.5,0.5,8.1,Safflower
174.6,34.6,131.7,0.54,6.5,Safflower
204,32.3,175.6,0.59,8.5,Safflower
118.1,23.9,100.5,0.37,7.2,Safflower
116.8,24.6,114.9,0.45,8.4,Safflower
86.5,20,80,0.35,7.2,Safflower
171.3,27,117.8,0.5,7.5,Safflower
137.3,24.6,166.5,0.44,6.7,Safflower
83.2,20,97.4,0.39,6.8,Safflower
212.7,39.9,174.5,0.61,7,Safflower
139.5,34.5,126.5,0.43,6.9,Safflower
274.3,47.1,232.5,0.78,8.4,Safflower
150.6,20,135.7,0.48,8.4,Safflower
284.6,53.9,203.2,0.77,6.9,Safflower
127.9,23.8,139.9,0.39,8.3,Safflower
227.2,37.8,160.8,0.59,8.5,Safflower
180.5,35.8,171.7,0.58,7.1,Safflower
297.3,56.8,226,0.75,8.4,Safflower
271.3,59.7,237.6,0.79,7.5,Safflower
224.3,48.4,243.8,0.77,7.4,Safflower
146.4,31.8,141.7,0.45,8.1,Safflower
201.6,37,189,0.52,7.2,Safflower
138.3,33.9,153.7,0.5,7,Safflower
244.8,47.4,223.5,0.66,7.8,Safflower
125,20.5,111.5,0.41,7.2,Safflower
300,57.4,237.6,0.72,6.9,Safflower
299.7,60,223.2,0.79,7.7,Safflower
242.4,49.3,239.5,0.67,7.7,Safflower
283.1,60,234,0.76,7.7,Safflower
93.1,25.2,94,0.3,7.4,Safflower
82.7,20.6,108.1,0.34,7.7,Safflower
238.2,52.4,222.4,0.64,8.1,Safflower
266.4,50.4,212.1,0.74,6.9,Safflower
249.1,50.1,222.8,0.63,7.9,Safflower
128.7,33,122.9,0.42,7.5,Safflower
159.5,33.8,127.4,0.4,7.4,Safflower
155.1,35.2,185,0.53,7.8,Safflower
82.1,20,80,0.32,8.2,Safflower
105.9,22.3,101.5,0.39,8.2,Safflower
233.4,32,154.9,0.55,8.1,Safflower
182.3,30,155.2,0.52,8.5,Safflower
136.7,21.4,99.4,0.46,8.4,Safflower
144.6,24.7,139.6,0.47,6.5,Safflower
147.8,32.7,108.2,0.44,7.1,Safflower
295.5,58.5,250,0.73,7.3,Safflower
109.2,26.2,116.3,0.43,7.1,Safflower
221.9,36,146.1,0.58,6.6,Safflower
254.5,37.8,228.9,0.76,8.2,Safflower
200.7,33.6,140.2,0.65,7.8,Sesamum
134.2,20.8,81.3,0.42,6.7,Sesamum
138,33.1,124.2,0.43,6.7,Sesamum
165.5,28.7,138.7,0.54,6.7,Sesamum
195.5,27.2,118.6,0.52,7.2,Sesamum
120,22.1,106.4,0.42,6.9,Sesamum
198.4,28.8,205,0.6,6.3,Sesamum
209.8,37.3,166.6,0.65,7.2,Sesamum
227.3,39.9,175.7,0.68,6.5,Sesamum
118.8,19.4,100.5,0.4,6.9,Sesamum
182.8,30.7,147.1,0.56,6.9,Sesamum
207.1,31,182.7,0.68,6.8,Sesamum
216.5,38.8,183,0.66,6.9,Sesamum
167.8,26.9,137.4,0.53,6.7,Sesamum
139.8,23,92.9,0.45,7,Sesamum
204.4,39.4,164.8,0.63,6.8,Sesamum
211.3,36.4,177.6,0.73,6.9,Sesamum
186.2,33,150.6,0.56,7.1,Sesamum
153.4,26.6,137.4,0.51,6.7,Sesamum
180.1,32.6,172,0.58,7,Sesamum
239.6,36.1,201,0.7,6.9,Sesamum
143.7,21.8,157.9,0.49,6.7,Sesamum
183,26,192.6,0.52,7.2,Sesamum
133.9,23.1,127.8,0.42,7,Sesamum
173,27.3,164.3,0.5,7.5,Sesamum
162.2,29.3,125.7,0.48,6.8,Sesamum
195.9,34,165.7,0.63,7.4,Sesamum
175.5,31.6,162.1,0.52,6.8,Sesamum
202.9,35.7,184.7,0.55,7.3,Sesamum
172,33.3,115.4,0.53,7,Sesamum
166.1,33,152.3,0.53,7,Sesamum
178.7,29.4,132.9,0.58,6.4,Sesamum
123.1,20.9,111.7,0.45,7.3,Sesamum
158.5,24.4,127.8,0.46,6.9,Sesamum
163.3,29.6,101.7,0.46,6.8,Sesamum
143.5,16.9,126.9,0.34,7,Sesamum
148.6,26.8,103.7,0.49,7.4,Sesamum
186.1,28.6,153.2,0.6,7.2,Sesamum
145.3,23,106,0.45,7,Sesamum
180.2,31.7,149.7,0.53,7,Sesamum
155.2,28.1,160.4,0.48,7,Sesamum
184.4,28,176.7,0.65,7.6,Sesamum
138.9,22.2,108.4,0.4,7.2,Sesamum
173.4,39.6,173.8,0.62,7.3,Sesamum
174.8,27.8,124.1,0.52,6.7,Sesamum
131.8,20.1,122.4,0.4,6.5,Sesamum
223.5,38.5,148,0.62,6.7,Sesamum
145.7,26.5,130.6,0.48,6.7,Sesamum
109.9,21.2,100.5,0.33,6.7,Sesamum
136.8,26.6,93.9,0.39,6.9,Sesamum
158.3,28,156.6,0.55,7.1,Sesamum
153.5,31.4,124.7,0.56,7.2,Sesamum
206.3,38.5,214.9,0.65,7,Sesamum
179.3,34.1,137.2,0.53,6.9,Sesamum
177.5,32,132.2,0.58,7.2,Sesamum
191.9,31.8,168.9,0.58,6.7,Sesamum
207.9,35.8,167.4,0.65,7.4,Sesamum
121,23.3,94.8,0.39,6.8,Sesamum
146.9,24.9,135.6,0.45,7.6,Sesamum
242.4,41.3,167.6,0.68,7.3,Sesamum
135.9,31.7,130.5,0.55,6.7,Sesamum
158.5,29.6,133.5,0.57,6.7,Sesamum
169.1,32.9,145.2,0.58,7,Sesamum
172.4,29.9,136,0.55,6.9,Sesamum
163.8,27.8,158.2,0.59,6.7,Sesamum
174.3,26.9,147,0.59,6.8,Sesamum
224,41.7,170.9,0.65,7,Sesamum
190.7,33.6,147.2,0.55,7,Sesamum
126.5,27.8,135.3,0.45,6.6,Sesamum
157.2,32.1,112.3,0.51,7.1,Sesamum
139.6,28.1,136.6,0.41,7.3,Sesamum
191.2,34.7,164.4,0.58,6.4,Sesamum
150.8,25.7,95.5,0.47,7.2,Sesamum
191.1,23.3,130.5,0.55,6.8,Sesamum
137.3,18.9,80,0.42,7.2,Sesamum
162.3,28,152.7,0.57,6.8,Sesamum
189.1,27.3,150.8,0.58,7.6,Sesamum
220.7,38.1,205.6,0.61,7,Sesamum
196,29.9,175.3,0.62,6.7,Sesamum
144.4,17.3,116.4,0.42,6.5,Sesamum
195.9,30.3,179.4,0.65,6.3,Sesamum
183.1,37.9,157.4,0.57,6.7,Sesamum
210.1,34,153.1,0.65,6.6,Sesamum
171.4,25.1,164.3,0.49,7.4,Sesamum
197.8,39.4,143.6,0.55,6.8,Sesamum
140.2,23.7,110.9,0.44,7,Sesamum
140.3,25.2,122.3,0.48,6.6,Sesamum
182.2,32.3,162,0.49,7.2,Sesamum
155,24.3,158.9,0.47,7.4,Sesamum
186.3,34.5,156.7,0.57,7.3,Sesamum
166.3,29.7,141.5,0.54,6.6,Sesamum
111.7,17.6,115.7,0.4,7.3,Sesamum
157.9,27.6,164.2,0.43,6.8,Sesamum
224,38.6,188,0.71,6.7,Sesamum
159.4,30.9,155.2,0.55,6.9,Sesamum
260.1,40.4,208.3,0.73,6.5,Sesamum
172.2,30.3,150.9,0.61,6.4,Sesamum
214.2,46.7,199.9,0.65,7.3,Sesamum
130.4,21.6,143.8,0.52,7.2,Sesamum
222,35.7,194.7,0.68,7.2,Sesamum
181.9,29.9,141.2,0.55,6.6,Sesamum
265.9,35,191.6,0.73,7.4,Sesamum
133,20.8,90.2,0.39,7.7,Sesamum
209.9,41.8,149.8,0.69,6.4,Sesamum
250.4,41.7,150.9,0.67,7.5,Sesamum
139.6,27,127.8,0.45,7.5,Sesamum
213.4,34.2,178.8,0.62,6.8,Sesamum
119.9,16.4,94.3,0.32,7.3,Sesamum
150.2,27.1,137,0.51,7.6,Sesamum
261.8,44.5,201.2,0.69,7.1,Sesamum
161.5,23.3,138.4,0.48,7.6,Sesamum
134,19.6,133,0.45,6.3,Sesamum
150.5,32.9,137.1,0.5,6.8,Sesamum
145,26.9,115,0.49,6.5,Sesamum
262.5,47.2,210.2,0.73,7.5,Sesamum
145.5,22.3,90.6,0.41,7.6,Sesamum
256.7,43.2,191.8,0.7,7.3,Sesamum
207.7,28.2,147.2,0.61,6.2,Sesamum
164.1,20.7,137.2,0.49,6.5,Sesamum
222,36,174.4,0.73,6.8,Sesamum
124.6,22.1,153.1,0.41,7,Sesamum
174.2,34.5,149.7,0.47,7,Sesamum
145.8,29,135,0.5,6.8,Sesamum
120.1,19.2,130.9,0.48,6.4,Sesamum
213.1,39,158.2,0.64,7.1,Sesamum
168.1,25.5,121.2,0.56,6.8,Sesamum
111.9,17.7,85.3,0.4,6.9,Sesamum
238.2,40.1,180.3,0.66,7.1,Sesamum
160.2,25.1,133.3,0.57,7.7,Sesamum
199.5,29,138.9,0.58,7.6,Sesamum
248.9,35.3,196,0.65,7.3,Sesamum
127.8,17.8,122.5,0.46,6.5,Sesamum
231.2,44.7,172.2,0.64,6.7,Sesamum
189.3,24,149,0.57,6.5,Sesamum
264.4,41,181.7,0.74,7.1,Sesamum
184.3,33.6,136.4,0.45,7.1,Sesamum
143,28.6,153,0.46,6.8,Sesamum
217.1,33.3,158.5,0.59,7.1,Sesamum
122.2,22.6,104.1,0.51,7.6,Sesamum
156.3,16.4,107.9,0.48,6.2,Sesamum
218.4,45.3,176.3,0.67,6.8,Sesamum
152.8,29,139,0.49,7.4,Sesamum
207.3,27.3,183.1,0.57,6.2,Sesamum
116.3,20.2,84.9,0.35,6.8,Sesamum
222.3,36.4,159.8,0.71,7.1,Sesamum
177.6,33.9,161,0.5,6.5,Sesamum
162.1,27.9,112.9,0.52,7.2,Sesamum
209.7,35.4,174.8,0.6,7.2,Sesamum
121.2,21.2,113.8,0.46,7.5,Sesamum
238.2,35.3,192.4,0.67,7.2,Sesamum
200,32.2,161,0.65,7.3,Sesamum
177.4,29,165,0.54,6.6,Sesamum
192.8,28.9,140.9,0.54,7.1,Sesamum
254.1,40.8,188.4,0.68,7.7,Sesamum
222.5,38.4,167.6,0.66,6.4,Sesamum
203.3,30.9,175.1,0.52,7.1,Sesamum
249.3,43.5,220,0.63,7.3,Sesamum
174.8,28.4,146.2,0.62,7.8,Sesamum
143.1,32.9,123.8,0.48,6.9,Sesamum
208.2,45.1,207.4,0.7,7.2,Sesamum
251.2,40.3,219.6,0.77,6.1,Sesamum
187.6,31,133.7,0.51,7.1,Sesamum
220.8,37.5,174.8,0.65,6.6,Sesamum
173.7,28.1,143.7,0.52,6.8,Sesamum
276.1,39.9,212.7,0.69,7.2,Sesamum
203.8,37.3,154.2,0.63,7,Sesamum
187.3,35.6,142,0.56,7.5,Sesamum
95.4,16.1,110.7,0.4,7.8,Sesamum
200.3,35.9,170,0.57,6.7,Sesamum
209.5,31.5,161.1,0.67,7.3,Sesamum
119.8,15,111.5,0.39,6.8,Sesamum
145.8,24.6,165.4,0.42,7.4,Sesamum
132.2,26.3,145.3,0.54,7.2,Sesamum
223.2,35.7,177.6,0.65,6.6,Sesamum
209.3,30.9,185.7,0.62,7.4,Sesamum
106.7,15.1,80,0.39,6.8,Sesamum
126.7,15.3,123.9,0.42,7.3,Sesamum
222.9,32,167.3,0.64,7.9,Sesamum
202.6,31.1,158.3,0.54,7,Sesamum
108.7,24.1,117.3,0.39,6.8,Sesamum
188,34.4,154.9,0.6,7.3,Sesamum
226.2,30.8,176.1,0.7,6,Sesamum
203.8,37.4,166.2,0.62,7.3,Sesamum
242.4,43.4,190.6,0.7,6.9,Sesamum
127.9,25.7,125.3,0.38,7,Sesamum
140.5,22.5,121.1,0.42,6.9,Sesamum
147.1,27,130,0.44,7.2,Sesamum
128.2,27.6,128.4,0.43,6.7,Sesamum
160.9,17.9,137.9,0.52,6.2,Sesamum
184.5,29.7,158.7,0.5,7.3,Sesamum
157.4,31.1,175,0.51,7,Sesamum
147.9,28.1,134.7,0.45,7.1,Sesamum
107.5,17,101.4,0.34,6.3,Sesamum
136.7,16.3,121.9,0.43,6.4,Sesamum
132.9,27,120.4,0.43,6.9,Sesamum
199.5,37.8,179.9,0.65,6.7,Sesamum
209.8,35.1,157.8,0.61,6.7,Sesamum
172.1,31.9,145.9,0.57,6.9,Sesamum
119.3,16.5,120,0.45,7.2,Sesamum
208.6,35.4,148,0.62,7,Sesamum
152,26.1,138.7,0.47,6.9,Sesamum
264.5,45.4,206.2,0.73,7,Sesamum
141.7,21.4,117.5,0.43,6.8,Sesamum
199.4,39.4,149.5,0.62,7.5,Sesamum
145.5,24.7,114.1,0.43,7.2,Sesamum
120.8,21,113.9,0.35,7.5,Sesamum
151.7,25.8,142.6,0.52,6.2,Sesamum
126.5,15.6,114.4,0.44,7.6,Sesamum
233.2,29.7,169.1,0.67,6.5,Sesamum
245.3,40,183.8,0.69,6.3,Sesamum
222.4,45.1,169.8,0.65,7.2,Sesamum
165.7,30.2,145.3,0.53,7,Sesamum
167.9,30.9,118.8,0.48,6.9,Sesamum
120,15,118.3,0.33,7.5,Sesamum
197.7,29.9,163.5,0.61,7,Sesamum
201.3,34,167.6,0.63,6.7,Sesamum
219.8,35.1,141.8,0.6,6.7,Sesamum
155.3,19.5,117.2,0.4,7.7,Sesamum
154.6,27.1,138.6,0.5,7.2,Sesamum
205.6,35,154.5,0.62,7.1,Sesamum
138.2,29.4,96.5,0.41,6.5,Sesamum
98,15,101.4,0.3,7.4,Sesamum
191.1,31.6,104.3,0.51,6.8,Sesamum
113.3,18.7,116,0.3,6.9,Sesamum
245.7,38,180.9,0.55,6.8,Sesamum
171,26.6,128.6,0.49,6.5,Sesamum
236.3,36.9,208.7,0.67,7.5,Sesamum
185.4,24.8,169.1,0.51,7.8,Sesamum
243.7,40.4,203.5,0.7,6.2,Sesamum
216.6,39.6,191.7,0.7,7.2,Sesamum
214.8,35.7,177.6,0.61,7.7,Sesamum
174.3,24.9,145.5,0.54,6.5,Sesamum
228.7,39.4,197.7,0.64,6.5,Sesamum
112.1,18.2,127.7,0.36,6.5,Sesamum
206.3,36.3,170.3,0.64,7.4,Sesamum
212,32.9,206.4,0.71,7.2,Sesamum
136.8,28.8,120.7,0.5,6.5,Sesamum
199.2,34.4,146.6,0.61,7.4,Sesamum
204.2,35.6,155.4,0.6,7.2,Sesamum
196.7,32.4,158.3,0.56,7.7,Sesamum
193.6,38.6,172,0.56,7.2,Sesamum
196.9,34.7,154.7,0.54,7.4,Sesamum
212.9,32.6,210.4,0.6,7.2,Sesamum
280,48.2,208.1,0.78,6.4,Sesamum
131.7,20.3,117.1,0.44,6.5,Sesamum
183.9,35.7,158.5,0.58,7.1,Sesamum
171.7,24.7,130.7,0.55,6.7,Sesamum
158.8,26.7,139,0.49,6.4,Sesamum
274.5,45.8,211.9,0.77,7.7,Sesamum
131.3,21.5,117.1,0.3,6.7,Sesamum
165.6,22.9,152.3,0.49,6.4,Sesamum
138.2,23.1,112,0.46,7.6,Sesamum
127.4,25,124.9,0.45,6.6,Sesamum
185.5,33.8,119,0.62,7.1,Sesamum
193.3,28.9,163.8,0.55,7.6,Sesamum
201,36.7,184.2,0.61,7.2,Sesamum
176.3,32.8,156.4,0.54,7,Sesamum
109.8,19.6,103.1,0.43,6.4,Sesamum
145.4,34.5,145.8,0.47,7.6,Sesamum
117.3,15,131.2,0.37,6.6,Sesamum
118.8,24.6,93.5,0.34,7,Sesamum
151.5,21.4,120.1,0.42,7.5,Sesamum
148.7,24.4,102.6,0.44,6.9,Sesamum
167.2,33.3,163.9,0.59,6.8,Sesamum
178.4,29,150.2,0.5,7.3,Sesamum
184,38.3,166.6,0.56,7,Sesamum
220.3,32.1,171.3,0.55,7,Sesamum
192.1,24,168.8,0.59,6.3,Sesamum
221.1,37.8,182.9,0.64,7,Sesamum
92.6,15,86.8,0.32,7.3,Sesamum
201.7,34.8,161.5,0.58,6.3,Sesamum
167.7,27.1,145,0.54,6.3,Sesamum
136.6,22.2,133.8,0.46,6.7,Sesamum
219.9,31.6,182.8,0.6,7.5,Sesamum
192.7,38.7,156.2,0.61,6.5,Sesamum
153.6,31.4,147.5,0.52,6.3,Sesamum
182,37.3,146.7,0.54,6.9,Sesamum
195.9,34.1,164.8,0.55,6.8,Sesamum
127.8,25.2,135.9,0.37,7.5,Sesamum
221.5,47.2,178.7,0.68,7,Sesamum
209.3,33.5,161.1,0.59,6.5,Sesamum
217.3,34.5,160.5,0.66,6.7,Sesamum
207.6,37.2,187.9,0.58,7.2,Sesamum
200.8,37.5,143.3,0.58,7.2,Sesamum
115.6,17.5,102.9,0.41,7.3,Sesamum
108.4,21,85.9,0.44,7.3,Sesamum
117.8,19,101.7,0.42,7.5,Sesamum
200.1,34.9,138.7,0.57,7,Sesamum
187.6,27.8,174.1,0.61,6.7,Sesamum
222.9,40,195.5,0.7,6.7,Sesamum
181,32.5,118,0.43,6.9,Sesamum
203.1,34.9,137.2,0.67,6.4,Sesamum
154.8,23,158.5,0.49,7.9,Sesamum
236,42.3,194.6,0.73,6.6,Sesamum
213.2,33.6,165.8,0.56,7.1,Sesamum
233.6,30.7,204.1,0.64,7.5,Sesamum
216.1,34.9,184.8,0.71,6.5,Sesamum
89.3,16.1,94.6,0.35,7.3,Sesamum
220.1,31.5,169.3,0.5,6.6,Sesamum
177.8,30.8,132.8,0.5,7.2,Sesamum
259.8,49.1,202,0.76,7,Sesamum
197.8,35.7,152.1,0.59,6.4,Sesamum
175.6,33.1,168.7,0.59,6.9,Sesamum
168,27,155.6,0.62,6.2,Sesamum
169.3,29.9,128.2,0.59,7.4,Sesamum
163.4,18.9,126.7,0.5,7.6,Sesamum
188.4,32.3,159.7,0.64,6.9,Sesamum
216.6,39.3,186,0.7,7,Sesamum
178.3,29.2,147,0.54,7.1,Sesamum
156.8,24.4,142.3,0.5,6.6,Sesamum
182.2,36,162.1,0.62,7.4,Sesamum
225.9,34.3,184.3,0.61,7.8,Sesamum
236.2,41.8,175.7,0.61,6.6,Sesamum
122.7,24.3,146.4,0.37,7,Sesamum
208.1,33.6,149,0.63,6.4,Sesamum
157.3,25.5,142.5,0.52,6.3,Sesamum
181.7,27.5,159.7,0.51,6.6,Sesamum
150.5,25.1,136.2,0.47,6.6,Sesamum
218.5,35.1,160.8,0.65,7.4,Sesamum
186.9,30.4,167.6,0.55,6.6,Sesamum
177.7,30.8,182.4,0.54,7.5,Sesamum
164.9,30.5,110.4,0.52,7.1,Sesamum
229.5,40,199.5,0.72,6.7,Sesamum
173,25.6,149.7,0.5,6.4,Sesamum
139.7,24.7,115.5,0.44,7.7,Sesamum
235.9,43.4,199.3,0.73,6.8,Sesamum
149.3,20.8,144.6,0.45,7.3,Sesamum
213.7,36.7,179.4,0.54,6.6,Sesamum
249.4,43.6,205.5,0.79,7.3,Sesamum
186.7,26.3,135.9,0.53,7.9,Sesamum
133.6,19.3,125,0.41,7.2,Sesamum
198.2,32.6,161.3,0.56,6.7,Sesamum
119.4,16.5,81.7,0.32,6.8,Sesamum
167,28.8,139.7,0.5,6.5,Sesamum
215.6,39.2,184.4,0.67,7.4,Sesamum
134.7,24.2,105.7,0.45,6.9,Sesamum
225.2,39.4,159.6,0.65,6.4,Sesamum
247.1,41.1,203.2,0.71,6.7,Sesamum
102,18,95.7,0.41,7.2,Sesamum
137.3,22.3,112.1,0.49,7.1,Sesamum
92,23,80.3,0.42,6.7,Sesamum
280,50,220,0.76,7,Sesamum
223.6,34,195.6,0.62,6.4,Sesamum
159.6,28.9,128.9,0.55,6.7,Sesamum
218.7,33.7,150.1,0.67,6.6,Sesamum
212.9,35.5,190.4,0.66,7.3,Sesamum
280,47.2,220,0.75,6.6,Sesamum
156.5,16.1,112.3,0.38,7,Sesamum
168.7,22.6,137.6,0.48,6.1,Sesamum
110.3,20.2,96.5,0.39,6.7,Sesamum
256.1,44.3,205.3,0.73,6.4,Sesamum
280,40.5,213,0.77,7.6,Sesamum
268.1,38.6,199.5,0.8,7.9,Sesamum
159,26.7,149.1,0.55,6.6,Sesamum
129.6,15,116.8,0.33,7.7,Sesamum
211.9,39.5,172.1,0.68,7.4,Sesamum
271.9,32.4,210.5,0.72,6.1,Sesamum
193.4,30.6,181.6,0.63,6.2,Sesamum
176.5,24.7,137.4,0.52,6.7,Sesamum
256.9,45,180.9,0.73,7.3,Sesamum
245.9,42.4,220,0.67,7.6,Sesamum
97.3,15,80,0.33,7.6,Sesamum
252.6,41.9,220,0.75,6.2,Sesamum
111.8,18.7,104.5,0.35,7.3,Sesamum
233.4,36.3,177.7,0.64,6.1,Sesamum
224.4,31.2,166.5,0.57,7.9,Sesamum
123,23.9,131.5,0.47,7.1,Sesamum
131.9,20.5,106,0.38,6.9,Sesamum
133.4,25.9,109.8,0.49,7.3,Sesamum
80.4,15,87.7,0.4,7.6,Sesamum
145,15,126.3,0.4,6.3,Sesamum
164.8,26.7,140.3,0.53,6.1,Sesamum
119.3,21.6,82.1,0.36,7.2,Sesamum
108,15.5,98.1,0.3,6.2,Sesamum
80,15,112.6,0.33,6.5,Sesamum
123.4,20.1,124.8,0.4,7,Sesamum
270.9,41.7,200.9,0.8,6.4,Sesamum
89.5,15,80,0.37,7.5,Sesamum
144.8,23.2,144.6,0.42,6.8,Sesamum
249.6,42.1,199.9,0.79,7.5,Sesamum
199,29.9,160.2,0.53,6.2,Sesamum
137.8,23.1,112.4,0.44,6.2,Sesamum
263.9,45.4,220,0.73,7.2,Sesamum
85.2,15,80,0.34,7.8,Sesamum
134.7,15.7,114.9,0.44,8,Sesamum
92.1,18.8,81.8,0.34,7,Sesamum
118.6,22.8,121.4,0.38,7.6,Sesamum
272.4,40.6,206.2,0.77,7.9,Sesamum
127,16.4,150.8,0.43,6.1,Sesamum
145.7,21,129.6,0.45,7.6,Sesamum
213.8,37.5,186.8,0.72,7,Sesamum
251.7,39.5,208.9,0.77,7,Sesamum
156.8,34.2,155.9,0.54,6.5,Sesamum
219.7,42,194,0.63,7.6,Sesamum
210.3,31.9,153.3,0.57,6.7,Sesamum
219.4,35.8,192.3,0.61,7.5,Sesamum
105.3,21,92.5,0.35,6.3,Sesamum
255.7,38.1,216.9,0.76,6.3,Sesamum
94.7,15,115.2,0.36,7.3,Sesamum
103.6,17.2,86.9,0.34,6.6,Sesamum
92.8,20.6,80,0.35,7.6,Sesamum
208.5,35.9,192.5,0.62,6.3,Sesamum
235.9,41.5,162.5,0.73,7.7,Sesamum
165.5,34.3,126.2,0.55,7.2,Sesamum
210.6,38.7,182.3,0.68,7.3,Sesamum
140.2,17.6,136.6,0.46,7.5,Sesamum
119.6,22.4,126.1,0.41,7.1,Sesamum
238.2,38.2,205.8,0.7,6.3,Sesamum
130.6,21.3,139.6,0.45,7.6,Sesamum
110.7,20.9,142.5,0.4,7.3,Sesamum
88.5,15,80,0.32,6.5,Sesamum
168.8,31.9,169.1,0.5,6.8,Sesamum
110.9,16.5,80,0.37,7.7,Sesamum
130.8,26.3,133.5,0.45,6.6,Sesamum
204.4,29.4,183.2,0.61,8,Sesamum
177.6,22.7,165.7,0.55,6.1,Sesamum
142.8,22.5,134.2,0.38,6.7,Sesamum
151.7,17.5,117.3,0.42,7.7,Sesamum
280,44,220,0.8,7.2,Sesamum
199.9,37.7,189,0.73,7.3,Sesamum
99.9,15,109.4,0.38,7.7,Sesamum
187.1,32.8,148.4,0.55,6.5,Sesamum
165.3,21,134.9,0.49,6.2,Sesamum
280,44.5,217,0.8,7.2,Sesamum
280,48.1,213.3,0.8,7.4,Sesamum
194.3,21.3,163.7,0.62,6.1,Sesamum
80,15,84.2,0.3,6.1,Sesamum
117,15,93.6,0.33,7.5,Sesamum
125.8,15,136.3,0.46,7.9,Sesamum
270.3,35.1,194.8,0.72,6.2,Sesamum
93.3,16.6,113.2,0.31,7.7,Sesamum
155.9,24.9,115.7,0.46,6.8,Sesamum
226.7,38,215.8,0.65,7.7,Sesamum
212.4,37.8,162.8,0.63,7.2,Sesamum
204.7,32.3,195.7,0.65,7.9,Sesamum
154.4,31.3,126.8,0.45,7.6,Sesamum
163.8,32.2,146.4,0.61,6.7,Sesamum
226.8,33,177.8,0.7,6.1,Sesamum
100.8,15,92.5,0.32,6.3,Sesamum
225.7,38.3,191.7,0.66,6.1,Sesamum
225.3,37.6,178.9,0.67,6.7,Sesamum
185.3,25.5,155.6,0.52,6.6,Sesamum
196.3,37.3,167.9,0.59,6.9,Sesamum
180.3,20.8,149.5,0.52,6.1,Sesamum
231.8,44.8,210.1,0.72,7,Sesamum
82,16.3,96.1,0.3,7.5,Sesamum
225.2,34.4,182,0.63,6.5,Sesamum
123,16.2,115.7,0.37,6,Sesamum
241.1,40.4,213.4,0.7,6,Sesamum
254.2,39.7,195.1,0.8,6.3,Sesamum
80,15,89.5,0.3,7.5,Sesamum
220.4,39.6,173.9,0.71,7.1,Sesamum
186.2,23.4,170.5,0.54,6.2,Sesamum
206,35.3,190.6,0.68,7.6,Sesamum
259,41,181.5,0.76,7.3,Sesamum
177.4,26.4,133.1,0.6,6,Sesamum
262.3,37.1,220,0.75,6.1,Sesamum
160.3,15.7,112.1,0.42,7.9,Sesamum
110.5,15,111.7,0.32,7.9,Sesamum
226.7,34.9,177.3,0.6,6.9,Sesamum
120.2,15,92.4,0.4,6.2,Sesamum
179.9,31.2,156.8,0.57,6.3,Sesamum
95.1,15,99.9,0.31,7.9,Sesamum
142.7,23,118.7,0.42,7.7,Sesamum
245.9,36.1,178,0.62,7.6,Sesamum
89.8,16.7,127.3,0.3,6.4,Sesamum
131.4,15.4,99.6,0.42,6.5,Sesamum
97.3,15,86.2,0.31,6.1,Sesamum
170.4,30.8,125.3,0.56,6.6,Sesamum
133.6,20.6,148.7,0.48,6.7,Sesamum
190.9,36.3,190.7,0.51,6.6,Sesamum
251.9,43.4,220,0.68,6.8,Sesamum
266.7,50,214.5,0.74,6.8,Sesamum
113.8,15,131.5,0.46,7.9,Sesamum
224.4,41.5,206.4,0.7,6.5,Sesamum
118,18,94.4,0.41,6.1,Sesamum
148.4,22.2,108.7,0.44,8,Sesamum
249.1,41.4,203.1,0.72,6.5,Sesamum
80.9,15,86,0.39,6.4,Sesamum
254.6,47.4,213.9,0.8,6.5,Sesamum
129.8,15.3,152.4,0.47,6.3,Sesamum
243.2,36.2,180.9,0.68,6.3,Sesamum
227.7,39.6,174.7,0.72,7.1,Sesamum
151.7,25.3,103.3,0.51,6.5,Sesamum
182.7,26,146.2,0.53,7,Sesamum
94,17.6,96.3,0.37,6.3,Sesamum
259.4,44.1,193.8,0.8,7.3,Sesamum
234.7,35.8,154.1,0.65,6.3,Sesamum
116.6,15,87.2,0.37,6.2,Sesamum
109.2,15.5,85.5,0.32,6.7,Sesamum
176.2,34.8,155.8,0.55,7.8,Sesamum
267.2,47.9,214.5,0.8,6.2,Sesamum
198,30.2,151.2,0.54,7.6,Sesamum
160,24.4,130.3,0.46,7.4,Sesamum
114.2,18.3,103.3,0.36,6.5,Sesamum
158.6,29.1,113.2,0.48,6.8,Sesamum
256.1,42.8,200.4,0.72,6.3,Sesamum
169.9,27.7,133.3,0.51,7.7,Sesamum
107.3,15,95,0.3,7.7,Sesamum
80,15,89.7,0.3,6.2,Sesamum
239.2,39,159.7,0.66,6.6,Linseed
148.6,18.5,96.8,0.4,6.6,Linseed
202.4,41.5,156.8,0.6,6.8,Linseed
110.6,23.2,80,0.32,6.6,Linseed
200.2,35.6,157.8,0.58,6.4,Linseed
153.2,32.4,92.4,0.49,6.6,Linseed
152.5,22.7,103.5,0.45,6.5,Linseed
180.9,27.4,160.3,0.5,6.9,Linseed
182.9,31.4,163.9,0.6,6.4,Linseed
183.9,31.7,133.5,0.6,7,Linseed
164.4,35.1,143.6,0.56,7,Linseed
184.6,29,135.8,0.47,6.9,Linseed
180.8,33.2,140.3,0.52,6.6,Linseed
209,39.1,141.6,0.57,6.4,Linseed
174.5,26.8,124.9,0.49,6.8,Linseed
160.7,27.9,125.5,0.53,6.7,Linseed
196.9,35.4,127.3,0.58,6.8,Linseed
166.6,28.6,149.6,0.54,7.1,Linseed
230.4,41.1,154.4,0.62,6.6,Linseed
147.1,23.1,124.8,0.47,6.7,Linseed
220.7,40,184.4,0.68,7,Linseed
161.9,26.9,121.5,0.45,6.8,Linseed
164.8,35,123.9,0.52,6.8,Linseed
190.9,31.9,125.7,0.59,7.1,Linseed
181.1,29.9,128.2,0.54,6.8,Linseed
141.3,28.2,103.5,0.45,6.8,Linseed
137.8,19,120.7,0.41,6.4,Linseed
171.8,38.2,139.4,0.57,6.8,Linseed
231.9,36.9,149.7,0.69,6.6,Linseed
176.1,32.5,117.8,0.46,6.6,Linseed
222.9,35.9,144.6,0.61,6.6,Linseed
187,33.1,136.4,0.6,6.7,Linseed
173.2,36.2,144.8,0.58,6.9,Linseed
150.5,21.6,117.3,0.48,6.4,Linseed
140.5,27.1,115.1,0.47,7,Linseed
201.9,34.5,132.2,0.6,6.7,Linseed
251.8,48.1,176.1,0.72,6.8,Linseed
181.5,31.5,133.8,0.57,6.8,Linseed
168.9,26.1,126.7,0.52,6.9,Linseed
223.6,29.8,137.7,0.57,7.2,Linseed
126.7,20.1,121.6,0.35,6.2,Linseed
251.6,46.9,171.4,0.73,6.7,Linseed
117.1,19.5,100.1,0.44,6.8,Linseed
158.9,22.1,138.5,0.56,6.8,Linseed
176.9,29.6,135.1,0.48,7.1,Linseed
210.7,38.2,148.7,0.59,7,Linseed
183,34.3,144.9,0.53,6.6,Linseed
135,21.6,114.5,0.56,6.6,Linseed
183.4,25,107.2,0.5,6.8,Linseed
244.7,42.2,170.3,0.62,6.7,Linseed
171.1,31.5,118.2,0.45,6.7,Linseed
235.7,40,187.9,0.69,6.7,Linseed
157.1,27.5,117.5,0.52,6.9,Linseed
135.8,17,102.5,0.39,6.7,Linseed
217.7,40,156,0.62,6.7,Linseed
80,15,93.1,0.3,7,Linseed
138.6,26.3,135.7,0.51,6.6,Linseed
146,29.3,111.6,0.44,6.7,Linseed
198.1,32.9,159.6,0.56,6.8,Linseed
180.3,33.9,163.4,0.57,6.5,Linseed
175.1,31.2,144.1,0.58,6.4,Linseed
177,30,133.1,0.56,6.9,Linseed
192.6,30.9,137,0.61,6.5,Linseed
144.5,23.3,120.7,0.4,7,Linseed
197.7,38.1,136.7,0.64,6.6,Linseed
158.6,26,117.1,0.49,6.5,Linseed
239.2,40.6,160.4,0.72,6.9,Linseed
171.7,29.7,148.7,0.55,6.8,Linseed
163.6,35.5,134.2,0.55,6.9,Linseed
170.4,32.7,143.2,0.48,6.4,Linseed
213,36.3,170.6,0.62,6.7,Linseed
178.8,27.7,130.8,0.5,7,Linseed
184.8,41.3,152,0.61,6.8,Linseed
190.9,35.7,152.9,0.58,6.9,Linseed
224.3,35.3,155.1,0.59,6.9,Linseed
199.8,33.5,149,0.59,6.3,Linseed
218.9,41,167.1,0.62,6.7,Linseed
152.8,17.7,138.5,0.52,6.4,Linseed
191.5,32.7,135.6,0.63,6.7,Linseed
204.6,41.3,171,0.6,6.9,Linseed
187.2,32.2,135.6,0.57,6.6,Linseed
128,26.6,99.1,0.46,6.7,Linseed
167,36.5,149.7,0.53,7,Linseed
186.1,31.4,139.8,0.55,6.5,Linseed
109.5,21.2,104.8,0.42,6.5,Linseed
158.5,26.5,119.8,0.56,6.8,Linseed
192,28,158.4,0.62,6.4,Linseed
168.7,22.9,101.4,0.49,6.8,Linseed
209.8,40.1,169.9,0.68,6.7,Linseed
107.6,23.6,103.4,0.38,6.7,Linseed
162.8,31.7,149.7,0.53,6.7,Linseed
178.5,31.2,135.3,0.56,6.8,Linseed
171.8,29.3,138,0.52,6.5,Linseed
191.9,34.4,186.4,0.66,6.6,Linseed
120,23.2,114.8,0.45,6.9,Linseed
159.2,22.1,113.2,0.46,6.6,Linseed
191.4,31.1,148.9,0.64,7.2,Linseed
173.6,32.6,160.5,0.55,6.5,Linseed
229.8,34.4,166.1,0.58,7,Linseed
140.7,25.4,129.6,0.45,6.8,Linseed
108.6,22,80,0.37,6.7,Linseed
240.2,45.1,191.1,0.7,6.5,Linseed
147.8,18.4,89.5,0.52,6.3,Linseed
191.9,32,161.9,0.57,6.5,Linseed
176.3,25.4,128.6,0.5,6.6,Linseed
170.9,27.6,122.5,0.46,7.1,Linseed
141.6,16.4,118.6,0.44,7.1,Linseed
232,39.2,167.8,0.73,7,Linseed
139,26.4,126.8,0.47,6.8,Linseed
199.5,32.5,156.8,0.59,6.8,Linseed
244.2,48.9,179.6,0.68,7.1,Linseed
115.9,22.4,86.6,0.44,6.7,Linseed
190,36,178.9,0.55,7,Linseed
166.7,20.3,119.2,0.46,7.2,Linseed
132.7,23.2,117.7,0.41,6.6,Linseed
201,32.8,172.6,0.57,6.9,Linseed
147.2,25.4,102.5,0.44,6.9,Linseed
223.9,29.6,160.7,0.57,6.4,Linseed
258.5,42.4,200,0.8,6.9,Linseed
235.5,44,181.8,0.7,6.9,Linseed
133.9,28.4,126.9,0.47,7,Linseed
188,30.7,136.9,0.52,6.2,Linseed
203.1,33,145.9,0.53,6.4,Linseed
180.3,20.8,125.2,0.52,6.4,Linseed
211.2,27,160.3,0.6,7.2,Linseed
223.1,37.2,163.6,0.71,6.9,Linseed
247.3,33,188,0.66,7,Linseed
180.4,29.8,135.2,0.54,6.1,Linseed
214.8,35.7,144.9,0.59,6.9,Linseed
133.1,22.9,113,0.57,6.3,Linseed
271.9,40.9,164.5,0.65,7.2,Linseed
197.1,45.7,148.6,0.58,6.6,Linseed
222.9,36.7,128.4,0.66,6.3,Linseed
191.5,32.5,146.2,0.6,6.9,Linseed
136.4,27.2,139.3,0.48,6.5,Linseed
138.2,26,123.4,0.48,6.9,Linseed
200,38.7,136.4,0.6,6.8,Linseed
130.5,17.1,129.2,0.49,7.1,Linseed
217.7,30.8,173,0.67,7,Linseed
143.7,27.8,128.3,0.46,6.7,Linseed
198,28.5,149,0.52,6.7,Linseed
186.3,29.5,114.6,0.51,6.3,Linseed
183.7,26.5,127,0.46,7,Linseed
160.9,25.6,132.5,0.49,7.1,Linseed
209.6,35.8,132.1,0.65,6.7,Linseed
128.5,28.7,129.5,0.48,6.9,Linseed
234.7,44.6,168.9,0.75,6.6,Linseed
213.4,33.7,133.2,0.61,7,Linseed
198.9,37.1,168.6,0.62,6.2,Linseed
139,16.4,117.1,0.42,6.3,Linseed
191.7,31,152.7,0.62,7,Linseed
236.5,42.9,190.3,0.67,6.9,Linseed
183,32.1,125.1,0.56,6.8,Linseed
210.3,32.1,157.2,0.59,6.4,Linseed
206.2,37.5,143.4,0.63,6.6,Linseed
121.1,23.9,132,0.49,7.4,Linseed
241.8,46,170.6,0.68,7,Linseed
184.9,30.4,151.3,0.56,6.3,Linseed
222.3,40.4,164,0.65,6.8,Linseed
208.4,30.9,135.4,0.68,6.5,Linseed
165.1,25.6,116.9,0.45,6.5,Linseed
244.9,36.9,194.3,0.71,6.7,Linseed
128,18.7,101.7,0.45,7.1,Linseed
145.1,23.9,143.3,0.43,6.1,Linseed
137.8,30.9,116.2,0.48,6.8,Linseed
200.9,34.5,152.7,0.62,6.2,Linseed
209.3,37.3,146.8,0.61,6.5,Linseed
181.3,27.9,136.4,0.6,7.2,Linseed
194.7,28.2,130.4,0.61,7.4,Linseed
130.8,16,92.7,0.41,6.2,Linseed
104.2,18.9,95.9,0.37,7,Linseed
166.3,29.1,136.9,0.53,6.6,Linseed
169.7,29.2,117,0.55,6.4,Linseed
200.3,36.6,151.5,0.53,7,Linseed
181.3,34.6,155.1,0.55,6.8,Linseed
200.9,23.8,134.4,0.58,7,Linseed
206.7,30.2,141.6,0.56,6.5,Linseed
168.4,28.1,111.2,0.45,6.9,Linseed
245.9,34.2,150.1,0.66,6.9,Linseed
148.4,22.2,103.7,0.39,7.1,Linseed
144.4,18.5,130.7,0.44,7,Linseed
158.1,30.5,133.9,0.51,6.8,Linseed
230,39.3,189.2,0.7,6.9,Linseed
152.1,22.3,124.1,0.49,6.6,Linseed
151.7,29.9,109.2,0.37,6.7,Linseed
175.9,28.1,150.5,0.58,6.5,Linseed
184.3,31,120.1,0.51,6.8,Linseed
215.5,34.8,162.8,0.64,6.8,Linseed
245.4,46.6,170.7,0.65,6.8,Linseed
109.9,16.8,90,0.39,7.2,Linseed
211.9,27.9,137.5,0.61,7.2,Linseed
178.8,32.3,137.1,0.57,6.5,Linseed
182.1,32,143,0.49,6.5,Linseed
162.9,31.9,132.2,0.57,7.3,Linseed
230.4,36.8,161.6,0.65,7.4,Linseed
197.8,39.3,157.9,0.67,6.8,Linseed
132.3,16,96.9,0.39,7,Linseed
177.5,27.9,137.8,0.53,6.3,Linseed
232.2,49.9,199.9,0.66,6.8,Linseed
149.8,23.6,137.2,0.39,6.5,Linseed
177.8,23.1,123.1,0.42,6.9,Linseed
212.1,31.6,141.8,0.56,7,Linseed
250.4,33.9,187.4,0.72,7.3,Linseed
239.9,41.7,171.1,0.7,6.5,Linseed
150.2,29.4,129.5,0.46,7.1,Linseed
197.5,33,118.7,0.63,7.2,Linseed
146.3,21.1,114.9,0.47,6.7,Linseed
204.9,38.3,166.6,0.71,7.1,Linseed
147.7,22.5,127.8,0.46,7.1,Linseed
184.9,25.1,139.8,0.49,7.2,Linseed
190.9,31.7,162.7,0.6,6.9,Linseed
143.7,28.2,127.8,0.54,6.7,Linseed
253.8,42.6,197.7,0.75,7,Linseed
214.2,38.9,165.2,0.66,6.7,Linseed
181.5,32.1,151.8,0.48,6.6,Linseed
195.1,30.2,137.3,0.56,7.1,Linseed
129.6,21.2,117.9,0.49,6.4,Linseed
194.5,27.1,144,0.52,6.4,Linseed
132.9,21.3,127.6,0.44,6.7,Linseed
184.7,27.4,129.1,0.52,6.6,Linseed
192.4,30.6,130.9,0.53,6.3,Linseed
188.4,27.9,158.8,0.62,6.3,Linseed
173.6,29.6,131.1,0.61,6.6,Linseed
173.9,28,160.3,0.63,7,Linseed
95.6,23.6,111.6,0.39,6.6,Linseed
218,33.8,145.3,0.57,6.5,Linseed
194.1,31.5,135.9,0.6,7,Linseed
167.4,32.9,149.3,0.49,6.1,Linseed
220.8,38.2,167.2,0.68,7.2,Linseed
133.8,30.4,128,0.5,6.9,Linseed
197.4,33.1,143.4,0.56,7.1,Linseed
229.1,39.1,176.7,0.68,6.8,Linseed
114.3,19.8,112.5,0.37,6.7,Linseed
113,15,92.7,0.47,7.3,Linseed
105.1,16.3,129.5,0.43,6.7,Linseed
222.8,38.4,166.1,0.62,6.6,Linseed
173.5,26.8,131.9,0.5,7,Linseed
175.3,31.7,139.2,0.59,6.2,Linseed
139.1,18.5,99,0.44,6.7,Linseed
203.7,28.8,112.9,0.48,7.1,Linseed
166.9,29.7,140.2,0.58,6.8,Linseed
159.5,24.9,118.2,0.51,6.6,Linseed
161.4,29.5,144.2,0.53,7.2,Linseed
104.6,18.6,89.5,0.38,7.3,Linseed
235.3,44.3,200,0.65,6.8,Linseed
245.1,40.2,168.5,0.69,7,Linseed
188.9,25.2,156.3,0.53,6.2,Linseed
183.2,24.6,142.4,0.59,6.5,Linseed
150.9,22.1,126.1,0.62,6.2,Linseed
233.5,40.5,185.1,0.61,7.1,Linseed
201.1,37.9,154.3,0.57,6.9,Linseed
219.5,39.5,179.7,0.64,7,Linseed
163.6,30.4,155,0.53,6.5,Linseed
178.5,26.6,127.5,0.57,7.1,Linseed
195.2,30.7,149,0.57,6.7,Linseed
168,24.3,162.2,0.64,6.5,Linseed
143.7,19.9,80,0.42,6.9,Linseed
187.7,28.3,143.8,0.55,7.3,Linseed
165.4,28.7,126.2,0.55,7,Linseed
203.7,34.7,141.1,0.56,7.2,Linseed
216,38.1,195.2,0.65,6.7,Linseed
210,33.1,129.3,0.62,7.2,Linseed
139.7,27.3,130.5,0.47,6.6,Linseed
139.8,22.8,124.4,0.42,7,Linseed
103,20.3,122.9,0.32,6.6,Linseed
193.5,35.4,160.8,0.63,6.7,Linseed
191,26.2,133.9,0.54,7.3,Linseed
179.7,28,145.5,0.61,7.1,Linseed
221.5,34.4,184.7,0.67,6.4,Linseed
160.4,30.6,130.4,0.53,6.7,Linseed
186,31.6,116.2,0.5,6.5,Linseed
224.9,45.3,135.6,0.67,6.6,Linseed
163.3,31.2,116.5,0.55,6.3,Linseed
199.5,32.7,149.2,0.56,7.4,Linseed
138.9,17.1,127.4,0.41,7.3,Linseed
229.1,40,144.4,0.74,6.9,Linseed
255.4,44.7,175.8,0.69,6.7,Linseed
180,23.5,123.7,0.54,7.1,Linseed
160.4,29.6,142.4,0.62,6.3,Linseed
247.7,48.4,189.5,0.71,7,Linseed
185.5,29.9,159.4,0.49,7.2,Linseed
150.9,34.8,135.4,0.48,6.8,Linseed
185.1,29.3,146.7,0.48,6.7,Linseed
208.2,37.8,166.4,0.58,6.5,Linseed
126,21.6,113.3,0.43,6.2,Linseed
186,31,144.5,0.65,6.4,Linseed
167.2,29,152.5,0.49,6.6,Linseed
132.5,16.7,108.9,0.42,6.1,Linseed
106.9,15.9,93.4,0.33,7,Linseed
199.7,24.2,144,0.52,6.3,Linseed
241.3,46.2,161.3,0.69,6.8,Linseed
169.3,23,121.4,0.53,7.3,Linseed
131.9,26.5,102.3,0.41,6.5,Linseed
99.2,22.8,80,0.35,6.9,Linseed
153.8,18.5,114.9,0.45,7.2,Linseed
183,28.7,126.2,0.59,6.8,Linseed
163.4,26.1,129.2,0.57,6.1,Linseed
120.1,18.4,94.1,0.46,6.6,Linseed
217.2,33,160.7,0.66,6.7,Linseed
131.1,30.8,142.8,0.49,6.8,Linseed
250,43.1,180,0.73,6.5,Linseed
262.5,36.9,187.5,0.74,7.2,Linseed
143.7,26.5,141.9,0.46,6.6,Linseed
188.9,26.9,131.7,0.51,7.1,Linseed
128,22.4,109.6,0.44,6.7,Linseed
253.8,46.7,160.4,0.76,6.8,Linseed
270.8,34.3,183.4,0.69,6.2,Linseed
257.8,42.1,181.2,0.74,7.2,Linseed
119.7,24.4,90.5,0.44,7.2,Linseed
180,34.2,191.5,0.61,6.5,Linseed
229.6,38.7,151.8,0.67,6.3,Linseed
147.2,19.7,122.7,0.42,6.1,Linseed
166.3,24.7,150.8,0.56,7.4,Linseed
168.5,28.1,131.1,0.49,6.7,Linseed
144.3,29,119.6,0.46,6.6,Linseed
182,33.2,151.7,0.55,7,Linseed
136.2,28.6,122.6,0.5,6.8,Linseed
192,35.5,148.9,0.56,6.6,Linseed
193.4,25.8,137,0.56,6.6,Linseed
174.3,38,120.2,0.62,6.6,Linseed
167,32.4,139.2,0.62,6.2,Linseed
201.3,33.7,154.6,0.56,6.9,Linseed
173.6,34.3,158.1,0.55,6.8,Linseed
141.7,21.4,135.5,0.49,7.2,Linseed
134.9,20.4,133.4,0.43,6.2,Linseed
234.3,27.7,159.3,0.6,6.4,Linseed
188.5,33.3,133.4,0.6,6.9,Linseed
80,23.7,81.8,0.39,6.7,Linseed
270.1,39.6,200,0.69,6.4,Linseed
159.6,28.4,130.6,0.53,7.4,Linseed
127.4,22.8,107.2,0.32,6.8,Linseed
134.4,21.6,128,0.46,6.5,Linseed
192.3,25.3,137.9,0.54,6.6,Linseed
225.8,38.6,200,0.65,6.7,Linseed
189.4,25.8,151.5,0.59,7.1,Linseed
229.4,40.3,155.3,0.74,6.4,Linseed
179.7,21.9,141.6,0.51,6.3,Linseed
146.4,16.9,127.2,0.47,6.5,Linseed
80,19.4,82.8,0.4,6.6,Linseed
162.6,18.7,125.2,0.57,7,Linseed
167.1,30.1,157,0.59,7.1,Linseed
176.6,31.8,152.4,0.51,6.6,Linseed
99.3,15,110.3,0.35,6.8,Linseed
213.4,35.6,165.5,0.66,7.2,Linseed
122.6,23.2,128.8,0.37,6.8,Linseed
196.5,41.5,123.2,0.62,6.6,Linseed
137.3,17.1,100.8,0.41,6.2,Linseed
171,27.4,135.3,0.49,6.8,Linseed
279.7,48.2,145.8,0.7,7,Linseed
217,40.8,140.9,0.61,6.9,Linseed
189.9,38.8,149.6,0.59,6.5,Linseed
273.6,47.8,169.6,0.8,6.6,Linseed
198.7,31.5,150.7,0.52,6.5,Linseed
147.7,16.9,124.3,0.46,7.4,Linseed
201.6,33.2,135.9,0.64,7.3,Linseed
214,38.9,156.6,0.62,6.6,Linseed
175.9,24,136.4,0.56,7.4,Linseed
258.8,44.7,196.2,0.8,7.2,Linseed
196.7,36.7,143.5,0.6,7.4,Linseed
89.6,15,80,0.33,7.5,Linseed
180.2,30.2,136.5,0.54,6.9,Linseed
260.4,50,183.8,0.69,6.7,Linseed
187.3,27.3,125.7,0.62,6,Linseed
93.5,18.4,80,0.33,6.8,Linseed
236.7,40.9,168.5,0.67,7,Linseed
200.7,27.5,145.4,0.58,6.1,Linseed
258.2,40.8,184.6,0.72,7.3,Linseed
201.7,34.2,150.6,0.66,7.1,Linseed
103.8,15,83.3,0.32,7.3,Linseed
143.4,21.6,102.1,0.46,6.2,Linseed
183.5,35.9,136.7,0.59,6.5,Linseed
91.8,15,85.1,0.3,7,Linseed
84.8,15,97.7,0.33,7.4,Linseed
248,39.9,166.8,0.72,6.1,Linseed
259.5,45.8,179.1,0.79,6.8,Linseed
171.2,32.6,147.2,0.55,7.1,Linseed
174.9,29,157,0.56,7,Linseed
155.6,19.1,121.8,0.56,7.2,Linseed
263.5,46.3,176.1,0.75,6.5,Linseed
114.2,16.4,80,0.35,7.2,Linseed
135.2,19.8,99.1,0.39,7.4,Linseed
90,16.8,82.2,0.3,6.8,Linseed
154.5,31.9,115.5,0.44,6.7,Linseed
125.5,17.1,89.8,0.37,6.3,Linseed
255.5,47.7,200,0.76,6.3,Linseed
254,48.2,193,0.8,6.3,Linseed
240.1,42.4,178.3,0.65,6.6,Linseed
169.4,25.9,116.5,0.54,7.1,Linseed
264.4,44.8,189.2,0.78,7.4,Linseed
240.6,43.4,200,0.71,6.3,Linseed
263.2,46.5,200,0.76,6.6,Linseed
245.4,35,182.4,0.61,7.3,Linseed
197.2,32.3,128.7,0.54,6.6,Linseed
209.6,33.7,143.4,0.65,7.3,Linseed
112.8,16.5,90.6,0.37,7.4,Linseed
204.7,35.1,140.5,0.66,6.9,Linseed
142.9,25.6,124.9,0.42,6.1,Linseed
130.3,22.5,120.3,0.37,7.2,Linseed
202.6,30.1,135.4,0.64,6.2,Linseed
240.3,42.4,193.2,0.73,6.3,Linseed
280,48.3,188,0.74,6.1,Linseed
150.2,22.4,135.3,0.45,6.1,Linseed
256.4,46.2,165.4,0.73,6.6,Linseed
151.5,23.6,116.2,0.5,6.3,Linseed
199.1,32.9,169.9,0.64,6.1,Linseed
168.7,30.4,128.9,0.56,6.9,Linseed
159.3,24.3,122.4,0.56,7.5,Linseed
254.5,40.3,175.1,0.73,6,Linseed
135.9,20.1,127,0.41,7.1,Linseed
87.1,15.1,80,0.3,6.1,Linseed
104.5,15,80,0.34,6.5,Linseed
263.7,35.8,185.8,0.7,7.4,Linseed
125.3,17.3,114.7,0.43,7.2,Linseed
265.2,46.9,182.3,0.8,6.6,Linseed
117.1,27.4,106.9,0.5,6.8,Linseed
101.8,15,91,0.4,6.3,Linseed
145.7,23.5,125.1,0.49,6.5,Linseed
269.6,42,183.1,0.79,6.2,Linseed
235,31.7,164.1,0.68,7.3,Linseed
223.6,34.4,143.8,0.59,7.3,Linseed
149.7,25.6,125.6,0.5,7.1,Linseed
167.5,30.3,136.9,0.54,6.5,Linseed
93.1,15,103.1,0.4,7.4,Linseed
149.3,17.7,114.4,0.47,7.1,Linseed
214.1,35.2,154.3,0.59,7,Linseed
80,15,80,0.33,6,Linseed
131.2,19.7,89.4,0.38,7,Linseed
193.3,33.8,142.5,0.63,6.5,Linseed
80,15,83.8,0.33,7.4,Linseed
183.6,34.9,137.8,0.46,6.3,Linseed
111.9,25.8,80,0.45,6.9,Linseed
215.8,33.1,147.1,0.58,7.3,Linseed
80,17.5,107.2,0.35,7.3,Linseed
271.4,42.4,181.1,0.79,6.3,Linseed
190.8,36.4,166.1,0.57,6.5,Linseed
223.3,33.9,173.7,0.63,6.1,Linseed
263.2,41,194.4,0.78,7.4,Linseed
120.9,23.9,113.6,0.48,6.4,Linseed
216.9,25.9,154.6,0.59,7.4,Linseed
183.1,26.7,132.8,0.46,7.2,Linseed
268.9,35.9,179.7,0.8,7.4,Linseed
178.6,20.5,122.8,0.48,7.2,Linseed
113,19.6,114.2,0.39,7.1,Linseed
186.4,29.7,123.1,0.54,6.3,Linseed
83.1,15,80.8,0.31,6.3,Linseed
205.3,26.4,184.2,0.64,6.1,Linseed
150.2,17.9,106.5,0.47,6.3,Linseed
183.5,28.1,143.9,0.62,6.1,Linseed
273.4,44.4,179,0.69,7.2,Linseed
244.8,37.1,179.9,0.73,6.5,Linseed
116.3,18.1,112.1,0.33,6.1,Linseed
103.3,15.5,80,0.38,6.5,Linseed
125,16.3,102.1,0.48,6.6,Linseed
99.6,15,100.9,0.42,6.2,Linseed
170.5,24.6,122.7,0.49,6.4,Linseed
130.1,17.5,102.5,0.45,6.6,Linseed
258.4,38.4,199.8,0.74,7.5,Linseed
105.1,15,87.8,0.36,6.3,Linseed
126,19.9,92,0.39,7.4,Linseed
257.8,36.4,188,0.72,7.4,Linseed
258.6,30.9,164.4,0.63,6.3,Linseed
228.1,39.2,170.7,0.69,6.5,Linseed
238.8,39.8,182.2,0.75,7.1,Linseed
249,39.1,176.5,0.74,7.2,Linseed
143,23.9,108,0.44,6.8,Linseed
143.5,30.6,126.1,0.45,6.5,Linseed
107.4,16.1,103.9,0.31,6.3,Linseed
256.5,43.8,171.9,0.77,7,Linseed
126.4,15.8,113.9,0.35,6.8,Linseed
159.7,24.9,115.3,0.5,6.5,Linseed
151.2,28.2,149.7,0.47,6.4,Linseed
251.9,37.8,177.4,0.77,7.3,Linseed
108.4,15,110,0.42,6.8,Linseed
100.4,17.8,91.8,0.3,6.2,Linseed
175.4,19.2,129.6,0.51,7.1,Linseed
103.8,15,95.4,0.38,7.3,Linseed
236.9,40.6,181.6,0.77,6.7,Linseed
272,42.9,200,0.75,7.4,Linseed
259.5,40,198.4,0.78,6.1,Linseed
276.7,45.4,196.5,0.74,6.6,Linseed
215.3,40.3,141,0.65,6.8,Linseed
249.2,45.1,192,0.68,6.6,Linseed
255.2,40.9,200,0.77,6.1,Linseed
110.4,15,88.9,0.41,6.1,Linseed
94.7,15,80,0.38,6.8,Linseed
145.2,32.2,126.7,0.6,6.6,Linseed
80,15,80,0.38,7.1,Linseed
133.4,23.2,105.9,0.45,7.2,Linseed
159.5,32.8,138.5,0.55,7.1,Linseed
101.6,15,84.1,0.3,7.2,Linseed
162.1,26.9,141.4,0.49,6.6,Linseed
159.5,27,149,0.56,7,Linseed
165.5,25.2,126.5,0.48,7.1,Linseed
124.4,15,103.1,0.36,6.1,Linseed
138.2,16.1,114.9,0.44,7.3,Linseed
216,34.4,186.8,0.66,7.2,Linseed
81.9,15,92.5,0.37,7.3,Linseed
246.6,42.5,200,0.69,6.2,Linseed
136.7,20.8,111.9,0.42,7.2,Linseed
280,40.7,187.3,0.8,6.1,Linseed
165.9,29.7,135.3,0.47,7.5,Castor Seed
153.5,25.6,141.4,0.47,7.2,Castor Seed
266.3,42.5,192.9,0.69,7.1,Castor Seed
251.4,45,182.5,0.72,7.5,Castor Seed
195.5,34.2,189.3,0.62,7.3,Castor Seed
169.6,25,130.8,0.44,7.2,Castor Seed
164.2,21.9,131.2,0.55,7.7,Castor Seed
194.9,29,138.5,0.53,6.8,Castor Seed
140.4,21.3,135.8,0.47,7.7,Castor Seed
199.8,29.8,159.6,0.5,7.8,Castor Seed
243.1,38,161.7,0.66,6.9,Castor Seed
210.6,32.9,154.7,0.61,7.4,Castor Seed
194.7,36.3,149.7,0.52,7.3,Castor Seed
122.1,22.2,105.9,0.44,7.8,Castor Seed
179,28.8,156.7,0.62,6.9,Castor Seed
200.1,33.7,139,0.56,7.5,Castor Seed
221.1,35.2,186,0.63,7.5,Castor Seed
193,26.3,149.1,0.58,6.6,Castor Seed
209,31,168,0.55,7.3,Castor Seed
177.6,28.8,127.7,0.56,6.8,Castor Seed
184.7,35.7,154.8,0.57,7.4,Castor Seed
209.8,37,110.3,0.61,7.3,Castor Seed
152.2,22,130.2,0.45,7,Castor Seed
176.1,32,141.8,0.55,7.7,Castor Seed
219.2,32.6,175.5,0.7,7.4,Castor Seed
210.1,39.1,150.4,0.55,7,Castor Seed
201,32,163.2,0.61,6.8,Castor Seed
149.6,30.9,141.8,0.5,7.1,Castor Seed
273.2,42.3,220,0.72,7.2,Castor Seed
193.3,31.4,171.3,0.59,7.7,Castor Seed
230.8,32.1,173,0.65,7.7,Castor Seed
168,24.8,166.4,0.49,7.2,Castor Seed
188.6,30.2,114.8,0.48,6.9,Castor Seed
184,24.9,153,0.52,7.5,Castor Seed
262.2,39.6,186.9,0.7,7.4,Castor Seed
195.7,38.2,168.3,0.58,7.3,Castor Seed
165.3,27.1,133.8,0.54,7.6,Castor Seed
152,26.9,111.6,0.49,7.1,Castor Seed
175.2,31.8,129.1,0.46,7.2,Castor Seed
245.1,42.5,210.2,0.67,7.3,Castor Seed
246.7,43.2,179.2,0.65,7.6,Castor Seed
231.7,37.8,195.8,0.61,7.3,Castor Seed
150.2,21.9,138.8,0.52,8,Castor Seed
160.3,19.7,117.5,0.46,7.2,Castor Seed
207.8,29.4,156.5,0.63,6.9,Castor Seed
184.5,28.8,152.2,0.5,6.8,Castor Seed
246.5,37.3,204.1,0.69,7.3,Castor Seed
214.6,41.4,192.7,0.66,7.4,Castor Seed
122.2,23.5,132.3,0.45,7,Castor Seed
169,26,126.7,0.56,8.1,Castor Seed
205.4,43.6,176,0.6,6.9,Castor Seed
227.9,35.7,166.9,0.68,7.6,Castor Seed
215.7,28.9,171.4,0.62,7.2,Castor Seed
187.4,37.9,152.6,0.55,7,Castor Seed
187.2,34.6,147.3,0.53,7.4,Castor Seed
175.2,29.8,147.9,0.51,6.9,Castor Seed
179,31.9,117.8,0.51,7.1,Castor Seed
175.6,26.7,155.7,0.54,7.6,Castor Seed
103.5,18,122.3,0.35,7.5,Castor Seed
145.7,26.8,154,0.54,7.8,Castor Seed
208.2,37.6,179.2,0.59,7.8,Castor Seed
216.8,42.5,167.2,0.6,7.2,Castor Seed
206.3,31.4,202.1,0.54,7.3,Castor Seed
174.1,31.3,105.7,0.46,7.4,Castor Seed
193.4,32.3,128.6,0.52,7.1,Castor Seed
218.2,36,131.9,0.53,6.7,Castor Seed
239.6,36.4,190,0.68,7.9,Castor Seed
118.5,19.1,109.5,0.43,7.3,Castor Seed
172.1,34.7,148.4,0.49,7.3,Castor Seed
96.2,21.1,130.4,0.46,7.2,Castor Seed
178.5,30.3,136.6,0.58,7,Castor Seed
149.1,23.8,133.9,0.48,7.2,Castor Seed
206.1,28.2,176.8,0.59,6.9,Castor Seed
184.4,32.8,151,0.56,7,Castor Seed
228.8,33.2,183.1,0.6,7.1,Castor Seed
222.7,32.4,173,0.55,6.9,Castor Seed
214.4,31.2,161.9,0.63,7.2,Castor Seed
191.5,29.7,195.8,0.63,6.7,Castor Seed
187,33.4,144.4,0.57,7.5,Castor Seed
150.6,20.9,152.6,0.51,7.4,Castor Seed
245.9,41.4,195.3,0.69,7.2,Castor Seed
179.1,32.4,131.5,0.54,7.5,Castor Seed
194.5,24.8,142.7,0.51,7.5,Castor Seed
207.8,34,173.2,0.5,6.9,Castor Seed
196.2,36.1,163.5,0.61,7.1,Castor Seed
241.6,42.5,213.6,0.64,6.9,Castor Seed
220.1,39.3,169.2,0.66,7.2,Castor Seed
217.6,32.2,178.3,0.65,7.4,Castor Seed
159.8,27.3,121.9,0.42,7.3,Castor Seed
213.3,32.5,164.3,0.62,8,Castor Seed
181.4,35.8,155.5,0.6,7.4,Castor Seed
235.9,36.5,184.9,0.6,7,Castor Seed
243.5,37.1,198,0.66,7.6,Castor Seed
175.6,28.7,134.6,0.51,7.3,Castor Seed
212.8,27.7,157.7,0.53,6.8,Castor Seed
154.1,25.9,131.4,0.45,7.8,Castor Seed
261.4,49.1,198.4,0.66,7.3,Castor Seed
201.1,24.4,123.6,0.54,8,Castor Seed
235.9,44.8,171.8,0.66,7.4,Castor Seed
182.4,31.3,148.8,0.51,7.3,Castor Seed
162.1,29.3,157.4,0.43,7.3,Castor Seed
135.5,27.2,128.1,0.37,7.3,Castor Seed
183.5,27.6,163.6,0.52,7.7,Castor Seed
213.9,31.4,183.6,0.63,8.1,Castor Seed
129,15,115.4,0.38,6.7,Castor Seed
244.9,40.8,183,0.64,6.9,Castor Seed
255.1,38.2,198,0.7,6.4,Castor Seed
131.2,21.8,113.2,0.4,7.3,Castor Seed
222.9,39.6,169.1,0.69,7.6,Castor Seed
112.5,19.4,87.3,0.4,7.4,Castor Seed
216.6,34.6,155.7,0.63,7.1,Castor Seed
218.2,37.5,158.1,0.59,7,Castor Seed
184.5,35.6,189.3,0.61,6.9,Castor Seed
243.9,39.2,182.2,0.72,7,Castor Seed
263,44.8,180.9,0.7,7,Castor Seed
262.6,36.6,193.6,0.66,8,Castor Seed
236.6,41.2,181.9,0.68,7.3,Castor Seed
98.2,15,125.4,0.33,6.3,Castor Seed
80,15,80,0.34,7.6,Castor Seed
184,33,137.3,0.49,7.1,Castor Seed
113,15,80,0.32,8,Castor Seed
192.3,26.7,139.1,0.64,7.3,Castor Seed
187.8,24.6,178.6,0.56,6.6,Castor Seed
241,37,183.6,0.59,7.4,Castor Seed
107.2,16.7,107,0.4,6.9,Castor Seed
140,21.4,93.5,0.47,6.8,Castor Seed
162.4,29.3,146.5,0.54,7.2,Castor Seed
187.6,33.6,130.5,0.5,6.6,Castor Seed
235.1,34.4,155.2,0.62,8.3,Castor Seed
185.8,36,179.7,0.5,7,Castor Seed
158.5,28.3,122,0.45,7.4,Castor Seed
246.3,33.9,170,0.66,7.1,Castor Seed
163.3,23.2,125.1,0.42,7,Castor Seed
217.5,30.8,136.8,0.6,7.5,Castor Seed
118.7,23.5,94.5,0.45,6.3,Castor Seed
186.5,25,140.1,0.57,8,Castor Seed
196.5,27.8,160.8,0.47,6.8,Castor Seed
126.7,20.5,125.9,0.39,7.8,Castor Seed
146.9,31.9,153.7,0.61,7.6,Castor Seed
212,29.7,128.9,0.56,7.8,Castor Seed
106.8,19.3,103.5,0.36,7.5,Castor Seed
138.2,19.3,145.2,0.51,6.3,Castor Seed
125.3,19.3,123,0.41,7.5,Castor Seed
164.8,25.5,126.8,0.56,7.7,Castor Seed
197.9,28.3,149.6,0.68,7.5,Castor Seed
166.3,21.4,119,0.5,6.8,Castor Seed
192.3,23.3,120.7,0.54,7.4,Castor Seed
222,39.8,192.3,0.74,6.8,Castor Seed
180.7,29.8,115.6,0.51,7.7,Castor Seed
235.7,37.5,181,0.58,6.8,Castor Seed
141.8,17.5,144.3,0.39,6.2,Castor Seed
269.2,43.9,186.4,0.74,7.3,Castor Seed
252.7,35.2,197.6,0.73,6.7,Castor Seed
218.9,41.9,208.3,0.59,6.4,Castor Seed
227.3,34.5,186.3,0.66,7.9,Castor Seed
198.4,37.6,175.4,0.5,7.4,Castor Seed
189.1,28.5,141.2,0.6,6.6,Castor Seed
223.3,36.8,174.3,0.57,7,Castor Seed
108.9,15.1,90.2,0.4,8.3,Castor Seed
131.7,19.5,108.5,0.44,7.5,Castor Seed
235,38,189.1,0.65,7.6,Castor Seed
215.7,39.7,159.1,0.61,7.3,Castor Seed
167.2,33.3,116.4,0.53,7,Castor Seed
141.4,19.6,115,0.59,7.9,Castor Seed
115.7,20.5,83,0.33,7.7,Castor Seed
205.5,31.9,156.6,0.59,6.4,Castor Seed
223.8,37,142.6,0.67,7.1,Castor Seed
150.6,28.2,99.4,0.44,7.3,Castor Seed
131.1,21.5,133.3,0.41,6.7,Castor Seed
204.8,32.8,169.9,0.62,7.4,Castor Seed
255.9,41.6,215.2,0.72,7.5,Castor Seed
251,42.9,171.9,0.63,6.8,Castor Seed
231.6,39.7,182.6,0.71,8.1,Castor Seed
187.4,34.1,162,0.63,6.3,Castor Seed
141.3,19.4,101.2,0.47,7.1,Castor Seed
254.5,34.1,184,0.65,8.1,Castor Seed
218.4,36.2,169.2,0.66,6.8,Castor Seed
179,26.1,150.4,0.54,7.8,Castor Seed
243.5,38.1,180,0.58,8,Castor Seed
160.5,24.2,116.5,0.52,6.2,Castor Seed
277.1,39.2,209.7,0.77,8.2,Castor Seed
241.4,38,152.9,0.67,7.4,Castor Seed
205.6,35,151.9,0.63,6.7,Castor Seed
250.1,34.2,198.1,0.65,7.8,Castor Seed
147.4,26.3,124.1,0.45,7.3,Castor Seed
150.7,18.9,112.9,0.46,8.4,Castor Seed
225.3,33.3,163.1,0.69,6.6,Castor Seed
230.6,37.5,168,0.64,8.1,Castor Seed
156.6,23.1,107.5,0.44,7.7,Castor Seed
144.5,27,121.4,0.39,7.6,Castor Seed
195.9,35.3,168.6,0.53,6.9,Castor Seed
202.4,32.2,185.9,0.65,8.3,Castor Seed
274.4,42.2,200.4,0.68,6.5,Castor Seed
224.9,41.9,175.1,0.61,7.4,Castor Seed
238.1,45.2,220,0.69,7.7,Castor Seed
113.3,15,107.1,0.35,7.8,Castor Seed
174.2,23.1,149.4,0.45,6.3,Castor Seed
114,20.3,107.2,0.3,7.1,Castor Seed
199.4,28.4,146.9,0.57,7.2,Castor Seed
115,19.1,88.8,0.41,7.3,Castor Seed
196.7,30,184.2,0.56,7.3,Castor Seed
120.6,20.4,102.8,0.42,7.3,Castor Seed
152.3,24.4,136.8,0.5,7.3,Castor Seed
161,27.1,108.7,0.5,6.8,Castor Seed
185.5,31.2,140.1,0.54,7.3,Castor Seed
110.7,24.2,125.4,0.42,7,Castor Seed
178.1,22.4,164.2,0.58,6.3,Castor Seed
195.3,27,138.1,0.55,7.6,Castor Seed
161.7,17.5,139.6,0.47,8.2,Castor Seed
246.6,34.1,162.9,0.63,7.7,Castor Seed
205.7,33.8,152.3,0.6,6.4,Castor Seed
188.1,30,135.5,0.51,7.2,Castor Seed
203.1,31.2,160.2,0.55,7.5,Castor Seed
203.9,28.9,146.6,0.53,6.4,Castor Seed
147,22.9,110.6,0.45,6.4,Castor Seed
202.4,31.5,150,0.61,7.6,Castor Seed
175.6,25,135,0.48,7.4,Castor Seed
198.1,28.4,158.8,0.54,6.8,Castor Seed
119.1,19.2,116.4,0.38,6.3,Castor Seed
93.1,15,85,0.32,8.3,Castor Seed
147.7,21.6,132.7,0.53,7,Castor Seed
213.2,34.7,163.3,0.63,7.3,Castor Seed
174.4,25.4,130.6,0.53,8.3,Castor Seed
230.3,35.4,162.6,0.73,6.2,Castor Seed
185.3,30.5,124.6,0.55,6.4,Castor Seed
144.9,23.1,98.6,0.44,6.6,Castor Seed
198.5,28.8,144.5,0.57,7.6,Castor Seed
220.7,36.9,185.9,0.66,6.9,Castor Seed
181.7,28.6,168.2,0.6,7.8,Castor Seed
278.2,40.9,191.1,0.7,7,Castor Seed
246.4,40,189.7,0.67,6.7,Castor Seed
116.8,26.2,123.9,0.42,7.4,Castor Seed
169.9,23.5,123.1,0.45,6.5,Castor Seed
276.2,41.1,193.2,0.73,7.8,Castor Seed
259.6,38.5,212,0.68,7,Castor Seed
151.4,22.5,119.2,0.44,6.2,Castor Seed
222.6,39.9,163.1,0.68,7.3,Castor Seed
245.7,32.1,170.7,0.69,7.1,Castor Seed
155,23.9,99.7,0.48,7.2,Castor Seed
206.1,33.9,147.9,0.61,6.6,Castor Seed
185.9,37.5,134.9,0.46,7.2,Castor Seed
280.6,40.2,200.6,0.72,7.2,Castor Seed
184,29.1,132.9,0.61,7.1,Castor Seed
107.5,18.3,109.6,0.38,6.8,Castor Seed
236.4,33.1,173.3,0.68,7.6,Castor Seed
213.7,33.6,159.1,0.55,7.3,Castor Seed
203.7,32.9,156.1,0.59,7.6,Castor Seed
175.5,35.4,126.8,0.61,7.7,Castor Seed
216.5,30.7,163.4,0.59,7.6,Castor Seed
126.1,18.2,102.8,0.41,7.5,Castor Seed
233.9,34.9,169.7,0.59,8.3,Castor Seed
197,29.5,147.4,0.6,7.7,Castor Seed
83.8,15,80,0.3,7.1,Castor Seed
285.6,41.7,184.7,0.73,7,Castor Seed
179.6,34.1,114.2,0.5,7.1,Castor Seed
106.2,19.3,105.7,0.41,7.7,Castor Seed
201.1,35.5,161.7,0.56,7.2,Castor Seed
182.6,35,143.2,0.54,7.5,Castor Seed
220.5,40.4,178,0.57,6.9,Castor Seed
249,37.9,175.8,0.69,6.9,Castor Seed
152.8,23.9,117.6,0.43,7.1,Castor Seed
90.1,19.6,88.7,0.3,7.8,Castor Seed
147.9,20.5,108.6,0.47,8,Castor Seed
124.9,19.3,121.4,0.39,7.7,Castor Seed
214.6,28.6,197.6,0.6,8.4,Castor Seed
255.6,38.6,199.8,0.71,6.7,Castor Seed
202.3,40.5,159.6,0.59,6.7,Castor Seed
138.8,24.4,114.4,0.38,7.9,Castor Seed
278.2,38.3,199.5,0.77,6.4,Castor Seed
166.4,29.4,141.4,0.57,6.8,Castor Seed
236.3,42.3,178.1,0.63,7.3,Castor Seed
269.3,36.5,192.2,0.68,6.3,Castor Seed
102,23.1,112.2,0.43,7.4,Castor Seed
160.6,25.6,131.7,0.39,6.7,Castor Seed
244.1,40.2,187.9,0.6,7.2,Castor Seed
199.8,36.8,166.8,0.61,7.1,Castor Seed
240.5,35.9,181.4,0.64,7.4,Castor Seed
217.5,31,158.4,0.58,8,Castor Seed
238.7,34.8,186.3,0.73,6.3,Castor Seed
196.3,33.2,156.9,0.61,7.2,Castor Seed
121.7,16.2,98.8,0.31,7.9,Castor Seed
175.1,31.8,140.1,0.48,7.3,Castor Seed
170.9,28.1,135.4,0.55,7.2,Castor Seed
129.5,28.3,106.2,0.44,7,Castor Seed
231.9,35.8,163.2,0.58,7.2,Castor Seed
176.4,25.7,169.5,0.47,7.4,Castor Seed
140.8,18.8,122.8,0.41,6.9,Castor Seed
141.1,18.7,132.6,0.45,6.8,Castor Seed
238.8,35,172.4,0.65,6.5,Castor Seed
164.2,28.2,145.6,0.52,7.6,Castor Seed
201.7,29,115.2,0.61,7.7,Castor Seed
146.4,15,80,0.4,6.9,Castor Seed
128.1,17.1,108.1,0.38,8,Castor Seed
144.6,20.3,143.2,0.53,6.7,Castor Seed
157.6,26.3,93.2,0.47,7.3,Castor Seed
192,24,128,0.52,6.7,Castor Seed
204.8,32.4,150.9,0.58,6.7,Castor Seed
182.1,24.6,161.6,0.63,6.7,Castor Seed
138.8,29.6,107.3,0.48,7.4,Castor Seed
239.2,40.4,183.4,0.75,7.2,Castor Seed
170.6,32.7,105.9,0.47,6.6,Castor Seed
190.3,24,132.5,0.49,7.4,Castor Seed
213.2,31.5,151.9,0.5,6.5,Castor Seed
208.4,34.9,159,0.61,7.8,Castor Seed
277.4,42.5,220,0.73,6.5,Castor Seed
159.9,26.9,130,0.52,6.6,Castor Seed
154.2,21.1,110.7,0.47,6.7,Castor Seed
195,33.3,160.3,0.6,6.8,Castor Seed
232.3,28.4,115.9,0.55,6.5,Castor Seed
296.3,42.6,220,0.76,8.2,Castor Seed
190.6,31.5,159.6,0.58,7.6,Castor Seed
172,28.2,169.2,0.54,7.2,Castor Seed
263.6,44.6,191.3,0.75,7.3,Castor Seed
170,21.7,168.1,0.47,7.9,Castor Seed
265.7,48.2,209.8,0.75,7.8,Castor Seed
232.3,35.3,155,0.61,7.7,Castor Seed
173.3,19.3,164.2,0.59,7.8,Castor Seed
180.7,24.4,137.1,0.6,8.1,Castor Seed
155.1,17.3,123.4,0.45,6.6,Castor Seed
243.7,37.4,194,0.62,6.2,Castor Seed
214.5,34.1,188.1,0.65,6.8,Castor Seed
96.1,15,88.3,0.39,7.3,Castor Seed
126,16.1,109.4,0.33,7.3,Castor Seed
258.2,40.2,194.4,0.68,7.1,Castor Seed
227,36.2,174.3,0.65,8,Castor Seed
188.7,30.1,151.4,0.49,6.7,Castor Seed
270.8,46.2,199.1,0.66,7.3,Castor Seed
209.4,41.1,178.9,0.65,7.1,Castor Seed
272,43.7,192.2,0.75,7.5,Castor Seed
129.6,27.1,116.3,0.41,7.6,Castor Seed
223.7,32.8,205.9,0.65,7.4,Castor Seed
163,27.2,137.9,0.48,7.1,Castor Seed
187.7,29.1,148.9,0.59,7.2,Castor Seed
166.2,27.1,131.2,0.55,6.4,Castor Seed
217.4,34.6,184,0.63,6.3,Castor Seed
186.7,27.9,163.9,0.44,6.9,Castor Seed
149.3,25.7,129.8,0.47,8.3,Castor Seed
210.5,32.2,156.4,0.59,8.2,Castor Seed
215.6,38,178.9,0.66,7,Castor Seed
151.8,21.3,118.5,0.44,6.4,Castor Seed
267.1,35,201,0.66,6.2,Castor Seed
176.4,32.1,171,0.59,7.5,Castor Seed
196.3,40,163.7,0.61,7.2,Castor Seed
144.2,24.5,124.3,0.46,6.2,Castor Seed
194.9,27.8,135.1,0.53,7.4,Castor Seed
143.6,19.8,103.8,0.44,8,Castor Seed
204.2,30,153.5,0.55,7.8,Castor Seed
238.5,41.3,165.4,0.6,6.9,Castor Seed
188,29.5,172.8,0.59,7.7,Castor Seed
262.3,39.9,201,0.67,7.7,Castor Seed
228.6,41.1,174.3,0.64,7.2,Castor Seed
90.9,19.1,93.1,0.37,7.2,Castor Seed
251,34.2,167.8,0.72,8.5,Castor Seed
202.4,29.3,139.8,0.54,8,Castor Seed
138.5,20.9,114.9,0.4,7.6,Castor Seed
127,19.3,119.9,0.39,7.7,Castor Seed
208.4,31.5,159.3,0.58,7.6,Castor Seed
285.4,43.4,216.3,0.71,6.3,Castor Seed
229.3,38.7,172.2,0.66,6.3,Castor Seed
148.8,23.7,138.3,0.47,6.2,Castor Seed
80,18.6,110,0.37,6.6,Castor Seed
228.8,36.3,179.6,0.64,7.5,Castor Seed
182.7,31.8,132.9,0.44,6.7,Castor Seed
87,15,106.2,0.3,6.7,Castor Seed
118.4,15.6,105.9,0.45,6.8,Castor Seed
145.7,16.2,118.2,0.47,6.4,Castor Seed
174.9,16.3,142.3,0.51,6.2,Castor Seed
146.6,23.4,120.7,0.51,6.7,Castor Seed
279.4,41.7,185.4,0.8,7.8,Castor Seed
221,39.5,184.9,0.72,7.5,Castor Seed
214.1,32.9,179.3,0.68,8.2,Castor Seed
237.8,40.4,174.4,0.6,6.6,Castor Seed
125.5,15,121.4,0.31,8.4,Castor Seed
93.3,16.2,80,0.32,7.5,Castor Seed
288.7,43.7,200.3,0.8,7.9,Castor Seed
251.1,41.1,199.7,0.61,7.6,Castor Seed
122.6,15,80,0.32,6.2,Castor Seed
91.2,15,80,0.33,6.2,Castor Seed
206.1,24.7,162,0.6,6.1,Castor Seed
151.9,21.3,155.2,0.5,6.2,Castor Seed
239.5,37.9,184.6,0.76,6.4,Castor Seed
294.3,47.4,198.5,0.71,7.1,Castor Seed
199.4,27.2,160,0.58,6.3,Castor Seed
148.4,15,103.7,0.46,8.4,Castor Seed
88,15,91.4,0.33,6.5,Castor Seed
240.2,32.9,173.6,0.65,8.2,Castor Seed
119.1,23.2,133.9,0.42,7.7,Castor Seed
121.9,21.1,122.8,0.39,8.3,Castor Seed
196.4,28.4,135.9,0.55,7.7,Castor Seed
218,32.7,157.6,0.63,6.7,Castor Seed
225.8,36.3,168.6,0.67,7.4,Castor Seed
245.6,37.5,197.2,0.67,8.3,Castor Seed
245,33.8,183.4,0.6,8.1,Castor Seed
299.9,47.7,220,0.8,7.7,Castor Seed
248.9,41.9,179.9,0.78,8.2,Castor Seed
271.1,41.2,197.1,0.76,8.5,Castor Seed
248.8,41.3,182.5,0.64,6.3,Castor Seed
289.9,43.4,220,0.78,6.1,Castor Seed
114.4,20.1,123.2,0.41,8.3,Castor Seed
154.2,31.8,126.2,0.57,7,Castor Seed
165,21.3,88.4,0.4,7.3,Castor Seed
219.9,36.9,161.6,0.63,7.8,Castor Seed
203,38.1,150.8,0.57,7.3,Castor Seed
194,28.4,147.1,0.56,6,Castor Seed
300,44.7,189.1,0.79,6.5,Castor Seed
94.1,17.2,83.6,0.36,8.1,Castor Seed
122.3,21.5,98.5,0.41,6.3,Castor Seed
241,38.6,168.6,0.68,8.3,Castor Seed
129.6,27,126.7,0.43,6.7,Castor Seed
238.8,40.4,153.3,0.7,7,Castor Seed
108,15.9,80,0.33,7.7,Castor Seed
212.1,39.3,184.3,0.6,7.3,Castor Seed
214.5,35.6,181.9,0.54,7,Castor Seed
245.6,37.8,206,0.7,6.9,Castor Seed
292.1,42.8,211.1,0.8,6.7,Castor Seed
294.1,44.4,220,0.71,7.4,Castor Seed
256.8,42.7,207.9,0.75,8.2,Castor Seed
164.7,25.7,161.2,0.47,8.2,Castor Seed
300,38.9,207.5,0.74,8.5,Castor Seed
80.2,15,105.4,0.3,8.2,Castor Seed
283.2,43,188.6,0.79,6.6,Castor Seed
184.5,28,131.3,0.51,8,Castor Seed
294.7,40.1,210.4,0.8,6.3,Castor Seed
108,16.3,113.3,0.41,8.2,Castor Seed
163.9,22.4,114,0.35,6.3,Castor Seed
259.6,41.4,194.8,0.76,8.4,Castor Seed
180.1,21,143.4,0.58,6.6,Castor Seed
133.3,19.8,91.3,0.37,6.4,Castor Seed
89.1,15,80,0.37,6.1,Castor Seed
146.6,19.2,99.4,0.49,6.5,Castor Seed
220.3,26.2,156.5,0.6,6.1,Castor Seed
256.2,33.2,198.7,0.65,8.2,Castor Seed
276.6,37.9,187,0.7,8.3,Castor Seed
267.4,40,199.3,0.73,6.7,Castor Seed
282.6,40.5,217.6,0.66,8.2,Castor Seed
232.8,43.5,165.1,0.61,7.3,Castor Seed
235.4,37.6,195.9,0.64,6.4,Castor Seed
137,20.4,124.7,0.49,6.4,Castor Seed
89.8,15,88.2,0.33,7.6,Castor Seed
229.9,35.5,169,0.6,7.9,Castor Seed
200.6,35,142.3,0.66,6.2,Castor Seed
108.5,20.1,124.2,0.45,7.9,Castor Seed
131.5,24.8,141.1,0.4,6.2,Castor Seed
102.6,16.4,109.2,0.34,7.4,Castor Seed
130.1,19.1,109.7,0.39,7.9,Castor Seed
119.5,23.7,115.1,0.45,7.5,Castor Seed
237.8,40,186.4,0.67,6.3,Castor Seed
207.4,20.9,184.1,0.47,6.1,Castor Seed
125,15.6,94.3,0.42,8.4,Castor Seed
300,44.9,198.9,0.76,6.4,Castor Seed
84.7,15,107,0.33,6.2,Castor Seed
225.9,36.6,163.5,0.65,8.3,Castor Seed
183,24.8,163.5,0.49,6.1,Castor Seed
121.7,15,106.2,0.36,6.5,Castor Seed
240,42.3,167.1,0.62,6.3,Castor Seed
225.1,34.1,174.7,0.65,6.5,Castor Seed
231.9,37.9,189.6,0.67,8.1,Castor Seed
247.5,35.2,181.2,0.7,8.4,Castor Seed
119.8,18.2,80,0.41,7,Castor Seed
80,15,117.2,0.35,7.8,Castor Seed
226.4,35.8,167,0.66,6.8,Castor Seed
286,46.1,209.8,0.78,7.6,Castor Seed
253.1,38.4,148.4,0.63,8.4,Castor Seed
266.9,44.5,220,0.64,8.1,Castor Seed
91.2,15,102.1,0.36,8.3,Castor Seed
250.5,35.8,170.8,0.64,6.2,Castor Seed
265.3,38.8,220,0.76,6.8,Castor Seed
84.1,15,93.5,0.33,6.1,Castor Seed
286.3,35.1,184.6,0.59,6.5,Castor Seed
82.7,16.2,103.2,0.4,8.3,Castor Seed
114.9,15,110.4,0.4,6.5,Castor Seed
217.8,40.5,188.1,0.74,7.3,Castor Seed
150.7,24.2,123.4,0.48,8,Castor Seed
263.6,45.6,188,0.71,6.7,Castor Seed
118.9,19,80,0.38,7.6,Castor Seed
296.9,46.9,218,0.73,7.8,Castor Seed
179.9,27,160.8,0.55,6.4,Castor Seed
269.1,39.6,200.6,0.73,7.6,Castor Seed
245.6,44.7,192.2,0.64,7.2,Castor Seed
184.7,26.9,170.2,0.53,6.7,Castor Seed
245.9,37.6,182.3,0.65,6.3,Castor Seed
171.8,20.4,138.5,0.46,6.2,Castor Seed
215.8,29.1,158.9,0.66,6.1,Castor Seed
265.5,39.4,198.2,0.77,6.3,Castor Seed
168.1,20.6,117.8,0.46,6.7,Castor Seed
286.3,40.3,220,0.73,6.1,Castor Seed
267.4,41.3,201.9,0.7,7.6,Castor Seed
133,19,132.6,0.49,7.8,Castor Seed
244.9,40.6,177.6,0.72,6.4,Castor Seed
261.1,43.2,185,0.76,7.7,Castor Seed
172.9,29.4,159.2,0.57,7.6,Castor Seed
271.6,47,217.7,0.8,7.3,Castor Seed
284.9,50,220,0.79,8.5,Castor Seed
181.6,32.7,168.5,0.61,7.6,Castor Seed
248.5,42.4,202.8,0.69,6.9,Castor Seed
168.4,30.3,133.4,0.46,7,Castor Seed
278.7,44,196.8,0.67,7.9,Castor Seed
256,42.3,219.5,0.8,6.4,Castor Seed
165.3,23.7,155.1,0.5,6.1,Castor Seed
219.8,34.8,175.1,0.61,7,Castor Seed
115.7,17.3,86.7,0.42,6.4,Niger Seed
105.3,17.8,105.8,0.43,6.3,Niger Seed
99.4,13.2,104,0.43,7.1,Niger Seed
98.8,18.4,104,0.5,6.1,Niger Seed
167.1,23.9,112.4,0.59,6.6,Niger Seed
146.6,27.6,143,0.6,6.6,Niger Seed
164.9,19,135.5,0.61,6.8,Niger Seed
116.5,21.3,112.4,0.45,7,Niger Seed
79.4,13,60,0.37,6.8,Niger Seed
145.2,23.7,105.5,0.54,6.4,Niger Seed
170.5,31.8,134.2,0.67,6.7,Niger Seed
198.3,31.6,141.7,0.66,6,Niger Seed
161.1,24.5,93.9,0.58,6.3,Niger Seed
171.1,28.5,135.6,0.62,6.5,Niger Seed
127.3,21.3,99.6,0.49,6.8,Niger Seed
148.4,31.5,180,0.66,6.5,Niger Seed
183.7,29.1,135.8,0.62,6.8,Niger Seed
166.7,25.2,138,0.58,7.1,Niger Seed
166.6,23.4,117.9,0.57,6.4,Niger Seed
112.7,24.3,74.8,0.49,6.7,Niger Seed
129.3,19.2,100.7,0.42,6.6,Niger Seed
158.5,29.7,112.1,0.57,6.7,Niger Seed
148.8,20.9,131,0.54,6,Niger Seed
178.9,31.2,153.2,0.64,6.2,Niger Seed
108.5,16.1,104.6,0.42,6.6,Niger Seed
113,21,91.7,0.5,6.4,Niger Seed
145.4,25.1,113.8,0.58,6.4,Niger Seed
144.5,18.8,91.1,0.48,6.3,Niger Seed
187,19.3,126.4,0.58,5.6,Niger Seed
178.2,32.5,135.2,0.69,6.6,Niger Seed
148.3,29,114,0.58,6.7,Niger Seed
145.6,24.2,103.5,0.49,6.4,Niger Seed
134.6,29.6,120.1,0.55,6.5,Niger Seed
156.2,21.7,96.5,0.5,6.8,Niger Seed
136.6,17.4,90.2,0.48,6.2,Niger Seed
116.3,21.2,101.1,0.43,6.6,Niger Seed
191.7,29.1,146.7,0.65,6,Niger Seed
162.5,24.7,128.3,0.59,6.3,Niger Seed
170.6,32,126.7,0.63,6.2,Niger Seed
124.2,11.4,98.8,0.4,6.7,Niger Seed
180.5,29.6,158.4,0.66,6.4,Niger Seed
173.2,23.8,141.7,0.6,6.2,Niger Seed
172.9,26.8,161.5,0.69,6.4,Niger Seed
146.2,20.9,142.3,0.54,6.9,Niger Seed
175.3,29.4,122,0.59,6.7,Niger Seed
129.5,27.7,106.4,0.49,6.8,Niger Seed
103.6,20.2,95.2,0.48,7,Niger Seed
170.8,26.4,132.4,0.58,6.5,Niger Seed
172.6,25.7,111.4,0.56,6.2,Niger Seed
164.8,15.8,140.2,0.61,6.5,Niger Seed
124.7,16.1,79.6,0.39,6.9,Niger Seed
144.6,18.8,123.3,0.47,6.3,Niger Seed
174.8,29.3,133.6,0.67,6.5,Niger Seed
161.1,25.5,135.4,0.65,6.9,Niger Seed
102,22.6,99.5,0.47,6.3,Niger Seed
138.6,21.9,106.9,0.54,6.8,Niger Seed
106.1,20.5,104.4,0.41,6.8,Niger Seed
207.6,35,170,0.69,6.3,Niger Seed
137.9,23.7,102,0.48,6.1,Niger Seed
141.2,24.4,111.8,0.57,6.7,Niger Seed
168.4,27.8,107,0.62,6.5,Niger Seed
144.7,26.4,131.3,0.61,6.8,Niger Seed
151.4,25.4,118.5,0.56,6,Niger Seed
146.8,21.9,113,0.47,6.4,Niger Seed
147.6,25.6,126,0.54,6.3,Niger Seed
172.3,35.3,147.5,0.66,6.5,Niger Seed
170.7,30.7,122.6,0.64,6.9,Niger Seed
120.5,14.1,107.3,0.46,6.3,Niger Seed
107.7,14.8,89.8,0.37,6,Niger Seed
156.4,23,125.4,0.54,7,Niger Seed
113.4,21,111.8,0.49,6.5,Niger Seed
142.3,18,120.8,0.54,5.9,Niger Seed
170.2,24.4,114.1,0.56,5.9,Niger Seed
191.8,31.9,160.9,0.67,5.9,Niger Seed
189.8,24.8,157.2,0.7,7,Niger Seed
170.1,25.5,113,0.62,7.2,Niger Seed
109.5,17.9,81.5,0.39,6.4,Niger Seed
104.2,20.4,73.2,0.38,6.3,Niger Seed
83.4,14.6,74.8,0.44,6.9,Niger Seed
138.8,26.8,119.4,0.57,6.6,Niger Seed
112,12,101,0.47,6.7,Niger Seed
147.4,24.9,113.8,0.53,6.8,Niger Seed
166.9,29.2,138.8,0.61,6.8,Niger Seed
166.9,26.5,114.8,0.58,6.3,Niger Seed
153,25.9,125.3,0.54,6.7,Niger Seed
140.3,24.6,138.9,0.53,6.1,Niger Seed
150,24.8,119.5,0.48,6.3,Niger Seed
152.6,23.7,131.6,0.64,6.9,Niger Seed
165,29.3,148.5,0.62,7,Niger Seed
163.3,31.6,123.8,0.6,6.7,Niger Seed
152,26.8,143.3,0.53,6.3,Niger Seed
130.5,22.3,133.7,0.56,6.4,Niger Seed
161.9,20.2,122.5,0.53,6.9,Niger Seed
154.7,22.6,122,0.6,6.1,Niger Seed
123.9,17.4,117.7,0.52,6,Niger Seed
128.1,14.9,116.3,0.41,7,Niger Seed
139.8,20.2,113.2,0.5,6.7,Niger Seed
168,29,126.9,0.6,6.6,Niger Seed
152.2,23,107.5,0.6,5.8,Niger Seed
149.6,28.4,131,0.51,6.7,Niger Seed
202.1,27.4,158.2,0.67,6.9,Niger Seed
159.7,25,112,0.57,6.2,Niger Seed
207.3,28.7,180,0.7,7,Niger Seed
77.9,10,73.9,0.42,5.8,Niger Seed
128.7,18.3,105.5,0.51,6.9,Niger Seed
208.4,35.9,154.7,0.73,6.8,Niger Seed
138.1,25.4,131.1,0.58,6.5,Niger Seed
94.6,14.2,85.6,0.4,6,Niger Seed
151,25.1,136.7,0.64,6.7,Niger Seed
157.2,26.4,131.8,0.62,5.9,Niger Seed
159.7,20.1,111.6,0.54,6.2,Niger Seed
137,22,127.7,0.55,6.8,Niger Seed
179.3,24.2,116.6,0.56,7.1,Niger Seed
175.6,32.7,150.6,0.67,6.4,Niger Seed
200.3,29.5,139.6,0.63,6,Niger Seed
165.9,26.2,131.5,0.56,5.9,Niger Seed
176.9,27.4,159.9,0.68,6.9,Niger Seed
168.5,27.3,109.5,0.58,6,Niger Seed
111.2,14.7,116.2,0.46,6,Niger Seed
88.2,13.3,92.8,0.39,6.7,Niger Seed
239.1,35.3,180,0.77,5.8,Niger Seed
129.2,19.6,100.2,0.51,7,Niger Seed
138.2,26.6,144.5,0.56,6.7,Niger Seed
173,23.6,128,0.55,6,Niger Seed
163.7,23.1,128.4,0.52,6.8,Niger Seed
102.5,10,78.9,0.41,6.7,Niger Seed
115.3,24.8,121.1,0.48,6.4,Niger Seed
108.3,16.1,118.5,0.51,5.9,Niger Seed
188.6,25.5,172.3,0.59,7,Niger Seed
106,14.7,85.2,0.42,6.7,Niger Seed
213.9,30.1,149.1,0.78,7.1,Niger Seed
167.3,29.2,125.4,0.63,6.2,Niger Seed
155,24.6,132.2,0.55,5.8,Niger Seed
210.1,36.8,161.6,0.75,6.4,Niger Seed
208.8,34,169.8,0.67,6,Niger Seed
116,18.8,97.9,0.45,6.2,Niger Seed
169.4,27,129.6,0.61,7.1,Niger Seed
211.7,36.6,175,0.7,5.8,Niger Seed
78.8,10,60.7,0.34,7.3,Niger Seed
124.9,22.4,100.8,0.45,6.2,Niger Seed
135.1,15.9,107.7,0.47,6.9,Niger Seed
104.4,18.8,107,0.52,5.9,Niger Seed
88.8,15.8,87.5,0.38,6.8,Niger Seed
78.7,12,60,0.38,6.9,Niger Seed
93.2,10,93,0.39,7.2,Niger Seed
137.5,20.8,118,0.57,6.6,Niger Seed
160.6,30,134.3,0.58,6.1,Niger Seed
219.7,34.4,168.9,0.73,6.6,Niger Seed
209.6,30.5,153.2,0.66,6.1,Niger Seed
128.3,16.9,77.2,0.53,6.9,Niger Seed
156.7,18.1,113.4,0.56,5.8,Niger Seed
102.3,19.9,94.2,0.44,6.2,Niger Seed
93.4,19.9,89.8,0.48,6.4,Niger Seed
60,10,84.9,0.34,6,Niger Seed
173.6,31.8,149.2,0.67,6.6,Niger Seed
116.9,17.2,87,0.48,6.1,Niger Seed
240,38.7,156.5,0.8,6.6,Niger Seed
194.6,30.6,169.5,0.62,6.6,Niger Seed
164.4,22.1,105.6,0.6,6.6,Niger Seed
116.9,21.6,115.3,0.45,6.3,Niger Seed
136.4,21.7,136.4,0.58,6.5,Niger Seed
88.6,10,76.4,0.37,6.3,Niger Seed
151.3,26.3,114.9,0.61,7.1,Niger Seed
225.8,36.9,143.5,0.79,7,Niger Seed
194.1,29.8,144.3,0.69,6.4,Niger Seed
127,16.8,83.5,0.51,6.4,Niger Seed
229.8,31.7,161.6,0.8,7.1,Niger Seed
208.1,36.3,171.2,0.76,6.7,Niger Seed
97.1,15.7,77.3,0.43,6.3,Niger Seed
193.8,29.3,129.2,0.62,6.6,Niger Seed
145.5,19.7,114.1,0.49,6.1,Niger Seed
107.7,13.3,82.7,0.41,7.3,Niger Seed
198.7,26.1,142.7,0.72,6.9,Niger Seed
203.7,31,175.7,0.71,6.7,Niger Seed
110.6,20.9,67.6,0.38,6.7,Niger Seed
104.7,17.1,104.2,0.48,7.1,Niger Seed
118.1,20.1,114.7,0.48,5.8,Niger Seed
119.4,25.4,84.8,0.51,6.5,Niger Seed
214.2,34.6,164.3,0.69,5.9,Niger Seed
64.3,10,61.2,0.33,6.4,Niger Seed
157,23.4,146.8,0.6,6.2,Niger Seed
161.3,25.2,110.1,0.51,6.8,Niger Seed
112.5,19.5,107.6,0.51,6.3,Niger Seed
117.6,22.2,89.4,0.43,6.4,Niger Seed
114.7,16.8,113.3,0.46,5.7,Niger Seed
202.1,22.6,136.2,0.58,5.9,Niger Seed
98.5,13.5,93.7,0.41,6.6,Niger Seed
143.6,17,97.8,0.48,7.1,Niger Seed
190.3,26.7,156.7,0.65,7.3,Niger Seed
123.8,23.5,97.4,0.48,6.2,Niger Seed
116.1,10,92.9,0.35,7.3,Niger Seed
90.8,17,110.7,0.39,6,Niger Seed
164.4,27.7,131.9,0.64,6.9,Niger Seed
163.9,17,112.1,0.54,6.1,Niger Seed
102.8,11.2,88.3,0.38,6.3,Niger Seed
108.3,15.6,83.6,0.5,6.9,Niger Seed
137.5,16.3,104.2,0.45,6.9,Niger Seed
142.1,17,117.6,0.55,6.1,Niger Seed
73.4,18.5,68.5,0.36,6,Niger Seed
229.7,36,129.6,0.77,6.1,Niger Seed
189.7,29.5,125.9,0.68,6.1,Niger Seed
131.7,18,114.9,0.38,7.4,Niger Seed
98.8,15.8,83.5,0.43,6.6,Niger Seed
149.6,18.5,102.2,0.51,7.1,Niger Seed
188.1,33.1,130,0.71,6.2,Niger Seed
169.8,25.3,111.9,0.58,6.6,Niger Seed
181.4,30.8,155.8,0.57,6.6,Niger Seed
121,16.7,95.1,0.4,6.9,Niger Seed
171.6,24.4,124.4,0.58,6.8,Niger Seed
139.2,23.8,100.9,0.49,6.3,Niger Seed
159.3,22.1,128.1,0.62,7,Niger Seed
115.4,19.7,96.2,0.43,6.7,Niger Seed
240,37.3,164.4,0.78,6.2,Niger Seed
109.7,16.4,80.7,0.51,6.8,Niger Seed
114.4,19.9,73.4,0.48,6.1,Niger Seed
154,17.3,116.9,0.51,7.1,Niger Seed
164.9,30.3,134,0.61,6.8,Niger Seed
190.4,27.2,140.9,0.66,6,Niger Seed
153.5,26,128.1,0.56,6.8,Niger Seed
80.2,12.4,88.1,0.41,7.3,Niger Seed
217.2,39.7,180,0.75,6.4,Niger Seed
141,15.2,106,0.54,6.3,Niger Seed
84.9,11.2,69,0.37,5.9,Niger Seed
167,29.1,146.1,0.59,6.8,Niger Seed
132.4,19.7,141.5,0.49,6.4,Niger Seed
167,24.4,119,0.64,6,Niger Seed
60.7,12.2,79.7,0.35,6.7,Niger Seed
188.2,23.7,148.2,0.59,7.3,Niger Seed
167.2,25.5,149.5,0.6,6.6,Niger Seed
151.6,17.2,113.9,0.54,7.1,Niger Seed
205.5,30.4,137.6,0.74,7,Niger Seed
162.1,24.4,116.4,0.6,6.5,Niger Seed
188.8,30.9,161.8,0.71,6.8,Niger Seed
114.6,23.3,102.4,0.48,6.8,Niger Seed
163.6,22.3,120,0.48,6.8,Niger Seed
120.5,18.7,109.1,0.48,7.3,Niger Seed
205.6,35.4,160.5,0.76,6.2,Niger Seed
143.4,28.4,135.9,0.54,6.6,Niger Seed
202.1,35.3,171.2,0.61,6.5,Niger Seed
154.7,21.2,92.7,0.51,6.4,Niger Seed
135,18.5,119.4,0.5,6.2,Niger Seed
221.9,35,180,0.72,6,Niger Seed
139.1,22,135.3,0.49,7,Niger Seed
205.5,36.5,143.2,0.69,6.7,Niger Seed
107,15.9,101.5,0.5,6.9,Niger Seed
210.7,30.4,153,0.68,5.8,Niger Seed
178,21.9,150.2,0.66,7.3,Niger Seed
135.7,21.5,99.6,0.51,6.8,Niger Seed
126.6,19.9,104.5,0.52,7,Niger Seed
117,13.3,90.3,0.45,7,Niger Seed
81.7,17.6,79.5,0.3,6.6,Niger Seed
144.6,24.8,117.2,0.58,6.2,Niger Seed
170.7,29.3,137.7,0.53,6,Niger Seed
149.4,21.8,99.1,0.54,6.3,Niger Seed
136,22.5,117.4,0.56,6.3,Niger Seed
132.3,19.5,102.6,0.43,7.1,Niger Seed
156.8,28.8,150.1,0.62,6.8,Niger Seed
111.8,14.7,87.3,0.39,6.4,Niger Seed
156.3,23.3,124.3,0.55,6.1,Niger Seed
233.3,34.7,179.1,0.74,6.2,Niger Seed
94.9,12.3,72.1,0.38,6.6,Niger Seed
145.2,30,143.3,0.46,6.7,Niger Seed
151.5,15.2,123.3,0.55,5.9,Niger Seed
157.4,30.5,114.6,0.56,6.7,Niger Seed
196.1,32.5,135.2,0.63,6.8,Niger Seed
111.5,18.5,99.2,0.49,6.9,Niger Seed
141.8,19.6,100.7,0.49,7.4,Niger Seed
172.5,25.7,120.4,0.59,6.7,Niger Seed
152.8,29.9,128.2,0.58,6.3,Niger Seed
107.8,12.3,80.3,0.32,6.7,Niger Seed
165.6,19.6,116.1,0.59,5.9,Niger Seed
147.1,26.5,135.7,0.52,6.1,Niger Seed
185,27,144.4,0.63,6.6,Niger Seed
170.9,28.9,169.7,0.68,6.6,Niger Seed
117.6,16.1,84.2,0.49,6.6,Niger Seed
125.3,17.3,99.5,0.44,6.3,Niger Seed
161.5,29.9,145,0.61,6,Niger Seed
214.7,36.4,175.2,0.8,6.7,Niger Seed
202.4,28.5,138,0.67,7.2,Niger Seed
201.2,30.4,119,0.69,6.6,Niger Seed
116,16.2,99.7,0.41,6.3,Niger Seed
134.7,20.6,122.3,0.55,6.2,Niger Seed
207.8,34.1,163.1,0.75,6.3,Niger Seed
167.2,32.7,135.1,0.58,6.3,Niger Seed
110.9,17.2,84.6,0.47,6.9,Niger Seed
157.4,23.2,120,0.57,7.2,Niger Seed
141.2,23.5,124.8,0.49,6.2,Niger Seed
131.4,24.3,113.8,0.52,6.5,Niger Seed
71.9,20.5,77.1,0.42,6.6,Niger Seed
129.3,21.1,132.2,0.54,6.6,Niger Seed
131.8,22.5,105,0.51,6.2,Niger Seed
155.2,28.8,114.7,0.59,6.3,Niger Seed
206.8,35.3,168.5,0.71,6.4,Niger Seed
143,21.2,131.5,0.55,5.8,Niger Seed
111.8,18.7,91.4,0.5,6.8,Niger Seed
115.4,20.3,82.7,0.57,6.5,Niger Seed
111.9,13.3,77.6,0.51,7,Niger Seed
204.2,33,174.3,0.68,6.4,Niger Seed
98.5,16.3,84.1,0.43,6.2,Niger Seed
134.8,20.9,116.8,0.47,7.2,Niger Seed
171.8,26,134.6,0.59,6.6,Niger Seed
97.7,12.4,72.5,0.44,5.7,Niger Seed
197.3,25.7,152.5,0.68,5.7,Niger Seed
100.8,14.8,60.7,0.43,6.6,Niger Seed
130.7,15.7,122.5,0.53,6.5,Niger Seed
106.7,19.4,117.6,0.48,6.5,Niger Seed
159.1,22.4,129.7,0.53,6.6,Niger Seed
226,26.2,180,0.69,6.9,Niger Seed
209.6,32.7,176.9,0.65,6.1,Niger Seed
131.8,19.9,90.2,0.51,6.1,Niger Seed
123.9,16.4,86.7,0.43,6.1,Niger Seed
117.3,24.3,112.8,0.48,6.5,Niger Seed
164.8,27,126.5,0.53,7,Niger Seed
170.5,26.2,138.7,0.54,5.7,Niger Seed
218.3,30.3,140.6,0.69,7,Niger Seed
174.8,24.5,161,0.7,6.7,Niger Seed
137.6,19.7,135.1,0.55,5.7,Niger Seed
180.3,23.7,126.2,0.64,6.3,Niger Seed
199.7,32.4,170.9,0.7,6.9,Niger Seed
133.9,21.9,106.3,0.54,6.5,Niger Seed
228.2,40,157.8,0.8,6.4,Niger Seed
158.7,32.3,122.5,0.58,7,Niger Seed
145.1,22.3,114.3,0.49,6,Niger Seed
124.1,17.2,126.4,0.49,6.7,Niger Seed
119.2,20.4,108.6,0.56,6.1,Niger Seed
75.6,10.4,67.1,0.35,7,Niger Seed
177.6,28.5,135.7,0.62,6.7,Niger Seed
121.8,10.7,113.2,0.46,5.7,Niger Seed
152.8,19.9,127,0.49,6.2,Niger Seed
137,25.1,116.8,0.45,6.9,Niger Seed
155.3,27.9,134.1,0.56,6.5,Niger Seed
138.5,23.8,100.7,0.56,7.1,Niger Seed
187.7,36.4,129.8,0.68,6.5,Niger Seed
103.4,13.6,95.9,0.42,6.3,Niger Seed
177.9,29.6,123.7,0.67,6.2,Niger Seed
116.6,14,78.1,0.43,7.3,Niger Seed
131.9,18.5,88.4,0.46,6.5,Niger Seed
172.9,31.5,146.1,0.65,6.5,Niger Seed
171.9,29.4,134.4,0.65,6.2,Niger Seed
137.4,21.7,111.6,0.46,6.7,Niger Seed
99.5,12.1,87.1,0.42,6,Niger Seed
150.9,28.8,113.9,0.63,6.4,Niger Seed
145.4,21.4,116.6,0.44,6.3,Niger Seed
114.2,17.4,98.6,0.42,6.2,Niger Seed
197.5,33.4,162.7,0.67,6.5,Niger Seed
163.4,27,147.5,0.58,6.8,Niger Seed
140.3,22.8,123.2,0.56,6,Niger Seed
201.5,37.7,158.2,0.74,6.8,Niger Seed
171,24.6,102.5,0.64,7.2,Niger Seed
144,27.9,117,0.49,6.6,Niger Seed
71,10,68.8,0.3,7.2,Niger Seed
130.2,20.1,125.5,0.58,6.9,Niger Seed
201.9,26.2,148.3,0.67,7.3,Niger Seed
114,16.6,78.1,0.39,6.8,Niger Seed
224,36.1,164.5,0.8,5.9,Niger Seed
231.1,35.8,171,0.73,6.7,Niger Seed
173,21.3,127.6,0.54,5.5,Niger Seed
206.1,27,154.1,0.68,7.1,Niger Seed
98.5,13.5,66,0.4,6.4,Niger Seed
199.8,34.1,134.3,0.71,6.2,Niger Seed
210.1,35.1,180,0.79,6.2,Niger Seed
86.3,16.5,106.9,0.33,5.9,Niger Seed
194.8,26.9,124.6,0.65,7.5,Niger Seed
156.9,25.6,131.9,0.56,6.7,Niger Seed
121.1,13,105.3,0.49,5.7,Niger Seed
72.1,11,87.3,0.31,6.4,Niger Seed
193.5,31.1,143.4,0.67,7.4,Niger Seed
225.6,39.8,168.2,0.73,6.8,Niger Seed
127.4,16.1,102.9,0.52,7.5,Niger Seed
213.9,25.9,162.7,0.66,7.2,Niger Seed
152.5,23.7,124.1,0.55,7.1,Niger Seed
98.8,20.6,95.3,0.45,6.3,Niger Seed
213.7,30.3,156.9,0.73,7.2,Niger Seed
188,30.9,151.7,0.67,7.5,Niger Seed
98.5,19.3,94.1,0.42,7,Niger Seed
177.6,28.1,167.8,0.7,6,Niger Seed
145.3,17.4,116.1,0.55,7.2,Niger Seed
152.5,20.5,120.6,0.6,7.3,Niger Seed
62.7,10.9,60,0.3,6.2,Niger Seed
128.2,20.4,106.3,0.51,6.7,Niger Seed
162.2,22.2,123.8,0.62,7.1,Niger Seed
144.3,21,127.3,0.52,7.5,Niger Seed
91.1,16,75.3,0.37,6.9,Niger Seed
131.4,16.3,104,0.49,6.9,Niger Seed
63.5,10,91.4,0.31,6,Niger Seed
217.2,38,180,0.71,6.7,Niger Seed
164,25.7,141,0.57,6.8,Niger Seed
60,10.8,60,0.33,6,Niger Seed
204.4,29.8,168.7,0.79,7.2,Niger Seed
91.6,16.7,81.9,0.4,6.5,Niger Seed
206.2,26.3,135,0.74,6.9,Niger Seed
124.6,15.3,92,0.51,5.8,Niger Seed
172.8,27,138,0.68,6,Niger Seed
100.4,13.1,107.3,0.42,7.2,Niger Seed
222.6,26.6,173.7,0.73,5.5,Niger Seed
107.3,19.8,98.8,0.48,6.3,Niger Seed
68.2,10,72.4,0.32,6.2,Niger Seed
122.4,13.4,89.7,0.41,7,Niger Seed
218.3,33.8,172,0.74,6.7,Niger Seed
149,23.8,125.5,0.51,6.3,Niger Seed
60,10,76.8,0.31,5.6,Niger Seed
81.8,15.7,92.6,0.33,7.1,Niger Seed
220.2,33.6,131.9,0.76,6.5,Niger Seed
186.9,28.1,176.2,0.67,5.7,Niger Seed
217.3,33.6,168.6,0.75,6.1,Niger Seed
93.5,14.8,82.5,0.46,7.1,Niger Seed
92.2,13.9,81.9,0.43,7.2,Niger Seed
142.2,25.4,120.5,0.55,6,Niger Seed
216.5,32.8,174.4,0.71,7.1,Niger Seed
86.6,13.8,80.9,0.39,6.3,Niger Seed
143.1,20,110.3,0.52,6.9,Niger Seed
179.3,28.3,131.3,0.61,7.3,Niger Seed
161.7,22.4,99.1,0.54,6.8,Niger Seed
79.1,10.6,92.7,0.36,6.9,Niger Seed
118.2,16,83.2,0.44,7.2,Niger Seed
120.1,13.3,93.1,0.42,5.7,Niger Seed
170.8,24.2,126,0.66,6.2,Niger Seed
213.1,35.2,147.2,0.7,5.8,Niger Seed
121.9,17.4,120.2,0.49,6.7,Niger Seed
130.6,17,75.4,0.5,6,Niger Seed
82.5,11.9,84.2,0.36,6.6,Niger Seed
227.9,38.9,180,0.77,6.4,Niger Seed
213.5,34.7,162.2,0.71,6.2,Niger Seed
198.6,32.9,156.7,0.71,6,Niger Seed
135.8,18.2,96.8,0.51,6.8,Niger Seed
198.5,29.3,147.6,0.66,6.8,Niger Seed
97.2,13,73.4,0.42,7.4,Niger Seed
75.9,10,60,0.3,5.8,Niger Seed
132,15,99.1,0.46,6.2,Niger Seed
199.8,29,153.6,0.73,6.9,Niger Seed
218.7,32.1,165.7,0.78,7.3,Niger Seed
133.2,20.6,90.4,0.45,6.2,Niger Seed
78.5,10,75.3,0.36,5.9,Niger Seed
95.2,10.7,77.3,0.35,7.3,Niger Seed
223.4,31.6,151.4,0.7,6.9,Niger Seed
214.6,35.2,168.5,0.72,7.1,Niger Seed
152.1,15.7,131.9,0.51,7.2,Niger Seed
207.3,28.7,162.6,0.69,5.8,Niger Seed
78.7,11.2,71.3,0.3,7,Niger Seed
174.1,25.3,111.8,0.6,7.2,Niger Seed
206.6,36.9,148.8,0.66,6.7,Niger Seed
130.4,21.5,111.8,0.53,6.9,Niger Seed
196.4,36,164.3,0.75,6.2,Niger Seed
61.3,10,64.5,0.33,5.9,Niger Seed
140.5,19.2,109,0.49,7.1,Niger Seed
76,14.4,63.9,0.33,7.5,Niger Seed
92.6,15.1,98.6,0.35,5.7,Niger Seed
219.9,32.2,180,0.74,6.3,Niger Seed
144.9,21.2,108.7,0.5,7,Niger Seed
220.3,32.5,170.5,0.73,7.2,Niger Seed
219.7,36.9,169.1,0.72,6.5,Niger Seed
191.4,26.5,180,0.68,7,Niger Seed
192.1,37.4,143.6,0.78,6.6,Niger Seed
204.5,31.1,180,0.77,6.9,Niger Seed
117.6,20.3,121.3,0.51,7.3,Niger Seed
60,10,60,0.3,6.1,Niger Seed
100.2,10,64.5,0.43,7.1,Niger Seed
182.7,23.4,144.2,0.6,7.1,Niger Seed
217.3,34.3,140.1,0.7,7.2,Niger Seed
213.6,38.6,173.4,0.77,6.2,Niger Seed
164.7,24.3,133.2,0.58,5.6,Niger Seed
128.6,16.4,99.3,0.47,7.4,Niger Seed
103.4,17.5,101.5,0.43,7.3,Niger Seed
65.8,13.4,60,0.31,6.8,Niger Seed
68.2,12.7,61,0.35,6.1,Niger Seed
95.5,13.9,79.1,0.41,7,Niger Seed
192.9,34,143.8,0.75,6.8,Niger Seed
207.2,29.2,157,0.71,5.7,Niger Seed
84.6,15.5,87.9,0.36,6.4,Niger Seed
71.2,11,82.1,0.41,7.2,Niger Seed
159.9,28.9,119,0.57,6.6,Niger Seed
142.2,17.7,118.7,0.5,7.1,Niger Seed
196.1,31,160.1,0.66,6.3,Niger Seed
148.8,17.2,114,0.56,7.4,Niger Seed
70.6,10,60,0.33,7,Niger Seed
81.5,10,71.9,0.36,5.6,Niger Seed
215.7,35.7,161.1,0.75,7.3,Niger Seed
189.9,32.2,145.8,0.6,6.2,Niger Seed
212.8,29.8,180,0.7,5.7,Niger Seed
193.8,26.7,137,0.67,7.3,Niger Seed
192.2,33.2,176.8,0.73,7.3,Niger Seed
196.9,31.6,162.1,0.72,5.5,Niger Seed
138.1,21.2,96.5,0.55,7.1,Niger Seed
180.8,26.2,161.6,0.68,6.6,Niger Seed
155.4,30.8,127.2,0.54,7.2,Niger Seed
109.8,11.6,84,0.38,5.7,Niger Seed
183.9,30,157.4,0.64,6.6,Niger Seed
167,21.9,132.6,0.54,5.6,Niger Seed
94.5,10,60,0.32,6.8,Niger Seed
171.2,29.9,125.8,0.69,6.4,Niger Seed
60,10,66.7,0.32,5.6,Niger Seed
220.6,28.2,156.5,0.75,7.2,Niger Seed
169.2,26.7,147.2,0.67,5.6,Niger Seed
161.3,21.6,101.3,0.53,7.1,Niger Seed
195.2,33.5,162.2,0.73,6.8,Niger Seed
127.7,20.8,101.7,0.5,6,Niger Seed
204,26.9,138,0.67,6.2,Niger Seed
204.3,29.1,150.3,0.73,6.7,Niger Seed
97.1,10.1,96.5,0.36,6.4,Niger Seed
82.4,14.7,84.7,0.42,6.8,Niger Seed
269.8,51.6,324.4,0.89,6.8,Tobacco
163.6,33.7,230.4,0.74,7,Tobacco
228.8,52.3,329.7,0.81,6.7,Tobacco
221.7,40,258.7,0.7,7.1,Tobacco
253.8,48.5,290.6,0.93,6.2,Tobacco
271,47.9,342.1,0.92,6.3,Tobacco
251.3,46.6,357.1,0.82,6.6,Tobacco
177,35.5,310.6,0.74,6.4,Tobacco
189.5,37.2,307.3,0.69,6.7,Tobacco
220.8,31.3,341.4,0.79,6.9,Tobacco
218.7,44.5,323.5,0.83,6.3,Tobacco
200.4,37.4,310.5,0.65,6.2,Tobacco
164.2,38.2,284,0.78,6.4,Tobacco
270.5,47.1,373.1,0.99,7,Tobacco
170.5,34.5,309.5,0.71,7.1,Tobacco
126.3,25,164.2,0.62,7.1,Tobacco
204.9,38.8,277.5,0.7,6.4,Tobacco
268.3,57.7,350.6,0.92,6.2,Tobacco
304.2,53.2,395.2,1.08,6.3,Tobacco
213.2,49.1,281.6,0.75,6.5,Tobacco
221.9,42,256.8,0.83,6.3,Tobacco
170.5,35.7,266.3,0.58,6.7,Tobacco
200.8,38.8,255,0.6,7.2,Tobacco
250.6,52.7,423.6,0.9,6.7,Tobacco
230.2,44.2,247.9,0.75,6.6,Tobacco
256.9,44.7,263.8,0.85,6.6,Tobacco
190.2,41.2,317.7,0.71,6.4,Tobacco
263.2,46.7,360,0.81,6,Tobacco
212.7,46.5,291.1,0.74,6.2,Tobacco
284.5,47.5,367.6,1.05,6.9,Tobacco
255.9,56.8,272.7,0.91,6.6,Tobacco
183.3,39.7,296.7,0.74,6.7,Tobacco
246.3,53.1,404,0.9,6.2,Tobacco
225.2,45.2,328.5,0.72,6.2,Tobacco
222.2,41.5,358.1,0.75,6.4,Tobacco
207.2,45.9,320.4,0.77,6.3,Tobacco
207.3,32.4,257.4,0.78,6,Tobacco
164.1,27.2,209.9,0.58,6.3,Tobacco
163.7,30.4,223.8,0.6,6.9,Tobacco
193.9,43.7,303.8,0.72,6.7,Tobacco
180.9,34.2,217.2,0.65,7.1,Tobacco
129.2,26,208.4,0.51,7,Tobacco
268.8,43.6,315.5,0.84,6.2,Tobacco
270,61.7,322.8,1.03,6.7,Tobacco
231.8,52.6,358.8,0.82,6.5,Tobacco
269.6,50.4,396.2,1.02,6.4,Tobacco
231.6,43.5,248.4,0.8,6.7,Tobacco
263.8,48,352.6,0.83,6.3,Tobacco
240.6,46,349.8,0.89,6.1,Tobacco
188.4,39,269,0.62,6.9,Tobacco
246.5,52,336.2,0.92,6.6,Tobacco
263.3,43.9,311.4,0.79,6.2,Tobacco
214.6,54,302.9,0.78,6.4,Tobacco
261.7,46.2,307,0.95,6.1,Tobacco
254,47.4,365.8,0.94,6.6,Tobacco
172,25.3,234.9,0.6,7.1,Tobacco
244.2,44.9,343.1,0.97,6.4,Tobacco
238.1,39.6,341.4,0.74,6.9,Tobacco
251.3,42.4,309.8,0.78,6.8,Tobacco
194.8,43.1,226,0.64,6,Tobacco
245.7,41.7,303.5,0.77,6.4,Tobacco
149.4,31.3,239.8,0.56,6.2,Tobacco
180.3,35,205.7,0.72,6.3,Tobacco
215.4,48.1,338.1,0.73,6.3,Tobacco
271.5,49.7,346.9,0.87,6.2,Tobacco
181.1,36.3,199.8,0.73,7.2,Tobacco
272.1,49.2,321,0.97,6.6,Tobacco
256.6,52.4,392.8,0.88,6.9,Tobacco
221,51.1,339.6,0.75,6.5,Tobacco
253,45.5,327,0.69,6.5,Tobacco
155.5,25,217.5,0.65,6.8,Tobacco
224.2,35.7,395.3,0.77,6,Tobacco
224.5,49,308,0.87,6.4,Tobacco
249,52,361.8,1.01,6.2,Tobacco
233.2,43.9,278.4,0.95,6,Tobacco
256.9,49.5,366.7,0.95,6.9,Tobacco
188.6,45.2,270,0.75,7,Tobacco
291.9,60.4,398.2,1.05,6.5,Tobacco
134.1,30.8,150,0.48,6.3,Tobacco
271.9,44.2,336.5,1.06,6.7,Tobacco
205.5,37.3,286.4,0.68,7,Tobacco
221.3,32.5,266.6,0.71,6.7,Tobacco
168.7,34.7,308,0.57,6.2,Tobacco
211.7,39.6,285.4,0.82,6.8,Tobacco
235.3,39.5,292.4,0.85,6.7,Tobacco
238.7,47.3,332,0.85,6.1,Tobacco
235,44.5,350,0.82,6.6,Tobacco
152.6,29.4,203.8,0.42,5.8,Tobacco
175.5,33.5,163.2,0.55,6.8,Tobacco
234.5,49.6,339.7,0.82,6.6,Tobacco
132.6,33,217.6,0.63,7.3,Tobacco
250.6,40.1,383.7,0.85,7.1,Tobacco
182.6,31.6,221.4,0.69,7,Tobacco
205,48.5,339.3,0.74,6.6,Tobacco
242.3,49,352.5,0.87,6.6,Tobacco
271.6,45.1,374.6,0.83,6.3,Tobacco
240.7,44.1,278.5,0.84,6.3,Tobacco
194.9,40.5,282.7,0.74,6.3,Tobacco
218.3,47.8,307.7,0.82,6.2,Tobacco
239.7,40.3,334.3,0.83,6.7,Tobacco
198.6,40.7,265,0.78,6.3,Tobacco
299.4,45.6,355.4,0.97,7.4,Tobacco
272.5,52.8,343.8,0.97,6.5,Tobacco
325.9,56.1,413.1,1.06,7.2,Tobacco
248.4,45.2,308.3,0.85,6.8,Tobacco
137.6,25.8,150,0.56,6,Tobacco
152.8,38.3,217,0.59,6.6,Tobacco
288.8,49,357.1,1.03,6.3,Tobacco
205.4,42.7,297,0.69,6.3,Tobacco
344.5,65,407,1.17,6.2,Tobacco
222.9,43.9,350.5,0.88,6.7,Tobacco
252.4,50.3,258.8,0.91,6.6,Tobacco
228.8,43.1,281.5,0.75,7,Tobacco
172.3,34.7,249.7,0.64,6.1,Tobacco
180.8,33.7,267.4,0.69,6.2,Tobacco
290.4,55,374.2,1.15,7.2,Tobacco
205.1,43.7,255.2,0.82,6.7,Tobacco
208.8,37.2,334,0.65,6.6,Tobacco
216,51.1,333.3,0.78,6.7,Tobacco
185.6,36.4,199.2,0.75,6.8,Tobacco
204.7,42.3,200.2,0.62,6.4,Tobacco
221.5,36.1,266.5,0.79,7.3,Tobacco
122.8,32.1,158.1,0.49,6.7,Tobacco
153.8,31.1,223.2,0.43,6.2,Tobacco
301,55.4,355.4,0.91,6.1,Tobacco
185.6,34,201,0.71,6.9,Tobacco
141,32,271.1,0.58,6.4,Tobacco
247.3,49.8,324.3,0.77,6.3,Tobacco
336.4,57.1,435.8,1.13,7,Tobacco
222.4,52.5,333.1,0.77,6.1,Tobacco
301.1,57.5,390.9,1.1,6,Tobacco
317.3,54.1,450,1.09,7.2,Tobacco
310.6,55.4,377.4,1,6.1,Tobacco
248.8,37.4,330.4,1.01,6,Tobacco
154.3,25,240.7,0.62,5.8,Tobacco
307.6,55.7,321.1,0.95,5.9,Tobacco
254.8,48.3,361.3,0.9,6.3,Tobacco
323.2,58.2,450,1.19,6.9,Tobacco
274,51.1,363.7,0.95,6.7,Tobacco
308.5,51.5,450,1.07,7,Tobacco
201.4,38.2,249.8,0.72,5.8,Tobacco
139.5,30.5,239,0.61,6.8,Tobacco
186.4,30.1,226.7,0.6,6,Tobacco
294.3,49.3,404.3,1.05,7,Tobacco
160.9,25,193.3,0.51,6.4,Tobacco
208.7,44.1,270.9,0.76,6.7,Tobacco
268.7,54,353,0.99,6,Tobacco
316.3,52.7,387.4,1.12,5.8,Tobacco
191,32.7,197,0.68,6.4,Tobacco
252.4,52.7,316.8,0.85,6.6,Tobacco
141.4,34.1,252.4,0.6,6.6,Tobacco
249.7,48.2,316.7,0.81,6.4,Tobacco
256.6,40.4,393.4,0.8,6,Tobacco
312.7,60,397.2,1,7.4,Tobacco
251.4,41.2,313.6,0.77,6.2,Tobacco
288.4,50,385.8,0.82,6.6,Tobacco
287.7,55.4,410.4,1.1,6.4,Tobacco
272.1,47.1,338.8,0.93,5.9,Tobacco
281.4,47.7,414.2,0.91,5.7,Tobacco
244.5,42,241.2,0.83,5.8,Tobacco
145.5,40.8,221.1,0.54,6.4,Tobacco
241.2,46.9,377,0.84,6.3,Tobacco
217.2,34.2,357.7,0.75,6.2,Tobacco
247.2,50.8,378.3,0.9,6.8,Tobacco
227.9,46,245.2,0.86,6.2,Tobacco
116.2,28.9,214.3,0.47,6.5,Tobacco
206.1,41,321.6,0.71,7,Tobacco
203.3,43.3,277.4,0.79,5.9,Tobacco
234.3,52,286.2,0.84,6.5,Tobacco
213.3,38.3,228.8,0.83,5.7,Tobacco
167.3,32.2,319.7,0.61,6.1,Tobacco
297.1,51.4,370.9,1.03,6,Tobacco
230.2,46.4,314.7,0.79,6.5,Tobacco
113.4,27.9,216.9,0.51,6.1,Tobacco
191.6,37.2,320.8,0.67,6.6,Tobacco
282.1,49.4,321.4,0.97,6.7,Tobacco
224.2,31.4,300.3,0.74,6.9,Tobacco
200.4,39.1,221,0.55,6.7,Tobacco
251.2,51.1,402.5,1.02,6.3,Tobacco
195.1,43.2,295.2,0.67,5.7,Tobacco
163.3,32.9,276.9,0.61,7.2,Tobacco
224.2,36.8,281.8,0.78,5.6,Tobacco
116.4,25,184,0.56,6.1,Tobacco
220.9,41,330.5,0.84,7.3,Tobacco
296.8,47.1,392.4,0.97,6.4,Tobacco
308.1,59.2,384.9,1.12,6.8,Tobacco
196.8,45.6,290.2,0.69,7,Tobacco
207,39.6,273.5,0.72,6.9,Tobacco
287.8,43.9,359.9,0.86,7.1,Tobacco
284.5,56.2,398.8,0.97,6.5,Tobacco
175.2,31.9,220.6,0.69,5.8,Tobacco
292.2,56.2,352.3,1.03,6.4,Tobacco
210.7,43.9,267.8,0.86,6.1,Tobacco
319.1,57.4,422.1,1.08,6.7,Tobacco
128.7,25,152.4,0.61,5.7,Tobacco
221.3,42,277.7,0.76,5.8,Tobacco
303.4,56.9,450,1,6.8,Tobacco
291,43.7,387.3,0.96,7.2,Tobacco
273.1,45.8,327.9,0.95,6.5,Tobacco
173.8,39.3,251.5,0.72,5.7,Tobacco
294.2,56.3,391.6,1.12,7,Tobacco
245.5,41.6,270.6,0.91,6,Tobacco
252.9,55,356.6,0.94,6.5,Tobacco
154.4,25,266.3,0.61,7.2,Tobacco
176.4,29.9,216.5,0.61,6.4,Tobacco
264.7,45,338.2,0.94,6,Tobacco
248.5,39.4,290.1,0.81,6.5,Tobacco
258.5,50,352.2,0.91,6.4,Tobacco
259,54.8,409.4,0.88,6.9,Tobacco
130.6,31.4,167.7,0.5,6.7,Tobacco
185.9,31.5,297.8,0.61,6,Tobacco
181.6,40.8,294.1,0.74,6.3,Tobacco
217.8,42.7,278,0.8,6.9,Tobacco
257.1,47.7,381.8,0.85,7,Tobacco
209.1,39.2,279.5,0.82,6,Tobacco
148.1,36.3,241.4,0.64,7.1,Tobacco
191.4,39.5,320.8,0.62,6.9,Tobacco
156.5,34.6,159.8,0.66,5.9,Tobacco
345.8,58.4,431,1.13,6.1,Tobacco
277.4,52.9,389.1,0.99,6.4,Tobacco
262.1,49.7,367.1,0.96,6.1,Tobacco
160.3,25,166.8,0.53,5.9,Tobacco
263.3,44.2,398.5,0.87,7.1,Tobacco
223.6,46.5,273.8,0.92,6.4,Tobacco
261.2,50.9,339.8,1.05,6.8,Tobacco
208.7,43.6,289.8,0.76,6.8,Tobacco
268.3,59.8,352.2,1.05,6.7,Tobacco
285.3,57.4,359.5,1,6.8,Tobacco
169.1,34.4,263.4,0.64,6.1,Tobacco
246.9,45.8,306.1,0.96,6.1,Tobacco
174.7,35.7,180.9,0.62,6.5,Tobacco
247.8,36.2,318.6,0.74,6.2,Tobacco
311.3,50.9,378.2,1.06,7.2,Tobacco
337.9,59.3,448.4,1.05,6.5,Tobacco
233.2,44.2,339.5,0.89,7,Tobacco
184,37.4,177.5,0.75,6.3,Tobacco
309.3,55.9,409.9,1.04,6.2,Tobacco
164.8,31.7,261,0.69,6.1,Tobacco
106,25,150,0.4,6,Tobacco
150.7,30.5,174.6,0.54,6.1,Tobacco
265.6,42.6,324.5,0.89,7,Tobacco
220.2,36.2,283.3,0.71,6.1,Tobacco
310,62,370.7,1.07,6.1,Tobacco
182.6,48.5,298.6,0.63,6.3,Tobacco
225.8,46,356,0.85,7.1,Tobacco
284.7,47.2,371.5,1.03,6.1,Tobacco
243.2,53.5,353.1,0.88,6.3,Tobacco
212.3,45.7,210.5,0.79,6.5,Tobacco
161.2,25,244,0.5,7.4,Tobacco
234.3,51.4,287.2,0.82,6.5,Tobacco
191,34.5,239.2,0.7,5.9,Tobacco
244.8,44.8,324.8,0.88,5.9,Tobacco
261.7,44.3,329.5,0.9,6.4,Tobacco
268.1,58.5,330.3,0.97,6,Tobacco
172.9,36,275.4,0.66,6.6,Tobacco
132.8,25,236.4,0.61,6.8,Tobacco
184.6,27.2,198.6,0.66,6.9,Tobacco
244.5,43.2,279.5,0.88,7.1,Tobacco
258,46.5,342.9,0.88,6.3,Tobacco
327,48.5,311.9,0.95,7,Tobacco
222.4,40.4,294.5,0.82,5.9,Tobacco
214.4,54.4,327.1,0.83,6.6,Tobacco
261.3,39.5,335.2,0.95,6.9,Tobacco
197.4,34.9,231.2,0.58,6,Tobacco
187.9,41.8,255.5,0.64,6.6,Tobacco
275.2,45.8,322.6,0.98,5.8,Tobacco
248.5,45.7,334.4,0.89,6.7,Tobacco
177.2,36.1,229.4,0.54,6.6,Tobacco
272.8,46.1,338.7,1.02,5.8,Tobacco
133.7,28.8,150,0.49,6.2,Tobacco
209.3,36.9,280.4,0.66,6.6,Tobacco
252.3,48.2,296.9,0.88,6.1,Tobacco
170.3,44.6,207.5,0.6,6.3,Tobacco
246.9,50.4,306.6,0.92,6.1,Tobacco
298.8,43.1,324.9,0.9,5.8,Tobacco
317.1,59.6,432.5,0.98,6.4,Tobacco
294.4,50.8,354.5,0.96,6.5,Tobacco
200.1,38.9,288.4,0.78,5.6,Tobacco
217.6,40,298.3,0.78,6.3,Tobacco
183.9,39.1,235.8,0.79,6.5,Tobacco
246.9,45.2,396.4,0.98,5.9,Tobacco
136.4,25,159.9,0.54,6,Tobacco
133.2,37.9,234.2,0.58,6.5,Tobacco
188.4,36.4,190.8,0.64,7.1,Tobacco
325.1,59.7,411.4,1.1,6.1,Tobacco
254,45.4,359.1,0.83,5.8,Tobacco
270.3,45.5,318.8,0.89,6,Tobacco
100,25,176.5,0.44,5.9,Tobacco
241.4,47,374.2,0.78,7,Tobacco
254.3,46.4,339.4,0.9,5.7,Tobacco
208.9,34.7,293.5,0.69,7.1,Tobacco
100,25,182.8,0.4,5.8,Tobacco
201.5,39.8,318.5,0.71,6.5,Tobacco
288.6,50.4,364,1.09,6.7,Tobacco
313.1,56,390.5,1.2,6.6,Tobacco
208,46.7,274.5,0.9,7,Tobacco
324.1,53.6,401.2,1.05,6,Tobacco
226.6,53.7,251,0.75,6.5,Tobacco
219.1,48.4,296.8,0.78,6.1,Tobacco
153.5,33.9,172.9,0.63,6.2,Tobacco
270.9,43.9,300.2,0.85,6.3,Tobacco
259.5,55.2,347.8,0.91,6,Tobacco
270.6,56.6,350,1,6.7,Tobacco
283.7,49,364.2,0.91,6.5,Tobacco
218.1,37,234.5,0.77,7.2,Tobacco
143.7,26.4,184.7,0.53,6.9,Tobacco
315.1,54,424,1.13,7,Tobacco
179.1,34.5,261.2,0.64,6.4,Tobacco
212.6,40.2,320.1,0.74,6.1,Tobacco
255,41.7,405,0.75,6.3,Tobacco
293.7,54.3,397.2,0.95,5.9,Tobacco
223.8,46,295.2,0.87,6,Tobacco
240.8,42.5,310.6,0.88,6,Tobacco
228.1,47.8,336.8,0.85,5.9,Tobacco
302.1,57.6,373.9,0.99,6.5,Tobacco
234.9,41.9,296.7,0.76,5.9,Tobacco
305.9,61.4,388.7,0.93,6.7,Tobacco
235.5,51.1,324.6,0.82,6.5,Tobacco
162,36,273,0.68,6.1,Tobacco
229.7,49.1,338.3,0.82,6.4,Tobacco
242.9,46.7,290.3,0.86,7.4,Tobacco
215.3,38.1,281.3,0.77,6.7,Tobacco
331.8,56.3,450,1.03,6.6,Tobacco
180.7,32.3,223.6,0.66,6.5,Tobacco
139.3,27.5,175.5,0.5,7.1,Tobacco
325.2,56.2,358.4,1.02,6.7,Tobacco
182.6,34,212.7,0.7,6.8,Tobacco
160,40.1,226.6,0.67,6.1,Tobacco
263.5,49.5,381.1,0.87,7.1,Tobacco
180.2,34.2,230.9,0.68,6.9,Tobacco
238.7,50.8,319.6,0.84,6.6,Tobacco
127.1,25.4,174,0.46,6.8,Tobacco
308.8,59,364.5,1.1,6.2,Tobacco
233.2,32.1,247.9,0.73,6.9,Tobacco
307.7,57.8,444.3,1.07,7.1,Tobacco
165.9,33.4,245.4,0.65,5.9,Tobacco
221.4,35.3,323.3,0.7,6,Tobacco
154.7,37.7,204.9,0.57,6.3,Tobacco
161,31.2,236.2,0.53,6.6,Tobacco
285.7,49.8,401.1,1.04,6.8,Tobacco
281.7,46.4,397.2,0.97,6,Tobacco
260,50.8,369.9,0.87,6.4,Tobacco
165.4,36.8,271.1,0.69,6.4,Tobacco
275.1,53.1,382.5,1.03,6.6,Tobacco
215.2,35.2,244,0.6,6,Tobacco
143.2,27.5,193.8,0.5,6.4,Tobacco
331.2,54.9,378.6,1.11,6.7,Tobacco
194.4,33.3,316.4,0.66,5.8,Tobacco
228,50.2,289.9,0.72,6.2,Tobacco
213.6,40.4,287,0.77,7.3,Tobacco
183.4,33.8,256.2,0.7,5.8,Tobacco
149.7,32.6,266.4,0.48,5.6,Tobacco
146.3,37.4,252.4,0.6,6.7,Tobacco
318.1,59.9,450,1.06,5.9,Tobacco
101.5,25,150,0.52,7.3,Tobacco
110.3,25,188.8,0.44,7,Tobacco
308.7,52.8,360.9,0.97,6.9,Tobacco
311.9,52.3,368.5,1.08,6.8,Tobacco
147.7,25,150,0.49,5.5,Tobacco
261.8,41.2,296.9,0.98,5.8,Tobacco
207.7,35.5,329.4,0.67,5.8,Tobacco
117.7,25,180.7,0.4,6.7,Tobacco
333.1,61.2,437.6,1.1,7,Tobacco
266.5,51.7,378.7,0.95,6.5,Tobacco
100,25,188.2,0.4,5.6,Tobacco
161.6,29.5,236.7,0.51,5.7,Tobacco
300.2,54.5,400.6,0.97,6.5,Tobacco
196.2,35.3,263.7,0.73,7.4,Tobacco
318.9,55.1,439.5,1.2,7.4,Tobacco
284.7,54.9,330.1,0.97,6.7,Tobacco
214.6,32.3,272.4,0.69,7.1,Tobacco
186.5,25.4,256.8,0.51,5.8,Tobacco
102.2,25,150,0.43,7.2,Tobacco
252.6,45,304.4,0.78,6.7,Tobacco
232.5,51.6,390.5,0.82,5.5,Tobacco
189.9,37.5,233.2,0.7,5.9,Tobacco
230.9,38,326.2,0.78,6.9,Tobacco
137.5,30,266.5,0.59,7.4,Tobacco
170.7,29.2,269,0.73,5.9,Tobacco
166.4,32.8,211.5,0.68,6.2,Tobacco
299.2,50.2,410.7,0.95,6.2,Tobacco
240.7,45.5,356.3,0.86,7.3,Tobacco
283.6,56,387.3,0.98,6.2,Tobacco
189.5,40.4,255,0.66,6,Tobacco
317,60.6,374.3,1.11,6.6,Tobacco
121.5,33.4,210.5,0.54,6.9,Tobacco
160,32.8,180.1,0.57,7.1,Tobacco
293.2,48.5,371.2,0.86,6.9,Tobacco
305.8,55.2,406.6,1.07,6.3,Tobacco
161.4,26.5,232.2,0.51,7.2,Tobacco
107.1,25,150,0.43,7.3,Tobacco
268.8,43.5,317.7,0.82,5.7,Tobacco
267.6,48.7,351.7,0.97,5.7,Tobacco
231.3,33.7,310.7,0.8,7.4,Tobacco
178.6,35.8,177.3,0.75,6,Tobacco
270,40.5,366.8,0.9,5.8,Tobacco
261.4,52.1,341.8,0.99,6.6,Tobacco
289.4,44.9,380.3,1.07,7.5,Tobacco
218,44.1,326.5,0.81,5.8,Tobacco
144.1,25.7,248.7,0.57,5.8,Tobacco
319.7,54.5,450,1.01,5.7,Tobacco
276.7,55.2,374.9,1.01,6.7,Tobacco
319.8,65,420.9,1.2,6.7,Tobacco
309.8,48.2,381.2,1.04,7.3,Tobacco
350,61,450,1.2,5.7,Tobacco
261.4,44.2,374.4,0.93,7.2,Tobacco
268.2,50,321.8,0.97,7.4,Tobacco
216.2,34.4,286.6,0.71,7.3,Tobacco
328.7,54.3,406.1,1.07,7.4,Tobacco
111.7,25,178.1,0.46,7,Tobacco
350,53.8,450,1.04,5.6,Tobacco
264,51.4,426.9,1.03,5.7,Tobacco
230.7,35.5,231.1,0.81,5.5,Tobacco
167.6,30.6,236.9,0.6,6.2,Tobacco
136.2,26.4,177.6,0.53,7.2,Tobacco
156.9,33,219.3,0.59,5.8,Tobacco
209.3,37,224.2,0.65,6.8,Tobacco
332.8,54.1,415.3,1.1,7.1,Tobacco
311.6,55.8,436.1,1.17,6.2,Tobacco
340.5,59.6,450,1.2,5.9,Tobacco
206.4,35.7,333.7,0.8,5.6,Tobacco
146.3,30.4,212.9,0.63,5.9,Tobacco
113.1,25,176.2,0.4,5.7,Tobacco
179.6,37.4,248.5,0.62,6,Tobacco
147.3,32.5,191.9,0.71,6.2,Tobacco
219.8,49.3,261.8,0.94,5.6,Tobacco
261.5,51.6,387.6,0.92,5.8,Tobacco
294.6,49.3,361,0.96,5.6,Tobacco
248.5,51.5,271,0.89,6.1,Tobacco
175.3,36.4,259.6,0.63,6.9,Tobacco
202,36,291.7,0.7,7.2,Tobacco
232,48.5,367.5,0.89,5.6,Tobacco
255.4,50.2,353.8,0.96,6.8,Tobacco
176.8,39.1,269.4,0.65,7.1,Tobacco
137.2,28.3,185.8,0.52,6.5,Tobacco
207.6,41.3,262.6,0.73,6.7,Tobacco
319.9,57.1,411.9,1.16,6.1,Tobacco
256.4,47.1,312.1,0.81,5.9,Tobacco
251.5,46.4,385.5,0.86,7,Tobacco
135.6,29.4,203.6,0.57,5.6,Tobacco
192.2,29.5,288.2,0.7,7.5,Tobacco
146.1,28.7,218.3,0.52,7.1,Tobacco
119.4,25.8,157.4,0.4,7.2,Tobacco
105.9,25,175.1,0.54,6.9,Tobacco
275.7,60.7,364.6,1.04,6.2,Tobacco
233.6,48,304.6,0.98,6,Tobacco
174,25,228.7,0.61,5.9,Tobacco
100,25,194.9,0.45,5.8,Tobacco
238.1,48,349.9,0.81,6.3,Tobacco
146.2,30.9,183.4,0.61,6.1,Tobacco
100.6,25,196.7,0.45,5.7,Tobacco
309.4,47.9,347.6,1.1,5.6,Tobacco
165.4,30,253.3,0.68,7.3,Tobacco
223,35,187.6,0.84,7.1,Tobacco
163.2,25,211.1,0.54,6.9,Tobacco
245,40,341.8,0.83,5.6,Tobacco
280.4,47.6,283.9,0.97,6.3,Tobacco
261.7,44.1,361.9,0.86,6.3,Tobacco
193.9,37.4,275.8,0.72,6.8,Tobacco
173.2,36.6,344.7,0.7,6.1,Tobacco
105.3,25,167.7,0.4,5.7,Tobacco
118.1,25,150,0.42,5.7,Tobacco
142.3,25,232.7,0.54,5.8,Tobacco
215.7,36.7,246.2,0.7,5.9,Tobacco
144.5,25.7,190.2,0.62,7.1,Tobacco
160.3,28.9,216.6,0.58,6.4,Tobacco
214.9,41.1,340.6,0.7,7,Tobacco
159.2,25.5,184.3,0.55,6.4,Tobacco
338.5,63.7,450,1.2,5.9,Tobacco
319.6,59.1,396.7,1.06,6.6,Tobacco
157.7,38,266.9,0.59,7.4,Tobacco
316.5,48.8,341.7,0.96,5.6,Tobacco
249,34.4,262.4,0.9,7.5,Tobacco
170.9,30.5,177.7,0.53,5.8,Tobacco
276.1,44.5,398.4,1.05,7.2,Tobacco
345.9,55.6,432.7,1.11,5.6,Tobacco
135.1,30.2,261.3,0.63,7.1,Tobacco
139.7,31.6,238.6,0.61,6.2,Tobacco
310.4,57.1,416.3,1,6.5,Tobacco
287.7,42.7,331.1,0.86,7.1,Tobacco
167.5,38,203.4,0.62,6.5,Tobacco
159.9,27.9,263.7,0.58,7.4,Tobacco
316.2,49.6,383.2,1.08,5.5,Tobacco
350,65,450,1.2,6.5,Tobacco
323.2,65,435.9,1.17,6.2,Tobacco
286.9,49.4,366.2,0.99,7.3,Tobacco
100,25,150,0.46,7.2,Tobacco
350,58.1,450,1.14,7.3,Tobacco
117.6,29.7,186.9,0.48,5.7,Tobacco
144.6,25,150,0.49,6,Tobacco
188.6,41.8,242.4,0.7,6.2,Tobacco
343.5,58.3,387,1.18,5.6,Tobacco
169.1,34.7,215.1,0.62,5.5,Tobacco
171.1,37,275.4,0.73,6.4,Tobacco
308.9,55.6,388.4,1.16,5.6,Tobacco
281.8,57.2,397.9,1.03,6.3,Tobacco
299.8,51.4,415.8,1.02,6.7,Tobacco
245.3,42.1,337.4,0.89,7.5,Tobacco
344.9,57.5,450,1.18,7.3,Tobacco
263,42.5,304,0.88,7.4,Tobacco
240.3,45.8,176.8,0.8,7.1,Barley
245.8,44,181.8,0.75,6.9,Barley
161.1,35.3,142.8,0.66,7,Barley
180.3,40.8,124.7,0.63,7.3,Barley
152.5,31.1,139.8,0.56,7.4,Barley
194.4,34.8,154.7,0.71,6.4,Barley
230.6,53.5,190.7,0.89,7,Barley
181.3,36.7,171.8,0.69,7.2,Barley
170.3,33.5,143.2,0.69,6.8,Barley
175.7,37.4,148.9,0.69,6.8,Barley
243.6,47.3,180.7,0.96,6.8,Barley
196.9,44.5,150.7,0.73,6.8,Barley
224.3,49.3,194.7,0.84,6.6,Barley
158.8,29.5,123.3,0.59,6.8,Barley
284.3,60,190.8,0.9,7.1,Barley
201.6,36.1,124.9,0.69,7.2,Barley
161.2,27.7,135.2,0.62,7.2,Barley
264.7,54.6,199.2,0.94,7.1,Barley
250.4,51.5,178.1,0.77,7.2,Barley
188,35.6,120.5,0.63,6.9,Barley
194,39.6,161.6,0.71,7.3,Barley
137,27.1,86,0.51,7.2,Barley
148.5,29,136.4,0.62,6.9,Barley
139.9,29.7,115,0.59,7.5,Barley
167.3,34.4,129.6,0.66,7.1,Barley
171.8,32.3,151.7,0.63,6.8,Barley
158.7,36.6,112,0.53,7.1,Barley
189.6,37.3,120.1,0.68,7.7,Barley
198.4,31.4,138.4,0.7,6.8,Barley
161.3,35.4,84,0.62,6.6,Barley
222,49.9,136.9,0.76,7.1,Barley
188.9,32.6,137.5,0.64,6.7,Barley
172,37.2,131.2,0.62,7.1,Barley
168.3,41.3,147.3,0.63,7.1,Barley
142.5,33.8,116.9,0.63,6.9,Barley
191.8,38.2,162,0.66,6.6,Barley
250.9,44.6,187.3,0.86,7.1,Barley
197,37.4,149.1,0.8,6.8,Barley
171.5,42,155.7,0.78,7.2,Barley
139,29.3,115.4,0.61,6.7,Barley
197.1,38.6,147.5,0.7,7,Barley
163.6,36,123,0.57,7.4,Barley
211,42,169.5,0.7,6.9,Barley
212.4,46.3,163.9,0.84,7.3,Barley
188.7,40.6,124.9,0.67,6.8,Barley
294.1,54.6,200.3,0.93,6.8,Barley
173.6,34.3,139.8,0.72,7.4,Barley
163.3,35,126.6,0.59,7.3,Barley
169.7,34.6,129.5,0.63,7.1,Barley
149.1,29.7,124.5,0.56,7,Barley
163.6,32.1,123.6,0.71,7.1,Barley
102.7,28.1,106.2,0.54,7.2,Barley
149.7,38.6,137.7,0.61,7.1,Barley
215.8,48.3,159.2,0.83,6.9,Barley
198,34,167.9,0.71,7.2,Barley
191.8,35.5,152.6,0.76,7.1,Barley
239.8,36.8,189.5,0.72,7.7,Barley
121.4,23.1,121.3,0.46,6.8,Barley
206.6,41.4,151.5,0.72,6.9,Barley
160.5,33.6,137.4,0.58,6.7,Barley
150.7,30.5,116.6,0.63,6.8,Barley
186.7,35.9,133.7,0.62,7.2,Barley
183.5,34.7,159.1,0.68,7.2,Barley
229.5,40.8,157.3,0.68,7.2,Barley
204,37.4,123.6,0.63,7.2,Barley
160.9,36.9,114.9,0.65,7.4,Barley
154.8,35,167.2,0.77,6.7,Barley
163.7,36.1,123.3,0.66,7,Barley
153.8,35.1,120.2,0.69,7,Barley
223.7,39.3,154.9,0.77,7.1,Barley
200.5,48.1,177.6,0.83,6.9,Barley
195.8,40.8,160.7,0.72,7.1,Barley
216.8,38.8,154,0.78,6.8,Barley
189.2,42.1,146.8,0.69,6.7,Barley
216.8,42.3,139.1,0.76,7.5,Barley
203.4,46.8,145.2,0.73,7,Barley
168.1,31.8,156.3,0.57,6.6,Barley
218.5,43.1,147.2,0.83,6.8,Barley
193.5,40.2,168.7,0.75,7.2,Barley
174,35.7,133.2,0.65,6.8,Barley
188.6,39.4,117.7,0.62,7,Barley
143.2,31.1,124.4,0.53,7,Barley
142.1,28.5,125.6,0.6,7.1,Barley
181.9,36.4,175.8,0.69,7.1,Barley
161.3,33.5,114.4,0.69,6.2,Barley
241.7,48,189.3,0.83,7,Barley
171.3,34.6,141.8,0.67,6.7,Barley
183,30,170.5,0.69,6.6,Barley
198.5,43.6,138,0.65,6.8,Barley
190,47.7,141,0.67,7,Barley
208.4,38.7,167,0.66,7.3,Barley
204.3,42.8,191.5,0.74,6.9,Barley
207.9,30.9,163,0.69,6.6,Barley
187.8,39.8,139.9,0.68,7.6,Barley
229.8,52,175.8,0.84,7,Barley
176.8,39.4,146.7,0.64,7.1,Barley
193.4,39.8,143.5,0.78,7,Barley
227.8,37.3,153.6,0.77,6.5,Barley
168,34.1,147.7,0.73,6.6,Barley
139.3,22.1,109.3,0.58,6.7,Barley
232.9,48.9,171.9,0.83,7.1,Barley
131,30.7,111.9,0.63,7.1,Barley
235.1,51.4,194.7,0.83,7.1,Barley
138.5,31.3,112.2,0.56,7,Barley
234.2,42.3,158.1,0.85,6.8,Barley
233.7,47.5,152.3,0.82,7.1,Barley
112.9,28.3,104.1,0.47,6.6,Barley
200,44.4,163.2,0.75,6.9,Barley
289.1,49.3,196.2,0.9,7.8,Barley
199.5,31.8,167.2,0.69,7.1,Barley
235.6,47,161.2,0.77,6.7,Barley
121.8,22,95.8,0.45,6.4,Barley
213.9,41.3,161.3,0.76,6.6,Barley
135.4,27.2,154,0.66,6.2,Barley
172.2,30.4,121.2,0.62,7.2,Barley
258.4,40.7,188.4,0.77,7.8,Barley
205.1,51.2,179.5,0.8,7,Barley
233.2,45.7,181.6,0.72,7.3,Barley
188,36.9,140.3,0.69,7.4,Barley
264.8,49,192.7,0.9,7.9,Barley
106.6,20.5,132.3,0.47,6.5,Barley
97.5,28.1,117.2,0.52,7.2,Barley
209.1,34,137.1,0.7,6.7,Barley
229.2,43,163.3,0.72,7.6,Barley
198.7,38.2,146.3,0.72,7.4,Barley
249.3,37.6,189.1,0.84,7.7,Barley
161.1,34.5,127.3,0.58,7.1,Barley
253.5,40.4,178.1,0.78,7.7,Barley
99.5,26,109.3,0.57,6.4,Barley
183,39.4,150.5,0.79,7.1,Barley
239.8,37.4,178.4,0.75,7.7,Barley
185.3,36.5,158,0.75,7.3,Barley
166.9,34.6,135.1,0.63,6.6,Barley
226.7,48.5,178.9,0.77,7,Barley
213.1,49.2,207.2,0.77,7.2,Barley
207,34.3,154.5,0.71,6.2,Barley
256.7,47.4,209.2,0.9,6.6,Barley
209.4,43.1,159.3,0.77,7,Barley
203.8,41.5,170,0.78,7.3,Barley
150.9,31.3,140.6,0.62,7.3,Barley
147.6,30.3,145.8,0.57,6.3,Barley
132.7,24.2,92.3,0.56,7.9,Barley
172.9,37.5,156.3,0.61,7.1,Barley
196.3,41.5,155.3,0.73,7.1,Barley
172.3,30.3,147.2,0.68,6.7,Barley
189.4,44.8,143.5,0.7,6.9,Barley
249.4,49.1,170.5,0.73,6.6,Barley
295.9,53.8,220,0.93,6.9,Barley
156.9,31.5,120.3,0.67,7.2,Barley
197,37.9,140.2,0.75,7.2,Barley
174.6,34.1,136.3,0.68,7,Barley
222.4,41.3,140.1,0.85,7.1,Barley
182.1,27.2,156,0.65,7.6,Barley
161.2,32,131.4,0.55,7.2,Barley
109.3,25.1,102.2,0.52,6.6,Barley
243.7,47.1,155.9,0.83,7.3,Barley
125.8,23.6,86.8,0.59,7.4,Barley
172,35.3,122.7,0.63,7.3,Barley
244.6,45.5,202.8,0.84,6.7,Barley
219,34.8,162.6,0.83,7.3,Barley
215.4,36.7,152.4,0.69,6.8,Barley
211.1,39.7,165.1,0.75,7.3,Barley
155.5,24.5,116.6,0.61,6.7,Barley
223.9,47.1,182.1,0.77,7.3,Barley
243.6,50.7,191,0.83,6.8,Barley
239.7,36.6,188.1,0.8,7.7,Barley
265.4,54,193.8,0.87,7.2,Barley
203,39.7,166,0.71,7.1,Barley
141.6,23.1,129,0.54,7.4,Barley
201.3,38.1,185.3,0.72,7.7,Barley
188.9,31.9,128.1,0.65,7.1,Barley
228,48.1,182.5,0.76,7.5,Barley
123.7,27,95,0.54,6.6,Barley
179.9,31.3,134.1,0.69,6.5,Barley
166.5,29.3,133.8,0.63,7.1,Barley
103.2,20.4,87.2,0.53,7.8,Barley
188.1,37.5,155,0.65,6.6,Barley
262.1,56,187.2,0.83,7,Barley
156.5,30.1,146.2,0.59,7.6,Barley
126.8,34.8,109,0.52,6.4,Barley
177.8,30.1,133,0.63,7,Barley
198.9,43.8,141.9,0.79,7.1,Barley
142.1,36.5,114.4,0.61,6.9,Barley
196.6,42.9,160.2,0.72,6.4,Barley
147,29.4,115.3,0.54,6.7,Barley
216.9,39,162,0.75,7.3,Barley
209.5,38,151.4,0.75,6.9,Barley
207,38,152.5,0.71,7.1,Barley
209.2,34.1,181.5,0.68,7.6,Barley
266,57,194.4,0.95,7.3,Barley
243.9,44.5,156.6,0.86,7.6,Barley
166.4,38,115.8,0.59,7.3,Barley
123.1,20,80,0.46,7.7,Barley
287.9,47.1,214.8,0.98,6.3,Barley
169.5,36,150.2,0.59,7.4,Barley
246,51.6,188.8,0.84,6.8,Barley
168.4,32.3,129.7,0.62,7.2,Barley
207.2,33,161.5,0.72,7.1,Barley
172.3,37.5,134.7,0.67,7.2,Barley
168,38.5,138.5,0.66,7.3,Barley
265.8,53.6,207,0.93,6.6,Barley
176.4,35.4,121.6,0.59,6.9,Barley
154.8,30.4,117.7,0.64,6.6,Barley
231.7,44.6,190.9,0.92,6.8,Barley
128.9,23.9,110.5,0.55,7.4,Barley
269.3,59.4,220,0.88,6.9,Barley
150.3,35.6,136,0.65,7.5,Barley
109.7,28.7,91.7,0.49,6.8,Barley
220.2,42.3,195.6,0.77,7,Barley
176.9,20,108.9,0.52,6.3,Barley
222.3,41.6,141.3,0.77,7.3,Barley
206.7,46.2,150.5,0.76,6.7,Barley
128.3,29.5,132.5,0.47,6.7,Barley
209.6,43.2,154.1,0.73,7.8,Barley
194.6,34.5,131.7,0.68,7.5,Barley
258,49.7,187.4,0.89,6.6,Barley
185.7,40.5,161.2,0.64,7,Barley
169,36.4,117.9,0.7,7.3,Barley
189.9,35.4,148.1,0.66,6.7,Barley
256.3,47,164.8,0.92,7.7,Barley
221.6,33.5,176.3,0.8,6.8,Barley
199.1,39.5,166,0.68,7.7,Barley
265.4,52.1,200.3,0.88,6.5,Barley
222.5,38.6,145.9,0.75,6.6,Barley
236.5,42.3,193.8,0.85,6.5,Barley
155.1,28.5,133.2,0.58,7.7,Barley
222.1,33.5,129.4,0.72,6.2,Barley
174.5,38.1,138.4,0.59,6.6,Barley
165.9,36,125.6,0.67,7.3,Barley
213.8,41.1,182.9,0.83,6.4,Barley
242.7,42.4,166.6,0.88,7.6,Barley
282.1,55.9,191.6,0.92,6.5,Barley
192.6,42.8,177.6,0.79,6.4,Barley
239,55.6,183,0.83,7,Barley
122.6,27.3,108.7,0.55,6.5,Barley
201.1,30.2,156.9,0.73,6.3,Barley
161.6,30.3,142.7,0.64,7.3,Barley
210.7,41.4,140.7,0.71,7.1,Barley
268.4,47.9,192.9,0.88,6.2,Barley
213.1,39.8,204.6,0.79,7.4,Barley
204.1,45.6,144.6,0.82,7.1,Barley
197.3,36.1,155.3,0.7,7.3,Barley
284,60,186.5,0.92,7.2,Barley
244.6,50.7,171.8,0.84,6.9,Barley
119.8,33.2,93.4,0.51,7.2,Barley
154.8,37,111.1,0.58,7,Barley
225,44.7,175.8,0.8,6.7,Barley
232.8,45.7,169.1,0.68,6.6,Barley
183.6,34.2,139.8,0.64,6.8,Barley
225.7,40.8,195.4,0.86,6.4,Barley
235,46.7,189.4,0.78,6.6,Barley
243.6,48.7,217.2,0.83,7.4,Barley
100.5,22.4,103.3,0.4,7.2,Barley
154.2,34.3,143.4,0.63,7.1,Barley
101.8,21.7,89.6,0.56,6.6,Barley
195.9,42,170.1,0.66,6.7,Barley
196.9,40,198.4,0.72,6.6,Barley
193.3,45.6,150.9,0.72,6.5,Barley
183.1,36.6,131,0.67,7.5,Barley
229.1,50.9,154.2,0.86,7.2,Barley
286.5,51.6,219.1,0.93,6.7,Barley
122.3,21.7,92.5,0.5,6.5,Barley
282.2,45.5,220,0.89,6.5,Barley
179.9,36.4,152.1,0.63,6.9,Barley
268,48.5,173.6,0.88,7.8,Barley
139.2,23.9,98.5,0.6,6.3,Barley
200.1,37.6,150.7,0.73,6.3,Barley
236,53.6,182.6,0.94,6.8,Barley
113.5,26,119.5,0.59,6.7,Barley
141.3,20.4,98.4,0.53,6.7,Barley
252.9,41.3,196.3,0.91,7.5,Barley
243.4,49.6,198.8,0.87,7.2,Barley
133.2,30,138.8,0.66,7,Barley
200,38.6,170.7,0.72,6.3,Barley
221.5,43.3,191.2,0.72,6.9,Barley
193,41.8,157.1,0.65,6.9,Barley
234.2,40.2,140.6,0.58,7.1,Barley
174.8,31.4,106.3,0.53,7,Barley
245.4,49.1,184.1,0.9,7.3,Barley
128.5,30.7,148.9,0.65,7,Barley
246.6,44.1,169.4,0.89,7.7,Barley
196.7,34.2,180.1,0.76,7.6,Barley
215.6,41.5,150.1,0.8,7,Barley
233.1,45.8,173.8,0.86,7.5,Barley
223.4,42.2,190.6,0.76,7.5,Barley
187,51.7,144.7,0.67,7,Barley
243.2,45.2,162.3,0.77,6.7,Barley
105,24.8,120.7,0.46,6.7,Barley
116,20.2,80,0.4,6.4,Barley
167.2,30.9,108.1,0.67,7.5,Barley
219.4,39.2,137.1,0.77,6.6,Barley
116,29.6,105.1,0.55,6.7,Barley
130.3,23.8,130.2,0.56,6.7,Barley
195.2,34.2,131.5,0.61,6.9,Barley
262.7,53.3,186.8,0.79,7,Barley
270.5,58.3,213.2,0.93,6.7,Barley
123.2,23.7,138.4,0.51,6.6,Barley
179,38.9,135.7,0.67,6.7,Barley
234.9,47.2,220,0.86,6.4,Barley
218.3,54.9,149.4,0.83,7.4,Barley
105.6,22.6,80,0.48,7.5,Barley
101.1,20,92.8,0.43,6.5,Barley
202.8,38.6,146.8,0.81,7,Barley
98,25.7,96.6,0.48,7.5,Barley
210.7,43.2,173.7,0.79,7.2,Barley
193.8,40.8,128.2,0.65,7,Barley
245.6,46,185.7,0.94,6.4,Barley
119.8,29.2,130,0.51,7.1,Barley
159.8,28.3,137.6,0.61,7.6,Barley
154,38.2,129.7,0.61,6.4,Barley
181,39.8,150.5,0.75,6.6,Barley
177.9,28.3,152.5,0.65,6.4,Barley
240.5,43.6,164.1,0.74,6.3,Barley
166.4,34.7,187.2,0.69,7.5,Barley
150.9,25.2,146.3,0.57,6.6,Barley
121.8,28.4,80,0.54,7.6,Barley
204.1,41.8,142.4,0.76,6.4,Barley
165.6,36.1,110.8,0.62,6.8,Barley
256.8,51.6,212.7,1,6.6,Barley
237,43.7,179.3,0.78,7.4,Barley
204.6,38.8,203.6,0.73,7.2,Barley
88.4,20,105.8,0.51,6.5,Barley
202.7,44.6,130.3,0.87,7.3,Barley
143.3,25.8,80,0.46,6.4,Barley
182.9,38.5,144.5,0.69,6.6,Barley
200.8,47.7,176.2,0.75,7.1,Barley
130.7,25.6,123.5,0.57,7.5,Barley
197.5,31.8,159.9,0.67,6.4,Barley
143.5,36.7,106.3,0.53,7.2,Barley
192.7,41.2,138.2,0.67,7.7,Barley
164.8,32.8,128.5,0.67,7.3,Barley
276.7,50.6,197.5,0.94,7.1,Barley
190.2,37,178.8,0.67,6.8,Barley
171.6,33.2,135.7,0.66,6.9,Barley
154.9,28.4,120,0.67,7,Barley
174.5,31,116.5,0.68,6.3,Barley
104.2,21.6,80,0.47,6.8,Barley
240.4,37.5,173.1,0.76,6.4,Barley
240.1,52.9,149,0.79,7.3,Barley
186.6,42.3,144,0.74,6.8,Barley
139.6,33.9,132.6,0.54,7.4,Barley
114.7,23.9,94.3,0.5,7.6,Barley
100.6,22.6,99.9,0.51,6.3,Barley
168.8,32.4,136.8,0.59,6.7,Barley
149.1,23.9,136.8,0.62,6.7,Barley
151.9,30.1,128.3,0.66,7.1,Barley
160.3,28.9,141.2,0.59,7.1,Barley
135.2,27.6,104,0.52,6.4,Barley
204.9,45.7,151.5,0.8,7,Barley
250,45.7,179.9,0.86,7.3,Barley
151.5,27.5,125.4,0.57,6.2,Barley
131.8,22.2,86.1,0.5,6.7,Barley
170.4,28.5,111.2,0.54,7.1,Barley
265.9,47.1,188.4,0.93,6.2,Barley
262.2,43.3,215.7,0.99,7.5,Barley
296.2,51.5,220,0.96,7.9,Barley
118.2,21.4,80,0.43,7.9,Barley
107.8,27.6,136.6,0.52,6.6,Barley
154.7,23,152.2,0.61,6,Barley
219.6,41.5,188.1,0.7,6.4,Barley
131.5,30.5,117.2,0.59,6.7,Barley
297.1,55,198.3,0.95,7.8,Barley
276.5,51.5,220,0.96,6.7,Barley
214.1,33,150.6,0.81,7.9,Barley
237.9,34.5,169.2,0.78,6,Barley
174.3,35.4,136,0.64,7.3,Barley
264.4,49.2,172.1,0.91,6.6,Barley
233.1,51,170.4,0.86,7.2,Barley
289.3,52.3,201.5,0.97,6.9,Barley
112.3,20,121.3,0.56,7.5,Barley
279.8,54.8,196,0.94,6.4,Barley
169.3,28.9,126.6,0.66,6.3,Barley
80,20,87.6,0.49,6.3,Barley
191.9,35.9,116.1,0.71,7.9,Barley
151.7,24.4,141.9,0.56,6.4,Barley
169,30.4,121.2,0.66,7.6,Barley
167.3,36.1,152.8,0.69,7.8,Barley
114.4,27.1,112.3,0.55,7.7,Barley
103,26,80,0.47,7.1,Barley
158,29.3,144.3,0.49,6.7,Barley
150.6,22.5,142.9,0.57,6.5,Barley
241.8,53,194.7,0.88,6.5,Barley
211.8,39.5,166.7,0.85,6.2,Barley
187,28.7,163.2,0.67,6.1,Barley
187.8,34.7,145.1,0.65,6.8,Barley
193.4,48,173.7,0.76,6.3,Barley
130.2,26,136.9,0.58,7.1,Barley
205.8,39.1,110.8,0.72,7.7,Barley
272.6,45.4,207.3,0.97,6.2,Barley
80,20,101.6,0.45,7.6,Barley
249.6,50.4,197.6,0.94,7.8,Barley
221.3,45.5,167.5,0.74,7.5,Barley
132.9,20.8,145.2,0.63,7.9,Barley
87.5,20,107.4,0.47,6.8,Barley
245.7,45.3,173.5,0.83,7.8,Barley
235.1,48.2,171.4,0.81,7.7,Barley
272.8,52.8,214.1,0.86,7.2,Barley
244.5,43.9,203.3,0.94,7.7,Barley
285.4,59,218.2,0.96,7.9,Barley
97.9,21.2,103.6,0.53,6.3,Barley
229.9,42.5,166.9,0.84,6.6,Barley
81.9,20,86.9,0.4,6.1,Barley
275.5,51.2,220,1,7.8,Barley
279.9,51.1,209.9,0.96,7.8,Barley
262.7,51.1,199.7,0.85,6.4,Barley
182.3,31.6,151.6,0.69,6.4,Barley
218,42.3,154.1,0.76,6.3,Barley
261.1,49.3,184.8,0.86,6.5,Barley
132.9,25.3,136.3,0.61,6.2,Barley
197.2,40.4,181.4,0.8,6.2,Barley
150.1,25.5,158.2,0.62,6.2,Barley
176.9,29.1,163.3,0.54,7.6,Barley
250.5,51.4,164.3,0.9,7.6,Barley
116.1,26.1,80,0.53,6.2,Barley
162,34.9,110.6,0.66,7,Barley
224.1,31.5,155.4,0.75,7.8,Barley
255.2,50.6,174.2,0.9,6.3,Barley
288,59.3,220,0.99,7.6,Barley
262.6,53.1,187.3,0.84,6.7,Barley
163.4,31,129.5,0.71,7,Barley
187.8,31,153.9,0.6,6.1,Barley
127.4,24.5,83.3,0.58,7,Barley
264,50.4,213.1,1,7.8,Barley
294.2,50.8,220,1,7.5,Barley
217,39.7,170.2,0.69,7.3,Barley
120.4,24.6,126.2,0.52,6.6,Barley
157.4,34.2,134.5,0.61,6.7,Barley
231.1,49.7,175.1,0.82,6.6,Barley
278.9,54.3,207.9,0.96,7.8,Barley
200.7,44,123.2,0.71,7.4,Barley
279.4,46,195.3,0.83,8,Barley
188.3,31.3,149.6,0.62,7.5,Barley
153,20.3,122.4,0.54,6.1,Barley
271.1,44.6,162.1,0.82,6.4,Barley
171.4,31.4,127.4,0.53,6.7,Barley
300,47.1,193.7,0.94,6.5,Barley
165.8,35.9,125.5,0.71,7.7,Barley
144,29.2,161.2,0.64,6.2,Barley
119,26.2,112.7,0.59,6.2,Barley
245.5,43.8,175.1,0.84,6.5,Barley
183.6,33.4,181.6,0.69,6.2,Barley
215.4,37.9,170.7,0.81,7.6,Barley
130.8,27.9,98.7,0.57,6.3,Barley
211.5,40,173.5,0.85,7.9,Barley
132.5,32.4,121,0.55,7,Barley
267.9,49.7,168.3,0.85,6.9,Barley
171.7,35.1,146.9,0.65,6.5,Barley
221.3,49.6,173.9,0.87,7.4,Barley
122,20,97.6,0.51,6.2,Barley
172.9,37.6,114.3,0.63,6.5,Barley
170.3,35.4,119.4,0.67,6.2,Barley
113.1,20,125.8,0.55,6.4,Barley
159.7,45.8,132.7,0.66,7.4,Barley
291.4,60,220,1,6.7,Barley
213,49.6,176.7,0.85,6.4,Barley
113,20,102.5,0.49,6.9,Barley
169.4,32.7,137.5,0.75,7.8,Barley
175,26.8,138.6,0.63,6.6,Barley
127.4,20,97.7,0.53,7.7,Barley
102.2,20,92.7,0.49,6,Barley
190.1,33.1,151.4,0.59,7.8,Barley
279.5,47.6,200.8,0.93,7.5,Barley
110.1,20,100.9,0.44,6.5,Barley
232.4,48.4,170.6,0.87,7.7,Barley
92.8,20,110.3,0.44,6.3,Barley
285.3,47.2,205.2,0.99,7.4,Barley
114.8,20,109.5,0.46,6.7,Barley
113,20,88.2,0.47,7.9,Barley
116.2,20,107.7,0.48,6.2,Barley
83.7,20.6,85.9,0.4,6.9,Barley
217.5,43.7,172.5,0.78,7.4,Barley
80,20,81.3,0.42,6.1,Barley
283.2,47.7,190.8,0.9,6.4,Barley
266,47.6,209.2,0.94,7.9,Barley
234.6,46.3,172.5,0.91,7.5,Barley
165.3,33.2,152.3,0.63,7.3,Barley
158.3,32.6,149.4,0.71,7.1,Barley
244.9,53.1,180,0.85,6.9,Barley
171.6,27.8,131.9,0.55,6.2,Barley
219.8,45.4,175.3,0.74,7.1,Barley
82.2,20,103.2,0.49,6.2,Barley
177.7,38.2,138.2,0.73,6.3,Barley
111.1,26.1,118.1,0.55,6.5,Barley
233.4,45.3,195.1,0.9,7,Barley
253,50.1,170,0.89,6.4,Barley
162.2,31.6,149.3,0.68,6.1,Barley
112.4,23.1,120.2,0.48,7.5,Barley
113.2,25.8,104.3,0.53,6.5,Barley
99.2,22.1,82.7,0.42,6.2,Barley
167.7,33.3,166.8,0.7,6.1,Barley
271.1,43.2,206.4,0.86,7.7,Barley
158,29,151.4,0.64,6.1,Barley
218.1,44.1,168.6,0.85,6.7,Barley
244.7,44.8,150.8,0.86,7.4,Barley
133,26.4,128,0.63,7.9,Barley
104.9,20,91.8,0.41,6.3,Barley
253.2,49.1,204.3,0.85,7.5,Barley
262.6,52.2,196.5,0.82,6.9,Barley
260.4,44.1,194.6,0.91,8,Barley
182.5,38.6,174,0.72,6.4,Barley
161.8,33.4,158.6,0.59,6.8,Moong
183.9,33.1,185.2,0.71,7,Moong
197.9,33.7,168.9,0.67,7.1,Moong
142.7,25.9,128.2,0.4,7,Moong
161.3,25.6,127.2,0.5,7,Moong
109.7,27.3,102.6,0.45,6.5,Moong
163.8,33.7,129.6,0.6,6.9,Moong
188.2,36.4,159.9,0.59,6.8,Moong
196.4,38.1,158,0.67,6.6,Moong
137.4,32.9,103.9,0.54,7.1,Moong
161,31.4,128,0.53,6.6,Moong
111.7,18.8,75.7,0.49,6.8,Moong
107,26.5,90.9,0.42,6.6,Moong
148.7,30.3,132.3,0.6,6.8,Moong
104.4,24.1,106.6,0.47,6.7,Moong
96.3,20.2,91.6,0.47,6.6,Moong
137.8,33.5,121.7,0.54,6.7,Moong
184.2,34.4,160.5,0.72,6.9,Moong
134.7,29.3,99.1,0.52,6.4,Moong
121.9,27.9,104.2,0.47,6.7,Moong
173.9,34,115.6,0.68,7.1,Moong
214.4,42.5,163.9,0.59,6.8,Moong
113.9,21.1,93.7,0.48,6.5,Moong
122,30.8,120.7,0.55,6.8,Moong
184.8,36.3,176.2,0.64,6.7,Moong
208.2,32.6,118.9,0.59,7.2,Moong
132.2,22.4,98.6,0.47,7.1,Moong
153.7,34.6,135.6,0.58,6.8,Moong
116.2,22.5,112.1,0.46,7,Moong
177.8,45.6,150.6,0.64,7,Moong
187.7,33.2,172,0.69,6.8,Moong
131.6,31.4,111.9,0.54,6.6,Moong
108.1,22,73.4,0.42,7.2,Moong
123.7,27.2,102.3,0.45,6.4,Moong
117.9,26.1,120.5,0.52,6.4,Moong
155.1,39.2,161.8,0.6,6.7,Moong
168,34.1,145,0.51,6.6,Moong
125.7,23.9,102.4,0.47,6.3,Moong
115.4,25.2,90.9,0.46,7,Moong
162.3,36.2,143.9,0.6,6.6,Moong
134.4,30.4,114.4,0.56,6.5,Moong
127.6,27.3,120.5,0.57,6.5,Moong
134.9,24.4,123.4,0.5,7,Moong
168.9,29.4,131.3,0.5,6.5,Moong
87.4,19.3,101.4,0.35,7,Moong
154.3,34.3,118.9,0.49,6.3,Moong
140.4,34.8,120.5,0.55,6.8,Moong
165.2,39.2,158.1,0.59,7.1,Moong
151.8,36.5,154.8,0.59,7,Moong
185.5,34.1,170.6,0.64,7,Moong
166.6,36.9,138.7,0.56,6.9,Moong
160.7,28.2,104.6,0.55,6.4,Moong
146.4,27.8,108.3,0.51,6.5,Moong
165.7,31.6,171.9,0.63,7,Moong
165.8,34.7,134,0.56,6.5,Moong
182.5,34.3,126.5,0.59,6.9,Moong
196.6,30.3,141.2,0.64,6.9,Moong
161.3,36,149.3,0.65,6.8,Moong
112.7,27.6,60.4,0.45,6.9,Moong
116.3,23.8,143,0.45,6.8,Moong
185.4,39.8,170.9,0.66,6.7,Moong
146.9,32,109.6,0.52,6.8,Moong
170.8,32.5,171.7,0.55,6.5,Moong
109.9,30.8,105.7,0.49,6.7,Moong
101.7,21.6,108,0.42,7,Moong
127.6,26.9,91,0.49,6.8,Moong
173.9,39.2,151.8,0.63,6.5,Moong
139.6,25,121.6,0.45,6.7,Moong
122.1,26.8,108.9,0.43,6.7,Moong
136.9,29.6,130.3,0.5,6.6,Moong
194.7,39.5,156.3,0.61,6.9,Moong
188.4,36.3,148,0.62,6.6,Moong
174.9,35.8,144.9,0.59,6.9,Moong
117.8,31.4,136.5,0.52,6.7,Moong
195.6,38.9,167,0.64,7,Moong
119.4,32.3,126.5,0.5,6.8,Moong
133.7,27.7,102.2,0.54,6.7,Moong
153.7,37.3,132.9,0.56,6.6,Moong
151,34.7,94.1,0.54,6.6,Moong
127.3,33.2,126.8,0.46,6.9,Moong
127.1,34.1,120.9,0.51,6.7,Moong
146,25.7,127,0.49,6.3,Moong
163.1,31.9,157.3,0.62,6.9,Moong
131.6,36.1,114.7,0.5,6.8,Moong
144.1,27.6,119.2,0.56,7.1,Moong
154.2,32.5,146.5,0.6,6.9,Moong
180.9,39.8,172.4,0.68,6.9,Moong
125.6,25,98.2,0.41,7,Moong
181,35,134.8,0.59,6.5,Moong
169.3,34,147.6,0.61,6.6,Moong
132.7,25,107.9,0.47,6.6,Moong
168.3,34.2,133.8,0.58,7.2,Moong
131.6,21.6,105.5,0.5,6.5,Moong
131.8,23.6,95.9,0.46,7.3,Moong
136.9,30.4,130.9,0.63,7.1,Moong
137,23.2,104.3,0.57,6.8,Moong
158.5,32.3,126.7,0.54,6.6,Moong
137.2,23.6,144.7,0.6,6.6,Moong
151.2,32.7,142.1,0.54,6.5,Moong
140.8,25.5,137.4,0.55,6.5,Moong
166.8,36.7,161.9,0.55,6.4,Moong
133.7,23.5,124.2,0.54,6.2,Moong
98.5,16.8,79.3,0.41,7.2,Moong
91.2,15,60,0.3,6.5,Moong
173.2,35.4,134,0.58,6.6,Moong
87.6,24.3,101.2,0.46,6.6,Moong
157.1,26.6,117,0.54,6.5,Moong
183.7,38.2,169.4,0.6,6.4,Moong
129.7,22.7,127.8,0.48,6.5,Moong
234.8,44.7,193.5,0.77,6.5,Moong
139,35.6,125.9,0.53,6.9,Moong
186.2,37.1,149.5,0.66,6.5,Moong
154.2,29.1,155.1,0.54,6.5,Moong
150,31.4,126.7,0.54,7,Moong
195.7,43.1,174.7,0.68,6.8,Moong
186.2,26.7,138.9,0.63,6.4,Moong
89.2,18.4,72.8,0.42,6.2,Moong
154.8,33,105.4,0.66,7.1,Moong
173.6,32.6,147.3,0.61,7,Moong
120.9,24.1,77.3,0.45,6.8,Moong
195.4,35.2,134,0.69,7.2,Moong
158.6,29.4,118.1,0.54,7.2,Moong
180.5,33.7,140.1,0.62,6.6,Moong
161.9,34.6,171.2,0.66,6.6,Moong
119.5,23.1,98.8,0.41,6.5,Moong
128.6,22,109.3,0.48,6.6,Moong
179,35.1,135.9,0.56,7,Moong
153.8,42,150,0.64,6.6,Moong
131.3,30.1,156.6,0.49,6.8,Moong
95.8,18,90.1,0.35,6.4,Moong
162.8,36.5,162,0.57,6.9,Moong
158.8,30.5,149.8,0.6,6.2,Moong
123,28.4,103.3,0.46,6.8,Moong
233.7,43.6,190,0.74,6.5,Moong
115.7,19.8,90.6,0.43,6.7,Moong
129.3,24.6,84.3,0.51,6.6,Moong
60,15.8,65.5,0.3,6.8,Moong
166.4,27.6,159,0.6,6.4,Moong
128.9,32.5,115.7,0.54,6.8,Moong
150.4,32.3,118.6,0.53,6.8,Moong
189.4,37.4,163.5,0.66,6.2,Moong
162.3,29.2,114.1,0.52,6.9,Moong
129.2,29.9,122.6,0.49,7,Moong
240,38.8,184.4,0.77,6.1,Moong
116.9,30.3,141.8,0.5,7.2,Moong
211.3,47.7,169.6,0.73,6.7,Moong
169,32.4,143.1,0.58,6.8,Moong
150.7,30.4,125.8,0.5,6.9,Moong
170.3,31.1,122.6,0.55,6.2,Moong
69.6,18,70.5,0.33,6.6,Moong
239,39.2,195.5,0.66,6.3,Moong
110.6,25.6,90.2,0.48,6.7,Moong
179.5,37.9,147.6,0.6,6.7,Moong
130.6,26.3,100.8,0.45,6.7,Moong
159.3,34.1,158,0.59,7.2,Moong
212.3,38.4,189.8,0.74,6.7,Moong
188.2,34.8,152.4,0.64,7.2,Moong
93.3,15.6,60,0.36,6.4,Moong
174.3,32.5,145.7,0.66,6.8,Moong
96.3,19,139.7,0.43,7.1,Moong
167.6,33.3,146,0.54,6.7,Moong
190.3,33.5,174,0.62,7.2,Moong
133.3,29.5,120,0.51,6.9,Moong
208.6,40.5,175.8,0.71,6.4,Moong
208,40.8,198.9,0.71,6.3,Moong
126.1,24.8,72.1,0.5,7.2,Moong
131.8,29.8,105.7,0.45,6.7,Moong
204.1,44,190.4,0.75,7,Moong
149.4,40.8,166.1,0.59,7,Moong
170.5,34.1,160.9,0.58,6.4,Moong
170,36.1,148,0.61,6.5,Moong
108,20.2,87.8,0.48,7.1,Moong
91.8,20.1,87.1,0.37,6.8,Moong
184.7,36.1,148.9,0.6,7.4,Moong
143.9,29.2,122.7,0.45,6.3,Moong
119.5,31.5,135.3,0.51,6.6,Moong
184.4,31.7,152,0.61,6.7,Moong
154.5,29.9,152,0.65,6.2,Moong
145.9,29.2,152.9,0.55,7,Moong
161.9,31.4,174.3,0.6,6.7,Moong
93,15.2,81.6,0.45,7.2,Moong
166.5,28.2,141.4,0.56,7,Moong
146.9,37.8,103.1,0.59,6.5,Moong
157,33.6,158.7,0.62,6.7,Moong
208.7,46.2,171.7,0.79,6.9,Moong
197.9,39.1,150.1,0.7,6.3,Moong
145.7,25.8,134.2,0.51,7.1,Moong
201.1,43.7,177.1,0.72,7.1,Moong
176.2,34.4,139.7,0.61,6.5,Moong
120.4,20.9,113.4,0.52,6.2,Moong
170.1,28.7,155.6,0.52,6.3,Moong
142.5,29.2,141.1,0.59,6.7,Moong
136.9,25.7,134.8,0.51,7.3,Moong
197.5,33.4,152.8,0.62,6,Moong
190.8,42.7,156.2,0.72,7.1,Moong
192.5,40.1,167.1,0.63,6.6,Moong
132.1,29,128.4,0.55,7.1,Moong
122,21.7,103.8,0.46,6.9,Moong
198.5,29.9,146.3,0.66,7.4,Moong
222.6,44.3,165.2,0.76,6.7,Moong
161.8,32.7,122.3,0.49,6.5,Moong
98.9,15,123.4,0.43,7.1,Moong
159.9,32.6,141.7,0.55,7.2,Moong
133.8,25.9,122.5,0.44,7,Moong
181.1,33.6,151,0.76,7,Moong
185.9,35.9,153.5,0.67,6.8,Moong
108.8,30,103.5,0.43,6.9,Moong
143.4,28.9,111.2,0.53,6.9,Moong
155.7,27.4,143,0.52,6.2,Moong
132.7,24.6,82.1,0.48,6.6,Moong
146.6,33.4,146.7,0.62,7.2,Moong
94.6,16.9,80.2,0.38,7,Moong
197.8,44,154.6,0.69,6.9,Moong
140.7,21.6,115,0.56,6.7,Moong
189.6,33.9,155.9,0.6,6.5,Moong
162.6,33.9,133.5,0.62,6.3,Moong
201.5,37.7,168.6,0.66,7.4,Moong
217.3,46.1,200,0.74,6.5,Moong
141,29.5,102,0.49,7.1,Moong
99.1,21.7,65.4,0.37,6.5,Moong
142.7,25.8,110,0.53,6.3,Moong
104,20.7,99.6,0.47,6.9,Moong
222,41.2,157.9,0.73,7,Moong
192.4,38.1,165.5,0.67,6.6,Moong
201.5,36.7,177.5,0.62,6.9,Moong
110,22.6,86.6,0.4,6.8,Moong
141.1,28.9,93.7,0.45,6.8,Moong
103.2,18.3,78.5,0.42,6.4,Moong
173.4,30.9,116.5,0.62,7.2,Moong
90.6,18.3,108.2,0.37,7,Moong
218.5,42.6,200,0.7,7,Moong
240,42.3,182,0.74,6.4,Moong
191.2,44,175.3,0.68,6.7,Moong
183,33.9,167.1,0.67,7.2,Moong
60,19.2,85.1,0.3,6.5,Moong
139.4,30,132.1,0.57,6.4,Moong
173.6,35.9,150.9,0.58,6.5,Moong
90.3,18.7,89.4,0.41,6.9,Moong
220.8,50,167.3,0.79,6.6,Moong
178.2,30.7,140.5,0.6,6.8,Moong
100.6,21.5,119.6,0.37,7,Moong
208.6,43,166,0.69,6.3,Moong
219.6,45.2,163.3,0.74,6.8,Moong
190.5,43,184.8,0.76,6.4,Moong
221.7,45.9,184,0.77,7,Moong
108.3,22.1,128.2,0.53,6.4,Moong
191.3,37.6,161.8,0.7,6.5,Moong
209.8,38.1,172.2,0.78,7.1,Moong
152.8,24.2,119.2,0.47,7.3,Moong
123.8,28.8,104.3,0.56,6.8,Moong
186.3,34.1,146.6,0.62,6.3,Moong
182.5,39.5,160.9,0.57,6.8,Moong
169.8,39.4,174.1,0.6,6.7,Moong
130.9,21.1,104.8,0.51,6.3,Moong
124.5,32,108.7,0.46,6.3,Moong
130.6,20.1,117.2,0.47,6.1,Moong
64.1,20,72.4,0.33,6.7,Moong
132,32,129.6,0.59,6.8,Moong
226.5,45.8,200,0.79,6.4,Moong
132.9,20.5,155.6,0.56,7.1,Moong
180.3,30.3,169.6,0.61,7.1,Moong
122.3,26.4,94.5,0.48,6.8,Moong
75,22.4,71,0.39,6.7,Moong
207.3,44.2,142,0.66,7,Moong
112.5,31.6,105.5,0.47,6.6,Moong
173.9,37.8,168.9,0.66,6.9,Moong
205.1,45,167.1,0.69,6.7,Moong
164.8,37.7,149.5,0.59,6.9,Moong
111.2,29.6,107.6,0.45,6.8,Moong
131.9,28.2,158.5,0.52,7.2,Moong
164.5,33.9,126.9,0.6,6.5,Moong
215.2,43.1,191.1,0.66,7.2,Moong
170.3,34,151.6,0.58,7.2,Moong
134,30.1,85,0.46,6.8,Moong
119.3,23.1,81.5,0.5,6.9,Moong
166,36.4,151.9,0.6,7,Moong
163.1,34.3,154.9,0.51,7,Moong
158.5,24.6,123.2,0.54,7.1,Moong
158.6,34.7,139.5,0.6,7,Moong
123.7,23.5,123.8,0.45,7,Moong
105.8,22.5,102.6,0.5,6.4,Moong
126.2,20.4,119.4,0.47,6.4,Moong
205.1,43.2,158.9,0.72,7,Moong
128.5,30.7,107.3,0.47,6.8,Moong
147.4,29,142.4,0.55,7,Moong
163.8,35.3,138.3,0.61,7.2,Moong
133.7,26.1,126.3,0.56,7.2,Moong
149.6,30.9,120.5,0.56,7.4,Moong
155.9,25.5,142.5,0.5,6.6,Moong
115.5,21.5,97.1,0.45,6.5,Moong
126.6,26.4,105.7,0.48,7,Moong
99,22.9,115.9,0.46,7.1,Moong
105.9,29.7,104.8,0.55,6.5,Moong
133.4,27.2,88.7,0.49,6.8,Moong
208.3,38.1,164.9,0.75,6.8,Moong
91.7,23.7,96.3,0.4,6.4,Moong
123.8,26.4,110.9,0.5,6.3,Moong
168,31.2,148.5,0.56,7.4,Moong
180.9,29.6,130.6,0.67,7,Moong
147.2,38.8,141.5,0.58,7.1,Moong
184.8,32.5,160.7,0.59,6.5,Moong
207.2,41.2,177.6,0.66,6.5,Moong
130.1,29.4,138.8,0.52,6.8,Moong
210.5,34.1,188.1,0.7,7.1,Moong
132.3,19.5,121.3,0.42,6.5,Moong
82.8,18,95,0.34,6.3,Moong
95.1,26.4,111.4,0.43,6.8,Moong
170.2,32.9,149.6,0.66,7.2,Moong
169,33,129.1,0.46,6.7,Moong
147.1,31.5,138,0.53,6.9,Moong
103.5,28.8,119.6,0.44,6.8,Moong
189.8,34.7,133.8,0.63,7,Moong
182.2,36.3,168,0.65,7.1,Moong
142.9,19.5,110.2,0.49,7.3,Moong
164.6,30.8,132.1,0.52,6.9,Moong
162.8,32.6,137.2,0.62,7,Moong
151.5,32.6,138.9,0.6,6.7,Moong
115.5,21.8,128.7,0.47,6.8,Moong
177.7,33.3,144.1,0.59,6.1,Moong
194.9,36.2,195.7,0.69,7,Moong
154.1,33.4,141.2,0.5,6.6,Moong
123.6,28.3,107.9,0.46,6.4,Moong
186.1,42.3,169.8,0.67,6.9,Moong
78.6,15,84.5,0.36,7.1,Moong
93.4,18.8,73.7,0.45,6.7,Moong
178.8,31.5,167.4,0.64,7.2,Moong
166.3,38.5,154.4,0.58,6.8,Moong
157.9,30.8,119.2,0.51,6.8,Moong
133.9,26.7,159.5,0.49,6.9,Moong
199.2,44.6,168,0.74,6.8,Moong
196,37,144.1,0.65,6.9,Moong
89.3,28.2,92.6,0.44,6.8,Moong
174.9,37.4,168.1,0.61,7.1,Moong
189.2,39.3,183.3,0.6,6.5,Moong
118.6,25.6,112.3,0.44,6.6,Moong
160.5,33.9,175.8,0.62,7,Moong
189.3,28.5,166,0.61,6.2,Moong
164.5,31.5,154,0.57,6.7,Moong
156.7,30,148.3,0.62,6.3,Moong
116.6,29.6,139.2,0.45,6.6,Moong
196.2,44.5,179.5,0.74,6.4,Moong
224.2,39.6,200,0.7,7,Moong
159.1,31.2,152.2,0.66,6.8,Moong
214.3,36.4,175,0.62,6.5,Moong
117,22.7,94.8,0.45,6.9,Moong
125.1,27.8,104.7,0.49,7.3,Moong
150.1,29.5,109.2,0.52,6.3,Moong
111.4,20,72.4,0.48,6.5,Moong
236.6,43.3,200,0.8,6.3,Moong
218.9,41.5,200,0.72,6.9,Moong
185.4,33.7,181.9,0.67,7.3,Moong
191.6,38.6,142,0.63,6.6,Moong
235,44.3,200,0.77,7.4,Moong
159.2,33.1,155.4,0.56,6.3,Moong
104.4,15,77.2,0.41,6.2,Moong
190.6,35.4,159.4,0.63,6.5,Moong
226.2,50,200,0.69,7.3,Moong
198.4,36.1,166,0.73,6.9,Moong
229.4,46,200,0.8,7.3,Moong
102.9,17.3,60,0.38,7.3,Moong
188.8,40.6,185.2,0.7,7.1,Moong
169.8,39,138.6,0.64,6.5,Moong
101.7,22.6,90.5,0.46,7.1,Moong
178.6,36,155,0.65,7.3,Moong
183.7,37.2,161.8,0.63,6.1,Moong
60.8,21.5,65.6,0.37,6.8,Moong
60,15,60,0.34,6.4,Moong
240,44,161.5,0.8,7.2,Moong
210.7,44.3,167.8,0.69,6.9,Moong
81.5,15.7,77.9,0.36,7.3,Moong
125.9,30.8,89,0.46,6.6,Moong
76,15,71.2,0.34,6.2,Moong
221.7,41.5,186.5,0.71,7.4,Moong
219.3,34.9,194.7,0.72,6.5,Moong
60,15,79.3,0.31,6.5,Moong
80.5,20.3,73.3,0.43,6.1,Moong
143.6,22.7,132.5,0.55,7.3,Moong
228.8,47.1,192.7,0.75,6.5,Moong
102.2,19.7,122.9,0.47,6.3,Moong
118.5,17.5,85.5,0.38,6,Moong
161.7,29.1,114.5,0.59,6.3,Moong
231.6,44.2,194.1,0.79,7.2,Moong
170.8,31.5,150.9,0.63,6.7,Moong
227.4,40.1,190,0.79,6.1,Moong
184.5,37.5,170.4,0.7,7.4,Moong
111.9,24.7,131.5,0.46,6.6,Moong
157.7,25.8,139.2,0.59,6.5,Moong
148.6,31.7,139,0.57,7.3,Moong
121,23.7,108.7,0.43,7.2,Moong
217.5,44.3,194.6,0.78,6.5,Moong
212.9,36.5,175.3,0.79,6.1,Moong
83.2,15,85.7,0.38,7.3,Moong
240,43.2,200,0.74,6,Moong
230.3,44.6,161.5,0.73,6.3,Moong
166.9,31.9,140.4,0.62,7.2,Moong
171.1,37.4,161.5,0.61,7.1,Moong
179.2,36.8,122.9,0.59,7,Moong
161.4,24.5,136.4,0.63,6.2,Moong
70.8,21.8,60,0.39,7.2,Moong
211.9,46.8,162.3,0.78,6.8,Moong
218.3,42.6,181.4,0.73,6.1,Moong
122.7,23.5,99.5,0.48,7.5,Moong
96.8,22.2,98.6,0.36,6.3,Moong
81,18.8,67.6,0.38,6.9,Moong
196.9,42.2,164.1,0.7,7.1,Moong
173.2,29.9,145.9,0.59,7.4,Moong
62,15,60,0.35,7.2,Moong
128.7,26.9,128.5,0.48,6.2,Moong
73.2,16.4,79.5,0.3,6.4,Moong
104.1,18.1,83.5,0.43,6.8,Moong
164.1,31,128.3,0.59,7.5,Moong
175.4,35.1,179.9,0.67,6.3,Moong
133.1,28.8,98.6,0.49,7,Moong
189.7,40.9,156.3,0.74,7,Moong
139.3,17.7,90.8,0.42,6.2,Moong
198.3,42.1,200,0.69,6.6,Moong
78,25.6,115.6,0.42,6.8,Moong
78.8,19.4,102.9,0.46,7.3,Moong
181.5,35.3,161.8,0.67,6.4,Moong
233.2,44.7,200,0.8,6.1,Moong
63.4,15,71.5,0.35,6.3,Moong
205.8,41.6,164.1,0.71,7.2,Moong
91.8,15,70.4,0.33,7.3,Moong
60,15,60,0.32,6.1,Moong
240,43.7,196.9,0.8,6.1,Moong
144.6,26.5,127.5,0.52,6.3,Moong
115.7,15.9,90.8,0.43,7.4,Moong
119.2,18,87.8,0.52,7.3,Moong
225.3,41.1,184.3,0.73,6.9,Moong
211.8,42.8,195.1,0.75,7.4,Moong
212.9,43.1,175.3,0.7,6.8,Moong
188.7,41.1,168.8,0.69,6.6,Moong
88.3,17.1,83.7,0.35,7.1,Moong
87.6,16.5,60,0.38,7.2,Moong
139.3,25.7,131.9,0.5,6.1,Moong
64.7,16.4,97.8,0.3,6.8,Moong
107.4,21.9,99.2,0.43,6.2,Moong
165.5,29.7,111.4,0.55,6.3,Moong
83.8,22.7,70.4,0.4,7,Moong
60,15,63,0.33,7.5,Moong
97.8,24.2,104.9,0.42,6.6,Moong
178,35.5,154.7,0.69,6.2,Moong
197.9,39.2,155.4,0.63,7.2,Moong
201.6,39,171.1,0.68,6.3,Moong
192.2,43.1,194,0.7,6.8,Moong
69.5,15,74.8,0.33,7.5,Moong
240,42.8,200,0.8,7.1,Moong
103.5,18.2,92.9,0.41,7.3,Moong
102.1,17.8,79,0.41,7.4,Moong
103.6,22.4,117.6,0.46,6.1,Moong
98.5,15,68.1,0.35,6.1,Moong
233.7,48.9,200,0.79,6.5,Moong
80.6,20.9,118.4,0.41,7,Moong
176,37.3,186,0.66,7.4,Moong
190.6,38.2,159.4,0.59,6,Moong
159.7,27.1,135.9,0.57,7.2,Moong
155.2,28.9,110.2,0.48,6.1,Moong
60,15,83,0.34,7,Moong
169.3,26.1,136,0.56,7.3,Moong
181.9,46,154.4,0.69,6.3,Moong
223.3,43.3,184.6,0.74,7,Moong
94.5,26.5,81.3,0.34,7.3,Moong
169.6,33.6,132.6,0.66,7.2,Moong
192.4,36.1,136.1,0.65,7.2,Moong
144.3,27.4,125.1,0.57,7.3,Moong
196.3,44.7,165.4,0.64,6.8,Moong
169.1,28.5,153.2,0.6,7.2,Moong
102.7,19.7,77.6,0.45,7.3,Moong
152.8,28.7,128.4,0.52,7,Moong
77.8,19.9,91.2,0.3,6.5,Moong
204.1,38.6,136.1,0.68,7.3,Moong
98.3,15,60.5,0.37,6.1,Moong
168.8,41.9,165.2,0.66,7,Moong
136.2,25.2,159.8,0.5,7.3,Moong
194.2,32.5,166.4,0.63,6.8,Moong
128.7,21.7,138.4,0.5,6.1,Moong
170.3,32.6,160,0.64,6,Moong
174,36.7,157.3,0.68,7.2,Moong
105.6,18.6,104.5,0.42,6.2,Moong
68.8,15,60,0.33,6.6,Moong
77.9,16.5,105.3,0.4,7.3,Moong
100.9,22,85.3,0.36,7.1,Moong
165.4,30.9,141.7,0.56,6.2,Moong
211.9,46.1,200,0.77,7.2,Moong
194.2,34,173.8,0.63,7.5,Moong
122.6,26.9,114.3,0.45,6.3,Moong
89.1,17.2,103.5,0.34,7.4,Moong
83.2,15.1,75.2,0.41,7.5,Moong
183.8,33.9,144.9,0.65,6.4,Moong
97.2,23.4,102.2,0.44,6.3,Moong
94,21.4,86.5,0.44,7.2,Moong
178,28.7,153.1,0.59,6.2,Moong
135.6,26.5,142.8,0.54,6.4,Moong
108,15.5,70.2,0.42,6.3,Moong
235.1,47.9,188.1,0.75,6.8,Moong
218.9,48.8,183.9,0.79,7.2,Moong
142,24.9,136.4,0.54,7,Moong
173.7,38.8,143.8,0.61,6.7,Moong
102.3,25.3,89.3,0.46,7,Moong
182.1,37.6,151.4,0.72,7.2,Moong
187.1,30.2,138.7,0.56,6.7,Urad
124.6,27.5,73.6,0.48,6.8,Urad
135,24.1,101.9,0.44,6.5,Urad
170.2,33.6,180.6,0.61,6.9,Urad
113.1,25.9,83.8,0.47,6.9,Urad
205.5,46.9,176.9,0.68,6.7,Urad
189.4,34.9,153.6,0.65,6.9,Urad
185.9,44.2,173.6,0.7,6.5,Urad
160.1,39.6,125.7,0.51,6.7,Urad
172.3,29.5,169.7,0.61,6.9,Urad
176.6,43.3,160.6,0.59,6.7,Urad
136.7,32.8,150.4,0.57,6.8,Urad
144.3,34.2,145.5,0.58,6.8,Urad
191.6,31.1,160.6,0.64,7.3,Urad
163.5,27.8,126,0.6,7,Urad
134.5,29.7,137.9,0.56,6.8,Urad
192,39.7,133.5,0.62,6.9,Urad
105.9,21.7,96.2,0.44,6.7,Urad
178.9,36.8,115.2,0.64,7.1,Urad
173.9,32.3,159.1,0.67,6.6,Urad
167.4,38,160.3,0.6,6.6,Urad
176.8,38.8,135.8,0.67,6.7,Urad
178.2,34.7,138.5,0.63,6.2,Urad
146.3,33.3,135.5,0.54,6.6,Urad
128.3,27.8,126.2,0.53,6.8,Urad
152.5,33.5,149.8,0.56,6.4,Urad
130.8,26.4,110,0.43,6.6,Urad
107.1,25.4,103.8,0.38,6.6,Urad
101.6,23.4,116.4,0.45,7,Urad
130.2,25.2,127.3,0.5,6.4,Urad
187.2,34.2,138.1,0.69,7.3,Urad
154.1,29.8,83.3,0.59,7,Urad
131.6,27.1,123.5,0.51,6.8,Urad
162.8,36.7,118.3,0.51,6.7,Urad
132.4,25.5,124,0.55,7.1,Urad
143,18.9,108.9,0.53,6.9,Urad
160.1,26.7,110.9,0.57,7,Urad
217.1,42.9,170.1,0.73,6.7,Urad
159.5,35,131.6,0.62,7,Urad
139.8,31,107.8,0.58,6.7,Urad
119.1,27,111,0.47,6.7,Urad
119.7,27.1,137.9,0.51,6.7,Urad
85.6,15,63.5,0.45,7,Urad
201,45,178.4,0.74,6.7,Urad
131.6,26.9,102.5,0.49,6.7,Urad
151.4,30.7,121.1,0.59,6.7,Urad
139.3,33.3,101.7,0.54,7.1,Urad
118.5,19.2,100.1,0.39,7.1,Urad
198.1,33.3,174.7,0.68,6.4,Urad
174.3,34.4,124.7,0.53,6.8,Urad
172.3,33.5,146,0.58,6.7,Urad
127.2,27.9,113.5,0.49,6.7,Urad
115.8,26.2,86.7,0.45,6.9,Urad
166.3,35.4,129.7,0.64,7.1,Urad
131.9,29.1,114.5,0.51,7.1,Urad
160.7,35.7,152.4,0.54,6.9,Urad
175.1,39.4,113.4,0.54,6.8,Urad
131.1,26.5,137.7,0.45,6.5,Urad
122.7,24.2,119.8,0.46,6.8,Urad
122.6,26.2,78.7,0.47,6.5,Urad
162.9,29.6,158.6,0.57,7.2,Urad
178.5,37.2,162.9,0.67,6.8,Urad
159.6,37.9,143.5,0.6,6.6,Urad
113.4,19.7,89.3,0.44,6.2,Urad
171.2,37.5,139.6,0.59,6.7,Urad
178.5,36.5,179,0.65,7.1,Urad
107.3,22.7,73.6,0.4,6.5,Urad
161.7,34.6,160.7,0.62,6.9,Urad
129.4,34.7,101.8,0.55,6.7,Urad
185.3,36.9,154.5,0.57,6.7,Urad
146.4,27.4,153,0.53,6.7,Urad
155,34.4,142.5,0.54,6.9,Urad
127.3,30.5,127.7,0.58,6.8,Urad
156.5,36.4,129.6,0.53,7,Urad
163,33.1,167.9,0.69,6.5,Urad
150.6,30.7,136.4,0.59,6.6,Urad
198.4,40.2,175.5,0.67,6.6,Urad
168.6,34.1,140,0.66,7,Urad
171,37.9,141.8,0.59,6.4,Urad
116,23.4,100.3,0.52,6.9,Urad
172.7,35.9,151.6,0.7,7,Urad
148.8,32,123,0.53,6.7,Urad
236.5,39.1,172.9,0.74,6.6,Urad
127.7,23.6,110.9,0.45,7.1,Urad
190.4,42.2,178.4,0.68,6.6,Urad
106.1,21,99.8,0.44,6.8,Urad
157.9,30.1,125.9,0.52,7.1,Urad
110.7,20.8,116.8,0.4,6.4,Urad
121.1,27.2,133.5,0.5,6.9,Urad
137.7,26.1,120.8,0.53,6.8,Urad
158.1,35.9,148.5,0.6,6.7,Urad
165.5,35.4,122.4,0.62,7,Urad
180.2,29.9,145.3,0.64,6.7,Urad
144.8,29.8,149.2,0.5,6.7,Urad
205.3,38.4,154.7,0.68,7.2,Urad
179.7,38.1,151.1,0.61,6.5,Urad
115.9,31.5,121.7,0.59,6.7,Urad
179.7,37.1,173.4,0.67,7,Urad
143.7,34.5,166.2,0.51,6.7,Urad
155.5,29.7,116.8,0.57,7.3,Urad
177.9,31.2,113.2,0.59,6.6,Urad
195.6,37.5,172.5,0.69,6.3,Urad
103.8,17.3,73.3,0.38,7.3,Urad
161.8,30.2,133.7,0.6,7.1,Urad
157.2,31.9,113.1,0.51,7.3,Urad
192.5,34.1,165.8,0.67,7.4,Urad
105.3,22.4,74.3,0.39,7.1,Urad
111.7,25.9,75,0.42,6.7,Urad
150.7,31.9,108.7,0.5,6.3,Urad
148.7,35.2,147.3,0.55,6.8,Urad
185,37.5,161.1,0.58,6.8,Urad
173,30.3,171.6,0.66,6.2,Urad
186.4,36.9,191.7,0.67,6.6,Urad
165.8,25.6,111.7,0.55,7.3,Urad
186.1,35.7,133,0.64,7.2,Urad
199.8,44.5,187.3,0.6,6.6,Urad
97.7,15,71.7,0.36,6.6,Urad
157.5,32.6,112.1,0.59,7.1,Urad
113.6,24.2,69,0.46,7.1,Urad
176.4,38.9,158.1,0.61,6.2,Urad
215.5,35.5,165.3,0.76,7.4,Urad
129.6,28.2,119.2,0.43,6.6,Urad
85.5,19.8,86.6,0.36,6.4,Urad
137.3,24,113.5,0.51,7.4,Urad
151.6,32.3,114.8,0.52,6.9,Urad
111,22.7,104.4,0.52,7,Urad
186.9,33,152.7,0.64,7.3,Urad
155.4,38.3,157,0.63,6.3,Urad
187.2,35.3,152.8,0.55,7,Urad
82.6,21.7,73.5,0.36,6.5,Urad
101.8,24.8,108.7,0.47,6.3,Urad
158.1,29.2,124.3,0.56,6.6,Urad
106.1,27.9,136.9,0.48,6.8,Urad
151.8,30.2,145.4,0.58,7.4,Urad
116.6,17,70.2,0.37,7.2,Urad
220.8,41.9,176.6,0.67,6.9,Urad
158.2,29.3,102,0.5,7,Urad
220.7,44.2,183,0.7,6.8,Urad
198.3,42.6,174.1,0.74,7.2,Urad
168.5,41.4,143.2,0.62,6.8,Urad
195.8,40.1,176.9,0.71,6.6,Urad
95.3,18.8,89.4,0.41,7.4,Urad
153.9,31.1,126.5,0.59,6.5,Urad
144.7,31.7,108.4,0.52,7.1,Urad
132.5,29.1,119.1,0.45,6.7,Urad
165.1,29.3,119,0.55,6.2,Urad
157.6,28.2,113.7,0.42,6.7,Urad
131,28.3,139,0.53,6.5,Urad
131.8,20.3,98.6,0.45,6.4,Urad
161,32.2,123.9,0.53,7,Urad
77.9,18.5,72.3,0.34,6.8,Urad
144.8,24.9,113.4,0.53,6.8,Urad
145.3,32.2,146.8,0.53,6.6,Urad
83.5,20.6,81.8,0.38,7.1,Urad
92.1,21.1,67,0.36,6.9,Urad
170.6,35.4,137.4,0.68,6.7,Urad
115.1,20.7,120.1,0.44,7,Urad
220.8,42.7,176.1,0.65,6.4,Urad
101.6,23.1,83.3,0.4,6.6,Urad
158.9,30.1,88.5,0.43,6.4,Urad
154.3,32,126.1,0.53,6.6,Urad
180.8,32.9,147.8,0.56,7.1,Urad
102.9,28.6,104.2,0.43,6.3,Urad
83.6,19.9,86.8,0.37,7.1,Urad
147.3,33.4,151.2,0.5,6.8,Urad
203.8,34.8,169,0.65,6.9,Urad
174.2,38.9,150.3,0.65,7.1,Urad
181.3,33.6,107.7,0.65,6.7,Urad
136.3,21.8,104.3,0.45,6.3,Urad
133.7,27.7,120.3,0.49,6.9,Urad
151.5,31.2,122.5,0.54,7.3,Urad
147.6,31.5,120.8,0.58,6.8,Urad
114,22.1,102.5,0.48,7.1,Urad
121.6,19.4,94.7,0.49,7.1,Urad
139.5,23,141.8,0.56,7.2,Urad
142.6,28.9,110.3,0.49,6.4,Urad
184.5,33.2,166.7,0.67,6.6,Urad
195.4,38.5,161.3,0.7,7.3,Urad
95.7,24.9,88.9,0.41,7,Urad
177.2,40.9,155.3,0.62,6.9,Urad
100.3,21.4,74.2,0.41,6.4,Urad
169.1,35.3,137.5,0.61,6.9,Urad
125,24.9,112.2,0.54,6.3,Urad
165.3,31.8,142.4,0.59,6.3,Urad
122.3,23.4,109.1,0.48,7.1,Urad
233.1,44.6,190.6,0.68,7,Urad
131.4,32.1,107.6,0.48,6.6,Urad
146.8,29.2,133.5,0.52,6.3,Urad
91.2,20.4,98.9,0.41,6.5,Urad
185.9,35.2,156.5,0.67,6.6,Urad
213.5,49.3,193.7,0.73,6.6,Urad
156.9,33.9,175.4,0.49,6.9,Urad
213.7,41.4,151.8,0.71,6.7,Urad
166.7,28.2,130.9,0.55,6.2,Urad
197.8,39.5,172.4,0.65,6.8,Urad
89.7,17,91.6,0.36,6.2,Urad
171.3,34.3,184.4,0.69,6.3,Urad
96.1,21.6,115.2,0.44,7.2,Urad
195.8,34.1,157.8,0.61,6.5,Urad
153.6,28.6,133.5,0.54,6.5,Urad
180.4,38.9,168.5,0.67,6.3,Urad
60,15,76.1,0.37,7,Urad
180.9,38.1,126.7,0.59,6.4,Urad
135.2,29.5,124.2,0.53,7.2,Urad
160.8,31.8,146.3,0.54,6.8,Urad
159.8,30.9,120,0.54,6.8,Urad
93.8,22.9,110.7,0.44,6.4,Urad
81.3,15,90.3,0.34,7.3,Urad
159,31.9,128.7,0.54,6.8,Urad
176,33.4,146.3,0.58,7.1,Urad
110.7,25.1,101.2,0.44,6.8,Urad
176,38.3,141.7,0.64,7,Urad
238.8,42.6,200,0.8,7.4,Urad
118.9,19.5,87.3,0.45,7.3,Urad
87,16.9,98.2,0.36,6.9,Urad
151.5,33,131,0.64,6.8,Urad
98.2,27.4,99.7,0.39,6.8,Urad
138.5,32.8,104.1,0.53,6.7,Urad
161.1,35.9,152.8,0.65,6.9,Urad
175,38.1,156.2,0.65,6.6,Urad
149.5,36.2,117.9,0.58,6.7,Urad
176.6,32.4,177.1,0.67,6.8,Urad
162.3,33.8,173.7,0.61,6.4,Urad
169,34.7,181.8,0.62,7.1,Urad
200.8,37.4,133.6,0.71,6.9,Urad
150.2,32.3,137.8,0.54,6.6,Urad
113.3,22.4,104,0.36,6.5,Urad
131,16.1,110.3,0.5,7.3,Urad
144.9,34.3,149.5,0.55,6.8,Urad
151.5,30.1,115.2,0.58,7,Urad
164.2,33.1,151.4,0.56,6.8,Urad
105.7,20.1,106.2,0.4,7,Urad
240,41.4,190.2,0.76,6.1,Urad
95.3,20.6,99.2,0.42,6.9,Urad
154.5,26.1,144.7,0.57,6.2,Urad
141.7,28.1,99.6,0.51,6.2,Urad
140.5,23.6,126.4,0.54,6.4,Urad
129.4,23.1,101.7,0.52,7.4,Urad
196.5,47.3,156.8,0.75,6.8,Urad
147.2,26,122.6,0.56,6.3,Urad
116,22.9,108.3,0.41,6.6,Urad
168.2,33.1,138.2,0.59,6.8,Urad
105.5,21.6,84.2,0.42,7,Urad
192.6,31.6,176.6,0.67,6.5,Urad
138.5,28.8,130.6,0.51,6.9,Urad
178.7,34.4,146.4,0.66,7.3,Urad
161.8,26.1,133.3,0.61,7.3,Urad
195.5,32.1,146.3,0.63,6.3,Urad
150,33.3,164.7,0.54,6.7,Urad
134.7,20.2,141.7,0.48,7.3,Urad
188.7,37.3,176.1,0.71,6.5,Urad
79.1,17.1,91.2,0.37,6.7,Urad
160.9,35.1,94.4,0.53,6.5,Urad
173.1,40.7,148,0.56,6.8,Urad
126.4,18.6,125.3,0.49,6.2,Urad
126.7,29.9,148.2,0.54,7,Urad
200,38.1,166.7,0.76,6.6,Urad
197,43.4,155.4,0.71,6.8,Urad
147.5,28.1,135.4,0.51,6.3,Urad
153,29.4,135.3,0.52,6.9,Urad
172.6,36.3,132.5,0.63,6.5,Urad
160.9,29.4,151.1,0.57,6.7,Urad
190,29.4,150.8,0.67,7.1,Urad
178.2,43.6,153.2,0.63,7,Urad
125.5,17.9,82.8,0.45,6.5,Urad
162.3,37.8,113,0.55,6.8,Urad
128.3,27,121.5,0.48,6.8,Urad
212.2,44.3,190.7,0.72,7.1,Urad
131.5,33.1,146.8,0.53,6.3,Urad
162.4,39.4,140.5,0.63,6.5,Urad
141.4,27,109.1,0.48,6.6,Urad
183,39.6,180.6,0.64,6.6,Urad
182.2,44.9,165.8,0.68,6.5,Urad
83.4,15,104.6,0.35,7.2,Urad
150,26.4,136.1,0.51,7.2,Urad
124.2,24.6,109.7,0.53,6.4,Urad
140.8,28.3,107.2,0.42,7.1,Urad
229.3,40,196.8,0.73,7,Urad
164.5,34.7,140,0.52,6.9,Urad
89.7,18.9,87,0.38,6.6,Urad
125.1,17.6,109.7,0.49,6.4,Urad
144,31.7,145.6,0.51,7,Urad
155,21.6,135.5,0.52,7.3,Urad
217.9,40.3,168.7,0.66,6.6,Urad
131.3,34.1,137.9,0.53,6.6,Urad
60,15.2,60,0.36,7.2,Urad
208.4,38.3,200,0.67,7.2,Urad
125.3,27,100.3,0.52,7.1,Urad
198.2,35.6,178.7,0.7,7,Urad
124.1,22.1,95.5,0.5,6.8,Urad
140.1,28.3,142.3,0.56,6.3,Urad
121.9,31.3,89.2,0.46,6.9,Urad
129.8,25.2,109.3,0.51,6.4,Urad
98.4,23.3,99.8,0.42,6.5,Urad
191.9,38.6,165.5,0.68,6.8,Urad
151.7,33.2,101.2,0.57,6.9,Urad
117.7,22.3,88.9,0.52,7.1,Urad
154,37.4,133.2,0.56,6.6,Urad
100.8,20.7,115.6,0.49,7.2,Urad
126.7,24.4,116.5,0.49,7.1,Urad
152.8,26.7,126,0.58,6.6,Urad
118.1,19.4,95.6,0.43,6.5,Urad
143.6,30.2,121.1,0.55,6.9,Urad
154.1,32.7,146.2,0.62,6.9,Urad
145.4,23.9,144.9,0.59,7.3,Urad
193.3,43.1,167.8,0.69,6.6,Urad
87.3,21.7,79,0.34,6.7,Urad
217,38.5,181,0.73,7.3,Urad
173.5,31.6,155.8,0.67,7.1,Urad
167.8,41.1,182.5,0.61,6.5,Urad
205.4,37.7,180.2,0.65,6.7,Urad
146.8,24.5,130.3,0.54,6.9,Urad
160.8,33.7,153.2,0.53,6.5,Urad
182.9,38.4,151.9,0.61,7.1,Urad
95.3,20.5,119.7,0.4,6.3,Urad
178.5,37.8,141,0.54,6.9,Urad
98.3,21.3,119.4,0.52,6.1,Urad
191.1,37.9,163.9,0.61,6.5,Urad
81.5,19,71.5,0.45,6.8,Urad
160.3,33.9,156.8,0.61,6.9,Urad
179.9,41.4,159,0.64,6.8,Urad
164.8,30.5,155.9,0.56,6.9,Urad
191.4,40.5,152.5,0.71,6.7,Urad
174.5,30.2,114.2,0.61,7.1,Urad
139.3,33.3,133.2,0.57,6.9,Urad
132.9,27.8,116.4,0.52,7.1,Urad
149.3,32,132.3,0.51,6.3,Urad
197.5,35.5,135.3,0.7,7,Urad
130.9,24.2,108.4,0.48,6.2,Urad
108.5,23.9,79.5,0.44,6.7,Urad
135.8,29.2,145.2,0.6,6.5,Urad
111.4,17.4,89.4,0.42,6.3,Urad
138.7,26.7,117.3,0.52,6.8,Urad
156.4,31.8,92.1,0.52,6.5,Urad
93.9,21.8,112.4,0.46,6.7,Urad
159.2,33.6,125.2,0.59,7,Urad
146.2,38.4,160.8,0.6,6.4,Urad
124.2,30.2,108.4,0.45,6.3,Urad
189.8,37.8,164.1,0.69,6.1,Urad
157.6,27.3,113.6,0.66,6.9,Urad
82.1,22.7,68.8,0.36,6.9,Urad
211.5,38.7,173.1,0.66,6.5,Urad
130.4,32.2,111.8,0.47,6.5,Urad
163,36.6,122.6,0.61,6.8,Urad
127.2,27.2,102.1,0.47,6.8,Urad
137,25.9,110.8,0.48,7.3,Urad
94.1,16.4,86.8,0.43,7.1,Urad
128.2,27,110.6,0.45,6.4,Urad
180.8,37.7,144.2,0.62,6.5,Urad
150,22.8,123.5,0.5,7,Urad
230.7,50,197.8,0.8,6.7,Urad
83.6,15.4,83.3,0.4,6.1,Urad
136.7,21.5,109.8,0.43,7.3,Urad
171.4,35,131.6,0.52,6.6,Urad
141.1,28.8,120.4,0.59,6.1,Urad
92.9,15,60,0.37,7.2,Urad
240,45.7,180.6,0.8,7.2,Urad
162.1,39.2,107.1,0.58,6.4,Urad
159.4,30.2,141.4,0.61,6.7,Urad
135.3,24.9,146.2,0.48,7.4,Urad
75.9,15,60,0.34,7.4,Urad
216.4,45,198.3,0.8,6.3,Urad
71.4,15,60,0.3,6.3,Urad
140.9,24.2,153,0.57,6.3,Urad
206,42.8,177.2,0.77,6.6,Urad
161.5,25.6,120.2,0.52,7.1,Urad
180.9,29.6,132.8,0.6,7.4,Urad
164,28.7,145.3,0.58,7.1,Urad
179,32.8,174.7,0.64,7.1,Urad
77.9,15,74.8,0.36,6.4,Urad
153,31.9,136.3,0.53,6.5,Urad
235.7,49.4,174.5,0.72,6.5,Urad
168.7,28.5,131.5,0.59,7.4,Urad
169.3,32,151.1,0.65,6.1,Urad
119.9,23.4,117.7,0.42,6.1,Urad
228.3,47.6,162.4,0.73,6.5,Urad
180.7,38.1,178.9,0.71,7.2,Urad
162.2,33.7,134.2,0.58,7.4,Urad
197.3,46.6,191.2,0.79,7,Urad
83.9,24,71.4,0.3,6.8,Urad
236.4,46.3,200,0.8,6.5,Urad
142.6,34.1,94.3,0.55,6.8,Urad
121,21.6,91.2,0.56,6.9,Urad
233.7,38.7,181.8,0.8,6.3,Urad
76.8,15,60,0.31,6.1,Urad
161,32.5,138.2,0.61,6.2,Urad
146.2,26.4,136.8,0.52,7.1,Urad
130.9,24.3,115.9,0.53,6.3,Urad
94.5,16.1,71.7,0.39,7.1,Urad
68.1,15,101.6,0.32,6.3,Urad
117.7,26,85.8,0.47,6.7,Urad
75.7,15,77.6,0.3,7.4,Urad
240,45.8,186.4,0.8,6.1,Urad
232.2,50,194.9,0.75,7.1,Urad
229.8,40.3,193.9,0.8,6.3,Urad
235.1,47.5,200,0.73,6.2,Urad
112.8,29.4,84.7,0.48,6.5,Urad
166.7,32.2,154.7,0.56,7.5,Urad
89.1,21,77.6,0.4,6.9,Urad
207.8,41,140.8,0.67,6.9,Urad
177.7,42.9,130.7,0.63,6.9,Urad
240,38.7,200,0.74,7.3,Urad
112.9,19.3,79.1,0.53,6.2,Urad
63.7,15,82.2,0.34,6.4,Urad
79.9,15,60,0.36,6.1,Urad
178.6,34.9,159.5,0.66,6.1,Urad
179.9,34.7,154.5,0.64,7,Urad
178,28.8,110.8,0.65,6.1,Urad
172.3,36.9,137.2,0.61,7.1,Urad
210.1,39.6,163.3,0.65,7.5,Urad
169.4,31.9,119,0.63,7.4,Urad
226.2,44.5,178.7,0.77,6.1,Urad
132.4,29.3,128.3,0.48,6.1,Urad
93.3,16.7,71.2,0.41,6.3,Urad
232,49.4,199.6,0.77,6.3,Urad
168.9,27.9,155.5,0.64,6.1,Urad
171.5,33.4,152.5,0.62,7.5,Urad
183.2,34.6,178.8,0.63,7.4,Urad
145.3,32.6,130.5,0.53,6.1,Urad
94.1,23.7,99.9,0.4,6.6,Urad
83.9,20.2,106.3,0.36,6.8,Urad
173.1,31.4,136.2,0.56,6.1,Urad
63,16.9,86.2,0.31,6.1,Urad
91.1,16.7,86.4,0.34,6.6,Urad
198.8,40.2,182.5,0.67,7.5,Urad
240,41.2,200,0.8,7.3,Urad
89.6,18.4,60.4,0.3,6.6,Urad
70.6,15,71.3,0.3,6.3,Urad
154.8,27.9,119.5,0.55,6.9,Urad
113.6,22.4,117.1,0.53,6.3,Urad
132.4,28.2,113.8,0.5,6.7,Urad
186.4,35.3,145.7,0.57,6.2,Urad
195,44.7,182.9,0.71,7.4,Urad
173,44.2,178.4,0.65,6.7,Urad
114.9,23.4,96.9,0.53,6.1,Urad
204.3,42.7,149.6,0.7,7.4,Urad
135.4,27.9,107.7,0.48,6.5,Urad
211.1,45.7,177.2,0.69,6.2,Urad
100.6,22.5,115.1,0.41,6.8,Urad
187.2,36.8,175.1,0.67,6.5,Urad
116,18.6,97.8,0.5,6.1,Urad
150.3,28.4,120.5,0.57,6.1,Urad
201.9,45,170,0.72,6.6,Urad
205.3,41.1,169,0.72,6.1,Urad
122.7,25.1,92.7,0.51,7.3,Urad
219.2,46.1,200,0.69,7.4,Urad
80.5,16.5,64.7,0.35,6.2,Urad
195.6,33,141.3,0.66,6.7,Urad
190.7,32.1,162.4,0.69,6.4,Urad
175.4,33.9,149.4,0.66,6.1,Urad
159.9,30.7,127.8,0.6,6.2,Urad
90.8,18.9,80.4,0.35,6.9,Urad
125.3,24.1,127.7,0.5,6.6,Urad
205.9,37,187.6,0.72,7,Urad
182.6,33.4,172.2,0.69,6.4,Urad
71.4,15,67.9,0.31,6.5,Urad
97.2,26.1,116.9,0.43,6.5,Urad
178.8,36.2,152.5,0.62,6.3,Urad
154.5,29.7,85.6,0.58,6.4,Urad
120.7,28,125.3,0.51,6.2,Urad
132.4,29.2,95.6,0.51,6.8,Urad
65.9,15,75.3,0.42,7.3,Urad
218.4,37.6,179.7,0.79,6.1,Urad
153.8,33.6,128.1,0.64,6.1,Urad
111.7,23.8,115.4,0.5,6.1,Urad
60,16.6,87.8,0.3,6.8,Urad
189.9,37.2,184.9,0.64,7.4,Urad
74.5,15,60,0.33,6.1,Urad
78.4,16,90.5,0.39,6.6,Urad
201.2,41.5,189.6,0.7,7.1,Urad
100.4,18.7,109.3,0.45,6.1,Urad
60,15.5,60,0.33,6.3,Urad
184.4,35.8,159.7,0.7,6.2,Urad
122.1,21.9,117.8,0.48,6.8,Urad
226,38.2,176,0.71,6.3,Urad
185.4,40.3,191.3,0.6,6.4,Urad
127.4,24.3,100.2,0.48,6.3,Urad
60,15,72.4,0.31,6.3,Urad
116.8,20.5,91.5,0.37,7,Urad
136.1,26.8,119.6,0.51,6.6,Urad
219.1,44.8,196.7,0.8,7.1,Urad
85.1,15.4,80.6,0.38,6.2,Urad
73,15,64.4,0.3,6.1,Urad
172.5,37.9,166.1,0.67,7.3,Urad
71.7,15,60,0.34,7.2,Urad
112.5,15,86.9,0.41,7.3,Urad
166.2,24.9,163.8,0.62,7.4,Urad
217.9,46.6,194.6,0.8,6.1,Urad
151.6,26.7,120.9,0.52,7.4,Urad
162.2,39.8,134.2,0.57,6.7,Urad
240,42.6,186.5,0.79,6.3,Urad
165.4,31.9,142.9,0.56,6.3,Urad
228,45.9,200,0.8,7,Urad
80.7,19.6,76.4,0.36,7.3,Urad
142.2,25.9,120.5,0.47,7.1,Urad
60,15,71.6,0.3,6.1,Urad
99.8,24.6,140.3,0.45,7.1,Urad
60,15,60.4,0.31,7.5,Urad
169.9,33.5,134.3,0.57,6.1,Urad
189.2,42.5,182.6,0.66,6.1,Urad
128.2,24.2,70.4,0.46,7.3,Masoor
171.7,32,145.2,0.53,6.6,Masoor
150.4,30.2,110.3,0.55,6.3,Masoor
139.9,25.3,99.1,0.55,6.4,Masoor
138.6,26.7,108.1,0.5,6.7,Masoor
148.4,31.1,124.4,0.61,6.8,Masoor
110.8,25.8,95.5,0.43,6.8,Masoor
123.7,23.5,100.8,0.56,7.3,Masoor
131.1,30.5,84.2,0.5,7,Masoor
188,35.4,166.1,0.64,7.1,Masoor
141.4,28.1,135.3,0.54,6.3,Masoor
139.4,36.4,98.8,0.54,6.9,Masoor
114,25.2,98.8,0.45,6.9,Masoor
174.2,31.1,114.5,0.61,6.6,Masoor
194.5,39.8,192.2,0.67,6.9,Masoor
114.4,26.4,121.3,0.47,7,Masoor
154.7,31.6,154.7,0.51,6.7,Masoor
183.3,36,138.7,0.62,7.2,Masoor
117.1,28.4,108.5,0.43,7,Masoor
147.3,31,148.5,0.53,6.9,Masoor
153.6,31.6,137.6,0.56,7,Masoor
129.6,26.8,116.8,0.43,7.1,Masoor
205,45.3,164.2,0.73,7.4,Masoor
115.9,21.7,78.9,0.46,7.2,Masoor
164.2,35.5,128,0.62,7.1,Masoor
135.3,28.7,109.1,0.52,6.8,Masoor
110.2,20.9,85.6,0.46,7,Masoor
108.6,25.5,112,0.5,7.7,Masoor
120,17.8,87.3,0.42,7.2,Masoor
113.6,24.2,83.4,0.43,6.8,Masoor
171.2,37.6,124.6,0.6,7.1,Masoor
157.9,37.1,148.8,0.6,7.1,Masoor
111.1,24.6,87.2,0.53,6.7,Masoor
101.9,26.1,112.6,0.47,6.7,Masoor
144.2,38.7,178.9,0.6,6.9,Masoor
137.4,35.9,129,0.55,7.1,Masoor
95.2,22,100.3,0.38,6.8,Masoor
91.3,24.1,91.6,0.45,7.1,Masoor
125,37.3,109.4,0.5,6.7,Masoor
147.2,27.8,129.8,0.57,6.8,Masoor
182.7,35,127.1,0.57,6.9,Masoor
191.5,41.6,169.8,0.67,6.9,Masoor
129.1,32.6,133.4,0.59,6.9,Masoor
127,26.6,143.6,0.51,6.8,Masoor
153.8,27.2,166.3,0.51,6.5,Masoor
140.1,32.5,113.5,0.52,7.1,Masoor
180.4,36.8,113.7,0.55,7,Masoor
98.4,19.7,114.4,0.45,6.3,Masoor
156.3,31.8,106.3,0.51,7.2,Masoor
157.4,29.3,129.6,0.54,6.4,Masoor
134.2,30.7,111,0.56,6.9,Masoor
204.9,37.5,119,0.73,6.6,Masoor
160.1,40.7,144.4,0.63,7.1,Masoor
146.6,28.5,89.6,0.56,7.4,Masoor
168.5,34.4,131.4,0.58,7,Masoor
175.3,39.3,120.7,0.61,6.8,Masoor
122.8,24.5,109.2,0.45,7,Masoor
102,22.8,95.1,0.39,6.7,Masoor
125,22.7,131.4,0.55,6.8,Masoor
120.3,27.4,94.7,0.52,7,Masoor
120.2,24.6,131.6,0.48,7.2,Masoor
198.1,38.3,164.2,0.71,6.8,Masoor
150.7,32.5,145.6,0.46,7.1,Masoor
99.6,28.1,118.3,0.51,6.7,Masoor
130.4,23.2,112.5,0.44,7.1,Masoor
142.8,28.1,122.2,0.58,6.8,Masoor
161,30.7,155.7,0.58,7.3,Masoor
99.9,15,99,0.38,6.8,Masoor
156,23.4,104.4,0.51,7.7,Masoor
204.8,30.6,134.4,0.64,6.5,Masoor
172.5,26.1,138.7,0.54,7.3,Masoor
121.1,33.9,112.7,0.53,7,Masoor
126,26.5,101.9,0.46,7.3,Masoor
99.3,24.4,102.6,0.46,7.1,Masoor
164.6,30.2,140.1,0.54,6.8,Masoor
124.3,31.7,130.4,0.51,6.6,Masoor
176.2,42.7,150.8,0.64,7.2,Masoor
124.4,21.5,78.3,0.53,7,Masoor
100.3,26.5,98.8,0.5,7,Masoor
172.4,34.1,151.8,0.62,7.1,Masoor
172.7,36.2,150.8,0.66,6.9,Masoor
135.5,32.5,122,0.53,7.1,Masoor
159.7,34,114.1,0.58,7.3,Masoor
152.9,32,146.6,0.63,6.7,Masoor
160.9,31,158.3,0.61,6.6,Masoor
197.1,40.3,187.4,0.72,7.3,Masoor
163.7,26.8,105.1,0.52,6.6,Masoor
137.1,30.3,116.5,0.46,7.1,Masoor
190.7,37.4,145.1,0.66,6.6,Masoor
163.8,30.5,143.3,0.54,7,Masoor
148.6,34,156.5,0.57,7.1,Masoor
164.7,39.3,147.8,0.53,6.9,Masoor
126.3,23.3,150.2,0.47,7.2,Masoor
153.8,33.9,127.4,0.6,6.8,Masoor
176.8,35.3,107.3,0.54,7,Masoor
167.4,32,127.1,0.52,6.8,Masoor
132.3,26.2,135.1,0.47,6.5,Masoor
203.6,41.3,189.3,0.65,6.9,Masoor
113.1,31.2,103.6,0.42,7,Masoor
123.1,28.5,137.8,0.51,7.2,Masoor
126.5,25.3,127.5,0.5,6.7,Masoor
207.1,40.4,168.8,0.68,6.7,Masoor
149.4,34.4,137.1,0.59,7.1,Masoor
138.2,27.9,128,0.45,7,Masoor
154.6,36.6,138.5,0.54,7,Masoor
185.2,34.5,177.3,0.69,6.4,Masoor
159.4,28.1,154.5,0.6,7.2,Masoor
150.5,30.5,121,0.56,6.7,Masoor
105,26.7,105.6,0.4,7,Masoor
122.1,24,91.9,0.47,6.2,Masoor
120.2,26.1,71.9,0.4,7,Masoor
153.1,29.1,146,0.61,7.6,Masoor
211.2,39,181.2,0.68,6.6,Masoor
160.7,29,152.7,0.54,6.8,Masoor
126.9,15.9,93,0.53,6.6,Masoor
166.6,32.6,108.2,0.58,6.7,Masoor
140.8,34.3,113.6,0.63,6.9,Masoor
204.6,45.1,166.9,0.76,6.9,Masoor
158.4,33.5,141,0.58,7.3,Masoor
134.4,30,134.8,0.52,7.3,Masoor
144.4,37.5,142.1,0.57,6.9,Masoor
82.9,17,77.4,0.37,6.6,Masoor
100.9,21.6,102.4,0.45,7.3,Masoor
131.1,23.7,118.4,0.45,6.2,Masoor
103.5,21.8,104.7,0.32,7.1,Masoor
220.5,43.3,200,0.77,7.1,Masoor
112.8,29.1,95.4,0.41,7,Masoor
213.5,40.5,169.3,0.75,7.7,Masoor
71.4,15,63.6,0.32,7.9,Masoor
135.9,31.2,117.7,0.53,6.5,Masoor
178.4,27.9,141.3,0.57,7.8,Masoor
193.7,43.9,141,0.62,7.2,Masoor
136.4,28.8,99.9,0.53,7.4,Masoor
206,40.5,168.4,0.65,7.3,Masoor
206,36.2,173.2,0.68,7.7,Masoor
135.8,29.3,138.8,0.46,6.8,Masoor
148.9,28.2,133.4,0.58,6.7,Masoor
143.8,22.7,109.7,0.52,7.9,Masoor
163.1,31,153.2,0.58,6.9,Masoor
152.6,32.5,168,0.65,7.3,Masoor
189.4,38.7,142.5,0.68,6.5,Masoor
182.6,35.8,181.4,0.73,6.9,Masoor
93.5,27.5,80,0.38,6.7,Masoor
105.3,23.1,112.3,0.39,6.8,Masoor
186.9,39,191.1,0.72,6.9,Masoor
144.1,26.6,139.5,0.55,7.6,Masoor
202.1,37.8,168.3,0.76,7.1,Masoor
222.3,43.6,173.3,0.76,7.5,Masoor
206,34.3,164.6,0.66,7.6,Masoor
173.6,31.9,160.6,0.55,7.5,Masoor
139.4,30.7,143.7,0.6,7.7,Masoor
179.4,42.4,191.1,0.68,7.2,Masoor
140.1,26.6,127.8,0.54,6.9,Masoor
169.4,28.7,130.1,0.52,7.5,Masoor
168.9,34.3,127.3,0.58,7,Masoor
199.9,38.3,162.2,0.63,7.2,Masoor
123.6,34.1,109.2,0.47,6.8,Masoor
216.2,45.4,182.7,0.8,6.9,Masoor
174.7,27.4,157.2,0.49,6.5,Masoor
213.9,39.1,188.5,0.72,6.4,Masoor
134.6,20.6,141.9,0.44,6.5,Masoor
84.1,18.6,76.5,0.4,6.7,Masoor
215,34.9,172.2,0.69,7.6,Masoor
178,28.5,165.8,0.52,7.6,Masoor
166.4,29.8,117.5,0.5,6.4,Masoor
110,16.9,73.2,0.49,6.5,Masoor
132.6,30.9,103.3,0.54,7.6,Masoor
185.2,40.8,171.9,0.68,6.8,Masoor
119.2,23.9,84.6,0.46,7,Masoor
188.9,32.5,154.6,0.64,7.2,Masoor
119.4,25.6,105.3,0.51,7.7,Masoor
137.6,28.8,130.6,0.44,6.9,Masoor
73.4,15,64.3,0.35,6.7,Masoor
94.7,23.7,68.1,0.45,7.3,Masoor
195.4,34,155.5,0.64,7.3,Masoor
134,21.7,75.3,0.42,7.6,Masoor
84.1,17.4,88.3,0.41,7,Masoor
126.9,29.7,127.1,0.51,7.2,Masoor
141.6,33.9,127.6,0.57,7.3,Masoor
84.4,24,102.8,0.4,7.3,Masoor
117.4,24.7,76.4,0.43,7.1,Masoor
113.2,28.5,79.2,0.44,6.5,Masoor
183.1,36.7,144.2,0.71,7,Masoor
154.3,29.7,132.2,0.51,7.7,Masoor
134,31.2,124.2,0.53,7.4,Masoor
85.8,16.6,75.7,0.34,7.2,Masoor
172.6,40.6,152.1,0.63,6.9,Masoor
104.5,30.9,120.9,0.47,7.2,Masoor
105.3,18.6,70.1,0.4,7.6,Masoor
135,30.2,135.5,0.55,7.3,Masoor
159.2,32,143.6,0.51,6.6,Masoor
155.8,30.5,152.7,0.66,6.5,Masoor
167.2,36,145.3,0.61,7.4,Masoor
122,23.9,123.2,0.49,6.9,Masoor
124.4,21.4,103.6,0.44,7.1,Masoor
162.4,35.7,151.4,0.61,7.5,Masoor
165.8,30,172.5,0.53,7,Masoor
173.1,37.4,134.5,0.62,6.7,Masoor
132.3,25.3,107.6,0.55,6.8,Masoor
162.4,31.7,129.7,0.56,7,Masoor
133.7,31.4,155.9,0.54,6.9,Masoor
168.7,33.9,131.4,0.57,6.8,Masoor
178.7,38.6,159,0.7,7.5,Masoor
201.9,38.4,174.4,0.69,7.5,Masoor
122.2,20.6,106.6,0.48,7.3,Masoor
109.9,25.5,93.7,0.42,6.8,Masoor
81.1,19.9,100.6,0.37,7.1,Masoor
190.3,38.7,142.6,0.65,7.3,Masoor
157.3,29.2,125,0.53,7.4,Masoor
149.9,32.5,134.7,0.65,6.5,Masoor
82.5,20.4,88.8,0.42,7.4,Masoor
168.3,33.1,141.4,0.6,7.2,Masoor
143.5,24.9,133,0.53,7.3,Masoor
157.3,32.9,137.2,0.59,6.7,Masoor
74.7,22.6,93,0.38,6.8,Masoor
193.5,33.1,138.7,0.65,7.3,Masoor
127.3,33.1,110.7,0.53,6.8,Masoor
207.3,41.6,168.5,0.6,6.9,Masoor
179.4,32.7,140.7,0.58,7.1,Masoor
186.2,33.8,153.3,0.57,6.2,Masoor
152,31.3,147.6,0.56,7.2,Masoor
78.2,17.9,60,0.32,7.3,Masoor
155.5,25.5,121.7,0.58,6.4,Masoor
170.8,31,165.8,0.58,7.8,Masoor
89.2,18.2,65.7,0.33,6.5,Masoor
145.4,28.8,112.2,0.58,6.3,Masoor
66.2,17.1,63.2,0.3,7.1,Masoor
176.6,35.4,151.2,0.58,6.9,Masoor
115,28.9,125.7,0.5,7.3,Masoor
143.6,33.1,130.3,0.64,6.4,Masoor
211.8,38.2,173.2,0.69,7.3,Masoor
184.9,35.6,120,0.66,7.6,Masoor
81.9,18.5,60,0.4,7,Masoor
191,31.9,153.6,0.68,7.9,Masoor
167.1,34.2,128.5,0.6,7.2,Masoor
240,44.2,190.6,0.8,7.6,Masoor
146.3,37.8,129.8,0.57,6.9,Masoor
216.6,43.1,151.9,0.67,6.7,Masoor
175.4,37.4,155.7,0.62,7.7,Masoor
209.6,44.4,169.1,0.7,6.6,Masoor
207.1,41.5,185.2,0.6,7,Masoor
195.2,44.6,150.5,0.63,7.1,Masoor
105,21.7,81.8,0.44,7.1,Masoor
175.9,35.7,155.2,0.57,7.4,Masoor
177.5,40.8,165.1,0.59,7.1,Masoor
172,32.3,166.3,0.59,7.4,Masoor
188.7,33.6,187.6,0.68,6.1,Masoor
118.8,22.3,133.3,0.44,6.6,Masoor
127.4,24.8,101.5,0.54,6.9,Masoor
155.3,41.2,114.9,0.56,6.9,Masoor
172.6,37.8,153.9,0.58,7.1,Masoor
111.2,20.7,89.3,0.47,6.6,Masoor
156.1,32.9,171.6,0.57,7,Masoor
86.5,18.2,68.7,0.37,6.6,Masoor
161.5,27.2,134.9,0.6,7.3,Masoor
179,35.3,175.4,0.71,7.7,Masoor
97.2,23.7,83.6,0.31,7.2,Masoor
157.2,31.7,122,0.54,6.6,Masoor
152.4,33.3,153,0.61,7.5,Masoor
154.3,30.1,117,0.57,6.6,Masoor
152.2,32.1,152.4,0.6,6.5,Masoor
206.4,48.7,156.2,0.66,7,Masoor
136.4,22.5,149.8,0.54,6.4,Masoor
135.7,27,101.6,0.55,6.6,Masoor
152.4,28,101.6,0.44,7.3,Masoor
79.6,23.5,109.5,0.33,7,Masoor
75.7,16.2,78.1,0.35,6.5,Masoor
215.7,36.8,184.3,0.68,6.2,Masoor
203.5,41.6,158.7,0.62,7.2,Masoor
170.9,34.8,118.4,0.55,6.9,Masoor
166.3,27.2,112.4,0.54,7.2,Masoor
138.7,29.2,125.2,0.57,7,Masoor
205.5,35.8,147.8,0.64,6.9,Masoor
68.6,23.1,92.8,0.46,6.8,Masoor
143.9,27.2,109.6,0.47,6.8,Masoor
126.8,33.2,138.7,0.49,7.2,Masoor
149.5,21.2,134,0.53,6.3,Masoor
155,28.5,163.6,0.7,6.3,Masoor
157.1,30.9,146.4,0.62,6.6,Masoor
211.1,33.3,145.8,0.68,6.3,Masoor
120.5,29.7,76.7,0.47,6.8,Masoor
139.9,24.4,125.5,0.53,7.3,Masoor
99.1,15,60,0.4,6.4,Masoor
202.1,39.2,168.7,0.68,7.5,Masoor
198,43.3,168.7,0.71,7.2,Masoor
154.4,26.3,113.4,0.52,7.5,Masoor
168.9,32.1,124.9,0.57,7.7,Masoor
118.1,29.3,103.5,0.47,7.2,Masoor
130.8,24.2,101.7,0.44,6.9,Masoor
100.9,30.5,129.4,0.51,7.1,Masoor
100.5,17.3,65.1,0.38,7.8,Masoor
141.5,25.7,120.3,0.51,7.4,Masoor
125.2,25.7,106.7,0.47,7.2,Masoor
187,32.7,169.6,0.58,7.4,Masoor
105.4,22.9,93.1,0.45,6.9,Masoor
146.3,28.5,143.6,0.49,6.9,Masoor
186.1,34.9,157.4,0.56,6.7,Masoor
110.9,24.9,104.1,0.48,6.3,Masoor
183.2,38.3,155.1,0.6,7,Masoor
177.2,37.2,132.9,0.61,6.5,Masoor
220.1,37.3,180.7,0.77,7.7,Masoor
174.1,35.1,119.1,0.57,7.4,Masoor
168.8,29.6,143.6,0.59,6.1,Masoor
75.6,15,91.8,0.34,6.5,Masoor
136.1,22.9,100.4,0.5,6.3,Masoor
129.9,26,131.5,0.44,7.2,Masoor
170.8,32.3,122.7,0.56,6.6,Masoor
209.3,37.5,195.4,0.7,6.8,Masoor
196.1,36,174.1,0.68,6.5,Masoor
211.6,37.5,179.6,0.66,6.1,Masoor
182.1,32.5,147.5,0.66,6.9,Masoor
93.7,23.4,100,0.48,7.5,Masoor
81.6,15,89.6,0.32,6.6,Masoor
165.8,29.9,143.7,0.6,7.4,Masoor
163.4,28.3,133.2,0.48,7,Masoor
147.5,26.4,113.5,0.53,6.5,Masoor
114.4,25.6,87.2,0.51,7.2,Masoor
111.5,22.2,108,0.43,7.3,Masoor
174,35,134.9,0.59,7.4,Masoor
92,18.5,93.4,0.46,6.3,Masoor
156.2,35.7,118,0.58,7.5,Masoor
153.8,31.5,128.1,0.59,7.5,Masoor
213.8,39.6,149.8,0.78,7.7,Masoor
178.3,31,157.6,0.62,7.2,Masoor
226.6,41.2,178,0.7,6.8,Masoor
137.4,29.7,86.6,0.53,7.5,Masoor
153.2,25.7,120.5,0.55,7,Masoor
142.8,27,149.8,0.6,7.3,Masoor
119.4,28,143.7,0.49,7.4,Masoor
120.4,19.7,91,0.45,7,Masoor
109.5,23.9,86.6,0.45,7.2,Masoor
135.9,28.2,106.6,0.57,7.7,Masoor
129.6,23.8,112.8,0.43,7.3,Masoor
218.1,40.2,170.4,0.63,7.1,Masoor
105.7,24.2,126.6,0.53,6.6,Masoor
131.6,20.3,114.6,0.49,6.8,Masoor
215.3,39.1,182.4,0.78,7.7,Masoor
83,21.2,108,0.47,6.9,Masoor
166.4,35.9,153.6,0.63,7,Masoor
188,39.5,156.1,0.74,7.6,Masoor
155.4,34,101.4,0.56,7.1,Masoor
98.8,22.3,75.9,0.41,7.2,Masoor
148.3,31.1,133.6,0.58,6.6,Masoor
106.9,20.9,100.4,0.48,6.9,Masoor
231.8,50,200,0.78,6.8,Masoor
181.7,41.7,158.2,0.61,6.9,Masoor
212.9,38.4,183.2,0.69,7.5,Masoor
173.4,34.5,162.8,0.6,7.6,Masoor
162.8,35.8,151.3,0.55,7.2,Masoor
171.1,34.4,141.6,0.62,7,Masoor
124.5,22.4,101.1,0.41,7.7,Masoor
240,44.4,162.8,0.76,7.6,Masoor
211.3,42.4,179,0.8,6.3,Masoor
94.7,22.9,67.2,0.43,7.2,Masoor
100.9,17.1,87.4,0.41,6.6,Masoor
236.3,43.8,199.6,0.73,7.5,Masoor
114.5,20,86.5,0.38,7.5,Masoor
145.5,35,143.5,0.62,6.8,Masoor
117.3,23.8,77.1,0.44,7.6,Masoor
81.7,21.7,76.9,0.37,7.2,Masoor
232.7,47.5,182.8,0.78,6.8,Masoor
166.1,28.9,135.7,0.51,6.5,Masoor
110.2,18.3,86.1,0.4,6.7,Masoor
118.9,26.6,96.4,0.39,7.2,Masoor
131.2,31.7,136.7,0.5,7.4,Masoor
183.9,38.9,144,0.59,7.4,Masoor
175.3,41.6,136.8,0.67,6.9,Masoor
206.9,35.1,183.8,0.72,6.6,Masoor
87.4,18.4,90.9,0.41,8,Masoor
98.5,19.9,115.8,0.43,7.2,Masoor
157,28.6,115.8,0.55,7.6,Masoor
210.2,45.3,178.6,0.71,6.6,Masoor
70.8,15,83.9,0.34,7.8,Masoor
195.8,33.8,180,0.68,6.2,Masoor
227.5,43,178.7,0.8,7.7,Masoor
85.8,15,70.6,0.37,6.2,Masoor
194.7,33,174.1,0.67,7.8,Masoor
81.3,15,91.8,0.41,6.4,Masoor
164.3,34.3,171.7,0.61,7.8,Masoor
78.6,15,84.2,0.37,6.3,Masoor
152.9,20.5,109,0.5,6.1,Masoor
97.7,23.7,101.1,0.42,6.4,Masoor
137.7,25.2,138.1,0.58,6.1,Masoor
72.3,15,63.8,0.34,6.2,Masoor
237.4,43.9,190.7,0.8,7.8,Masoor
216,41.2,175.1,0.71,8,Masoor
152.9,35.7,157.1,0.64,7.8,Masoor
131.5,24.5,110.4,0.47,6.4,Masoor
172.2,32.2,147.9,0.61,6.8,Masoor
90,15,75.2,0.39,7.9,Masoor
240,46.4,191,0.74,7.2,Masoor
159.6,29.9,148.6,0.59,7.9,Masoor
132.7,29.6,155.5,0.51,7.3,Masoor
176.5,35.7,133.7,0.61,7.4,Masoor
210.1,50,183.7,0.69,7,Masoor
101.2,15,84.1,0.36,6.2,Masoor
163.5,37.3,172.6,0.6,7.6,Masoor
60,18.3,78.1,0.32,6.3,Masoor
60,16.8,89.6,0.31,7.4,Masoor
193.2,35.4,191.9,0.69,6.3,Masoor
103.4,19.5,105,0.47,7.9,Masoor
138.2,19.2,120.5,0.56,6,Masoor
80.5,17.2,82,0.36,7.3,Masoor
82.2,17.6,60,0.36,6.8,Masoor
183.1,38.1,137.8,0.64,6.9,Masoor
190.8,42.4,151.5,0.73,7.5,Masoor
203.4,32.9,163,0.72,7.9,Masoor
106.1,18.5,102.5,0.38,6.7,Masoor
222.5,42.8,158.1,0.71,7,Masoor
228.1,42.9,155.3,0.74,7.5,Masoor
69.7,15,96.1,0.39,6.3,Masoor
85,15,84.3,0.31,6.3,Masoor
161.2,32.9,114.8,0.54,7.5,Masoor
226.4,50,189.6,0.77,7.1,Masoor
199.4,40.1,192.4,0.65,6.9,Masoor
213.8,41.6,161.5,0.73,7.7,Masoor
107.2,18.1,96.4,0.47,7.8,Masoor
111.6,19.6,111.8,0.38,7.5,Masoor
128.1,30.1,110.6,0.53,7,Masoor
120.8,17.3,109.6,0.48,8,Masoor
199.7,38.3,152.6,0.7,7.5,Masoor
119.7,32.2,124,0.46,6.4,Masoor
71.9,20.7,83.5,0.3,7.1,Masoor
111.2,19,103.9,0.46,6.1,Masoor
90.2,18.6,70.2,0.37,7.8,Masoor
126.2,23.7,114.8,0.48,6.9,Masoor
112,17.4,116.3,0.38,6.1,Masoor
145.2,32,127.1,0.58,6.9,Masoor
127.7,21,103.4,0.49,7.8,Masoor
212.7,36.3,175.7,0.63,7.5,Masoor
170.8,34.9,115.7,0.59,6.8,Masoor
219.4,32.9,167.3,0.65,7.5,Masoor
127.9,15,60,0.47,7.6,Masoor
60,15,60,0.3,7.6,Masoor
73,16.1,72.1,0.37,7.4,Masoor
82.7,15,79.6,0.43,8,Masoor
87.6,23,75.8,0.45,6.4,Masoor
167.7,28.9,168.4,0.62,6.1,Masoor
212.1,45,200,0.74,6.9,Masoor
90.2,16.9,102.7,0.43,7.7,Masoor
62.5,18.2,60,0.31,7.2,Masoor
185.4,33.9,153.3,0.62,7.2,Masoor
215.6,39.9,154,0.66,6.7,Masoor
61.9,15,89.3,0.31,7.8,Masoor
171.7,43.1,157.7,0.59,7.9,Masoor
152.5,29.3,126.6,0.49,7.2,Masoor
204.5,39.1,181.8,0.8,7.7,Masoor
156.6,31.9,117.6,0.59,6.6,Masoor
167,29,154.4,0.58,7,Masoor
102.2,16.1,124.7,0.41,7.7,Masoor
240,45.7,200,0.75,7.3,Masoor
240,50,200,0.8,6.5,Masoor
238.7,39.9,174.5,0.76,7.9,Masoor
77,21.6,66.4,0.38,7.2,Masoor
60,15,60,0.33,6.5,Masoor
161.2,29.7,131.9,0.56,6.8,Masoor
90.1,18.3,80.2,0.3,6.8,Masoor
220.1,48.1,156.9,0.74,7.8,Masoor
172.5,42.5,128,0.62,6.8,Masoor
230.9,43.6,198.6,0.75,7.4,Masoor
195.2,40.9,158.3,0.69,6.8,Masoor
110.2,28,116.4,0.45,6.6,Masoor
201.3,40.2,138.6,0.68,6.6,Masoor
166.4,30.2,140.4,0.59,6.7,Masoor
201.4,33.1,160.5,0.69,6.3,Masoor
174.2,32.9,150.3,0.53,6.6,Masoor
73.5,15,61.7,0.4,6,Masoor
192.3,38.4,149,0.67,6.6,Masoor
84.6,15,70.2,0.34,6.2,Masoor
121.7,17.3,102.7,0.46,6.1,Masoor
67.1,20.3,60,0.41,7.6,Masoor
205,42.7,159.9,0.65,6.6,Masoor
89.9,16,100,0.41,8,Masoor
88.6,15.5,64.4,0.39,7.8,Masoor
179.2,39.4,162.5,0.58,6.9,Masoor
219.8,48.9,196,0.74,7.4,Masoor
176.4,35,176.7,0.56,6.3,Masoor
84,20.6,78,0.42,7.1,Masoor
151.1,30.6,141.5,0.59,7.4,Masoor
64.5,16.2,67.1,0.39,7.6,Masoor
232.1,44.6,200,0.78,6.4,Masoor
191,40.9,148.9,0.6,7.5,Masoor
219.1,41.7,172.8,0.79,7.3,Masoor
201,42.3,166.7,0.7,7,Masoor
186.3,42.9,199.4,0.72,6.6,Masoor
104.4,21,112.3,0.32,7.4,Masoor
140,24.8,109.2,0.47,6.5,Masoor
112,28,98.2,0.48,6.3,Masoor
165,32,140.8,0.55,7.2,Masoor
182.8,31.6,191.3,0.63,8,Masoor
240,50,189.2,0.8,7.4,Masoor
148.4,23.4,124.2,0.56,6.2,Masoor
181.5,32.7,160.8,0.67,7.3,Masoor
155.9,31.4,137.4,0.54,7.4,Masoor
164.6,35.5,142.3,0.61,7.9,Masoor
103.9,28.1,90.2,0.42,6.4,Masoor
213.9,37.4,191.9,0.71,7.7,Masoor
151.4,25.8,108.2,0.5,7.5,Masoor
144.9,27.6,135.1,0.52,7.5,Masoor
163.5,28,117.8,0.52,6,Masoor
161,35.7,125.4,0.65,7.1,Pea
165,31.2,129.5,0.73,7.1,Pea
170.3,32.4,80.6,0.69,7,Pea
161.7,36.5,157.2,0.81,6.8,Pea
202.6,42.1,165.2,1.01,6.9,Pea
196.7,30.7,154.2,0.92,6.4,Pea
203.8,42.5,142.7,0.92,6.6,Pea
188.1,36,148.4,0.89,6.8,Pea
212.7,37.7,167.2,0.86,6.6,Pea
168.5,29.7,118.3,0.77,7,Pea
234.6,45.5,211.7,1.02,7,Pea
131.7,33,129.8,0.78,6.8,Pea
187.2,33.6,166.6,0.83,7,Pea
152,31.9,119.7,0.72,6.5,Pea
211.3,39.9,152.6,0.93,6.6,Pea
156.3,37.8,149.2,0.77,6.8,Pea
143.6,29.6,129.9,0.65,6.5,Pea
151.2,30.9,138.4,0.75,7.1,Pea
169.9,30.5,136.1,0.86,7.2,Pea
146.5,21.6,118.1,0.74,6.8,Pea
119.9,29.9,147.5,0.61,6.9,Pea
153.9,37.9,163.3,0.75,7.1,Pea
215.7,41.5,180.5,0.95,6.5,Pea
258.5,51.3,189.1,1.06,6.5,Pea
149.3,32.4,122,0.77,6.9,Pea
240.5,44.6,193.4,1.02,7,Pea
201.1,44.1,171.7,1.01,7.3,Pea
116.9,27.6,103.4,0.69,6.7,Pea
146.4,37.3,140.8,0.85,6.6,Pea
171.2,31.7,125.7,0.86,7,Pea
176.5,39.5,152.7,0.95,6.6,Pea
182.9,43.5,139.5,0.93,6.8,Pea
159.3,37.4,115.1,0.77,6.9,Pea
152.4,41.4,156.5,0.82,6.8,Pea
197.4,41.8,175.5,0.89,6.6,Pea
107,20,130.5,0.63,7.1,Pea
160.2,36.9,144.2,0.81,6.6,Pea
128,30.2,144,0.6,6.6,Pea
119.9,30.7,100.5,0.65,6.6,Pea
251,43.1,202.1,1.06,6.5,Pea
138.5,31.1,127.4,0.77,6.6,Pea
151.9,34.8,133.4,0.8,6.9,Pea
243.4,53.1,186.6,1.15,6.5,Pea
195.5,40.1,123.5,0.8,6.9,Pea
161.5,37.6,161,0.82,7,Pea
156.8,33,152.9,0.86,7,Pea
236.5,43.8,199.3,1.12,7.1,Pea
204.3,36.9,160.4,0.78,6.5,Pea
158.1,35.2,134.5,0.7,6.6,Pea
162.8,30.2,146.2,0.73,7,Pea
218.2,44,190.7,1.06,6.9,Pea
164,27.3,110.8,0.77,7,Pea
174.6,45.4,157,0.96,6.8,Pea
200.5,42,162.2,0.91,7.1,Pea
171.7,27,100.9,0.77,6.7,Pea
99,30.9,115.3,0.76,6.8,Pea
224.6,46.5,178.3,1.02,6.5,Pea
165.2,35.5,143.2,0.77,6.5,Pea
136.5,33.8,127.9,0.61,6.6,Pea
172.2,32.6,133.7,0.79,6.6,Pea
192.9,48.4,159.2,1.01,6.6,Pea
175.3,35.1,161.7,0.8,6.5,Pea
201.9,40.9,155,0.72,6.4,Pea
152.3,39.2,145.6,0.88,6.8,Pea
196.3,38,173.9,0.9,6.8,Pea
177.5,34.6,145.2,0.89,7,Pea
199.1,47.1,160,1.06,7.1,Pea
200.8,33.4,163.7,0.95,6.7,Pea
214.2,50.9,173.6,1,6.5,Pea
197.6,47.9,175.5,0.89,6.8,Pea
221.4,45,163.9,1,6.9,Pea
181.6,39.2,146.1,0.82,6.6,Pea
193,40,161.6,0.82,6.8,Pea
178.3,38.5,133.2,0.89,6.7,Pea
189.3,34.5,138.6,0.92,6.8,Pea
166,38.2,168.6,0.89,6.8,Pea
166.1,34.5,123.4,0.78,7.1,Pea
115.3,23.6,132.5,0.66,6.8,Pea
211.8,50.5,200.7,0.91,6.7,Pea
188.4,39.1,143.8,0.78,7,Pea
176.9,39.5,146.3,0.87,6.7,Pea
175.3,35.8,158.6,0.91,7.1,Pea
186.2,43.1,152.6,0.86,6.7,Pea
184.5,43.2,170.1,0.97,6.7,Pea
145.8,32,94.1,0.74,7.1,Pea
209.9,43.5,168,0.97,7,Pea
192.1,46.8,163.4,0.92,6.9,Pea
168.9,38.6,154.6,0.89,6.6,Pea
170.6,33.1,119.2,0.75,6.6,Pea
149,40.1,146.1,0.81,6.6,Pea
205.2,35.1,147.9,0.94,6.7,Pea
189.4,52.7,187.8,0.89,6.9,Pea
150.5,30.5,126.7,0.73,7.1,Pea
216.8,51.8,192.8,0.97,6.8,Pea
188.9,40.2,164.2,0.96,6.2,Pea
252.3,54.5,220,1.14,6.7,Pea
199,46.7,157,0.95,6.7,Pea
167,30.1,130.8,0.75,6.9,Pea
176.7,35.5,136.1,0.87,6.6,Pea
211.2,45.6,178.9,0.95,6.7,Pea
93.4,20,86.1,0.55,7.1,Pea
213.7,43.3,163,0.82,7.3,Pea
118.3,21.3,89.9,0.58,6.9,Pea
165.6,38.1,152,0.84,6.2,Pea
109.3,29.3,102.1,0.72,6.7,Pea
172.1,43.1,163.8,0.86,6.9,Pea
194.1,47.5,129.9,0.87,6.8,Pea
199.4,35.8,155.8,0.94,6.3,Pea
138.3,28.1,134.9,0.76,6.6,Pea
102,32.6,90.1,0.52,6.8,Pea
123.3,29.4,107.1,0.69,6.9,Pea
122.6,31.2,119.8,0.64,6.8,Pea
249.3,54.1,175.3,1.05,6.5,Pea
141.6,29.3,123,0.62,6.4,Pea
152.2,22.2,116.5,0.75,7.3,Pea
188.9,32.4,151.4,0.9,6.9,Pea
152.3,25.3,123.8,0.6,7.1,Pea
168.6,30.9,151.5,0.88,6.4,Pea
204.8,50.4,170.1,0.99,6.7,Pea
153.8,27.2,119.4,0.69,6.5,Pea
199.5,44,127.4,0.9,6.8,Pea
254.9,50.3,220,1.12,6.6,Pea
193.8,44.9,164,0.78,6.2,Pea
153.7,39.1,130.3,0.72,6.5,Pea
171.2,38.7,142.5,0.83,6.7,Pea
222.9,40.7,176.1,0.83,6.3,Pea
231.4,40.1,170.7,0.91,7.2,Pea
194.6,32.6,161.4,0.87,6.1,Pea
175.7,36,146.3,0.8,7.3,Pea
179.1,31.8,129.6,0.9,6.6,Pea
107.3,20,116.8,0.5,6.2,Pea
206.3,48.2,178.5,0.9,6.1,Pea
112.7,28.1,102.9,0.64,7.1,Pea
163.3,25.2,138.2,0.64,6.5,Pea
172.2,40.2,149.5,0.79,7.2,Pea
175.6,37.7,127,0.8,7,Pea
153.1,31.3,126.7,0.86,6.6,Pea
231,44.4,194,1.14,6.9,Pea
186.4,41.6,167.9,0.96,6.4,Pea
231.9,48.1,204.5,0.97,6.9,Pea
101.5,25.3,99.4,0.5,6.6,Pea
136.4,27.6,113.4,0.63,6.3,Pea
227,50.5,192,1.12,6.5,Pea
101.2,20.8,112.3,0.63,6.5,Pea
220.6,38.9,158.8,0.94,6.4,Pea
217.4,54.2,211.1,1.02,6.9,Pea
149.7,35.4,140.5,0.66,6.8,Pea
205.7,40.1,155.2,0.94,6.4,Pea
135.1,27.7,133.7,0.73,6.9,Pea
231.4,54.9,200.6,0.95,6.7,Pea
135.9,28,116.8,0.77,6.4,Pea
124.1,23.7,89.6,0.57,6.8,Pea
104.1,21.7,103,0.66,6.6,Pea
139.7,34,120.5,0.67,6.9,Pea
232.2,50,181.7,1.16,6.3,Pea
273.5,53.9,211,1.14,6.5,Pea
227.7,51.6,214.5,1.04,7,Pea
222.8,39.5,185.9,0.93,6.9,Pea
140.9,28.7,134.3,0.78,7,Pea
241.1,53.1,200.9,1.05,6.7,Pea
182.7,38.7,148.5,0.87,7.2,Pea
211,43.2,164.3,0.87,7,Pea
217.1,45,198,1.01,6.4,Pea
99,28.2,84.6,0.61,7,Pea
143.1,24.8,114.5,0.65,6.2,Pea
161.8,35.5,116.7,0.84,7.1,Pea
236.7,50.9,188.1,0.92,6.6,Pea
202.6,41.7,165.2,0.86,7.1,Pea
198.6,40.6,181.2,0.93,6.7,Pea
140,32,156,0.81,6.3,Pea
236.6,54.6,193.8,1.08,6.4,Pea
209.4,42.3,163,0.98,6.8,Pea
169.2,28.4,159.3,0.8,6.4,Pea
236.4,60,168.8,1.08,7,Pea
96.8,25.9,80,0.57,6.9,Pea
234.5,51.3,214.3,1.06,6.8,Pea
140.4,28,86.8,0.68,7.1,Pea
96.2,20,116.1,0.54,6.6,Pea
206.5,39.1,167.1,0.93,7.1,Pea
179.5,40.2,138.2,0.78,6.8,Pea
177.2,30.1,148,0.84,7.4,Pea
208.7,36.5,173.9,0.96,7.1,Pea
169.3,39.9,137.4,0.93,6.6,Pea
84,20,98.8,0.55,7,Pea
109.5,22.2,99.7,0.61,6.2,Pea
211.4,47.5,194.8,0.92,6.8,Pea
203.9,44.8,151.7,0.95,7.2,Pea
211.9,38.1,173.4,0.92,7.1,Pea
203,50.8,167.4,0.97,6.9,Pea
201.7,42.3,177.8,0.88,7,Pea
186.4,36,154.3,0.95,6.4,Pea
185.1,29.1,120,0.83,7.4,Pea
165.1,35.1,147.8,0.8,6.8,Pea
173.8,37.7,127.7,0.83,6.2,Pea
255.8,42.1,171.8,1.07,6.2,Pea
165.3,37.8,133.4,0.8,6.3,Pea
241,50.8,176.7,1.08,6.8,Pea
204.3,43.5,156.8,1.04,7.2,Pea
193.6,42.6,152.1,0.93,6.5,Pea
237,50,191,1.12,6.8,Pea
160.8,36.3,125.2,0.71,6.9,Pea
156.8,36.2,135,0.76,7,Pea
225.2,38.3,183.3,0.92,6.1,Pea
142.9,20.7,89.6,0.74,7.2,Pea
183.4,39.3,145.8,0.96,6.6,Pea
180.9,34.7,158.2,0.88,7,Pea
173,41.7,131.2,0.83,7.1,Pea
213.2,43.6,147,1.11,6.7,Pea
148.1,27,136.2,0.85,6.1,Pea
208.1,41.7,185.1,1.05,7.3,Pea
238.3,52.7,194.4,1.09,6.6,Pea
201,41.7,163.7,1.01,6.8,Pea
171.1,38.8,143.3,0.87,6.9,Pea
173.4,40.4,164.6,0.9,7,Pea
202.8,43.8,174,0.91,6.7,Pea
165.9,36.3,108.9,0.85,6.6,Pea
175.2,34.6,138.5,0.89,6.2,Pea
206.9,44.7,181.3,0.83,6.3,Pea
207.4,47.6,145.4,1,7.1,Pea
123.2,22,112.3,0.63,6.3,Pea
191.2,34.7,156.6,0.8,6.5,Pea
144.1,27.8,101.4,0.72,7.1,Pea
193.3,41.1,131.6,0.86,6.7,Pea
172.2,30.1,180.9,0.84,7.3,Pea
228.9,48,190.5,1.03,6.7,Pea
227.1,45.6,215,1.12,7.2,Pea
169.5,35.1,126.1,0.75,6.6,Pea
135.4,39.6,165.7,0.76,7.1,Pea
127.7,31.3,115.5,0.66,6.9,Pea
176.8,34.8,133.9,0.74,6.9,Pea
221.1,38.3,159.4,1.02,7.1,Pea
144.7,28.9,91.2,0.75,6.2,Pea
159.3,34.3,145.5,0.85,7.1,Pea
221.6,42.7,205.1,0.98,6.2,Pea
174.6,31.6,155.7,0.97,7.2,Pea
163.5,39,137.2,0.68,6.7,Pea
190.9,36.3,169,0.97,7,Pea
228.2,40.9,164.3,1.08,6.6,Pea
200.8,35.9,164.3,0.82,6.5,Pea
109.9,24,85.3,0.66,6.6,Pea
192,35.2,164.3,0.79,7,Pea
197.4,50.8,142,0.93,7.1,Pea
154,22.9,100.7,0.68,6.6,Pea
252.1,54.4,214.1,1.02,6.5,Pea
259.4,49.1,208.9,1.17,6.8,Pea
207.7,42,155.7,0.9,6.4,Pea
224.3,47.3,172.4,1.05,6.5,Pea
155.9,35.2,170,0.72,6.4,Pea
213.2,49.4,174.8,0.99,7,Pea
195.9,39,164.6,0.77,6.5,Pea
235.4,45.2,184.5,1.07,6.5,Pea
223,44.4,194.4,1.05,7.3,Pea
185.8,38.7,132.6,0.85,6.3,Pea
167.8,34.5,145.4,0.76,6.4,Pea
223.6,43.5,174.8,0.9,6.8,Pea
220.9,46.9,184.5,1.01,6.3,Pea
154.4,29.9,137.5,0.8,7.4,Pea
110.2,20,104.1,0.63,7.3,Pea
156.2,32.1,166.5,0.78,7.3,Pea
110.5,25,123.8,0.57,7.4,Pea
191.7,40.4,139.5,0.96,6.3,Pea
166.3,36.7,147.6,0.84,6.8,Pea
202.5,47.4,180.1,0.9,6.2,Pea
139.1,29.7,100.7,0.61,6.3,Pea
151.2,37,129.1,0.87,6.5,Pea
244.3,37.4,191.5,1.02,6.3,Pea
172.9,29.1,147.8,0.89,6.2,Pea
185.5,48.2,161.2,1.02,6.8,Pea
150.6,25.6,100.2,0.68,6.5,Pea
160.8,37.1,125.6,0.82,6.9,Pea
132,27,132.4,0.73,6.2,Pea
198.8,41.4,155.3,0.84,7.2,Pea
242.1,47.8,212.7,1.06,6.2,Pea
127.1,30.2,103.2,0.7,6.7,Pea
239.3,56.5,180,1.09,6.7,Pea
210,39.1,162.6,1.04,6.4,Pea
238.2,48.7,206.8,1.04,6.5,Pea
250.9,43.3,198.1,1.04,6.5,Pea
224.4,45.1,193.3,1.03,6.7,Pea
164.3,32.7,145.5,0.83,6.6,Pea
215.6,44.8,192.9,1.03,7,Pea
225.9,41.6,121.2,0.89,7.2,Pea
206.2,44.3,188.8,0.91,7.2,Pea
141.5,32.3,138.6,0.71,6.5,Pea
255.4,48,190.4,1.05,6.8,Pea
205.6,43,153.8,0.92,6.8,Pea
221,43.7,174,0.97,6.8,Pea
199.1,38.9,129.6,0.82,7.2,Pea
115.5,20,81.2,0.5,6.4,Pea
187.8,43.1,155.7,0.91,6.8,Pea
232.5,50.8,183.1,0.93,6.7,Pea
144.5,35.7,145.4,0.82,7.2,Pea
142.2,34.1,101.2,0.69,6.4,Pea
238.1,49.9,191.8,1.13,7,Pea
86.6,22.9,80,0.56,6.7,Pea
134,31.7,127.2,0.72,7,Pea
224.4,42.4,215.1,0.94,7,Pea
148.9,36.3,158.3,0.79,6.9,Pea
174.5,40,160.3,0.84,6.6,Pea
235.6,53.2,169.2,0.94,6.6,Pea
164.2,38.6,131.7,0.82,6.8,Pea
121.6,24.5,80.1,0.62,7.1,Pea
160.7,32.2,160.2,0.77,7.1,Pea
188.8,36.6,152.7,0.95,7.1,Pea
178.1,37.9,160.7,0.83,6.5,Pea
166.9,30,125.3,0.74,6.5,Pea
155.8,35.4,128.6,0.72,6.8,Pea
263.7,48.1,186.4,1.09,6.6,Pea
152.2,27,134,0.69,6.4,Pea
125.4,24.9,99.4,0.72,7.2,Pea
112.2,23.9,106.1,0.68,7.4,Pea
220.6,45.7,163.4,1.06,6.2,Pea
190.8,36.6,166.5,0.84,7.1,Pea
156,30.8,144.7,0.69,7.2,Pea
151.4,27.7,81.2,0.62,7.2,Pea
147.8,35.7,125.5,0.75,6.9,Pea
176.5,38.6,155,0.83,6.8,Pea
176.7,43.8,151,0.9,6.8,Pea
214.5,37.9,163.4,0.93,6.9,Pea
224.2,41.2,167.4,1.04,7.2,Pea
242.8,53.1,203,1.08,7,Pea
169.8,36.2,122.5,0.86,7.2,Pea
172.6,36.1,142.5,0.78,6.4,Pea
229.6,38.7,150.3,0.94,6.1,Pea
188,33.4,152.5,0.8,6.1,Pea
211.2,34.4,170.9,0.95,6.3,Pea
204.3,32.6,162.5,0.86,7.2,Pea
113.7,29.6,109.1,0.64,6.7,Pea
196.3,51.6,205.8,0.86,6.7,Pea
103.9,27.4,109.8,0.66,6.6,Pea
90.5,21.7,80,0.5,6.2,Pea
193.4,35.2,150.2,0.85,7.2,Pea
155.5,36.4,137,0.79,6.9,Pea
180.9,29.2,168.1,0.8,6.5,Pea
219.4,46.9,163.4,1.02,6.8,Pea
151,36.2,122.4,0.73,6.9,Pea
184.5,37.6,159.4,0.85,6.8,Pea
175.1,32.3,137.9,0.71,7.3,Pea
217.6,37.9,176.4,0.93,7,Pea
127.8,28.7,106.2,0.7,6.9,Pea
142.5,27.3,106.7,0.72,6.4,Pea
199.7,43.9,143,0.92,6.6,Pea
232.5,54.9,190,1.04,6.8,Pea
134.1,20,122.4,0.55,6.4,Pea
161.3,38.4,135.5,0.82,6.7,Pea
155.6,30.5,138.4,0.75,6.5,Pea
183.5,31.9,160.5,0.85,7.3,Pea
163,30.1,141.2,0.74,7,Pea
130.4,37.8,135.9,0.83,7.1,Pea
259.3,51.8,202.1,1.01,6.5,Pea
278.1,51,197.3,1.09,6.4,Pea
224.2,47,210.1,1.03,6.6,Pea
266.8,50.5,216.9,1.14,6.2,Pea
244.3,53.2,173.5,1.15,6.6,Pea
138.6,30.4,144.5,0.77,7.3,Pea
197.6,40,148.4,0.88,7.4,Pea
146,25.6,116.6,0.66,7.1,Pea
122.4,32.6,110.5,0.61,6.6,Pea
270.5,51.7,213.1,1.15,6.7,Pea
217.5,45,157.8,1.01,6.9,Pea
214.7,44.4,167.7,0.97,7.4,Pea
193.7,32.9,176.8,0.89,7.4,Pea
122.4,31.4,116.7,0.8,7.1,Pea
98.5,20,91.4,0.57,7.3,Pea
102.8,26.1,93.4,0.5,6.9,Pea
184.2,39.7,167,0.82,6.3,Pea
240.3,49.6,195.2,1.02,6.2,Pea
125.1,22,113.3,0.62,6.8,Pea
100.5,20,101.4,0.62,6.2,Pea
88.3,20,80,0.5,6.6,Pea
275.4,51.4,193.5,1.07,6.1,Pea
123.9,26,93.7,0.65,6.8,Pea
101.9,20,113.7,0.5,6.2,Pea
93.3,20,109.1,0.58,7.2,Pea
167.8,34.1,122.5,0.85,7,Pea
181.4,42.5,176,0.82,7.4,Pea
134.2,25.3,131.2,0.72,6.3,Pea
143.1,28.7,114.7,0.71,6.6,Pea
190.5,44.3,169.4,0.94,6.2,Pea
163.4,34.5,152.2,0.74,6.8,Pea
190.7,40.4,132.8,0.88,7.3,Pea
182.9,26.6,153.6,0.88,7.4,Pea
246.1,55.6,194.5,0.99,6.2,Pea
80,25.8,98.5,0.54,6.4,Pea
99.5,20,96.8,0.57,6.1,Pea
280,50.9,220,1.17,7.5,Pea
146.8,21.3,90.2,0.74,6.2,Pea
92.1,20,84.4,0.51,7.3,Pea
176.8,35.2,144.9,0.9,6.3,Pea
236,49.8,165.2,0.98,6.5,Pea
87.3,23.2,80,0.55,6.9,Pea
239.1,43.2,175.7,0.9,6.1,Pea
265.6,57.8,220,1.13,6.3,Pea
254.7,53.4,220,1.09,7,Pea
115.6,28.3,85.4,0.67,6.2,Pea
211.9,36,179.5,0.96,7.1,Pea
234.4,51.3,198.3,1.03,6.7,Pea
203,31.5,177.8,0.96,6,Pea
194.3,39,179.3,0.68,7,Pea
244.2,46.8,208.4,1.08,7.4,Pea
201.2,32.6,180.5,0.91,6.4,Pea
234.4,48.4,168.2,1.07,7,Pea
112.3,22.6,87.6,0.63,6.9,Pea
232.5,36.4,192.1,1.02,7.5,Pea
147.9,24.4,114.2,0.69,6.6,Pea
191.3,41.3,165.7,0.91,6.6,Pea
216.4,59.3,191,1.02,7.2,Pea
127.1,25.8,94.1,0.71,7.3,Pea
170.3,33.2,149.2,0.7,7.5,Pea
80,20,80,0.61,7,Pea
105.7,22.5,97.8,0.57,6.5,Pea
254.8,54,203.4,1.11,6.1,Pea
128.4,21.9,106.6,0.66,6,Pea
131.7,20.8,127,0.56,7.3,Pea
117,27.4,105.1,0.67,6.1,Pea
141.8,36.9,151.1,0.8,6.4,Pea
80,29,87.2,0.51,6.8,Pea
127,28.8,131.6,0.77,6.4,Pea
127,21.3,99.1,0.66,6,Pea
218.3,40.3,134.5,0.95,6.9,Pea
263.1,47.4,206.4,1.13,6.4,Pea
121,26.1,106.9,0.58,6.6,Pea
235.5,40.6,193.3,1.04,7.4,Pea
152.7,28.6,100.2,0.74,7.1,Pea
161.3,40.7,147.1,0.86,7.2,Pea
101.5,27.6,103.7,0.7,7.2,Pea
114.5,20.8,108.7,0.62,6.5,Pea
227.6,38.6,195.3,1.04,7.2,Pea
218.6,43.1,169,1.04,6.4,Pea
176.7,35.7,151.3,0.87,6.4,Pea
234.8,47.1,220,1.06,6.3,Pea
116.7,20,110.8,0.59,7.5,Pea
235.7,54.3,201.5,1.05,6.8,Pea
206.9,40.3,160.3,0.88,6.3,Pea
80,20,80,0.54,6.9,Pea
230.2,47.9,185.7,1.12,7.3,Pea
279.6,53.1,192.1,1.07,6.6,Pea
87.9,20.9,117,0.5,7.3,Pea
257.6,49.6,213.9,1.09,6.6,Pea
189.9,37.2,151.5,0.88,6.5,Pea
205.2,46.5,181.3,0.95,7.1,Pea
135.2,21.2,91.3,0.6,7.4,Pea
198.5,37.8,161.5,0.87,7.1,Pea
149.7,22.6,127.7,0.65,6.4,Pea
161.8,24.7,132.9,0.82,7.5,Pea
138.5,31.6,80,0.7,6.4,Pea
97.3,23.4,80,0.59,7.1,Pea
83.8,23.2,84.3,0.5,6.4,Pea
219.2,47.1,178.3,0.97,7.1,Pea
83.5,20,80,0.58,6.3,Pea
225.4,45,185.4,1.04,6.5,Pea
251,40.7,214.7,1.18,7.4,Pea
250.6,56.8,193.6,1.13,6.4,Pea
220.6,41.6,167.4,0.92,7.1,Pea
280,54.4,214.4,1.11,6.1,Pea
104.6,20,108.8,0.59,6.1,Pea
172.1,39.2,164.3,0.74,6.7,Pea
112.8,20,97.8,0.67,7.5,Pea
122.8,25.4,116.8,0.61,6.3,Pea
101.9,20,80,0.54,6.3,Pea
137.3,27,119.5,0.71,6.5,Pea
188,34.4,146,0.86,6.9,Pea
274.7,52.2,202.2,1.13,7.1,Pea
235,48.3,173.9,0.94,6.7,Pea
202.9,35.9,166.6,1.01,7.4,Pea
129.7,20.8,87.8,0.72,7.5,Pea
171.4,26.6,133.5,0.8,6.3,Pea
263.3,53.9,188.3,1.11,6.9,Pea
254.2,54.6,198,1.07,7.5,Pea
195.8,42.3,158.9,0.94,6.4,Pea
215.2,36.1,180.7,0.92,6.2,Pea
180,34.3,143.8,0.88,6.2,Pea
93.7,20,80,0.5,7.2,Pea
198.6,38,147.2,0.92,6.9,Pea
105.9,22.6,80,0.56,7.1,Pea
254.2,57.6,196.2,1.09,6.9,Pea
137.2,29.7,109.6,0.64,6.3,Pea
116.7,21.5,99.6,0.57,6.5,Pea
261.1,59.4,214,1.09,6.2,Pea
116.1,20,80.5,0.57,6.1,Pea
159.3,36.1,108.4,0.83,6.8,Pea
140.2,24.2,116.6,0.57,6.1,Pea
82.3,20,91.3,0.5,6.5,Pea
230.9,47.9,150.5,0.99,6.6,Pea
94.5,20.5,89.1,0.67,6.3,Pea
203.8,38.5,208.2,0.99,7.4,Pea
236.7,50.1,218.2,1.2,6.2,Pea
158.3,33,148.4,0.81,6.1,Pea
126.4,29.5,115.2,0.73,6.2,Pea
215.2,31.5,152.8,0.91,7,Pea
119,33.7,140.3,0.77,6.7,Pea
103.9,20,138.7,0.61,7.4,Pea
147.1,33.7,139.5,0.77,6.5,Pea
256.2,40.1,178.3,0.98,6.1,Pea
174.3,38.1,147.5,0.79,6.6,Pea
210,37.5,139.8,0.92,7.4,Pea
181.8,29.6,141.6,0.8,6.1,Pea
136.1,35.2,155.5,0.66,6.8,Pea
133.3,29.8,143,0.71,6.2,Pea
252.5,50.7,220,1.07,6.3,Pea
190.5,28.5,138.4,0.58,6.9,Khesari
147.6,23.2,115.2,0.5,7,Khesari
149.7,30.5,117.8,0.54,7.1,Khesari
131.8,24.6,95.4,0.48,6.8,Khesari
162.1,28.4,128.4,0.57,7.3,Khesari
177.6,29.2,137.2,0.53,6.5,Khesari
165.9,26.8,111,0.47,7.2,Khesari
148.9,25.7,137.1,0.5,6.9,Khesari
163.1,23.3,120.7,0.52,7.3,Khesari
94.8,19,78.8,0.43,6.9,Khesari
122,17.8,102.8,0.45,7.2,Khesari
136.9,20.5,137,0.46,7,Khesari
160.4,30,122.1,0.57,7.1,Khesari
88.4,17.1,91.5,0.4,7,Khesari
151.1,24.4,120,0.5,6.6,Khesari
138.1,26.1,110.6,0.51,6.9,Khesari
159.5,27.4,136.9,0.58,6.7,Khesari
142.5,16.9,95.6,0.47,7.4,Khesari
116.7,14.1,98.8,0.42,7.4,Khesari
175.6,28.1,148,0.6,7.1,Khesari
177.9,35.2,153.7,0.62,7.5,Khesari
193,38.7,142.1,0.61,7.1,Khesari
147.3,22.9,125.2,0.52,7,Khesari
120.7,21.5,119.6,0.51,7.2,Khesari
164.8,29.2,139.3,0.59,7.3,Khesari
179.4,27.1,147.7,0.57,6.8,Khesari
184.4,31,158.6,0.6,7.1,Khesari
109.5,19.6,111,0.39,7,Khesari
92.2,19,77,0.43,7.4,Khesari
122.4,18.9,112.9,0.39,7.3,Khesari
100.5,18.7,98.4,0.38,6.3,Khesari
162.9,29,147.8,0.53,6.8,Khesari
151,24.1,134.1,0.52,7,Khesari
113.4,16.6,109.3,0.43,7,Khesari
131,19.1,94.1,0.47,6.8,Khesari
110.7,14,82.2,0.41,7.6,Khesari
199,36.7,139.1,0.62,6.9,Khesari
78.1,13.3,91.4,0.38,7.6,Khesari
93.3,14.1,101.4,0.4,6.6,Khesari
136,24.7,116.8,0.48,7,Khesari
144.4,28,128.2,0.53,6.8,Khesari
132.9,22,129.7,0.54,6.7,Khesari
149.4,25.1,151.4,0.53,7.1,Khesari
134.5,21.3,137.4,0.52,7.3,Khesari
140.8,22.9,118.6,0.43,7,Khesari
135.2,13.3,107.5,0.44,7.5,Khesari
151.9,25.1,144.3,0.49,6.9,Khesari
182.7,29.6,163.3,0.62,7.5,Khesari
177.4,30.2,156.3,0.56,7.2,Khesari
175.8,30.5,129.4,0.52,7.3,Khesari
134.8,28.7,126.4,0.47,6.5,Khesari
138.7,21.6,100.6,0.5,6.8,Khesari
93.4,13.2,84.4,0.41,7.5,Khesari
194.9,32.6,154.3,0.64,6.9,Khesari
143.5,22.7,121.5,0.51,6.6,Khesari
117.7,20.7,99,0.47,7.4,Khesari
152.5,25.9,128.5,0.49,7.4,Khesari
129.3,21.8,112.9,0.47,7.2,Khesari
150.7,20.1,109.7,0.47,7.3,Khesari
169.7,23.3,146,0.54,6.3,Khesari
102.6,14.4,129.6,0.46,6.7,Khesari
93.2,11.2,78.1,0.39,6.9,Khesari
129.2,21.9,137.7,0.42,7.3,Khesari
120,19.6,123.7,0.51,7.6,Khesari
120.8,20.9,110.7,0.5,7.5,Khesari
185.1,29.9,159.1,0.56,7.1,Khesari
143,20.2,118.7,0.53,7.3,Khesari
143,23.5,141.7,0.46,7.3,Khesari
126.9,25.5,135.3,0.45,7.1,Khesari
159.9,23.9,123.4,0.59,7.5,Khesari
143.2,26.6,108.8,0.54,7,Khesari
183,32,147.2,0.61,6.9,Khesari
164.1,32.6,146.8,0.53,7.3,Khesari
156.7,28.4,132.3,0.56,6.8,Khesari
127.9,21.9,111.7,0.49,6.7,Khesari
133.8,27,134.4,0.54,6.8,Khesari
105.6,21.3,99.2,0.47,6.6,Khesari
192.2,35.3,156.5,0.66,6.9,Khesari
149.7,21.6,120.7,0.54,6.9,Khesari
108.5,17.6,85.2,0.37,7.4,Khesari
154.3,21.6,123.8,0.56,6.6,Khesari
109.5,18.7,87.1,0.47,6.8,Khesari
133.8,23.4,142.2,0.48,6.8,Khesari
114.5,24.2,123.2,0.46,6.5,Khesari
192.9,32.6,152.3,0.64,7.3,Khesari
133.7,22.4,137,0.49,7.3,Khesari
163.3,28.3,170.2,0.6,6.7,Khesari
116.7,17.6,105.8,0.43,7,Khesari
140.9,21.5,108.5,0.45,6.8,Khesari
164.9,25,114.5,0.53,6.7,Khesari
149.8,30.3,166.9,0.58,7,Khesari
161.2,23,124.1,0.51,7.6,Khesari
128.6,24.3,126.5,0.46,7,Khesari
186.3,26.2,169.9,0.55,6.3,Khesari
124.3,19.1,98.2,0.44,6.9,Khesari
148.4,25.2,134.6,0.51,6.7,Khesari
146.9,24.6,125.3,0.53,6.5,Khesari
145.1,23,117.3,0.5,7.1,Khesari
107.7,12.9,80.9,0.42,7.3,Khesari
175.1,25.4,136.9,0.55,6.8,Khesari
198,31.5,155.6,0.62,7.6,Khesari
101.4,12.5,88.3,0.42,6.2,Khesari
127.8,18.1,112.4,0.46,7.1,Khesari
119.7,23.5,90.8,0.48,7.3,Khesari
178.7,33.6,146.5,0.62,6.5,Khesari
126.2,17.7,105.3,0.44,7.5,Khesari
159.9,26.4,133.4,0.5,6.6,Khesari
163.7,24.8,145.8,0.57,6.6,Khesari
106.2,25.1,109.8,0.46,7.8,Khesari
194.9,33.4,138.9,0.67,7.7,Khesari
96,10.3,73.1,0.4,6.8,Khesari
106.4,20.8,97.6,0.47,6.5,Khesari
138.6,18.3,98.7,0.48,6.9,Khesari
156.9,29.2,119.2,0.55,7.1,Khesari
109.2,17.2,67.9,0.38,6.8,Khesari
141.3,28.6,120.6,0.48,6.8,Khesari
133.7,21.8,97.1,0.52,7.2,Khesari
189.8,28.8,145.5,0.62,6.5,Khesari
142.4,23.7,102.8,0.45,6.3,Khesari
218.6,40,175.1,0.7,6.9,Khesari
144.4,21,121.5,0.52,6.4,Khesari
197.7,36.5,140.9,0.64,7.3,Khesari
179.9,30.9,146.9,0.6,7.8,Khesari
123.3,23.2,104.9,0.46,7,Khesari
158.8,27.7,153.5,0.56,7.3,Khesari
161.6,27.7,104,0.6,7.2,Khesari
191,32.5,166.6,0.66,7.3,Khesari
110.6,17.2,96.1,0.44,7.4,Khesari
149.3,22.6,141.8,0.55,6.2,Khesari
166.9,29.3,133,0.52,6.6,Khesari
179.5,33,146.7,0.64,7.5,Khesari
175.1,31.9,141.8,0.66,6.5,Khesari
133.9,16.5,119.4,0.45,6.1,Khesari
130.7,27.5,137.2,0.44,7.3,Khesari
118.8,16.9,84.6,0.42,6.4,Khesari
111,19.2,137.6,0.49,6.8,Khesari
142.5,22.2,109.5,0.49,6.8,Khesari
177.5,31.2,134.7,0.61,7.5,Khesari
125,23.4,111,0.46,6.7,Khesari
137.9,24.2,104.2,0.54,6.7,Khesari
155.2,22.2,133.7,0.48,7.5,Khesari
115.4,21.9,126.7,0.48,7.1,Khesari
84.9,15.4,77.1,0.38,7.3,Khesari
172.8,26.4,124.8,0.64,6.5,Khesari
182.3,27,147.8,0.6,7.7,Khesari
111.9,17,106.2,0.49,6.4,Khesari
113.5,17.9,86.8,0.43,7.3,Khesari
102.9,16.3,104.5,0.42,6.4,Khesari
173.4,30.3,122.8,0.62,7.6,Khesari
95.4,15.5,90.2,0.44,7.5,Khesari
141,16.1,104.1,0.48,6.8,Khesari
98.4,15.1,95.9,0.43,6.5,Khesari
138.6,20.5,83.5,0.46,7.6,Khesari
145.3,22.5,118.9,0.55,6.6,Khesari
106.1,11,60,0.33,7,Khesari
184.3,34.5,135.4,0.57,6.9,Khesari
107.1,14.6,100.4,0.38,6.5,Khesari
150.1,24.9,137.2,0.53,7.2,Khesari
161.7,27.8,116.6,0.55,7.3,Khesari
174.9,31.2,168.6,0.58,6.5,Khesari
156.3,22.2,148.5,0.55,7.3,Khesari
193.6,29,151.7,0.62,7.3,Khesari
172.1,26,133.3,0.61,7.6,Khesari
129.7,24.2,141.7,0.51,6.6,Khesari
152,25.3,116,0.59,7.6,Khesari
169.2,19.2,137.1,0.54,7.6,Khesari
83,15.5,64.1,0.32,7.3,Khesari
129.9,23.3,116.5,0.43,7.2,Khesari
141.1,25.7,107.6,0.5,7.5,Khesari
100.6,18.4,92,0.42,7.1,Khesari
173.7,35.2,127.5,0.5,7,Khesari
149.2,24.9,129.7,0.52,7.4,Khesari
97.2,14.8,117.7,0.39,7.3,Khesari
105.3,17.7,88.7,0.45,6.4,Khesari
183.9,28.1,108.3,0.63,6.9,Khesari
98.9,10.3,60,0.44,6.3,Khesari
85.9,19,81.3,0.46,6.6,Khesari
143.3,18.6,107.4,0.44,7.7,Khesari
70.4,10,60,0.32,6.3,Khesari
129.6,21.2,135.7,0.44,7.6,Khesari
169,27.2,110.3,0.53,6.7,Khesari
139.6,22.8,143,0.49,7.5,Khesari
162.2,30.9,154.2,0.56,6.4,Khesari
116.7,15.3,108.2,0.34,7.6,Khesari
159.3,28.4,134,0.58,6.4,Khesari
105.6,17.2,108.1,0.42,6.9,Khesari
155.8,23.7,110.6,0.53,7.1,Khesari
163,35.5,165.8,0.61,7.3,Khesari
176.8,25.8,151.2,0.54,7.5,Khesari
125.5,15,60,0.44,6.6,Khesari
150.4,16.3,100,0.47,6.3,Khesari
97,12,110.4,0.4,7.3,Khesari
119.3,17.9,95.7,0.43,7.4,Khesari
183.4,30.4,140.1,0.6,7.4,Khesari
74.6,22.8,101.8,0.42,7.4,Khesari
85.9,12.8,78.3,0.36,7,Khesari
149.5,26.2,122.5,0.52,7.1,Khesari
139.2,22.2,133,0.48,6.4,Khesari
164.1,26.3,149.7,0.59,7.4,Khesari
124.1,17.2,99.3,0.38,7.6,Khesari
146.5,25.1,164.3,0.56,6.3,Khesari
163,28.7,128.7,0.56,6.6,Khesari
193.8,23.4,142.1,0.64,7.7,Khesari
66.6,10,76,0.34,7.2,Khesari
174.6,25.7,121,0.6,6.3,Khesari
215.5,38.2,180,0.7,6.9,Khesari
176.2,29.5,152.8,0.57,6.5,Khesari
156.7,22.6,124.7,0.54,6.2,Khesari
103.7,17.2,60,0.42,7.1,Khesari
129.9,28.8,143.3,0.49,7.1,Khesari
149.5,22.7,117.5,0.44,6.7,Khesari
179.8,37,138.3,0.65,7.2,Khesari
141.6,21.9,135.1,0.47,6.5,Khesari
170.7,20.3,145.1,0.54,7.8,Khesari
60,12.5,60,0.35,7.5,Khesari
92.5,15.1,95.9,0.44,7,Khesari
147.3,21.3,107.5,0.5,6.6,Khesari
128.7,17.8,114,0.41,6.8,Khesari
153.1,25.1,132.8,0.59,7.4,Khesari
155,22.4,116.1,0.52,7.7,Khesari
60,10,65.9,0.3,7.2,Khesari
103.7,16.2,102.4,0.46,6.8,Khesari
181.3,32.5,152.6,0.56,7,Khesari
86.2,11.6,91.9,0.41,7.3,Khesari
169.7,30.2,128.2,0.52,7.3,Khesari
161.5,25.2,147.6,0.57,7.9,Khesari
88.1,15.1,77.2,0.49,6.8,Khesari
106.6,19.3,96.2,0.37,7,Khesari
196.2,27.6,178.1,0.66,6.4,Khesari
134.2,24.8,132.3,0.5,6.7,Khesari
199.1,32.9,134.2,0.6,6.2,Khesari
132.4,24.1,94.1,0.47,6.6,Khesari
138.4,25,108.5,0.48,7.7,Khesari
126.2,20.2,92.4,0.45,6.3,Khesari
144.8,17.7,117.8,0.48,6.7,Khesari
135.1,22.2,158.8,0.49,7.4,Khesari
134,19.2,106.6,0.53,6.6,Khesari
136.7,19.4,114.5,0.49,7.6,Khesari
180.5,32.2,177,0.65,6.5,Khesari
149.9,24.5,110.4,0.44,7.3,Khesari
127.5,17.9,94.2,0.42,6.4,Khesari
83.6,13.6,88.9,0.39,6.7,Khesari
144.5,20.2,102,0.48,7.5,Khesari
177.1,29.5,159.6,0.63,6.8,Khesari
196.2,33.4,142.2,0.68,6.7,Khesari
101,13.1,111.9,0.44,7.4,Khesari
71.3,17.3,79.2,0.42,6.9,Khesari
104.3,14.7,109,0.38,7.1,Khesari
112.9,23.2,93.6,0.36,7,Khesari
105,14,98.3,0.44,7.2,Khesari
119.9,18.2,114.8,0.38,6.4,Khesari
115.2,22.5,140.1,0.48,7.1,Khesari
105.3,19.7,109,0.47,6.4,Khesari
142.2,20.7,128.7,0.5,6.4,Khesari
166.9,24.8,136.8,0.59,7.8,Khesari
68.5,14.6,60,0.34,6.9,Khesari
126.1,20.8,84.6,0.49,7.5,Khesari
191.2,29.4,152.5,0.63,6.2,Khesari
121.6,21,95.1,0.5,6.6,Khesari
92.4,14.5,84.6,0.42,7,Khesari
166.7,24.8,172.6,0.64,7.3,Khesari
168,27.9,114.6,0.56,6.6,Khesari
170.1,24.7,128.3,0.55,7.1,Khesari
177.6,34.2,146.7,0.54,6.8,Khesari
179.4,30,161.6,0.53,7.1,Khesari
128.2,19.9,90.9,0.45,6.3,Khesari
182.1,31.8,152.5,0.63,6.9,Khesari
127.6,24.1,118.4,0.46,7.2,Khesari
116.4,19.7,93.4,0.47,7.1,Khesari
203,31,177.9,0.63,6.6,Khesari
137.8,33.5,135.2,0.57,6.7,Khesari
183.4,23.9,144.9,0.56,6.8,Khesari
150.9,25.1,103.4,0.49,7.1,Khesari
156.9,20.9,135.4,0.51,6.1,Khesari
178,32,166.6,0.68,6.4,Khesari
127.2,16.5,116.8,0.45,7,Khesari
152,22.2,136.3,0.54,6.8,Khesari
149.2,23.9,107,0.56,7.7,Khesari
74.6,13.5,74.3,0.33,7.6,Khesari
185.4,30.5,144.4,0.62,6.2,Khesari
185.1,31.8,173.9,0.66,6.6,Khesari
153,23.4,130.9,0.52,7.5,Khesari
95.6,10.2,99.2,0.47,7.9,Khesari
111.8,12.6,101,0.39,7.9,Khesari
123.9,19.6,103.3,0.43,7.2,Khesari
187.9,30.3,142.7,0.56,6.9,Khesari
164.6,25.9,145.7,0.6,7.6,Khesari
94.7,10,87.3,0.43,7.7,Khesari
156.3,28.7,132.3,0.56,6.9,Khesari
175.3,33.2,147.1,0.61,6.7,Khesari
193,34,143.8,0.65,6.7,Khesari
137.6,16,118.2,0.48,7.6,Khesari
209.9,36.9,155.3,0.65,7.7,Khesari
182.3,25.6,172.7,0.63,7.8,Khesari
95.7,10,98.7,0.35,7.5,Khesari
100.4,16.3,81.4,0.37,7.2,Khesari
132.4,25.4,113.4,0.47,7.1,Khesari
165,23.5,146.5,0.61,6.3,Khesari
125.6,23.4,124,0.47,7.6,Khesari
162.4,19,117,0.49,6.8,Khesari
114.6,12.2,114.8,0.47,7.3,Khesari
104.4,17.2,112.7,0.45,6.3,Khesari
165.3,24.8,140.4,0.52,7.2,Khesari
90.7,14.5,65.8,0.4,6.9,Khesari
96.2,13.3,81.4,0.41,6.7,Khesari
156.9,29.8,144.4,0.5,7.4,Khesari
160,28.7,135,0.59,6.8,Khesari
164.5,26.5,128.9,0.61,7.2,Khesari
134.2,26,106.4,0.52,6.9,Khesari
174.1,26.8,140.6,0.57,6.3,Khesari
100,16.8,98.2,0.4,6.7,Khesari
97.9,12.1,84.9,0.38,6.6,Khesari
87.6,10.6,92.2,0.4,6.4,Khesari
89.4,12.4,98.2,0.35,6.4,Khesari
150.1,24.4,123.8,0.6,6.3,Khesari
207.7,36.3,174.3,0.69,7.4,Khesari
90,10,76.7,0.39,7.7,Khesari
80.5,15.4,86.1,0.33,6.5,Khesari
129.4,21,139.9,0.47,7.1,Khesari
151.3,22.9,140.8,0.59,7.2,Khesari
145.7,21,132.3,0.53,7.2,Khesari
107.8,12.6,87,0.44,7.9,Khesari
209,32.7,158,0.59,6.6,Khesari
132,19.1,121.2,0.54,6.6,Khesari
125,20.1,112.8,0.47,6.6,Khesari
163.5,31.5,149,0.52,7,Khesari
102.6,17.5,108.5,0.42,7.4,Khesari
149.3,22,107.9,0.5,6.8,Khesari
107,20.1,115,0.44,7.5,Khesari
112.6,19.3,93.2,0.49,7,Khesari
93.6,11.8,101.8,0.37,6.6,Khesari
173.9,27.5,129.7,0.58,6.5,Khesari
178.6,34.6,134.1,0.59,7.4,Khesari
204.5,35.4,168,0.64,7.7,Khesari
127,22.4,131.5,0.5,6.9,Khesari
142.9,21.1,122.1,0.53,7.4,Khesari
167.7,29.9,121.4,0.6,6.6,Khesari
137.2,28.2,104.9,0.52,6.5,Khesari
136.3,21.9,110.6,0.47,6.8,Khesari
187.5,27.4,159.5,0.63,7.4,Khesari
148.5,27,135.5,0.53,7.8,Khesari
91.7,10.7,93.8,0.36,7.7,Khesari
152.4,21.5,145.7,0.51,7.5,Khesari
149.8,24.4,123.2,0.51,6.2,Khesari
139.4,20.7,92.6,0.43,6.3,Khesari
115.6,17.5,98.3,0.45,6.7,Khesari
111.3,16.1,88.4,0.42,7,Khesari
132.5,25.9,111.5,0.48,7,Khesari
142.4,19.3,127.7,0.46,6.6,Khesari
115.8,18.3,133.5,0.45,7.8,Khesari
175.4,29.9,145.9,0.63,7.8,Khesari
191.5,23.8,151.9,0.56,7.7,Khesari
192.2,30.3,162.2,0.59,7.4,Khesari
146.5,19.8,137.2,0.51,7.9,Khesari
94.6,10,90.7,0.36,6.8,Khesari
123.1,15.6,130.2,0.52,7.9,Khesari
97.6,14.2,87.5,0.39,7.6,Khesari
117.4,19.4,95.4,0.51,6.4,Khesari
211,33.1,153.4,0.64,6.2,Khesari
214.9,34.2,171,0.7,7.7,Khesari
98,17.9,76.3,0.43,6,Khesari
171.4,26.4,180,0.64,6.3,Khesari
76.6,12.1,60,0.35,6.2,Khesari
111.2,15.4,108,0.42,6.2,Khesari
62.6,10,79.9,0.35,6.3,Khesari
162.4,25.7,123.6,0.45,7.1,Khesari
105.7,18.7,71.8,0.46,7,Khesari
142.4,22.4,128.3,0.58,6.2,Khesari
211.7,35.5,180,0.7,6.2,Khesari
62.4,13.6,101.5,0.3,6,Khesari
194.1,30.6,171.8,0.62,7.3,Khesari
127.2,29.8,94.7,0.45,6.8,Khesari
91,10,60,0.34,6.2,Khesari
75.2,10,66.8,0.38,6.4,Khesari
75.5,10.6,60,0.31,7.2,Khesari
150.9,25.6,148.1,0.5,7,Khesari
174.3,26.6,133.1,0.55,7.9,Khesari
109,17.1,108.4,0.45,7.8,Khesari
212.9,35.1,180,0.6,8,Khesari
114.5,15.6,117.2,0.43,6.4,Khesari
146.6,22.1,136.1,0.54,6.4,Khesari
183,32.7,180,0.67,7.3,Khesari
184.2,30.9,171.6,0.54,7.1,Khesari
172.6,26.1,143.3,0.58,6.7,Khesari
153.1,26.7,152.6,0.49,7.2,Khesari
68,10,85.5,0.34,6.4,Khesari
93.4,11.4,100.6,0.39,6.9,Khesari
173.6,34.5,141.8,0.59,7,Khesari
200.2,33.9,163.1,0.7,6.2,Khesari
193.8,31.8,138.8,0.58,7.4,Khesari
81.4,10,77.1,0.35,6.1,Khesari
202.4,36.4,153.2,0.62,6.6,Khesari
120,15.4,128.3,0.48,8,Khesari
214.1,39.6,149,0.63,7.1,Khesari
95.5,11.3,84.7,0.38,7.4,Khesari
71.3,15.7,69.5,0.33,7.4,Khesari
214.1,33.5,170.2,0.69,6.2,Khesari
216.8,35.3,180,0.69,7.4,Khesari
177.2,28.7,164.1,0.6,6.4,Khesari
132.7,26.4,132.5,0.58,6.6,Khesari
88.9,16.7,89.8,0.43,6.2,Khesari
110.2,13.8,96.6,0.43,7.7,Khesari
132.7,30.7,110.6,0.53,6.9,Khesari
184.5,26.1,122.9,0.56,7.9,Khesari
170.2,21,116.5,0.49,6.6,Khesari
172.8,32.3,134.5,0.66,6.3,Khesari
220,36.8,169.7,0.7,6.5,Khesari
60,10,60,0.3,7.8,Khesari
194.4,29.6,155.1,0.6,6.7,Khesari
96.4,13.5,66.1,0.4,7.7,Khesari
202.7,39.6,175.1,0.67,6.8,Khesari
157.7,30.2,161.7,0.59,7.5,Khesari
83.7,10.5,99.4,0.37,7.5,Khesari
200.7,32.5,157.2,0.69,6.2,Khesari
70.1,10,67,0.31,6.5,Khesari
72.9,10.9,90.6,0.35,6.6,Khesari
123,10,95.7,0.42,7.9,Khesari
173.1,24.5,156.3,0.52,7.2,Khesari
70.7,10,69.2,0.32,7,Khesari
128.3,24.2,101.3,0.42,7.4,Khesari
169.1,31.2,164.2,0.61,7.5,Khesari
110.8,20,95.2,0.45,7,Khesari
139.2,20.6,97.1,0.52,6.4,Khesari
210.8,35.6,180,0.69,6.8,Khesari
108.9,13.5,107.4,0.47,7.4,Khesari
139.9,17.2,107.1,0.55,6.1,Khesari
191.8,31.5,180,0.67,6,Khesari
84.7,14.4,85.9,0.41,6.2,Khesari
170.9,23.5,144.7,0.58,7.9,Khesari
177.6,28.7,164.9,0.6,6.6,Khesari
80.1,10,62,0.36,6.4,Khesari
93,12.6,101.4,0.38,7.9,Khesari
207.1,34.9,180,0.68,6.9,Khesari
140.9,22,142.5,0.45,6.4,Khesari
62.9,10.4,61.1,0.36,7.5,Khesari
134.7,24.6,124.8,0.5,7.2,Khesari
141.3,23.6,131.4,0.53,7.6,Khesari
153.7,20.5,133.1,0.5,7.7,Khesari
140,16.3,118.5,0.47,7.5,Khesari
151.9,26.8,132.1,0.54,7.8,Khesari
97.2,10,93.4,0.37,6.1,Khesari
183,32.3,161.8,0.67,6.8,Khesari
167.5,30.2,177.8,0.62,7.5,Khesari
146.3,23,117.1,0.52,6.7,Khesari
62.4,12.5,78.6,0.33,7.9,Khesari
102.6,13.9,60.9,0.43,7.7,Khesari
172.4,28.1,147.5,0.57,6.6,Khesari
83.4,10,84.4,0.35,7.8,Khesari
103,12.2,111.6,0.39,6.1,Khesari
111.3,19.1,130.5,0.46,6.1,Khesari
209.1,32.1,154.1,0.64,6.3,Khesari
127.1,15.1,93.3,0.44,7.7,Khesari
137.4,26.8,136.4,0.51,7.3,Khesari
130.5,23.3,122.7,0.49,7.5,Khesari
88.8,10,88.6,0.35,7.7,Khesari
82.8,13.2,74.6,0.34,6.8,Khesari
106.5,18.3,83,0.41,7.7,Khesari
171,27.8,158,0.62,6.9,Khesari
213.2,29.6,167,0.67,7.7,Khesari
109.9,20.6,107.3,0.44,6.5,Khesari
96.1,19.2,99.6,0.42,6.8,Khesari
65.4,10,104.8,0.32,7.7,Khesari
161.2,25.6,123.3,0.46,7,Khesari
212.2,32,173.2,0.67,7.7,Khesari
198.8,29.8,147.9,0.58,6.4,Khesari
60,10,71.6,0.33,6.3,Khesari
139.1,22.9,112.2,0.49,7.4,Khesari
95.7,13,106.9,0.42,6.3,Khesari
76,10,81.3,0.33,7.4,Khesari
157,23.9,140.1,0.54,6.3,Khesari
172.5,29,127.8,0.59,6.3,Khesari
137.2,26.6,125.3,0.48,6.8,Khesari
65.2,11.9,64.2,0.37,7.5,Khesari
147.5,27.4,118.9,0.54,6.5,Khesari
82.5,15.9,114.3,0.43,6.3,Khesari
77.2,12.3,69.2,0.31,7.3,Khesari
135.7,25.4,135.8,0.55,7,Khesari
140.8,25.4,140.5,0.52,6.1,Khesari
168.1,32.6,144.7,0.62,7,Khesari
111.4,14.7,81,0.44,6.2,Khesari
111.6,16.4,99.1,0.43,6.8,Khesari
209.6,38.4,176.6,0.69,7.9,Khesari
169,31.8,143.7,0.61,7,Khesari
220,33.2,164.5,0.7,6,Khesari
185.4,35.1,144.6,0.57,7,Khesari
178.4,29.3,125.9,0.55,7.3,Khesari
134.4,26,128,0.51,7.3,Khesari
151.3,26.4,112.7,0.48,7.1,Khesari
174.1,24.5,141.8,0.54,6,Khesari
116.4,17.1,130.7,0.46,6,Khesari
97.7,13.2,88,0.39,6.2,Khesari
104.5,12.6,94,0.42,6.5,Khesari
129.3,27.1,117.4,0.51,7.1,Khesari
61.9,10,67.2,0.32,7.9,Khesari
135.6,17.2,128.1,0.5,6.1,Khesari
204.3,36.4,142.8,0.65,7.4,Khesari
106.6,15.6,84,0.37,6.1,Khesari
92.6,14.8,60.7,0.37,7.5,Khesari
155.2,24.6,141.7,0.59,6.1,Khesari
151.3,21.6,113.1,0.54,6.3,Khesari
180.8,30.9,129.5,0.55,5.9,Horse Gram
176.7,35,150.2,0.64,6.6,Horse Gram
140.4,26.4,159.9,0.55,6.5,Horse Gram
144.3,24.4,139.6,0.51,6.7,Horse Gram
135.2,23.4,107.5,0.5,6.2,Horse Gram
122.8,20.5,98.9,0.44,6.6,Horse Gram
100.6,17.6,113.9,0.48,6.1,Horse Gram
160.4,27.7,133.2,0.52,6.4,Horse Gram
138.1,24.8,156.1,0.54,6.2,Horse Gram
140.8,23.5,149.1,0.55,6.9,Horse Gram
154.1,28.4,144.7,0.55,6.5,Horse Gram
145.2,24.1,141.4,0.48,6.4,Horse Gram
131.6,19.2,110.5,0.52,6,Horse Gram
120,20,105.4,0.47,6.3,Horse Gram
132.3,17,130.1,0.47,6.8,Horse Gram
146.1,24.7,115.4,0.52,7,Horse Gram
127.6,20.6,118.8,0.52,6.5,Horse Gram
138.6,21.6,88.5,0.45,6.5,Horse Gram
178.4,34.3,145.5,0.64,6.2,Horse Gram
148.5,18,131.5,0.49,6.4,Horse Gram
140.8,20.2,115.2,0.46,6,Horse Gram
75.9,18,81.6,0.33,6.9,Horse Gram
136.5,23.2,118.8,0.48,6.7,Horse Gram
145.9,25.1,124.2,0.54,7.2,Horse Gram
139.1,26.2,132.7,0.51,6.9,Horse Gram
120.8,18.8,83.1,0.47,6.3,Horse Gram
117.5,11.8,93.6,0.48,7,Horse Gram
146.9,22.4,126.8,0.47,6.9,Horse Gram
134.5,25.3,119.1,0.55,6.6,Horse Gram
116.8,23.7,103.5,0.52,6.2,Horse Gram
111.4,14.2,62.7,0.41,6,Horse Gram
93,20.6,65.6,0.36,6.3,Horse Gram
136.2,23,94,0.44,6.5,Horse Gram
105,15.8,81.7,0.39,6.7,Horse Gram
143,22.5,112.1,0.48,6.4,Horse Gram
173.9,25.5,135,0.57,7,Horse Gram
112.2,17.2,89,0.42,7.1,Horse Gram
117.8,16.6,110.8,0.45,6.2,Horse Gram
135.7,13.9,123.2,0.44,5.9,Horse Gram
152.1,22.8,98.7,0.47,6.4,Horse Gram
114.9,16.2,104.4,0.42,6.7,Horse Gram
125.6,23.9,120.4,0.49,6.3,Horse Gram
144.3,29.8,123.1,0.49,6.1,Horse Gram
108.9,22.2,115.3,0.44,6.6,Horse Gram
132.4,24.5,119.6,0.49,6.7,Horse Gram
115.6,19.2,97.4,0.46,6.8,Horse Gram
107.7,20.8,84.4,0.39,6.5,Horse Gram
122.9,21.2,108.9,0.53,6.3,Horse Gram
163.2,23.7,180,0.59,6.6,Horse Gram
202.8,37.5,179.4,0.64,7,Horse Gram
88,10.5,91.1,0.36,6.5,Horse Gram
110.4,23.4,84.4,0.42,6.5,Horse Gram
167.1,33.3,151.5,0.57,6.7,Horse Gram
158.6,26.6,110.5,0.58,6.5,Horse Gram
128.9,22.9,112.4,0.52,6.6,Horse Gram
168,31.3,129.7,0.55,6.3,Horse Gram
122.8,21.7,108.3,0.48,6.6,Horse Gram
96.4,15.5,98,0.4,7.2,Horse Gram
154.8,25.3,130.2,0.45,6.5,Horse Gram
132.1,27.6,137.8,0.5,6.6,Horse Gram
146.8,22.6,127.4,0.55,6.1,Horse Gram
134.7,17.3,104.2,0.48,6.6,Horse Gram
140.3,16.9,117,0.45,7,Horse Gram
149.3,25.1,106.5,0.54,6.7,Horse Gram
181.3,31.6,146.8,0.63,6.2,Horse Gram
112.2,16.8,75,0.37,6.3,Horse Gram
162.7,28.2,125.5,0.51,6.4,Horse Gram
194.5,33,158.3,0.62,6.3,Horse Gram
126.2,18.5,80.7,0.48,6.6,Horse Gram
149,27.4,118.5,0.5,6.4,Horse Gram
145.9,24.5,135.4,0.51,6.9,Horse Gram
114.8,27.3,134.7,0.48,6.5,Horse Gram
153.8,23.5,110.2,0.42,6.3,Horse Gram
193,34.1,150.6,0.6,6.7,Horse Gram
174.8,29.9,164.3,0.58,6.4,Horse Gram
170.9,33.3,137.6,0.59,6.9,Horse Gram
138.3,24,135.6,0.51,6.3,Horse Gram
174.1,30.2,144.5,0.59,6.4,Horse Gram
106.9,21,113.7,0.43,6.4,Horse Gram
130,23.4,120.4,0.47,6.2,Horse Gram
152.7,18.7,103.7,0.5,6.8,Horse Gram
172.3,29,141.2,0.59,6.6,Horse Gram
112.6,19.2,84.2,0.44,6.2,Horse Gram
124.7,20.5,97.9,0.46,6.6,Horse Gram
100.9,16.6,88.3,0.42,6.7,Horse Gram
151.7,22.5,107.8,0.52,6,Horse Gram
159.5,24.1,148.8,0.55,7,Horse Gram
102.6,16.1,80.3,0.37,6.3,Horse Gram
168.3,27.9,130.3,0.53,7.1,Horse Gram
132.5,20,125.3,0.45,6.1,Horse Gram
127.9,22.1,111.7,0.43,6.4,Horse Gram
164.2,28.7,111.2,0.5,6.5,Horse Gram
90.3,14.6,97.9,0.41,6.8,Horse Gram
120.8,22.2,101.3,0.45,6.6,Horse Gram
172.3,24.7,134.2,0.56,6.6,Horse Gram
117.7,15.3,121.6,0.48,6.6,Horse Gram
121.5,14,84.3,0.41,6.2,Horse Gram
89,15.1,75.5,0.4,5.9,Horse Gram
121.5,17,95.7,0.44,6.7,Horse Gram
182.4,26,147.8,0.59,6.3,Horse Gram
192.3,37.2,163.2,0.63,6.4,Horse Gram
95.1,10,90.9,0.4,7,Horse Gram
183.2,28.8,141,0.56,6.4,Horse Gram
94.2,10.8,96.2,0.38,6.4,Horse Gram
154.3,28.9,156.3,0.56,6.6,Horse Gram
106.6,20.5,117.3,0.43,6.3,Horse Gram
95.3,14.3,78.2,0.44,7.1,Horse Gram
179.7,36,161.5,0.61,6.7,Horse Gram
192.9,34.1,153.7,0.64,6.3,Horse Gram
149.6,24.2,129.2,0.5,6.8,Horse Gram
126.2,22.3,101,0.43,6.8,Horse Gram
86.4,18.9,86.6,0.4,6.6,Horse Gram
115.9,19.6,104.5,0.47,6.2,Horse Gram
135.7,18.8,104.7,0.5,6.3,Horse Gram
168.2,22.2,126.7,0.49,6.8,Horse Gram
143.4,29.2,123.8,0.52,7,Horse Gram
194.2,27.6,167.7,0.59,6.9,Horse Gram
109.6,18.6,97,0.42,6.3,Horse Gram
100.5,15.5,101.8,0.43,6.1,Horse Gram
184.4,26.3,150.5,0.57,7.3,Horse Gram
136.1,24.3,142.2,0.49,5.9,Horse Gram
186.8,29.8,144,0.61,6.4,Horse Gram
124,16.2,128.9,0.43,6.5,Horse Gram
104.2,22.2,100.1,0.4,7,Horse Gram
131.4,18.1,107.7,0.47,5.9,Horse Gram
116.2,17.8,135,0.46,6.2,Horse Gram
185.7,32.6,149.2,0.62,6.1,Horse Gram
105.4,17.9,70,0.45,6.6,Horse Gram
205.5,38.9,180,0.64,6.4,Horse Gram
137.4,23.6,112.8,0.5,6.6,Horse Gram
127.6,18,115.3,0.47,5.7,Horse Gram
105.8,14.7,105.5,0.4,7,Horse Gram
129.9,27.7,109,0.49,6.8,Horse Gram
176.4,28.1,138.2,0.6,6.7,Horse Gram
117.7,17.5,128.7,0.46,5.8,Horse Gram
117.7,19.5,111.8,0.43,6.7,Horse Gram
130.4,24.2,88.6,0.47,6.7,Horse Gram
128.6,20.6,104.1,0.46,6.6,Horse Gram
170,30.6,147.2,0.56,6.8,Horse Gram
158.2,25.3,153,0.58,7.4,Horse Gram
159.7,20.3,135.3,0.55,6.6,Horse Gram
92.6,11,60,0.35,6.9,Horse Gram
177.4,31.7,149.2,0.56,6.2,Horse Gram
133.1,20.1,116.8,0.51,7.2,Horse Gram
116,16.4,99.7,0.42,6.1,Horse Gram
79.8,13.6,63.6,0.35,6,Horse Gram
200.4,31.4,157.9,0.59,6.8,Horse Gram
169.2,29.4,173.1,0.58,6.2,Horse Gram
165.8,26.2,120,0.59,6.9,Horse Gram
108.9,18.4,76.8,0.47,6.6,Horse Gram
117.6,23.5,122.7,0.46,6.2,Horse Gram
185.6,27.3,158,0.56,5.8,Horse Gram
220,33.4,171.8,0.66,7.1,Horse Gram
70.5,17.3,92.6,0.34,6.4,Horse Gram
156.1,28.9,113.5,0.55,6,Horse Gram
106.6,21.9,113.4,0.46,6.2,Horse Gram
220,33,158.6,0.66,6.7,Horse Gram
209.2,33.2,167.3,0.63,6.3,Horse Gram
187.5,23.1,141.5,0.59,7.1,Horse Gram
142.9,22.6,111,0.43,6.8,Horse Gram
112.4,12.6,98.7,0.37,6.7,Horse Gram
187,35.9,164.1,0.63,7,Horse Gram
179.7,34.4,175.6,0.59,6.3,Horse Gram
173.2,26.5,159,0.56,7,Horse Gram
147.9,21.1,115,0.49,6.1,Horse Gram
148.5,24,142.3,0.58,5.7,Horse Gram
156.2,27.5,132.6,0.53,6.2,Horse Gram
169,28.8,156.8,0.64,7,Horse Gram
197.7,36.9,140.4,0.7,6.8,Horse Gram
136.2,21.9,119.3,0.49,5.8,Horse Gram
119.2,20.2,128.4,0.51,6.7,Horse Gram
98.3,17.3,94.1,0.48,6.1,Horse Gram
149.2,31.7,114,0.56,6.2,Horse Gram
138.8,22.5,105.8,0.48,7.1,Horse Gram
114.4,16.4,90.5,0.44,6.7,Horse Gram
107.3,20.1,87.6,0.45,6.6,Horse Gram
160.4,22.9,151.9,0.58,7.2,Horse Gram
133,21.5,122.5,0.46,6.9,Horse Gram
103.3,21.9,102.6,0.46,6.1,Horse Gram
94.7,14.1,74.7,0.41,6,Horse Gram
183,32.6,155.6,0.61,6.6,Horse Gram
144.7,26.5,115.1,0.47,6.7,Horse Gram
126.5,24.7,106.4,0.49,6.5,Horse Gram
148.9,19.5,142.4,0.48,5.9,Horse Gram
120.4,25.5,129.7,0.5,7,Horse Gram
183.2,37.9,175.7,0.61,6.1,Horse Gram
220,36.4,158.1,0.65,6.7,Horse Gram
120.6,23.3,122.3,0.42,6.9,Horse Gram
220,35.3,173.8,0.69,6.7,Horse Gram
196.1,36.7,176.2,0.69,7.3,Horse Gram
125.8,15.6,103.7,0.44,5.8,Horse Gram
138.3,25.4,130.2,0.52,5.7,Horse Gram
183,28.8,128.9,0.62,6.1,Horse Gram
133.2,25.9,115.1,0.5,7.2,Horse Gram
131.5,19.3,117.8,0.46,6.7,Horse Gram
161.2,23.1,154.9,0.55,6.8,Horse Gram
138.3,22.9,132.6,0.53,5.9,Horse Gram
207.9,31.3,169.7,0.62,6.6,Horse Gram
132.7,26,98,0.49,6.3,Horse Gram
136.9,27,126.8,0.56,7.2,Horse Gram
110.6,20,106.1,0.43,6.6,Horse Gram
113,15.6,107.9,0.41,6.1,Horse Gram
87.3,14.9,75.8,0.35,6.8,Horse Gram
186.5,33.9,147.4,0.59,6.1,Horse Gram
168.7,29.9,132.4,0.57,6.8,Horse Gram
170.7,23.7,134.8,0.62,5.8,Horse Gram
171.5,26.1,147.7,0.53,6,Horse Gram
133.1,23.7,116.1,0.46,5.7,Horse Gram
137.1,21.1,102.8,0.47,6.7,Horse Gram
120.8,13.4,116.3,0.42,6.3,Horse Gram
129.4,24.9,137.1,0.53,6.3,Horse Gram
158.6,27.7,147.5,0.54,6.6,Horse Gram
180,30.5,156.7,0.6,6.3,Horse Gram
169.8,30.1,151.6,0.56,6,Horse Gram
155.4,27.5,128.9,0.59,5.9,Horse Gram
136.7,25.4,111.9,0.49,6,Horse Gram
193.7,33.6,121.5,0.57,6.4,Horse Gram
148.5,22.6,128.6,0.58,6.7,Horse Gram
164,22.3,132.7,0.54,5.9,Horse Gram
172.4,28.9,128.4,0.6,6,Horse Gram
145.7,16,93.6,0.51,6.1,Horse Gram
201.4,37.2,168.3,0.67,6.9,Horse Gram
114.7,21,101.3,0.45,6.5,Horse Gram
87,16.9,84.6,0.38,6.5,Horse Gram
156.1,29.1,125.8,0.51,6.4,Horse Gram
158.5,29.5,110.3,0.58,6.5,Horse Gram
147.3,28.9,129.9,0.56,6.9,Horse Gram
126,17.1,117.8,0.43,6.7,Horse Gram
103.4,16.5,84.8,0.4,6.2,Horse Gram
95,15.8,78,0.38,6.2,Horse Gram
121.7,17,101,0.46,6.1,Horse Gram
191.6,23.3,113.3,0.58,5.6,Horse Gram
112,16.5,90.7,0.44,7,Horse Gram
122.5,21.8,111.3,0.47,7.2,Horse Gram
126.8,15.6,99.6,0.44,7.1,Horse Gram
123,17.8,108,0.42,6.7,Horse Gram
165.8,25.3,142.3,0.59,7,Horse Gram
178.8,33.1,137.5,0.56,6.1,Horse Gram
98.4,14.6,84.6,0.38,6.3,Horse Gram
103.2,12.7,73.1,0.41,6.1,Horse Gram
135.4,21.1,109.2,0.43,6.5,Horse Gram
201.7,30.9,169.5,0.69,6.4,Horse Gram
149.1,20.6,115.6,0.55,5.8,Horse Gram
124.7,18.6,94.8,0.46,6.1,Horse Gram
149.4,27,155,0.52,6.2,Horse Gram
72.1,10.9,80.8,0.36,7,Horse Gram
125.9,15.4,102.1,0.42,6.3,Horse Gram
96.1,12.6,104.8,0.45,5.7,Horse Gram
166.8,26.2,149.1,0.55,6.1,Horse Gram
125.9,25.9,111.5,0.49,6.9,Horse Gram
160,26.2,125.8,0.53,6.4,Horse Gram
133.8,26.1,116.2,0.51,6.8,Horse Gram
99.7,18.8,108.6,0.45,6,Horse Gram
177.7,34.8,160.4,0.64,6.8,Horse Gram
160.2,25,142.4,0.58,5.7,Horse Gram
165.9,25.5,158.5,0.56,6.1,Horse Gram
142.7,28.8,110.4,0.55,6.6,Horse Gram
155,21.5,117.3,0.49,6.6,Horse Gram
145.2,28.9,129.7,0.51,6.6,Horse Gram
119.6,23.8,99.5,0.44,6.6,Horse Gram
189.4,35.8,158.9,0.63,6.4,Horse Gram
174.5,26.9,137.2,0.63,7.2,Horse Gram
142.8,22.3,119.3,0.53,6.9,Horse Gram
163.6,24.1,139.1,0.52,6.5,Horse Gram
158,27,118.3,0.52,6.2,Horse Gram
104.8,20.5,97,0.4,6.9,Horse Gram
163.9,28,139.4,0.58,6.2,Horse Gram
196.9,25.4,137,0.61,6,Horse Gram
182.5,32.5,131.4,0.53,5.9,Horse Gram
106.3,15.6,91.7,0.37,6.7,Horse Gram
180.2,28.6,152.7,0.59,6.2,Horse Gram
69.9,18.9,91,0.39,6.6,Horse Gram
153.2,26.1,118.1,0.5,6.4,Horse Gram
179.7,27.3,133.1,0.59,5.9,Horse Gram
155.7,25.1,149.6,0.61,6.7,Horse Gram
100.9,20.4,89.4,0.45,6.3,Horse Gram
117.8,23.2,87.2,0.46,6.8,Horse Gram
120.4,22.4,105.9,0.48,6.7,Horse Gram
174,32.2,153.1,0.57,6.9,Horse Gram
131,20.9,98,0.44,5.7,Horse Gram
100.8,16.5,81.4,0.34,6.9,Horse Gram
185.7,27.5,165.7,0.6,7.2,Horse Gram
166.6,29.6,105.6,0.51,6.1,Horse Gram
98.1,19.9,104.5,0.44,6.2,Horse Gram
191.1,34.9,157.5,0.66,6.4,Horse Gram
177.9,34,161,0.63,6.6,Horse Gram
187.9,24.1,156.3,0.62,7,Horse Gram
139.4,24.8,127.5,0.51,6.3,Horse Gram
214.4,35.2,168.2,0.7,6.2,Horse Gram
117.7,15.6,126.3,0.43,5.6,Horse Gram
187.5,29.3,158.9,0.59,5.9,Horse Gram
200.1,33,155.4,0.66,6.5,Horse Gram
102.7,22.6,111.8,0.44,6.4,Horse Gram
181.8,32,140.8,0.63,7,Horse Gram
81.2,14.6,91.5,0.34,6.8,Horse Gram
95.8,16.5,82.1,0.4,6.3,Horse Gram
175.2,34,140.7,0.6,6.8,Horse Gram
124.4,22.8,127.7,0.48,6.9,Horse Gram
145.7,22.4,136.7,0.49,5.9,Horse Gram
148.7,20.5,128.1,0.42,6,Horse Gram
150.5,27.8,138.4,0.53,6.5,Horse Gram
122.2,20.2,112.2,0.47,6,Horse Gram
160,20.2,130.8,0.58,5.9,Horse Gram
136.3,16.7,101,0.41,7.3,Horse Gram
112.4,17.3,77.3,0.43,5.8,Horse Gram
135.5,24.8,126.7,0.5,6.8,Horse Gram
121.4,22.7,117.4,0.43,6.9,Horse Gram
163.5,29.7,119.6,0.54,6.6,Horse Gram
174.4,28.8,141.2,0.63,7,Horse Gram
131.6,16.6,108.7,0.48,6.1,Horse Gram
162.8,29,125.4,0.54,6.8,Horse Gram
174.1,26.3,127.4,0.53,6.8,Horse Gram
134.6,21.6,89.9,0.51,6.7,Horse Gram
157.1,22.5,129,0.56,6.4,Horse Gram
172.6,35.2,152.9,0.68,6.1,Horse Gram
136.7,17.7,93.4,0.47,6.8,Horse Gram
136.9,20.4,125.7,0.47,6,Horse Gram
120.5,15.7,107.4,0.46,6.1,Horse Gram
114.4,20.2,92.9,0.41,6.8,Horse Gram
112.4,15.3,83.6,0.4,6.7,Horse Gram
133.1,18.2,120.1,0.46,7.1,Horse Gram
133.3,27.1,145.4,0.41,6.7,Horse Gram
177,28.5,166.1,0.57,6.6,Horse Gram
149,25.5,141.5,0.51,6.9,Horse Gram
184.1,30,173.9,0.59,6.7,Horse Gram
104.5,12.9,83.6,0.4,6.9,Horse Gram
135.9,20.1,86.3,0.47,6.1,Horse Gram
174.7,31.4,150.6,0.65,6.7,Horse Gram
149.5,22.9,128.6,0.48,6.9,Horse Gram
186.4,35.5,180,0.63,6.7,Horse Gram
177.2,30.1,142.6,0.58,6.2,Horse Gram
118.9,13.4,102.9,0.46,5.8,Horse Gram
182.6,29.8,113.9,0.6,6.6,Horse Gram
116.7,14.7,115.1,0.49,7.1,Horse Gram
125.9,19.9,114.2,0.47,6.8,Horse Gram
122.3,17.3,116.2,0.48,7.1,Horse Gram
170.9,24.3,160.4,0.6,5.9,Horse Gram
121.6,21.2,98.9,0.44,6,Horse Gram
210.8,39.1,159.1,0.7,6.5,Horse Gram
116.1,25.4,88.8,0.43,6.6,Horse Gram
167.2,32.8,115.2,0.54,6.5,Horse Gram
122,26.4,123.2,0.48,5.9,Horse Gram
153.8,24.5,94.4,0.55,6.2,Horse Gram
74.9,14.2,83.4,0.36,7.2,Horse Gram
148.8,30.1,122.4,0.59,6.5,Horse Gram
152.6,16.3,155,0.57,7,Horse Gram
94,10,90.6,0.37,6.6,Horse Gram
131.7,24.4,123.9,0.49,6.9,Horse Gram
113.2,18.6,78,0.46,6.6,Horse Gram
116.6,15.8,105.4,0.47,5.8,Horse Gram
155.4,23.7,142.8,0.54,6.1,Horse Gram
154.3,24.8,124.3,0.59,6.1,Horse Gram
77.5,16.6,67.5,0.34,6.8,Horse Gram
220,40,173,0.6,7.1,Horse Gram
60.5,14.4,60,0.35,6.5,Horse Gram
128.8,22.1,103.5,0.51,6.1,Horse Gram
155,26.1,146.2,0.52,7.3,Horse Gram
73.6,10,84.6,0.34,7.4,Horse Gram
125.7,17.8,103.1,0.48,6.8,Horse Gram
77.8,10,77.5,0.37,7.5,Horse Gram
162.4,33.6,130.1,0.53,6.5,Horse Gram
188.7,30.9,142.6,0.6,5.8,Horse Gram
101.5,14.2,74.6,0.42,7,Horse Gram
128.5,15.3,121.3,0.49,6.9,Horse Gram
148.7,30.2,123.5,0.52,6.2,Horse Gram
149.4,23.6,125,0.53,7,Horse Gram
116.2,16.8,138.8,0.48,6,Horse Gram
63.4,10,89,0.3,7.4,Horse Gram
161,24.4,125.1,0.56,5.6,Horse Gram
193.4,37.8,174.8,0.63,6.8,Horse Gram
204.8,32.7,160.7,0.65,7.3,Horse Gram
196.1,31.4,162.8,0.62,6.6,Horse Gram
190,27.1,155,0.63,5.8,Horse Gram
189.7,29.6,174.7,0.63,5.9,Horse Gram
151.1,27.9,133.6,0.57,5.8,Horse Gram
135.4,20.3,111.3,0.55,7.5,Horse Gram
171.5,29.9,143.8,0.57,7,Horse Gram
168.7,17.2,131.1,0.61,7.4,Horse Gram
69,10.6,62.8,0.31,6.1,Horse Gram
136.1,22.9,95.3,0.51,6.7,Horse Gram
156.3,21.7,121.9,0.61,6,Horse Gram
213.6,27.4,165.8,0.68,7.1,Horse Gram
196.9,25.7,172.8,0.63,5.7,Horse Gram
192.5,31.2,164.9,0.62,7.3,Horse Gram
159.2,25.9,129.9,0.53,6.9,Horse Gram
115,20.6,111.6,0.49,7.1,Horse Gram
171.4,24.7,139.3,0.6,7.1,Horse Gram
166.9,33.5,152.2,0.55,6.1,Horse Gram
148.3,26.3,144.5,0.47,7.4,Horse Gram
213.2,26.2,180,0.64,5.6,Horse Gram
124.3,22,125.5,0.5,6.1,Horse Gram
92.1,17.7,60,0.43,6.4,Horse Gram
193.2,25.9,150,0.59,7,Horse Gram
69.7,14.2,60,0.3,6.1,Horse Gram
96.1,18.8,86.9,0.36,7,Horse Gram
130.2,26.4,130.3,0.51,6,Horse Gram
179.4,29.7,160,0.58,6.8,Horse Gram
145.4,20.6,105.2,0.55,6.1,Horse Gram
150.9,24.7,128.9,0.5,6,Horse Gram
220,30.4,171.9,0.65,6,Horse Gram
100.7,15.4,111.5,0.43,7.2,Horse Gram
164.4,27.3,143.2,0.59,6.6,Horse Gram
68.6,10.6,92.4,0.35,6.5,Horse Gram
92.1,12.7,83.8,0.35,5.8,Horse Gram
211.7,31.5,153.3,0.65,6.7,Horse Gram
71.4,10,60,0.38,6.9,Horse Gram
172.8,25.5,141.8,0.57,6.4,Horse Gram
170.9,26.8,145.3,0.6,6.2,Horse Gram
135.5,27.9,112.9,0.53,6.6,Horse Gram
111.1,18.7,91.4,0.36,7.3,Horse Gram
214.7,36.8,162.9,0.7,5.7,Horse Gram
107.5,12.4,84.2,0.38,5.6,Horse Gram
182.5,33.3,146,0.64,5.8,Horse Gram
148.5,23.7,157.9,0.53,6.2,Horse Gram
61.2,10,60,0.3,5.8,Horse Gram
158.8,24,139.3,0.47,6.1,Horse Gram
169.3,28.6,145.3,0.55,6.2,Horse Gram
211.7,40,163.6,0.67,6.7,Horse Gram
196.7,29.2,170.1,0.66,7,Horse Gram
130.9,21.7,128.7,0.5,6,Horse Gram
196.9,34.1,172.9,0.68,5.9,Horse Gram
150,28.3,131.4,0.53,6.3,Horse Gram
212.4,32.1,178.7,0.62,6.4,Horse Gram
159,20.6,100.4,0.55,7.2,Horse Gram
102.6,10,68.6,0.32,5.6,Horse Gram
86.1,15.7,107,0.38,7,Horse Gram
60,14.8,101.6,0.37,6.1,Horse Gram
87.9,12.1,102.8,0.37,7.4,Horse Gram
81.3,13.2,86.4,0.34,5.8,Horse Gram
60,10.8,60,0.3,6.1,Horse Gram
204.2,34.1,147,0.61,6.5,Horse Gram
158.3,21.7,163.3,0.56,7.2,Horse Gram
157.6,27.3,141.6,0.57,6,Horse Gram
90.6,10,68.4,0.3,6.7,Horse Gram
131.7,17.6,115.4,0.47,7,Horse Gram
114.9,17.9,103,0.39,6.6,Horse Gram
150.4,25.7,129.9,0.51,6.7,Horse Gram
138,20.2,113.5,0.48,5.9,Horse Gram
139.2,20.9,137.3,0.52,7,Horse Gram
161.4,28.4,158,0.62,6.6,Horse Gram
127,24.1,108.5,0.56,7.1,Horse Gram
161.3,28.4,135.8,0.56,5.6,Horse Gram
220,31.8,166.6,0.69,7.4,Horse Gram
201.5,28.7,158.7,0.61,5.8,Horse Gram
115.7,10.8,88.7,0.4,7,Horse Gram
79.6,10,77.5,0.38,6.9,Horse Gram
220,35.9,163.1,0.67,7.2,Horse Gram
148.3,27.6,140.5,0.56,6.4,Horse Gram
198.2,30.5,180,0.7,7.2,Horse Gram
86.3,11.3,60,0.35,6.9,Horse Gram
156.6,22.4,92.7,0.53,7.1,Horse Gram
220,33.9,180,0.7,6,Horse Gram
205.7,40,170,0.68,6.5,Horse Gram
209.9,37.4,155.7,0.7,5.9,Horse Gram
140.3,26.1,122.2,0.5,5.8,Horse Gram
75.7,11.1,60,0.33,6.3,Horse Gram
115.9,22,96.8,0.49,6.8,Horse Gram
164,23.2,126.8,0.53,6.8,Horse Gram
220,29.7,172.9,0.69,7.4,Horse Gram
177.1,32.7,174.4,0.63,6.6,Horse Gram
204,34.8,171.2,0.64,5.8,Horse Gram
183.7,34.1,172.1,0.59,6,Horse Gram
195.8,36.7,159.7,0.63,6.4,Horse Gram
173.7,26.9,148.9,0.62,5.8,Horse Gram
189.8,28.5,138.2,0.63,5.7,Horse Gram
81.2,10,95.4,0.39,7.5,Horse Gram
176.5,32.9,157.1,0.59,6.2,Horse Gram
79.5,10.2,85.1,0.32,5.8,Horse Gram
219.6,37.4,180,0.7,7.4,Horse Gram
79.8,10,76.9,0.3,6.8,Horse Gram
78.8,10.6,61.6,0.36,7.2,Horse Gram
107.4,13.8,89.7,0.36,6.7,Horse Gram
155.1,27.4,126.2,0.51,6,Horse Gram
88.3,11.7,96.7,0.35,7.2,Horse Gram
165.8,25.5,145.1,0.54,7.1,Horse Gram
197.7,37.5,171.5,0.65,5.8,Horse Gram
105.6,16.4,89.7,0.47,5.7,Horse Gram
163.3,31.3,174.9,0.57,6.7,Horse Gram
89.5,11.7,75.3,0.39,5.8,Horse Gram
197.4,33.6,161.6,0.7,6,Horse Gram
197.7,35.3,167.4,0.66,6.8,Horse Gram
127.4,15.7,104.8,0.45,5.6,Horse Gram
100.6,12.4,110.4,0.38,6.7,Horse Gram
199.5,26.1,158.4,0.68,7.3,Horse Gram
188.9,32.1,150.5,0.65,7.2,Horse Gram
81.1,13.1,67,0.31,6.9,Horse Gram
181.3,31.5,172.7,0.61,7.3,Horse Gram
162.3,25.2,126.9,0.57,7.3,Horse Gram
110,12.2,84,0.38,6,Horse Gram
216.9,34.7,145.4,0.65,7.2,Horse Gram
196.4,35.5,155.9,0.65,6.5,Horse Gram
192.1,29.8,152,0.62,7,Horse Gram
216.6,36.2,174.7,0.7,5.6,Horse Gram
197.7,34.6,165,0.66,6.8,Horse Gram
194.8,37.7,142.9,0.63,6.5,Horse Gram
113.2,12.4,86,0.39,7.3,Horse Gram
117.9,22.5,96.8,0.43,6.1,Horse Gram
201,34.3,159.2,0.65,6,Horse Gram
129.9,15.2,108.6,0.41,6.8,Horse Gram
86.6,10,73.8,0.4,7.5,Horse Gram
120.3,23.1,108.1,0.48,6.9,Cowpea
125.2,27.9,117.9,0.55,6.8,Cowpea
189.4,32.5,129.1,0.64,6.4,Cowpea
130.9,26.6,94.5,0.53,6.7,Cowpea
194.1,38.7,157.2,0.68,7.1,Cowpea
121.2,25.2,83.9,0.46,7,Cowpea
137.5,28.3,116.7,0.49,6.8,Cowpea
209.9,38,142.2,0.66,6.6,Cowpea
158.9,28.4,165.4,0.51,6.9,Cowpea
209.2,38.6,159.7,0.63,6.8,Cowpea
177.5,31.5,133.4,0.58,6.9,Cowpea
154.8,30.7,114.1,0.62,6.8,Cowpea
114.6,21.5,102.3,0.47,6.9,Cowpea
107.8,16,79.4,0.45,6.8,Cowpea
152.2,22.7,108.1,0.53,6.6,Cowpea
149.6,31.4,127.2,0.6,6.7,Cowpea
201.8,40.7,179.4,0.61,6.9,Cowpea
126.9,30.5,83.4,0.53,7.1,Cowpea
173.6,39.5,137,0.63,6.9,Cowpea
222.2,39.9,176.9,0.78,6.5,Cowpea
189.6,39.1,171.1,0.61,6.5,Cowpea
143.6,38.5,135.3,0.54,6.7,Cowpea
145.7,28.6,107.7,0.5,6.8,Cowpea
176.3,30.1,126,0.59,6.8,Cowpea
100.4,23.4,82.6,0.39,7,Cowpea
126.9,28.1,127.8,0.47,6.4,Cowpea
138.1,28.9,121.5,0.58,7,Cowpea
143.2,29.6,112.6,0.49,6.8,Cowpea
103.4,21.6,88.3,0.49,6.7,Cowpea
184.4,37.7,149.1,0.61,6.4,Cowpea
132,31.7,111.8,0.52,7,Cowpea
157.4,31.7,151.7,0.57,6.6,Cowpea
118.8,27.5,115.5,0.47,7,Cowpea
113.8,24.9,96.2,0.48,7.1,Cowpea
128.6,30.3,109.2,0.57,6.8,Cowpea
98.1,17.4,80,0.39,6.6,Cowpea
179.7,34.6,133.3,0.6,7,Cowpea
182.8,33.2,134.9,0.59,6.6,Cowpea
110,27.2,111.6,0.55,6.6,Cowpea
193.5,34.4,157.4,0.67,6.3,Cowpea
112,19.3,110.6,0.4,7.1,Cowpea
142.5,33.8,133.6,0.52,7.1,Cowpea
185.3,37.8,160.1,0.62,7.1,Cowpea
134.6,29.2,128.1,0.54,6.6,Cowpea
199.3,41.6,180.9,0.64,6.8,Cowpea
172.5,35.9,145.5,0.65,6.6,Cowpea
104.1,15,92.4,0.37,7.1,Cowpea
114.6,24.6,113.5,0.47,6.6,Cowpea
162,36.9,138,0.65,6.8,Cowpea
137.2,26.9,108.5,0.55,6.9,Cowpea
161,29.8,97,0.51,6.7,Cowpea
196.8,45.9,162.9,0.69,6.4,Cowpea
186.7,43.2,161,0.62,6.5,Cowpea
191.8,33.7,172.1,0.59,7.1,Cowpea
150,35.5,140.7,0.63,6.8,Cowpea
152.1,29.3,154.5,0.61,6.4,Cowpea
168.2,31.3,135,0.54,7.1,Cowpea
97.7,19.4,85.5,0.48,6.6,Cowpea
158.8,27.6,160.7,0.53,6.4,Cowpea
161.6,33.8,142.3,0.49,6.9,Cowpea
142.1,33.4,104,0.57,6.5,Cowpea
119.9,30.2,115.3,0.56,6.9,Cowpea
158.3,38.5,138,0.63,6.7,Cowpea
197.4,35,155.6,0.61,6.9,Cowpea
166,35.3,138.4,0.64,6.9,Cowpea
136.4,24.8,110.7,0.5,6.7,Cowpea
80.7,21.5,79.5,0.46,7,Cowpea
177.2,37.3,121,0.61,6.6,Cowpea
156.9,28.8,128.2,0.5,6.4,Cowpea
182.2,41.4,200,0.66,6.4,Cowpea
129.2,32.2,115.8,0.49,6.7,Cowpea
181.4,37.5,137.2,0.59,6.9,Cowpea
147.2,33.5,119.2,0.56,6.7,Cowpea
165.8,31.7,149.2,0.61,6.7,Cowpea
93.4,24.6,91.2,0.41,6.7,Cowpea
151.2,32.9,163.9,0.64,6.5,Cowpea
158.4,34.1,138.5,0.53,6.9,Cowpea
94.6,15.2,64.4,0.38,6.8,Cowpea
149.8,30.3,110.8,0.59,6.6,Cowpea
161.3,29.6,155.5,0.55,6.5,Cowpea
152.6,31.1,128.9,0.57,6.7,Cowpea
115.1,17.1,112.5,0.38,7,Cowpea
145.4,40.1,145.6,0.61,6.6,Cowpea
191.2,39.3,120.5,0.65,6.9,Cowpea
159,36.4,172.2,0.63,6.9,Cowpea
140.9,29.5,148.3,0.52,6.5,Cowpea
168.8,39.5,140.9,0.61,7,Cowpea
129.7,30.8,102.7,0.55,7,Cowpea
201,46.3,163.1,0.7,6.9,Cowpea
169.1,42,155.7,0.61,6.8,Cowpea
159.8,29.7,82.3,0.49,6.9,Cowpea
167.7,27.3,146.9,0.59,6.8,Cowpea
106.4,26.7,98.8,0.47,7,Cowpea
167.2,32.8,151.1,0.66,7.3,Cowpea
180.7,36.9,170.9,0.55,7.1,Cowpea
153,29.9,129.8,0.46,6.4,Cowpea
134.1,29.7,123.1,0.54,6.6,Cowpea
156.2,32.7,126.3,0.54,6.6,Cowpea
163.6,36.5,132.2,0.61,7.1,Cowpea
181.6,36.3,162.1,0.68,6.9,Cowpea
162.9,39.2,140.6,0.68,6.6,Cowpea
65.9,15,70.4,0.3,6.3,Cowpea
102.6,26.9,104.4,0.37,6.6,Cowpea
184.4,34.2,132.9,0.62,6.7,Cowpea
120.6,25.8,102.3,0.47,6.7,Cowpea
147.7,27.7,127.2,0.62,7.2,Cowpea
127.5,27.9,125.3,0.46,7.1,Cowpea
174.7,34.1,134.1,0.66,7.1,Cowpea
116.4,24.9,117.5,0.43,6.8,Cowpea
135,25.7,112,0.47,6.7,Cowpea
223.1,37.3,163.3,0.69,6.8,Cowpea
173.1,33.3,163.7,0.64,7.3,Cowpea
205.9,37,176.8,0.7,7.2,Cowpea
158.4,32.1,124,0.61,6.6,Cowpea
236.7,42.2,169.7,0.79,7,Cowpea
191.9,39.9,169.2,0.68,7,Cowpea
126.3,27.2,118.9,0.43,6.4,Cowpea
100.2,27.3,128.6,0.43,7,Cowpea
150.8,33.4,134.8,0.57,6.2,Cowpea
205.9,44.9,164.5,0.67,6.4,Cowpea
150.6,24.4,129.2,0.52,6.6,Cowpea
211.1,45.7,176.7,0.77,7,Cowpea
155.3,29.1,105,0.56,6.4,Cowpea
79.7,16.6,62.9,0.32,7.2,Cowpea
109.6,22.5,99.4,0.36,6.7,Cowpea
153.6,29.1,103.1,0.6,6.8,Cowpea
111.5,19.9,120.4,0.43,7.1,Cowpea
147.4,27.4,104.1,0.52,6.7,Cowpea
124.2,19.7,66.3,0.45,7.3,Cowpea
163.2,35.5,113.3,0.61,6.7,Cowpea
191.4,39.3,187.6,0.66,6.9,Cowpea
172.9,32.1,167.6,0.6,7.1,Cowpea
110.1,28.9,80.6,0.44,6.9,Cowpea
161.6,30.2,132.7,0.54,6.1,Cowpea
103.4,21,87.4,0.39,6.6,Cowpea
165.8,41.6,161,0.64,7.3,Cowpea
102.7,19.2,90.7,0.48,7.1,Cowpea
135.8,38.1,127.9,0.57,6.9,Cowpea
199.9,41.1,167.4,0.7,6.9,Cowpea
130.8,33.4,120.4,0.52,6.4,Cowpea
199.6,47.9,183.8,0.71,6.4,Cowpea
184.6,36,167.3,0.56,6.5,Cowpea
117.6,26.1,122.8,0.51,6.8,Cowpea
191.2,38.5,171.4,0.76,7.2,Cowpea
60,19.4,113.9,0.37,6.3,Cowpea
120.7,22.2,117.2,0.42,6.5,Cowpea
147.7,23.4,120.2,0.53,6.4,Cowpea
108.7,18.2,92.2,0.39,6.5,Cowpea
170.8,33.1,143,0.67,6.4,Cowpea
138.3,22.2,106,0.45,7.2,Cowpea
64,20.2,76.7,0.31,6.7,Cowpea
127.9,30.2,109.7,0.43,6.5,Cowpea
171.7,36.2,137.6,0.62,6.3,Cowpea
182.7,35.4,156.3,0.58,6.6,Cowpea
139.8,32.5,132.9,0.55,6.9,Cowpea
156.1,27.5,120.3,0.48,6.3,Cowpea
204.1,37,184,0.69,7,Cowpea
218.5,36.5,146,0.79,6.5,Cowpea
196.2,34.8,168.4,0.72,6.7,Cowpea
154.1,31.6,143.7,0.59,6.4,Cowpea
183.7,41.7,156.1,0.61,7,Cowpea
146.8,37.2,153.6,0.52,6.7,Cowpea
153.5,28.2,134.5,0.52,6.7,Cowpea
182.3,34.7,161.3,0.6,6.9,Cowpea
103.2,20.5,94,0.44,6.3,Cowpea
125.8,29.9,117.4,0.5,6.8,Cowpea
115.5,17.9,97.6,0.43,6.8,Cowpea
179.2,37.4,147.5,0.67,6.5,Cowpea
157.2,31.4,122.4,0.54,6.8,Cowpea
101,23.2,100.6,0.43,6.6,Cowpea
145.2,33.2,126.5,0.51,6.5,Cowpea
230.7,41.7,170.3,0.64,6.7,Cowpea
161,38.5,147.2,0.67,6.3,Cowpea
141.6,23.1,128.6,0.52,6.8,Cowpea
196.2,35.8,159.1,0.66,7,Cowpea
208.7,39.1,169.2,0.7,6.3,Cowpea
84,24.7,78.2,0.37,7,Cowpea
159.2,33.5,107,0.57,7.1,Cowpea
128.2,22.5,106.6,0.53,7.2,Cowpea
139.7,29.8,127.7,0.54,6.5,Cowpea
155.5,30.6,142.3,0.57,7,Cowpea
136.1,27.5,143.3,0.49,6.9,Cowpea
142.8,27.2,125.9,0.51,7.1,Cowpea
94.6,22.6,89.9,0.39,6.6,Cowpea
160.9,35.2,131.1,0.56,6.5,Cowpea
142,23.9,129.9,0.53,6.9,Cowpea
118.4,23.1,127.2,0.51,6.3,Cowpea
131.3,25.1,126.9,0.48,7.2,Cowpea
195,37.1,185.3,0.67,6.9,Cowpea
110.1,25.8,97.4,0.44,6.3,Cowpea
113.2,24.7,109.8,0.49,6.5,Cowpea
142.2,30.8,110.9,0.51,6.9,Cowpea
95.1,21.2,78.4,0.48,6.3,Cowpea
175.2,35.3,154.5,0.59,6.7,Cowpea
159.8,29.7,138,0.52,6.6,Cowpea
126.1,30.7,105.2,0.42,6.5,Cowpea
137.8,29.4,114.2,0.6,6.3,Cowpea
180.4,30.2,159.6,0.62,6.5,Cowpea
140.3,27.5,135.8,0.43,6.5,Cowpea
139.7,37,127.2,0.56,6.8,Cowpea
209.1,44.3,168.1,0.77,7.1,Cowpea
221.7,40.1,174.8,0.71,6.8,Cowpea
166.6,32.8,156.9,0.59,6.7,Cowpea
119.5,27.6,112.6,0.46,6.4,Cowpea
210.4,44.4,171.5,0.67,6.6,Cowpea
131.2,22,104.9,0.53,6.9,Cowpea
160.8,28.9,127.9,0.49,6.8,Cowpea
124.7,22.5,117.1,0.5,6.7,Cowpea
232.3,48.9,186.2,0.79,6.6,Cowpea
190.4,35.2,151.9,0.64,7.3,Cowpea
179.6,33.7,187.9,0.65,7,Cowpea
163.1,37.8,132.9,0.61,6.9,Cowpea
97,23.1,113.2,0.48,6.9,Cowpea
168.7,31,174.1,0.59,7,Cowpea
144.1,20.4,112.6,0.41,6.9,Cowpea
217.9,43.5,163.4,0.69,7.3,Cowpea
174.9,41,125.6,0.58,6.4,Cowpea
195.7,38.5,183.7,0.71,7.2,Cowpea
170.1,33.5,136,0.63,7,Cowpea
206,37.5,197.8,0.72,6.2,Cowpea
171.5,37.7,197.4,0.76,7.1,Cowpea
181.8,35.1,135.3,0.56,6.6,Cowpea
148.4,29.3,126.4,0.6,6.4,Cowpea
195.1,40.2,120.9,0.64,6.9,Cowpea
180.7,36.6,172.4,0.65,7,Cowpea
173.5,30.1,145.8,0.61,6.4,Cowpea
97.3,23.3,107.6,0.43,6.6,Cowpea
220.4,35,154.8,0.67,6.3,Cowpea
117.2,24.7,87.1,0.36,6.6,Cowpea
186.7,28.8,146,0.69,7.2,Cowpea
144.2,26.2,131.2,0.5,6.2,Cowpea
87,16.2,68.9,0.41,7.1,Cowpea
151.3,28.1,154.9,0.5,6.3,Cowpea
133.5,28.7,111.8,0.56,6.4,Cowpea
131,27.2,108,0.5,6.4,Cowpea
182.2,39.9,131.3,0.6,6.8,Cowpea
97.2,15,102.8,0.39,7.4,Cowpea
86,15,80.9,0.37,7,Cowpea
207.8,44.1,166.5,0.74,6.7,Cowpea
134.1,26.7,100.1,0.55,7.2,Cowpea
135.2,27.2,116.6,0.54,6.7,Cowpea
101.5,26.2,73.9,0.51,6.7,Cowpea
148,27.6,126.9,0.54,6.4,Cowpea
152.8,29.5,134.5,0.54,6.8,Cowpea
223,42.1,158.4,0.69,7.1,Cowpea
146.9,31,111.7,0.55,7.1,Cowpea
106,16.6,86.8,0.4,7.1,Cowpea
152.6,28,136,0.54,7.3,Cowpea
178.3,38.4,154.6,0.66,6.7,Cowpea
151.4,29.6,126.1,0.56,6.9,Cowpea
99.7,22.3,90.2,0.42,7,Cowpea
83.1,20.2,90.1,0.48,7,Cowpea
126.2,27.2,156.9,0.58,7.3,Cowpea
172.6,25.9,134,0.55,7.2,Cowpea
174.7,41.1,179.2,0.66,6.7,Cowpea
140.9,23.8,134.2,0.53,7,Cowpea
127.6,27.5,136.2,0.5,7,Cowpea
151.9,29.9,144.6,0.61,7.2,Cowpea
122.3,24.8,104.9,0.44,6.6,Cowpea
115.2,25.2,108,0.48,6.7,Cowpea
111.2,28.3,65.9,0.44,6.8,Cowpea
84.2,18.4,86.7,0.35,6.7,Cowpea
105.9,21.6,84.7,0.38,6.9,Cowpea
126.1,19.7,89.5,0.48,7,Cowpea
157.5,31.2,117.7,0.65,7.3,Cowpea
135.8,30.8,139.4,0.49,6.8,Cowpea
164.9,24.4,153,0.54,7,Cowpea
169.4,37.4,116.8,0.6,6.7,Cowpea
144.6,32.3,94,0.52,6.6,Cowpea
110.9,24.8,85,0.46,7.1,Cowpea
179.1,32.7,152.6,0.69,7.3,Cowpea
131.1,25.7,113.7,0.54,7.1,Cowpea
147.6,31.7,127,0.59,6.3,Cowpea
125.4,26.3,100.6,0.61,6.8,Cowpea
101.5,25.4,108.6,0.47,6.9,Cowpea
90.3,15,78.9,0.42,6.7,Cowpea
88.2,20.3,76.8,0.37,6.5,Cowpea
137.6,29.8,107.3,0.46,6.7,Cowpea
146.3,33.3,108.5,0.52,6.7,Cowpea
138.9,27.8,133.8,0.49,6.6,Cowpea
100.2,15.8,100.1,0.41,7,Cowpea
130.3,28.1,118.8,0.49,6.6,Cowpea
189,34.8,163,0.64,6.5,Cowpea
158.5,35.7,129.8,0.58,6.5,Cowpea
93.6,26.5,126.6,0.41,6.6,Cowpea
133.7,28.7,117.7,0.45,6.5,Cowpea
165.9,37,140.5,0.57,6.8,Cowpea
129.1,15,94.1,0.4,6.6,Cowpea
122.2,29.7,112,0.45,6.5,Cowpea
125.3,25.9,114.4,0.45,6.7,Cowpea
202.2,43.1,192.9,0.71,6.5,Cowpea
192.4,40.5,191.8,0.75,7,Cowpea
177.7,29.8,118,0.59,6.1,Cowpea
163.3,31,163.9,0.59,6.4,Cowpea
159.6,31.3,173.6,0.66,7,Cowpea
161.9,34.8,143,0.6,6.4,Cowpea
189.1,40.9,155.1,0.72,6.7,Cowpea
129.3,23.9,132.9,0.46,6.5,Cowpea
118.4,23,83,0.39,6.4,Cowpea
88.1,16.2,89.3,0.43,7.3,Cowpea
169.1,33.9,131.5,0.63,6.9,Cowpea
122,26.9,104,0.44,6.9,Cowpea
91.8,20,92.4,0.37,6.7,Cowpea
198.8,40.4,186.8,0.67,6.9,Cowpea
147.5,38.7,163.4,0.58,6.6,Cowpea
162.9,28.7,153.5,0.59,6.3,Cowpea
170.7,38.2,165.5,0.66,6.5,Cowpea
172.9,37.1,138.8,0.59,6.6,Cowpea
116.4,23.3,76.4,0.43,7.1,Cowpea
176.7,44.4,127.3,0.68,6.7,Cowpea
143.6,27.6,128.8,0.55,6.9,Cowpea
203.8,38,176.6,0.69,6.6,Cowpea
81.5,19.5,80.8,0.37,6.4,Cowpea
191.9,37.7,158.8,0.55,7.1,Cowpea
142.3,28.4,114.8,0.54,7,Cowpea
193.7,37.6,175.6,0.73,6.4,Cowpea
124.2,28.7,112.9,0.38,7.3,Cowpea
214.9,44,176.1,0.66,6.8,Cowpea
184.7,34.7,164.6,0.62,7.4,Cowpea
135.6,29.4,105,0.42,6.8,Cowpea
230.5,44.8,187.1,0.76,7.1,Cowpea
173.7,34.8,176.3,0.6,6.6,Cowpea
190.8,41.9,173.9,0.61,6.6,Cowpea
204.2,26,153.2,0.6,6.6,Cowpea
168.5,35.6,145.7,0.62,6.9,Cowpea
99.5,19.2,104.6,0.49,6.8,Cowpea
161.4,28.8,143.9,0.56,7.2,Cowpea
72.5,17.5,60,0.35,7.1,Cowpea
167.5,30.5,107.5,0.64,7.1,Cowpea
155.6,27.8,138.6,0.62,6.1,Cowpea
124.5,31.6,123.6,0.55,7,Cowpea
189.2,37.8,180.5,0.67,6.9,Cowpea
130.6,22.8,88.5,0.45,6.9,Cowpea
186.9,37.3,143.1,0.75,6.9,Cowpea
163.7,25.9,147,0.52,7.2,Cowpea
141.8,31.3,101.5,0.43,6.8,Cowpea
212,36.9,143.6,0.66,6.1,Cowpea
92,21,73.5,0.35,6.8,Cowpea
88.9,15,84.3,0.41,6.2,Cowpea
99.1,21.8,140.1,0.42,7.1,Cowpea
142.4,33.1,154.8,0.49,6.7,Cowpea
107.6,15,140.9,0.49,7.3,Cowpea
155,29.6,154.5,0.6,6.6,Cowpea
166.2,32.6,140.2,0.65,6.6,Cowpea
198.3,34.3,177.2,0.71,6.2,Cowpea
136.6,21.7,136,0.48,6.9,Cowpea
200.8,39.2,173.1,0.67,6.3,Cowpea
144.7,23.3,131.8,0.55,6.9,Cowpea
115.2,23.4,84.6,0.4,6.8,Cowpea
133.7,24.8,96.4,0.42,6.9,Cowpea
95.6,17.4,116.7,0.42,7.3,Cowpea
145.1,28.6,113.1,0.55,7,Cowpea
61.4,22.5,62.1,0.36,6.7,Cowpea
74,15,60,0.32,7.2,Cowpea
97,16.6,79,0.49,7.2,Cowpea
167.9,23.5,151.3,0.58,7.1,Cowpea
93.9,16.8,87.8,0.37,6.1,Cowpea
225,39,164.4,0.73,6.3,Cowpea
183.8,30.7,147.6,0.64,7.5,Cowpea
209.5,35.9,149.6,0.7,6.5,Cowpea
213.5,35.4,183.8,0.66,7.4,Cowpea
97.7,17.9,82.1,0.37,7.3,Cowpea
199.2,33,180.7,0.61,7.3,Cowpea
76.7,15.5,100.4,0.37,7,Cowpea
230.9,41.1,168.6,0.76,7.4,Cowpea
64.4,15,60,0.31,6.7,Cowpea
214.7,45.8,168.7,0.72,6.5,Cowpea
111.9,21.1,94.5,0.45,6.9,Cowpea
71.5,18.2,60,0.42,6.3,Cowpea
136,27,112.3,0.47,6.4,Cowpea
204.6,42.8,187.9,0.77,6.3,Cowpea
205.3,39,163.6,0.73,6.7,Cowpea
91.7,16.9,83.7,0.44,7.3,Cowpea
76,16.7,87.8,0.38,6.3,Cowpea
223.4,42.3,200,0.68,7.1,Cowpea
240,45.6,173.8,0.8,6.4,Cowpea
87.3,20.5,88.7,0.42,6.9,Cowpea
83.2,19.7,89.4,0.4,6.5,Cowpea
220.1,33.3,181.6,0.67,6.2,Cowpea
111.3,18.8,73.4,0.33,6.2,Cowpea
98.6,15,60,0.39,7.4,Cowpea
167.8,32.3,98.2,0.61,7.2,Cowpea
80.3,15,67.4,0.3,7.4,Cowpea
121.7,26.9,118,0.53,6.5,Cowpea
195.1,41.4,150.7,0.73,7.2,Cowpea
75.5,18.3,86.1,0.37,6.7,Cowpea
67.2,15.9,113.8,0.39,6.4,Cowpea
113.5,24.4,98.2,0.47,6.3,Cowpea
77.6,23.2,107.5,0.39,6.2,Cowpea
175.7,38.3,160,0.61,7.1,Cowpea
133.2,28.5,106,0.52,7.4,Cowpea
153.3,25.9,152.3,0.56,6.2,Cowpea
201.6,38.4,187.2,0.64,7.2,Cowpea
240,47.5,180.5,0.8,6.2,Cowpea
77.5,16.9,60,0.3,6.7,Cowpea
172.4,35.2,130.5,0.62,7,Cowpea
94.4,15,97.2,0.42,7.5,Cowpea
172.9,33,132.8,0.61,6.9,Cowpea
75.8,15,82.1,0.35,7.2,Cowpea
240,50,197.1,0.8,6.6,Cowpea
228,44.5,199.3,0.8,6.2,Cowpea
197,41.4,187,0.72,6.6,Cowpea
174.6,32.5,164.6,0.63,6.5,Cowpea
213.5,42.7,178.9,0.71,7,Cowpea
60,15.3,77.8,0.31,6.9,Cowpea
71.8,15,92.5,0.39,6.2,Cowpea
223.2,37.8,179.4,0.75,7.2,Cowpea
114,21.6,100.3,0.44,7.4,Cowpea
175,28.5,164.7,0.56,6.1,Cowpea
162.8,33.3,183.3,0.64,6.1,Cowpea
191.1,37.2,153.5,0.64,6.2,Cowpea
181.3,36.4,174.9,0.75,6.7,Cowpea
208.4,42.1,200,0.73,7.1,Cowpea
91.3,20.6,82.7,0.41,6.9,Cowpea
202.6,37.7,187.8,0.8,6.6,Cowpea
79.7,18.9,94.3,0.33,7.2,Cowpea
230.5,45.8,191.9,0.74,6.3,Cowpea
105.9,27.3,100.8,0.44,6.5,Cowpea
79,15,112.8,0.36,6.1,Cowpea
186,36.7,156.7,0.68,6.3,Cowpea
106.6,27.1,93.5,0.43,7.1,Cowpea
221.1,39.4,181.4,0.8,7.4,Cowpea
120.7,25.5,132.4,0.53,6.4,Cowpea
218,34.9,175.1,0.75,7.4,Cowpea
202.9,43.4,173.7,0.73,7.4,Cowpea
158.1,32.9,134.6,0.6,7.1,Cowpea
86.8,19.4,60,0.37,7.1,Cowpea
174.1,33.5,109,0.56,6.4,Cowpea
62,15,60,0.32,6.9,Cowpea
110.4,21.3,128.8,0.5,7.3,Cowpea
189.5,34.9,145.3,0.66,7,Cowpea
174.1,34.8,164.2,0.67,6.1,Cowpea
84.8,16.5,92.8,0.41,7.2,Cowpea
214.6,41.6,200,0.8,6.5,Cowpea
100.4,20.7,84.4,0.39,6.3,Cowpea
102.7,19.9,75.4,0.45,6.4,Cowpea
65.2,15,60,0.37,6.2,Cowpea
240,37.6,186.4,0.74,7.2,Cowpea
79,23.8,60,0.4,6.8,Cowpea
158,32.3,145.2,0.59,6.2,Cowpea
141.5,28.1,145.6,0.48,6.5,Cowpea
109.8,15,71.4,0.39,6,Cowpea
191.1,39.1,150.5,0.74,7,Cowpea
228.6,38.9,188,0.72,6.1,Cowpea
191.6,35.7,147.4,0.75,7,Cowpea
89.3,22.1,95.3,0.42,6.4,Cowpea
150.1,29.4,165.7,0.58,6.6,Cowpea
110.9,24.9,93.6,0.56,7.2,Cowpea
231.7,36,177.8,0.77,6.2,Cowpea
137.4,26.8,101,0.45,6.7,Cowpea
155.5,30.1,151.4,0.61,6.7,Cowpea
188.6,35.5,154.4,0.62,6.2,Cowpea
204.8,45.5,200,0.68,6.8,Cowpea
222.7,44.5,181.6,0.76,6.6,Cowpea
177.4,31.7,122.6,0.53,6.7,Cowpea
148.5,28.5,132,0.55,7.1,Cowpea
177.9,34.9,153.6,0.64,7.3,Cowpea
92.8,18.4,61.5,0.3,6.6,Cowpea
169.5,29.6,128.1,0.64,6.4,Cowpea
141.4,22.9,87.6,0.5,6.2,Cowpea
147.1,24.4,118.9,0.49,6.1,Cowpea
90.9,15,73.3,0.35,7.4,Cowpea
197,34.5,200,0.72,7.3,Cowpea
203.3,43.3,196.5,0.68,6.7,Cowpea
233.6,41.1,200,0.8,6.2,Cowpea
94.2,15,81.3,0.39,7.4,Cowpea
218.4,45.8,190.5,0.74,6.8,Cowpea
108.5,16.9,84.5,0.4,6,Cowpea
74.8,19.4,77.1,0.33,7.3,Cowpea
63.8,15,60,0.4,6.3,Cowpea
147.7,29.9,138.7,0.49,6.4,Cowpea
239.1,45.4,200,0.8,7.3,Cowpea
154,27,140.3,0.54,7.5,Cowpea
209.6,36.9,169.1,0.66,7.2,Cowpea
220.1,47.4,196.9,0.73,7.2,Cowpea
232.4,50,175.2,0.74,6.9,Cowpea
215.6,36.2,199.4,0.72,6.2,Cowpea
80.6,15,90.1,0.36,6,Cowpea
126.2,18.3,117.8,0.42,6.2,Cowpea
211.9,44.9,196.3,0.79,6.4,Cowpea
196.5,40.5,168.2,0.73,7.3,Cowpea
217.3,38,161.8,0.66,7.1,Cowpea
80.2,15,88.6,0.34,7.2,Cowpea
179,40.2,161.5,0.62,6.9,Cowpea
189.4,32.7,161,0.6,7.3,Cowpea
69.9,15,65.1,0.32,6.5,Cowpea
192,44.5,186.2,0.77,6.6,Cowpea
187.1,42,172.5,0.75,6.7,Cowpea
94.7,17.7,87,0.39,6.4,Cowpea
184.3,38.5,186.5,0.67,7.3,Cowpea
124.3,15,98.4,0.43,6.3,Cowpea
82.8,15,78.2,0.34,6,Cowpea
221.6,49.6,191.8,0.77,6.8,Cowpea
75.4,15,75.7,0.35,6.3,Cowpea
101,17.4,83.9,0.32,7,Cowpea
143.4,23.9,116.7,0.5,6.2,Cowpea
167.3,36.9,156.2,0.64,7.4,Cowpea
60,16.2,60,0.3,6.1,Cowpea
231.5,38.5,176.9,0.78,7.4,Cowpea
75.9,19,93,0.31,6.6,Cowpea
193.2,38.2,136.4,0.51,7.9,Guar Seed
145.8,26.7,121.9,0.42,7.7,Guar Seed
77.4,12.3,105.1,0.28,7.2,Guar Seed
187.5,29.8,134.1,0.48,7.6,Guar Seed
144,25.3,151.9,0.42,7.1,Guar Seed
167.4,30.5,161,0.5,7.7,Guar Seed
101.8,16.7,99.7,0.33,8.3,Guar Seed
129.7,19.6,146.2,0.35,7.7,Guar Seed
140.6,23.7,111.2,0.41,7.3,Guar Seed
156.4,25.4,140.7,0.49,7.2,Guar Seed
109.7,18.5,84.7,0.37,8.6,Guar Seed
111.1,23.4,112.2,0.42,7.6,Guar Seed
171.8,26.6,148.1,0.43,7.8,Guar Seed
167.9,31.1,158.9,0.45,7.8,Guar Seed
168.7,31.6,115.8,0.46,8,Guar Seed
136.1,22.2,131.8,0.36,7.5,Guar Seed
153.9,20.8,118.9,0.42,8.2,Guar Seed
135.4,23.6,111.7,0.35,8.2,Guar Seed
133.6,19.1,110.3,0.42,7.2,Guar Seed
145.5,25.9,131.2,0.43,8.1,Guar Seed
108.4,17.6,95.2,0.34,7.7,Guar Seed
125.3,23,106.1,0.39,7.4,Guar Seed
159.2,29.1,170.8,0.46,8.1,Guar Seed
124.8,24,122.5,0.45,8.1,Guar Seed
194.8,35.4,176.5,0.56,7.6,Guar Seed
139.3,23,107.7,0.38,8,Guar Seed
138.7,28.1,96.4,0.43,7.9,Guar Seed
166.8,30,123.8,0.5,7.7,Guar Seed
128.7,17,96,0.36,7.3,Guar Seed
167.4,28,126.5,0.46,7.7,Guar Seed
149,29,133.7,0.44,7.3,Guar Seed
153.1,26.3,115.8,0.43,8,Guar Seed
161.5,24.8,150.2,0.46,8.3,Guar Seed
153.6,22.9,142.5,0.42,7.2,Guar Seed
120.1,26.2,109.7,0.34,7.9,Guar Seed
92.2,18.6,69.6,0.28,7.8,Guar Seed
120.3,22.3,83.7,0.37,7.4,Guar Seed
135.7,20.2,101.1,0.4,8.1,Guar Seed
129.7,20.9,107.9,0.41,8,Guar Seed
140.6,21.6,119.2,0.36,8.2,Guar Seed
132.3,20.9,121.2,0.37,8.1,Guar Seed
118.4,24.1,92.1,0.31,7.5,Guar Seed
165.1,22.7,161,0.44,7.1,Guar Seed
99.3,10.1,84,0.36,7.6,Guar Seed
184.3,26.6,138,0.45,8,Guar Seed
141.3,29.9,123.8,0.41,7.9,Guar Seed
124.6,21,108.6,0.33,8.5,Guar Seed
183.9,32,144,0.54,7.4,Guar Seed
169.5,30.4,132.7,0.46,7.9,Guar Seed
133.8,28,135.8,0.39,8.4,Guar Seed
129.6,26.1,115.4,0.36,7.9,Guar Seed
154.8,31,132.3,0.44,7.8,Guar Seed
129.9,22.7,92.2,0.36,7.5,Guar Seed
186.1,31.2,139.7,0.48,7.6,Guar Seed
131.3,25.5,138.4,0.36,7.7,Guar Seed
137.2,22.5,140.2,0.43,7.7,Guar Seed
169.8,24.9,133.7,0.41,7.5,Guar Seed
147,23.3,140.4,0.44,7.8,Guar Seed
166,23.9,113.6,0.36,8.3,Guar Seed
168.4,23.1,142.7,0.46,7.1,Guar Seed
153,29.8,122.2,0.39,7.3,Guar Seed
166.3,27.4,125.8,0.48,7.9,Guar Seed
179.8,26.2,144.8,0.47,7.2,Guar Seed
85.9,18.2,97.2,0.32,7.9,Guar Seed
127,18.7,104.5,0.35,7.9,Guar Seed
115.7,18,89.4,0.29,7.6,Guar Seed
191,30.9,120.3,0.48,7.6,Guar Seed
119.7,17.6,124,0.36,7.2,Guar Seed
181,32,180,0.5,7.7,Guar Seed
168.4,25.6,127.3,0.44,7.6,Guar Seed
141.9,20.4,107.9,0.39,7.7,Guar Seed
144.9,22.4,108,0.45,6.9,Guar Seed
200,35.8,148.2,0.48,7.5,Guar Seed
145.5,23.6,133.5,0.38,7.3,Guar Seed
129.8,21.7,124.1,0.36,8.2,Guar Seed
107.4,23.8,102.9,0.34,7.5,Guar Seed
144.7,27.4,121.6,0.41,8.2,Guar Seed
145.2,24.8,114.4,0.37,8.2,Guar Seed
170.9,33.6,132.3,0.5,7.9,Guar Seed
186.4,29.6,165.4,0.5,7.3,Guar Seed
108.6,21.3,117.4,0.38,7.6,Guar Seed
114.6,17.8,87.7,0.3,8.1,Guar Seed
144.7,21,127.3,0.45,7.6,Guar Seed
159.7,26.9,127,0.46,7.8,Guar Seed
186.6,32.3,175.2,0.5,7.5,Guar Seed
161.4,27.9,108.6,0.45,7.4,Guar Seed
145.3,26,133.8,0.4,8,Guar Seed
119.7,23.4,98.7,0.38,7.7,Guar Seed
143.8,25.2,140.8,0.44,8,Guar Seed
161.9,24.9,145.2,0.47,8.4,Guar Seed
130.8,25.6,130.2,0.39,7.5,Guar Seed
186.3,31.9,169.3,0.51,7.2,Guar Seed
160,20.7,120.9,0.36,8,Guar Seed
124.6,19.5,107.9,0.31,7.3,Guar Seed
180.6,27.5,134,0.48,8,Guar Seed
160.6,20,124.8,0.36,7.5,Guar Seed
183.2,24.1,113.9,0.44,8.3,Guar Seed
144.3,30.1,145,0.47,7.2,Guar Seed
152.4,24.3,125.8,0.5,7.4,Guar Seed
125.3,17.9,112.3,0.34,7.4,Guar Seed
90,13.3,88.5,0.29,8.9,Guar Seed
79,18.1,71.7,0.25,7.7,Guar Seed
152.6,24.3,126.5,0.38,7.3,Guar Seed
150.1,28.6,117.5,0.44,8.4,Guar Seed
198.3,34.9,177.5,0.58,8.3,Guar Seed
117.3,17.8,108.1,0.3,8.1,Guar Seed
186.6,27.4,156.2,0.5,7.4,Guar Seed
145.4,26.9,132,0.42,8.2,Guar Seed
132.5,22,129.4,0.35,7,Guar Seed
144.2,26.8,127.3,0.39,7.5,Guar Seed
90.9,14,89.6,0.32,7.4,Guar Seed
149.9,27.1,152.8,0.41,7.2,Guar Seed
73.5,10,74.7,0.23,7,Guar Seed
115.3,18.4,101.3,0.35,8.7,Guar Seed
167.1,27.4,127.5,0.5,7.7,Guar Seed
106.3,23.5,113.2,0.31,7.3,Guar Seed
100.9,15.5,104,0.35,6.8,Guar Seed
124,12.6,100.1,0.32,8.6,Guar Seed
131.9,23.9,124.7,0.41,8,Guar Seed
113.9,17.9,103.5,0.33,6.9,Guar Seed
150.3,27.2,100.8,0.44,7.7,Guar Seed
187.2,34.2,139.2,0.43,8.3,Guar Seed
170.1,26.2,143,0.43,8.7,Guar Seed
220,31.1,151.8,0.6,8.4,Guar Seed
115.9,19.7,124.1,0.36,7.5,Guar Seed
192.2,33.4,164.2,0.53,7.4,Guar Seed
108.3,16.6,116.5,0.37,8.3,Guar Seed
190.6,32.2,154.7,0.47,7.2,Guar Seed
108.4,21,130.1,0.36,7.4,Guar Seed
182.2,34.5,160,0.48,7.9,Guar Seed
158.1,29.8,141.2,0.44,8.2,Guar Seed
161.1,31,151,0.48,8.3,Guar Seed
202.5,31.4,157.5,0.57,7.1,Guar Seed
167.1,24.4,146.8,0.47,7.4,Guar Seed
139,21.7,139.8,0.41,7,Guar Seed
113.4,18.6,113.1,0.29,8.5,Guar Seed
149,22.8,106,0.42,7.7,Guar Seed
134.3,22.1,119.1,0.4,7.9,Guar Seed
153.4,31.5,131.2,0.44,7.3,Guar Seed
188.6,23.8,144.1,0.48,7.3,Guar Seed
141.4,21.8,112.5,0.44,8.4,Guar Seed
142.7,26,144.3,0.43,7.5,Guar Seed
133.6,19.9,118.6,0.36,7.7,Guar Seed
98.4,20.9,100.6,0.3,8.1,Guar Seed
122.8,20.2,117.1,0.36,7,Guar Seed
150.6,33.4,141.7,0.51,8.3,Guar Seed
143.3,23.9,121.3,0.4,8.1,Guar Seed
78.9,10.9,98.7,0.29,7.9,Guar Seed
149.3,27.3,119.9,0.41,7.8,Guar Seed
149.6,18.1,125.3,0.41,8.8,Guar Seed
159.8,24,131.9,0.39,7.3,Guar Seed
101.3,17.3,100.3,0.33,8.4,Guar Seed
108.9,16.6,100.6,0.34,8.4,Guar Seed
117.9,22.3,126.4,0.37,7.7,Guar Seed
152.3,25.7,110,0.47,7.2,Guar Seed
163.1,25.8,128.3,0.44,7.7,Guar Seed
111.8,18.7,149.9,0.31,7.3,Guar Seed
139.6,25.1,114.7,0.46,7.9,Guar Seed
124.3,18.4,107.9,0.32,7,Guar Seed
146.5,26.8,107.3,0.4,8,Guar Seed
215.1,36.5,178.9,0.6,8.6,Guar Seed
130.1,23.2,113.3,0.34,7.8,Guar Seed
92.4,14.7,106.2,0.31,7.5,Guar Seed
166.1,33.3,131,0.55,8.1,Guar Seed
176.7,26.2,151.2,0.46,8.2,Guar Seed
125.2,16.7,89,0.4,6.9,Guar Seed
148.9,24.4,130.6,0.38,7.6,Guar Seed
143.5,31.5,141.2,0.41,7.4,Guar Seed
153.8,24,113.8,0.44,7.4,Guar Seed
96.1,20.4,113.4,0.33,8,Guar Seed
100.3,10,102.8,0.3,8.1,Guar Seed
141.3,23.8,129.7,0.41,8.2,Guar Seed
199.4,33.2,148.9,0.5,8.2,Guar Seed
126.5,20.9,96.8,0.37,7.1,Guar Seed
145.4,26,116.7,0.41,8,Guar Seed
89.1,10,80.2,0.29,7.1,Guar Seed
109.4,16.9,70.1,0.35,6.9,Guar Seed
115.3,22.9,114.1,0.38,7.4,Guar Seed
88.5,10.8,119.1,0.3,6.7,Guar Seed
175,29.1,117.8,0.45,7.3,Guar Seed
158.9,28.8,133,0.43,8,Guar Seed
108.3,17.2,95.6,0.33,7.9,Guar Seed
94.8,19.7,81.6,0.23,7.5,Guar Seed
166.1,24,115,0.43,8.4,Guar Seed
113.7,17.1,109.6,0.32,8.2,Guar Seed
118.2,24.9,93.9,0.38,7.6,Guar Seed
169.9,26.9,140.6,0.42,8.2,Guar Seed
161.7,27.8,145,0.48,7.5,Guar Seed
156.3,26.2,131,0.39,8.5,Guar Seed
142.2,33.1,126.2,0.49,7.3,Guar Seed
121.7,27,89.1,0.33,7.9,Guar Seed
105.4,11.8,68.2,0.27,6.8,Guar Seed
154,22.2,133.4,0.4,8.7,Guar Seed
181.5,28.1,144.1,0.53,7,Guar Seed
100.2,15.7,114.2,0.3,7.8,Guar Seed
187.1,33.7,116.7,0.49,7.4,Guar Seed
126.6,20.2,110.5,0.37,8,Guar Seed
101.6,13.5,76.8,0.32,7.9,Guar Seed
95.3,17.4,116.6,0.3,7.8,Guar Seed
160.4,27.9,124,0.42,8.1,Guar Seed
166.1,30.7,139.3,0.45,8.1,Guar Seed
154.1,25,131.6,0.37,8.5,Guar Seed
115.9,18.2,119.5,0.33,7.5,Guar Seed
188.4,36.7,143,0.48,7.7,Guar Seed
154,20.2,134.8,0.43,8.5,Guar Seed
157.5,23.1,109.5,0.47,7.4,Guar Seed
168.6,27.3,155,0.49,7.1,Guar Seed
120.4,19.3,61.4,0.31,7.9,Guar Seed
151.4,22,114.3,0.4,8.8,Guar Seed
143.5,26.6,131.7,0.4,7.6,Guar Seed
129.5,25,126.9,0.41,8.1,Guar Seed
181,36.5,167.5,0.47,7.4,Guar Seed
172.6,32.2,146.9,0.52,8.1,Guar Seed
66.3,11,60,0.22,7.3,Guar Seed
155.2,32.4,125.6,0.49,7.4,Guar Seed
160.2,23.7,127.6,0.44,7.1,Guar Seed
60,10.8,79,0.23,7.4,Guar Seed
148.5,24.1,126.5,0.41,8.4,Guar Seed
80.4,12.6,92,0.26,7,Guar Seed
123.6,19.7,115.3,0.43,7.8,Guar Seed
198.3,27.7,170.2,0.48,7.6,Guar Seed
175.8,33.7,135.9,0.48,7.4,Guar Seed
129.1,19.9,133.7,0.36,7.3,Guar Seed
88.6,10,60,0.21,7.1,Guar Seed
141.3,26.6,141.7,0.47,7.6,Guar Seed
99,19.9,68.1,0.29,7.7,Guar Seed
153.2,21.6,125.9,0.37,7.3,Guar Seed
80.3,10,76.7,0.23,8.6,Guar Seed
88.5,20.9,89.4,0.36,7.9,Guar Seed
78.9,13,61.4,0.2,7.3,Guar Seed
164.2,29.9,158.8,0.48,8.4,Guar Seed
86.7,17.6,81.3,0.29,7.7,Guar Seed
129.5,23,104.4,0.4,7.4,Guar Seed
162.7,29,162.6,0.41,8.3,Guar Seed
131.5,25.9,107.7,0.38,7.7,Guar Seed
172.2,25.6,135.9,0.46,8.3,Guar Seed
170.4,30.5,145.4,0.5,8.2,Guar Seed
164,28,143.2,0.55,6.9,Guar Seed
172.9,30.8,143,0.48,7.7,Guar Seed
207.2,31.2,157.4,0.56,7.7,Guar Seed
151.9,25.3,140.3,0.46,8.2,Guar Seed
198.2,33.6,149.1,0.53,7.5,Guar Seed
87.1,14.8,89.3,0.3,7,Guar Seed
148,22.5,131.2,0.39,8.6,Guar Seed
142.2,27.2,143.6,0.45,8.3,Guar Seed
95.7,19.3,108.9,0.33,7.6,Guar Seed
179.6,32.7,131.8,0.5,7.4,Guar Seed
146.6,24,135.5,0.46,8.7,Guar Seed
191,34.6,165.1,0.59,7.6,Guar Seed
208.2,31.6,172.6,0.54,7.1,Guar Seed
140.3,25.3,98.4,0.38,7.8,Guar Seed
212.3,32,159.9,0.51,7.5,Guar Seed
83,18.5,93.1,0.24,7.5,Guar Seed
185.8,28.2,140.4,0.49,7.8,Guar Seed
132.1,22.4,100.7,0.36,7.1,Guar Seed
129.9,22,125.9,0.37,8.7,Guar Seed
101.8,18,99.3,0.35,7.4,Guar Seed
199.2,32.1,152.8,0.52,7.3,Guar Seed
110.3,16.5,79.9,0.32,7.3,Guar Seed
130.2,23.5,106.7,0.45,8.7,Guar Seed
92.4,16.2,92,0.32,7.5,Guar Seed
159.8,22.1,122.1,0.48,8.6,Guar Seed
205.2,34.1,160.7,0.52,6.6,Guar Seed
147.8,18.9,139.7,0.4,6.8,Guar Seed
133.4,27.7,117.6,0.38,7.6,Guar Seed
147.1,29.6,127.6,0.47,7.3,Guar Seed
118.2,22.6,103,0.4,7.4,Guar Seed
200.5,30.7,159,0.56,8.3,Guar Seed
110.6,19.6,136.8,0.37,8.2,Guar Seed
141.6,20.4,114.7,0.43,8,Guar Seed
136.1,29,138.9,0.42,8,Guar Seed
107.1,21.1,112.1,0.36,7.3,Guar Seed
169,22.3,159.1,0.47,7,Guar Seed
136.3,25.6,146.7,0.38,8,Guar Seed
159.3,31.2,145.8,0.47,8.4,Guar Seed
117.4,21.1,124.6,0.37,6.9,Guar Seed
125.6,21.6,95.7,0.37,7.4,Guar Seed
158.3,27.6,123.3,0.52,7.2,Guar Seed
152.3,25.7,104.6,0.37,7.6,Guar Seed
118.6,13.5,83.1,0.33,8.5,Guar Seed
129.8,19.2,99.9,0.31,8.7,Guar Seed
71.2,15.3,60,0.21,8.4,Guar Seed
142.2,26.3,115.5,0.38,7.9,Guar Seed
164.5,29.7,124.2,0.47,7.8,Guar Seed
119,24.8,103.7,0.35,7.5,Guar Seed
172.7,26.1,142.6,0.46,7.9,Guar Seed
117.4,16,95.6,0.32,7.9,Guar Seed
134.3,21.4,122.4,0.4,8.3,Guar Seed
95.4,10,77.2,0.22,6.9,Guar Seed
153.2,21.8,88.6,0.38,7.7,Guar Seed
199.6,29.3,149.9,0.5,8.8,Guar Seed
173,31,132.6,0.45,7,Guar Seed
207.6,32.8,164.2,0.54,7.7,Guar Seed
139.1,22.9,156.1,0.38,7.2,Guar Seed
169.1,27.2,138.8,0.49,7.7,Guar Seed
119.8,20.3,126.1,0.36,7.7,Guar Seed
220,33.2,180,0.55,6.7,Guar Seed
115,18.9,74.6,0.33,7.5,Guar Seed
136.5,20.8,116.4,0.43,7.7,Guar Seed
127.4,25.9,117.9,0.38,7.8,Guar Seed
163.1,30.8,137.9,0.44,8.5,Guar Seed
205.8,35.7,180,0.52,7.9,Guar Seed
188.3,27.5,179.5,0.5,8,Guar Seed
216,36.2,178.8,0.56,8.7,Guar Seed
166,24.3,126.1,0.47,7,Guar Seed
127.5,26,125.7,0.39,7.5,Guar Seed
94.4,17.4,67.3,0.35,7.7,Guar Seed
122,22.7,116.4,0.36,8,Guar Seed
131.7,21.6,119.6,0.35,7.5,Guar Seed
141,24.3,104.3,0.35,7.6,Guar Seed
205.2,39.3,180,0.52,7.1,Guar Seed
92.2,16.4,88,0.3,7.6,Guar Seed
180.5,27.1,162.5,0.5,8.6,Guar Seed
115.8,18.5,88.4,0.27,7.1,Guar Seed
100.8,19.3,82.1,0.29,8.1,Guar Seed
101,19,79.5,0.29,8.2,Guar Seed
140.6,18.8,112.9,0.37,8,Guar Seed
122.3,21.4,105.8,0.35,7.4,Guar Seed
121.8,20,99.1,0.34,8.3,Guar Seed
173.4,24.2,147.7,0.41,7.4,Guar Seed
191.8,32.7,166.4,0.51,7.1,Guar Seed
148.2,23.8,117,0.36,8.7,Guar Seed
160.8,28.3,107.8,0.46,8.3,Guar Seed
134.3,28.4,114.8,0.42,8.2,Guar Seed
161.2,27.2,155.4,0.51,7.2,Guar Seed
213.7,35.3,166.2,0.56,8.3,Guar Seed
122.5,20.5,100.9,0.32,7.6,Guar Seed
161.2,32.7,149.4,0.48,7.6,Guar Seed
138.8,20.7,115.7,0.4,8.1,Guar Seed
213.6,28.4,162,0.52,6.7,Guar Seed
186.4,36.4,138.8,0.49,7.6,Guar Seed
134.5,22.2,97.7,0.4,8.1,Guar Seed
67.4,16.8,62.2,0.31,8,Guar Seed
108,17.4,106.4,0.33,6.7,Guar Seed
183.6,33.5,148.3,0.51,8,Guar Seed
93.1,18,101.5,0.25,7.7,Guar Seed
169.7,30.2,160.3,0.52,7.6,Guar Seed
147.7,25.8,97.8,0.41,7.4,Guar Seed
99.5,11.6,81.5,0.3,8.1,Guar Seed
196,33.1,155.3,0.49,8.1,Guar Seed
200.6,34.5,145.3,0.54,8.7,Guar Seed
86.2,14.3,71.5,0.33,8.2,Guar Seed
102.4,19,104.8,0.31,7.6,Guar Seed
185,29.1,145.4,0.51,8.6,Guar Seed
107.1,25.3,92.5,0.33,7.3,Guar Seed
143,20.7,134.3,0.38,7,Guar Seed
130.8,17.8,114,0.44,8.5,Guar Seed
153.4,23.9,110.6,0.46,7.5,Guar Seed
152.1,26.5,146.7,0.46,8.5,Guar Seed
97.3,15.9,92,0.33,7.7,Guar Seed
99.1,12.6,60,0.24,6.9,Guar Seed
89.7,13.2,82.1,0.25,7.8,Guar Seed
90.4,10,82.4,0.28,6.6,Guar Seed
78.6,10,85.8,0.25,6.6,Guar Seed
193.6,26.8,175.3,0.58,6.6,Guar Seed
176.5,28.1,135.9,0.47,7.7,Guar Seed
176,30.8,150.5,0.46,7.1,Guar Seed
69,10,69.4,0.21,8.5,Guar Seed
64.1,10,60.9,0.25,8.6,Guar Seed
98.2,10,88.7,0.31,6.7,Guar Seed
108.2,18,87.1,0.31,7,Guar Seed
181.9,28.9,172.7,0.48,8.5,Guar Seed
136.6,33.3,152.7,0.4,7.3,Guar Seed
82,10,60,0.25,6.6,Guar Seed
70.4,10,60,0.2,6.9,Guar Seed
102.5,13.5,96.5,0.24,7.3,Guar Seed
198.4,31,145.8,0.55,6.9,Guar Seed
213.4,40,174.2,0.6,7.6,Guar Seed
206,38.5,176.3,0.57,8.6,Guar Seed
188.4,37.7,164.9,0.54,7.8,Guar Seed
149.1,25.6,128.7,0.43,8,Guar Seed
179.5,27.3,155.4,0.51,8.8,Guar Seed
168.9,24.6,140,0.47,7,Guar Seed
167.4,22.4,144.3,0.44,8,Guar Seed
97.9,16,103.2,0.33,8.9,Guar Seed
65.9,15.1,84.2,0.29,7.9,Guar Seed
115.4,18.2,115.1,0.36,8.2,Guar Seed
92.5,14.9,94.7,0.25,9,Guar Seed
123.5,25.4,112.3,0.38,8,Guar Seed
212.2,37.6,180,0.59,8.9,Guar Seed
99.3,11.6,95.5,0.28,7,Guar Seed
67.2,10,76.7,0.22,6.6,Guar Seed
95.8,14.2,60,0.22,8.3,Guar Seed
60,11.2,87,0.2,7.6,Guar Seed
204.7,37.7,147.7,0.53,7.6,Guar Seed
140.7,26.5,133.5,0.48,8.2,Guar Seed
183.6,26.8,160.9,0.48,8.6,Guar Seed
86.3,10.4,79.4,0.3,8.5,Guar Seed
77,14.2,85.8,0.29,8.1,Guar Seed
61.1,11.5,90.9,0.25,6.9,Guar Seed
150.7,26.8,149.8,0.45,6.6,Guar Seed
63.7,10.8,61.2,0.23,8.2,Guar Seed
165.1,22.7,157.9,0.43,7,Guar Seed
158.5,27.6,130.3,0.39,7,Guar Seed
157.6,26.4,141.8,0.53,7.3,Guar Seed
114.5,20.3,103.6,0.34,7.9,Guar Seed
117.1,18.3,115.8,0.3,6.7,Guar Seed
74.8,14.9,60,0.21,8,Guar Seed
113.5,11.4,84.9,0.3,6.6,Guar Seed
167.1,28.9,139.9,0.46,8,Guar Seed
195.7,31,156.8,0.54,6.8,Guar Seed
94.8,11.6,89.7,0.25,8.6,Guar Seed
167.3,22.3,133.5,0.5,8.7,Guar Seed
114.6,14.7,114.8,0.4,8.1,Guar Seed
166.3,29.1,140.8,0.46,8.3,Guar Seed
172,26.4,135.4,0.51,8.8,Guar Seed
190.8,26.8,177.6,0.49,8.5,Guar Seed
199.2,36.3,180,0.6,7.3,Guar Seed
220,30.9,180,0.55,6.8,Guar Seed
94.3,15.7,108,0.29,8.2,Guar Seed
100.9,19.5,83.6,0.3,7.1,Guar Seed
84.2,10,87.3,0.27,8.8,Guar Seed
192.6,30,161.5,0.59,8.9,Guar Seed
92.8,10.3,89.8,0.25,7,Guar Seed
115.1,15.8,104,0.32,7.3,Guar Seed
63.1,12.4,72.1,0.25,8.3,Guar Seed
148.5,22.7,137.1,0.42,8.1,Guar Seed
114.2,18.5,105.6,0.32,8.8,Guar Seed
82.7,10,60,0.21,8.4,Guar Seed
78.4,15.4,67.5,0.29,7.2,Guar Seed
67.9,16.6,105,0.25,7.5,Guar Seed
79.4,11.9,103.3,0.31,6.8,Guar Seed
136,24,106,0.37,8.5,Guar Seed
210.2,35.8,180,0.57,7.3,Guar Seed
65.1,10,60,0.23,8.5,Guar Seed
215.2,36,180,0.6,7.7,Guar Seed
161.9,25.9,137.5,0.44,8.5,Guar Seed
108,19.1,83.7,0.3,8.2,Guar Seed
192.7,33.7,172.3,0.49,8.2,Guar Seed
148.5,21.3,119.7,0.41,7,Guar Seed
166.9,32.9,150.9,0.5,7.4,Guar Seed
71.9,10,74.1,0.25,8.7,Guar Seed
119.7,18.3,79.9,0.36,8.5,Guar Seed
61.9,10.6,60,0.28,8.2,Guar Seed
73,12.6,76.1,0.26,6.9,Guar Seed
93.1,10,93.1,0.29,8.9,Guar Seed
91.1,16.3,102.1,0.29,8.6,Guar Seed
174.6,28.7,126.2,0.47,7.2,Guar Seed
200.8,21.9,128.6,0.49,8.8,Guar Seed
202.2,34.4,180,0.58,7.2,Guar Seed
96,18.9,79.8,0.35,7.2,Guar Seed
79.3,13,88.3,0.25,8.1,Guar Seed
179.1,26.8,126.3,0.52,9,Guar Seed
197.3,36.5,148.1,0.49,8.4,Guar Seed
212.5,38.5,180,0.59,7.3,Guar Seed
185.4,30.8,148.2,0.5,7.1,Guar Seed
138.9,19,100.4,0.37,8.7,Guar Seed
67,10,60,0.21,6.9,Guar Seed
129.2,20.8,124.8,0.36,7.8,Guar Seed
76,13.5,62.1,0.27,7.1,Guar Seed
146.3,24.6,132.4,0.39,7.5,Guar Seed
182.7,32.3,170.2,0.53,6.6,Guar Seed
210.7,34.6,159.7,0.54,7,Guar Seed
140.7,25.3,144.3,0.42,6.6,Guar Seed
171.3,19.4,124.8,0.45,7.2,Guar Seed
78.6,10,60,0.29,6.9,Guar Seed
117.6,20.7,106.6,0.33,7.6,Guar Seed
108,18.4,106,0.32,8.4,Guar Seed
174,27.5,149.6,0.55,6.6,Guar Seed
117.5,17.3,84.6,0.36,9,Guar Seed
216,40,180,0.56,8.6,Guar Seed
107.9,10,93.6,0.33,9,Guar Seed
60,10.3,74.2,0.25,7.5,Guar Seed
86.6,13.5,86.7,0.29,6.9,Guar Seed
104.3,22.3,92,0.3,7.4,Guar Seed
102.9,15.8,109.2,0.29,7.6,Guar Seed
131.6,24.2,127.1,0.32,8.3,Guar Seed
159.7,24.7,148.5,0.45,8.3,Guar Seed
139.4,20.4,106.3,0.42,6.8,Guar Seed
120.2,16.4,88.2,0.33,7.6,Guar Seed
132.3,20.1,126.7,0.36,8.6,Guar Seed
110,16.1,103.8,0.29,8.6,Guar Seed
89.9,10.8,60,0.21,8.8,Guar Seed
67.9,12.2,98.7,0.28,8.8,Guar Seed
79.2,11.1,89.8,0.21,7.4,Guar Seed
196.9,33.9,128.8,0.47,8.1,Guar Seed
103.8,17.3,78.5,0.26,8.1,Guar Seed
152.5,24.6,139.9,0.38,8.7,Guar Seed
181,31.8,147.6,0.57,8.6,Guar Seed
170.6,25.4,130.6,0.41,8.3,Guar Seed
195.7,30.5,178.5,0.55,7.9,Guar Seed
77.9,10,69.3,0.26,8.6,Guar Seed
96.4,15.9,106.8,0.34,7,Guar Seed
193.3,35.3,164.6,0.53,7.4,Guar Seed
159.4,20.9,140.1,0.4,6.8,Guar Seed
188.3,31.5,147.3,0.54,6.9,Guar Seed
210.4,32.1,152.3,0.55,7.1,Guar Seed
87.4,12.3,87.3,0.23,7.4,Guar Seed
187.8,30.5,141.2,0.48,6.5,Guar Seed
103.9,13.9,75.1,0.25,6.9,Guar Seed
88.5,19,86.6,0.26,7.1,Guar Seed
95,20.6,68.5,0.36,7.9,Guar Seed
175.1,27.4,132.2,0.47,8.4,Guar Seed
198.1,33.3,177,0.49,8.8,Guar Seed
123.3,26.1,68.2,0.3,7.7,Guar Seed
196.5,39.5,180,0.6,8.8,Guar Seed
84.3,10,60,0.24,8.1,Guar Seed
99.1,18.9,106.5,0.35,8.5,Guar Seed
220,39,157.3,0.6,7.1,Guar Seed
218,32.9,179.4,0.6,8.3,Guar Seed
116.8,20,119.9,0.4,8,Moth
159.7,22.5,129,0.48,8.3,Moth
114.9,18.2,82.6,0.32,7.8,Moth
105.7,17.1,74.2,0.32,7.9,Moth
123,18.3,107.8,0.43,8.3,Moth
159.2,25.2,138.3,0.49,8,Moth
129.5,19.5,102.9,0.41,8.5,Moth
102.5,15.1,74.8,0.27,8.2,Moth
94.7,14.8,92.3,0.36,8.1,Moth
140.7,20.9,120.1,0.46,8.4,Moth
141.5,19,109.8,0.37,7.7,Moth
134,23.1,101.3,0.4,7.9,Moth
96.6,16.6,83.4,0.31,7.8,Moth
92.2,13.7,66,0.26,7.8,Moth
119,21.2,85.9,0.36,8.1,Moth
117.5,20.1,88.4,0.32,8.2,Moth
161.8,29.7,139.4,0.57,7.9,Moth
150.8,21.6,136.8,0.46,7.6,Moth
117.1,16.1,107.1,0.39,7.9,Moth
143.8,25.2,118.8,0.45,8.1,Moth
131.6,23.9,95.2,0.43,8,Moth
136.9,18.6,100.6,0.41,7.8,Moth
110.7,18.9,103.6,0.34,7.8,Moth
144.4,21.3,127.1,0.46,8.6,Moth
146.1,22.1,117.8,0.46,7.8,Moth
109.8,15.9,89.2,0.35,8.1,Moth
157.3,22.5,113.2,0.46,8.4,Moth
150.1,29.2,117.3,0.44,8,Moth
135.2,23.3,127.6,0.44,7.5,Moth
122.7,16.8,103.9,0.43,7.9,Moth
145.5,27.1,122.7,0.45,8,Moth
131,17.7,106.9,0.41,8.1,Moth
135.7,24.3,120.7,0.44,7.9,Moth
152.5,25.9,121.1,0.46,8,Moth
138.5,20.8,106.3,0.42,7.8,Moth
151.5,22.1,129.4,0.41,8.4,Moth
160.5,29.3,145.2,0.5,7.5,Moth
124.9,23.3,100.2,0.39,8,Moth
129,23.3,113.2,0.41,7.9,Moth
125.3,21.1,109,0.4,8.1,Moth
169,30.7,126.4,0.53,7.9,Moth
165.3,26.9,139.8,0.51,7.8,Moth
98.7,12.6,78.3,0.29,7.6,Moth
132.2,19.9,117.5,0.45,8.2,Moth
163.4,29.1,140.1,0.58,8.2,Moth
146,22.7,91.9,0.4,7.7,Moth
121.7,21.7,105.7,0.38,7.5,Moth
150.5,19.9,101.2,0.38,7.7,Moth
121.6,21.7,120.6,0.37,8.2,Moth
143.3,26.1,128.7,0.46,7.5,Moth
161.4,25.1,135.5,0.51,8.3,Moth
93.7,11.4,100.8,0.31,8.2,Moth
162.9,28.8,126.6,0.52,8,Moth
105.3,18.3,83.4,0.28,8.1,Moth
165.1,25.9,129,0.5,7.8,Moth
134.6,18.6,95.1,0.36,8.4,Moth
186.4,27.3,137,0.56,7.6,Moth
142.2,24.2,119.8,0.46,8.1,Moth
177,27.5,139.4,0.53,7.6,Moth
118.2,16.5,98.3,0.39,8.1,Moth
154.3,28.8,151.4,0.46,7.8,Moth
170.4,25.5,131.9,0.5,7.6,Moth
149.5,21.2,115.6,0.47,8,Moth
133.3,16.7,94.8,0.41,7.6,Moth
173.4,26.7,147.7,0.52,7.8,Moth
159.4,26.2,135.7,0.52,7.8,Moth
114.3,18.9,109.7,0.39,8.4,Moth
158.3,19.9,119.6,0.47,7.6,Moth
151.8,27.9,132.9,0.52,8.2,Moth
174.4,32.1,130.5,0.5,8.2,Moth
122.9,22.5,108.2,0.4,7.9,Moth
171.7,32.2,141.9,0.54,8.1,Moth
136.2,22,115.8,0.46,7.7,Moth
128.6,19.9,95.1,0.37,8.2,Moth
100.4,18.9,96.2,0.36,7.6,Moth
103.1,14.7,86.1,0.39,7.8,Moth
135.8,20.9,102,0.42,7.3,Moth
146.3,20.8,127.4,0.39,8,Moth
146.2,24.7,118.1,0.46,7.9,Moth
141.9,20.4,114.7,0.41,8.7,Moth
135.5,20.3,117.5,0.37,8.1,Moth
149.9,27,137.6,0.48,7.6,Moth
158.6,25.3,127.5,0.45,7.9,Moth
138.8,22,127.3,0.39,7.5,Moth
121.9,19.9,104.9,0.38,7.7,Moth
153.3,26.5,139.2,0.46,8.4,Moth
173.2,29.3,150.8,0.5,7.6,Moth
129.6,25.5,113.2,0.46,8,Moth
130.1,21.6,135.6,0.41,7.6,Moth
146.4,23.2,128.9,0.47,7.8,Moth
157,27.3,120.6,0.42,8,Moth
126.5,18.6,108.4,0.34,7.8,Moth
140.5,23.4,126.2,0.4,7.7,Moth
146,23.1,119.3,0.47,7.3,Moth
174,27.6,116.3,0.48,8.2,Moth
162.9,26.2,134.3,0.49,7.6,Moth
152.9,29.3,109.1,0.45,7.9,Moth
175,31.4,144.5,0.55,8,Moth
158.6,20.4,117.3,0.47,7.5,Moth
118.4,18.2,126.7,0.43,8.6,Moth
173.9,26.5,124.6,0.55,7.7,Moth
130.5,22.2,107.1,0.43,7.5,Moth
140.3,22.7,124.8,0.44,8.1,Moth
86.4,10.9,72.5,0.25,8.4,Moth
98.9,17.5,98.5,0.37,7.8,Moth
76,10,77.5,0.3,8.2,Moth
151.8,23.9,102.4,0.42,7.3,Moth
158.4,21.8,128.4,0.47,7.1,Moth
128.3,23.6,122.8,0.42,8,Moth
136.9,22.9,110,0.43,7.4,Moth
76.1,12.2,78.7,0.24,7.3,Moth
129.9,20.7,101.1,0.42,7.8,Moth
174.5,27.5,143.4,0.58,7.5,Moth
168.4,27.3,140.3,0.54,7.6,Moth
144.5,20.2,125.7,0.42,8.1,Moth
118.4,18.9,89.1,0.41,7.5,Moth
106.9,19.7,97.2,0.35,8.2,Moth
119.6,18.5,88,0.36,8.4,Moth
103.8,10.6,83.1,0.28,8.1,Moth
131.1,24.2,113.6,0.43,8.3,Moth
139.7,18.5,121.8,0.41,7.6,Moth
110.7,16.6,111.7,0.34,7.7,Moth
84.4,10.1,77.8,0.27,8.8,Moth
122.3,27.9,113.4,0.41,8,Moth
118.1,13.8,111.5,0.39,7.7,Moth
133,27.8,141.6,0.47,7.5,Moth
122.9,22.2,112.7,0.38,7.9,Moth
168.7,28.2,139.5,0.47,7.6,Moth
133.6,20.7,114,0.34,8.4,Moth
130.3,21.7,94.8,0.45,7.9,Moth
108.9,20.5,106.4,0.44,7.5,Moth
181.5,30.3,155.5,0.54,8,Moth
156.9,26.8,116.9,0.47,7.7,Moth
141.9,24.8,144.1,0.49,8.3,Moth
134,20.2,83.8,0.42,7.8,Moth
137,22,106.3,0.32,8.3,Moth
172.8,30.5,123.7,0.55,8.5,Moth
132.5,21.5,119.9,0.49,8.1,Moth
144,24.8,106.6,0.47,7.8,Moth
154.7,27.3,121.1,0.51,8.6,Moth
182.7,28.7,141.5,0.5,7.8,Moth
69.4,10.3,68.8,0.27,7.3,Moth
153.2,27.5,114.7,0.44,7.9,Moth
181.4,32.7,142.2,0.56,7.9,Moth
151.2,31.4,130.6,0.49,7.5,Moth
127.5,24.6,107.7,0.42,8.3,Moth
161.4,27.7,117.5,0.43,7.8,Moth
173.9,26.9,139.9,0.52,7.6,Moth
141.6,28,111.4,0.43,8,Moth
170.3,26.9,131.9,0.57,8.4,Moth
182.2,27.1,123.3,0.5,7.6,Moth
184.5,29,160,0.57,8.3,Moth
162.6,30.9,141.8,0.57,7.7,Moth
92.2,12.4,86.1,0.33,7.7,Moth
169.9,26.4,120.6,0.56,7.9,Moth
99.2,12.7,78.8,0.31,7.5,Moth
119,22.5,117,0.36,8.2,Moth
146.9,22.4,133.2,0.38,7.5,Moth
146.4,22.6,141.7,0.44,7.9,Moth
97.4,14.4,72,0.3,7.5,Moth
151.7,23.6,137,0.44,7.9,Moth
96.7,10.5,83.3,0.33,8.7,Moth
151.6,22.2,123.5,0.43,7.5,Moth
176.9,29.5,151.3,0.51,8.5,Moth
105.4,15.7,76.3,0.28,8.3,Moth
135.5,23,95.7,0.41,7.7,Moth
96.5,14.7,75.9,0.27,7.7,Moth
79.6,13.2,66,0.28,8.5,Moth
118.4,20.6,113.7,0.45,7.5,Moth
132.9,22.2,106.5,0.41,7.9,Moth
84.4,14.5,71.2,0.28,7.9,Moth
107.3,17.1,76.4,0.29,8.4,Moth
186.9,27.9,154.2,0.57,8.2,Moth
115.1,16.9,87.8,0.4,7.7,Moth
171.5,26.1,134.7,0.53,7.8,Moth
117.9,15.9,87.6,0.32,8.4,Moth
185.1,26.3,140.5,0.52,7,Moth
169.1,30.9,141.7,0.57,7.8,Moth
101.1,19.4,93.8,0.39,7.9,Moth
153.7,19.5,123.4,0.41,7.7,Moth
127,22.2,101.5,0.34,8.1,Moth
153.9,27.3,135.6,0.5,8.2,Moth
154,24.9,119,0.48,8.3,Moth
151.3,25.5,111.4,0.43,8.1,Moth
138.7,18.7,122,0.4,8.4,Moth
174.3,26.1,135.7,0.52,7.3,Moth
167.3,28.8,136.7,0.52,7.8,Moth
148.5,24.9,132.2,0.43,7.7,Moth
135.2,24,106.8,0.38,8,Moth
117.6,19.9,89.3,0.33,7.8,Moth
76.7,11.5,66.7,0.29,7.8,Moth
126.9,16.4,90.6,0.32,8.1,Moth
179.1,30,140.5,0.55,8.2,Moth
146.4,22.9,75.7,0.45,8.4,Moth
182.4,30.1,159.2,0.53,8,Moth
166.1,29.1,160,0.57,8.4,Moth
143.4,22.7,121.5,0.45,8.2,Moth
137.9,18.5,115.4,0.42,7.3,Moth
107.6,16.5,100.1,0.29,7.5,Moth
88.4,10,64.7,0.21,8.5,Moth
150.9,24.5,118.1,0.47,8.3,Moth
122.6,21.7,121.2,0.38,8.1,Moth
185.2,27.4,132,0.53,7.9,Moth
109.9,17,97.8,0.35,8.4,Moth
128.1,17.1,100.6,0.39,7.7,Moth
186.2,31.7,139.7,0.56,8.5,Moth
136.9,22.3,118.4,0.43,8.4,Moth
170.1,24.3,137.9,0.5,7.4,Moth
92.8,14.2,75.9,0.26,7.9,Moth
152,24.1,142.3,0.5,8.2,Moth
75.9,10,71.8,0.28,8.3,Moth
160.8,25.8,137.9,0.49,8.4,Moth
154.7,28.5,131.7,0.45,8.3,Moth
158.9,26,129.2,0.44,8.1,Moth
178.1,31.5,157.7,0.54,8.2,Moth
170.6,29.6,118.8,0.48,8,Moth
101.5,19.5,110.7,0.33,7.9,Moth
141.8,16.9,129.4,0.49,7.3,Moth
134.9,24,117.3,0.44,7.9,Moth
88.2,11,66,0.3,8.5,Moth
171,23.6,125.9,0.53,8.2,Moth
136.8,25.5,120.4,0.43,8.5,Moth
112.8,18.6,116.7,0.34,7.9,Moth
175.3,34.7,152,0.54,7.9,Moth
133.3,24.3,118.1,0.47,8.1,Moth
177.6,25,107.4,0.51,7.5,Moth
186.7,34.7,149.6,0.56,8.2,Moth
93.9,10,88.7,0.27,7.8,Moth
109,22.2,123.1,0.37,8.2,Moth
108.5,19.3,92.2,0.34,8.3,Moth
99.2,11.4,84.5,0.26,7.8,Moth
96.6,10,82.3,0.29,7.7,Moth
163.7,25.7,132.5,0.47,7.8,Moth
95.3,13.9,98.9,0.34,8.5,Moth
128.4,22.2,110.9,0.36,8.3,Moth
71.7,12.5,65.4,0.29,7.6,Moth
87.4,14,96.7,0.27,7.8,Moth
155.5,21.6,104.6,0.47,7.7,Moth
130.9,22.7,97.7,0.42,7.9,Moth
144.8,23.3,93.3,0.38,7.7,Moth
134.5,19.9,124.5,0.44,7.9,Moth
93.5,14.1,101.1,0.28,7.4,Moth
99.2,14,85.9,0.33,7.5,Moth
185.8,24.6,109.2,0.52,7.9,Moth
128.6,16.2,113.2,0.36,7.2,Moth
124.3,18.7,97.7,0.38,7.5,Moth
128,20.4,105.8,0.32,8,Moth
106.2,16.2,117.4,0.35,8.8,Moth
150,20,133.4,0.4,7.6,Moth
120.5,17.6,100,0.38,7.7,Moth
160.5,27.7,132.3,0.48,7.8,Moth
93.1,17.5,108,0.34,8.3,Moth
120.2,19.3,91.4,0.32,7.8,Moth
78.8,16.5,102,0.29,8.3,Moth
114.6,18.6,90,0.36,8.1,Moth
112.5,18.3,97.3,0.37,8.8,Moth
105.4,15.9,96.4,0.36,8.1,Moth
171.8,27.4,120.2,0.47,7.9,Moth
106.9,15.9,78.1,0.39,7.8,Moth
151.2,23.9,134,0.47,8.6,Moth
170.5,30.3,113.5,0.44,7.6,Moth
157.2,29.3,123.4,0.47,7.8,Moth
166.5,25.5,124.5,0.47,8.1,Moth
68.6,10,73,0.2,8,Moth
172.8,31.9,151.5,0.5,8.3,Moth
154.8,21.5,108,0.45,8.5,Moth
98.8,21,112.1,0.4,8,Moth
114.4,20,121.9,0.38,8.1,Moth
84.9,12.4,71.4,0.29,8,Moth
135.1,21.2,107.3,0.42,7.5,Moth
121.6,19.6,84.1,0.38,7.1,Moth
118.8,20.4,116.4,0.37,8.1,Moth
112.6,14.1,112,0.37,7.5,Moth
156.4,30.5,117.5,0.49,8.6,Moth
125.8,23.6,108.1,0.3,7.7,Moth
190.1,32.3,160,0.55,7.7,Moth
175.4,28.8,133.5,0.46,8.1,Moth
122,16.8,113.8,0.37,7.6,Moth
114.8,19.4,105,0.38,8.6,Moth
110.7,16.1,80.3,0.36,8,Moth
93.7,13.4,74.9,0.28,8.2,Moth
78.8,10,60,0.24,7.4,Moth
151.1,17.8,117.4,0.4,8.7,Moth
114.3,15.1,87.2,0.37,8.2,Moth
110.1,22.4,90.9,0.32,8,Moth
98.3,16.9,102.9,0.34,7.7,Moth
154.1,24,121.5,0.42,7.8,Moth
110.9,13.6,86.2,0.34,7.8,Moth
169.9,27.4,121.4,0.52,7.4,Moth
160.3,24.7,144.3,0.49,8.6,Moth
95.2,12.1,60.2,0.23,8,Moth
116.2,18.7,114.6,0.34,8.2,Moth
106.3,14.9,73.7,0.36,8.8,Moth
71.3,17.4,81.2,0.32,8,Moth
88.7,13.4,103.6,0.3,7.7,Moth
135.1,20,107.5,0.43,7.8,Moth
163.4,26.6,139.7,0.51,8.4,Moth
130.6,18.9,84.7,0.37,8.3,Moth
124.8,16.7,82,0.39,8.2,Moth
110,18.3,98.3,0.37,7.4,Moth
138.8,16.2,112.6,0.42,8.5,Moth
124.2,25.5,112,0.36,8.2,Moth
61.2,11.7,60,0.22,8.5,Moth
104.2,13.5,77.9,0.35,7.3,Moth
129.5,19.8,123.4,0.39,7.8,Moth
83.5,10.4,72.5,0.27,7.7,Moth
122.9,16.7,119.6,0.42,7.7,Moth
145.9,21.1,126.2,0.42,8.4,Moth
81.2,13.7,86.1,0.29,7.8,Moth
178.4,28.6,160,0.52,7.8,Moth
180.1,28.2,141.4,0.58,8.3,Moth
124.9,18.2,96.4,0.39,7.7,Moth
97.8,18.3,93.4,0.3,7.9,Moth
127,23.1,103.3,0.4,8.6,Moth
118.3,23.2,92.9,0.41,8.5,Moth
117.3,15.8,120.9,0.32,7.1,Moth
186.9,34.9,122.3,0.56,8.4,Moth
172.9,29,133.9,0.52,8.2,Moth
160.1,26.3,129.9,0.5,7.5,Moth
111.7,19.5,100.7,0.35,8.2,Moth
132.3,24,118.7,0.46,8,Moth
141.7,19.7,126.5,0.39,7.8,Moth
94.1,14.4,90.3,0.27,8.2,Moth
143.6,26.2,145.8,0.52,8.2,Moth
167.4,25.6,115.7,0.43,7.7,Moth
93.9,10.2,95.8,0.31,8.6,Moth
131.5,19.4,117.3,0.37,8.1,Moth
127.3,28,115.6,0.38,7.9,Moth
135.5,24.2,123.2,0.4,8.3,Moth
159.4,24.3,135.4,0.44,7.7,Moth
137.9,22.8,126.5,0.37,8.2,Moth
119.2,13.3,86.4,0.33,7.5,Moth
76.9,11.1,62.8,0.22,7.6,Moth
136.9,23.7,106.5,0.48,7.9,Moth
147.1,18.8,115.4,0.42,7.8,Moth
113.8,22.2,106.8,0.37,8.5,Moth
115.1,14.9,85.3,0.33,7.5,Moth
140.4,19.2,109.6,0.4,7.5,Moth
89,15,93.2,0.29,7.3,Moth
95.5,16.6,84.5,0.34,7.7,Moth
148.3,20.1,120.7,0.46,8.5,Moth
183,30.9,144.7,0.51,8.1,Moth
163.4,31.2,156,0.5,8.2,Moth
121.7,15.1,114.8,0.36,8.4,Moth
148.9,27.5,134.1,0.49,8.2,Moth
176,27.9,157.4,0.57,8.2,Moth
171.1,28.4,122,0.49,8.3,Moth
121.4,19.3,93.6,0.34,8.5,Moth
147.1,26.2,133.8,0.46,8.6,Moth
91.1,19.3,92.6,0.35,7.9,Moth
187,28,160,0.53,7.1,Moth
94.4,15.6,79.7,0.3,8.7,Moth
119.6,18.7,99.9,0.44,7.1,Moth
60,10.1,81,0.21,7.1,Moth
72.9,16.1,97.4,0.28,8.4,Moth
96.1,10,98,0.28,7.3,Moth
60.7,10,60,0.2,8.2,Moth
102.6,12.6,106.5,0.34,7.2,Moth
107.1,10,96.6,0.26,7,Moth
159.5,18.4,123.6,0.48,8.9,Moth
189.5,29.5,141.6,0.51,7.7,Moth
180.8,35,160,0.56,7.8,Moth
178.9,26.2,136.3,0.55,7.8,Moth
60,10.4,72.4,0.3,7.3,Moth
166.5,25.9,160,0.52,8.9,Moth
137.3,20.7,126.2,0.43,8.2,Moth
92.3,10,83.9,0.21,9,Moth
118.1,19.6,113.1,0.42,8,Moth
101.5,12,81.6,0.29,7.5,Moth
64.1,10,63.3,0.2,8.7,Moth
81.2,16.6,61.1,0.23,7.6,Moth
180.5,25.6,123.1,0.51,8.4,Moth
124.2,13.2,104.5,0.43,7,Moth
154.1,26.4,129.5,0.48,8.9,Moth
200,33.9,160,0.6,8.1,Moth
77.7,11,85.1,0.29,7.4,Moth
150.9,25.1,131.5,0.43,7.4,Moth
110.4,16.3,94.4,0.34,8.5,Moth
179,23.2,121.2,0.5,7.4,Moth
87.8,10.2,96.2,0.28,7,Moth
97.6,15.7,69.3,0.28,7.3,Moth
200,31.8,158.9,0.6,8.6,Moth
95.8,13.4,70.6,0.27,8.1,Moth
178.9,29.7,154.4,0.52,7.2,Moth
70.9,10,90.8,0.33,8.1,Moth
141.8,25.6,125.6,0.49,8.7,Moth
118.8,18,109.8,0.39,7.2,Moth
112.6,16.7,114.7,0.32,8,Moth
113.4,12.8,100.5,0.38,9,Moth
61.3,10,60,0.22,8.4,Moth
179.8,30.5,147,0.51,7.1,Moth
89.8,12.6,82,0.3,7.3,Moth
77.9,10,71.4,0.21,7.5,Moth
146.9,25.4,124,0.5,8.8,Moth
147.1,23.6,127.5,0.39,7.8,Moth
71.9,10,60,0.2,7.2,Moth
171.5,27.7,138.4,0.48,8.7,Moth
158.4,18.7,124.5,0.51,7.3,Moth
108.5,22.2,89.6,0.37,8.1,Moth
164.1,28.4,142.2,0.49,7.5,Moth
171.5,27.1,143.6,0.48,7.6,Moth
160,19.8,147.5,0.46,8.9,Moth
194.8,29.2,140.4,0.56,7.1,Moth
157.6,30.4,139.6,0.51,8.1,Moth
102.5,15,87.3,0.31,7.4,Moth
67.4,10,75,0.2,8.6,Moth
98,16.1,83.8,0.32,8.3,Moth
163.1,21.3,119.8,0.46,7.6,Moth
83.4,13.5,78.6,0.24,7.7,Moth
198.6,31.9,141.8,0.57,8.4,Moth
164,29.8,112.4,0.48,8.2,Moth
98.6,11.3,102,0.24,7.2,Moth
191.5,33.2,149.6,0.6,7.3,Moth
172.9,28.5,148.1,0.53,7.6,Moth
114.2,19.7,89.3,0.33,7.3,Moth
79.4,10,60,0.24,9,Moth
88.9,10.9,111.3,0.29,8.6,Moth
112.9,12.9,85.7,0.34,8.7,Moth
126.4,17.5,108.4,0.4,8.5,Moth
85.4,10,64.1,0.22,8.8,Moth
200,26,160,0.58,9,Moth
77.4,12.4,65.7,0.27,8,Moth
72.7,10,60,0.23,8.9,Moth
184,26.7,141.4,0.5,7,Moth
86,10,85.9,0.29,7.3,Moth
76.9,12.3,64.2,0.24,7.5,Moth
90.2,17,83.1,0.34,7.6,Moth
75.6,10.8,63.8,0.23,8.6,Moth
188.6,25.2,154,0.56,8.8,Moth
164.3,27.8,138.7,0.52,7.8,Moth
91,14.7,82.7,0.25,7.9,Moth
170.4,31.3,135.5,0.57,8.6,Moth
65.3,11.4,75,0.2,8,Moth
89.2,17.7,110.3,0.31,8.7,Moth
82.5,14,73,0.22,8.2,Moth
103.5,19.5,108.7,0.33,7.5,Moth
84.4,14.8,98.7,0.3,7.1,Moth
155.4,24.5,134.2,0.51,8.6,Moth
111.4,11.1,106.1,0.3,8.9,Moth
69.2,10,73.4,0.22,7.2,Moth
88.8,13.9,96.5,0.29,8.9,Moth
200,35,160,0.58,7.6,Moth
200,30.1,160,0.54,8.8,Moth
68.9,10,75.1,0.29,7,Moth
185.9,32.1,160,0.6,9,Moth
114,16,80.7,0.31,8.4,Moth
106.8,10.1,78.5,0.27,7.2,Moth
112.2,12.6,87.9,0.35,8.6,Moth
194.5,24.8,117.5,0.53,9,Moth
67.2,11.6,71.9,0.27,8.1,Moth
160.7,28.3,128.2,0.51,8.7,Moth
146.1,20.8,116.1,0.44,7.4,Moth
112.6,12.5,94.4,0.38,7.2,Moth
149.3,25.3,133.5,0.49,7.3,Moth
185.2,35,155.4,0.57,8.7,Moth
106.6,16.3,85.6,0.33,7.9,Moth
133.2,16.8,105.4,0.39,8.7,Moth
161.6,29.3,113.8,0.49,7.3,Moth
86.7,11.8,72,0.26,8.8,Moth
86.3,16.3,84.1,0.22,7.9,Moth
196.1,32.8,160,0.6,7.5,Moth
78.5,10.6,80.8,0.28,8.7,Moth
74.6,10,86.9,0.24,8.6,Moth
138.9,23.1,103.4,0.43,7.2,Moth
110.1,10,95.4,0.3,8.8,Moth
86.6,13.7,69.7,0.28,7.7,Moth
169.9,26.4,153.3,0.52,8.9,Moth
165.7,28.4,121.8,0.48,8.4,Moth
60,10,61.5,0.2,7.1,Moth
60,10,74.6,0.27,8.1,Moth
113.8,16.7,99,0.4,8.9,Moth
127.8,17.4,97.6,0.39,7.3,Moth
135.2,17.9,105.3,0.4,8.8,Moth
60,10,74,0.26,8.5,Moth
199.5,30,160,0.6,7.8,Moth
181.4,31.1,146,0.58,8.3,Moth
81.2,12.1,63.1,0.32,8.5,Moth
74.3,12.4,61.9,0.25,7.3,Moth
135.6,24,94,0.42,7.5,Moth
75.9,10,60,0.23,7.1,Moth
160.3,23.2,115.5,0.48,8.8,Moth
149.2,28.7,129.9,0.48,7.4,Moth
191,26.6,159.9,0.56,8.7,Moth
192.9,29.1,160,0.56,8.7,Moth
198.8,29.3,154,0.59,9,Moth
180.5,30.7,129.8,0.58,7.4,Moth
194.9,34.3,160,0.6,8.3,Moth
62.6,10,64.6,0.22,7.4,Moth
165.4,27.2,132.2,0.52,8.9,Moth
112,20.8,113.3,0.35,7.9,Moth
199.2,32.4,158.9,0.6,7.1,Moth
117.5,20.1,103.9,0.4,8.5,Moth
96,14.3,88.7,0.31,7.6,Moth
83.2,16.9,66,0.31,8.9,Moth
131.2,19,115.2,0.4,8.8,Moth
200,31.6,136.5,0.57,8.4,Moth
169.5,33.2,143.2,0.52,7.9,Moth
92.2,13.4,87.9,0.34,7.2,Moth
155.7,21.6,118,0.43,8.8,Moth
60,13.6,66.4,0.2,8.1,Moth
189.4,42.2,185.7,0.82,6.9,Coriander
218.7,46,181.5,0.83,7.4,Coriander
164.8,36.1,130.4,0.69,7.5,Coriander
266.5,60,220,0.94,6.9,Coriander
187.6,44,154.1,0.82,7.2,Coriander
141.7,34.2,144.8,0.65,6.9,Coriander
223.3,50.1,202.6,0.85,7.6,Coriander
193.3,43.8,123.1,0.75,7,Coriander
174.8,45.2,153.7,0.72,7.1,Coriander
187,42.7,147,0.73,7.1,Coriander
185.6,38.5,151.3,0.68,7.3,Coriander
228.9,46.4,164.9,0.82,7.6,Coriander
166.2,32.7,161.4,0.66,7.1,Coriander
176.5,43.1,151.5,0.67,7,Coriander
227.3,48.5,182.9,0.82,7.4,Coriander
181.4,34.2,184.7,0.67,7,Coriander
197.9,49.6,162.7,0.89,7,Coriander
171.5,36.1,149.8,0.77,7.2,Coriander
168.1,29.4,121.8,0.59,7,Coriander
159.9,33.9,154.4,0.6,7.6,Coriander
179,40.5,139.8,0.74,7.1,Coriander
149.4,32.1,129.1,0.64,7.4,Coriander
230.1,45.5,160.2,0.78,7,Coriander
175.2,33.3,121.5,0.66,7,Coriander
251.6,52.3,184.2,0.92,7,Coriander
175.2,43.7,193.4,0.76,7.2,Coriander
178.6,44.7,168.1,0.68,7.2,Coriander
239.4,48.9,199.2,0.87,7.1,Coriander
165.4,33.4,137.8,0.51,7.5,Coriander
188.6,46.2,162.3,0.76,7.3,Coriander
186.9,42.3,164.4,0.77,7.3,Coriander
221,43.3,182.3,0.81,7,Coriander
186.4,28.4,136.4,0.82,7.5,Coriander
170.3,36.8,175.4,0.63,6.8,Coriander
169.7,32.8,142,0.61,7.1,Coriander
219.4,44.7,181.4,0.86,7,Coriander
170,33.7,143.8,0.73,7.3,Coriander
178.2,39.3,136.2,0.69,7.6,Coriander
196.3,41.6,156.9,0.87,7.5,Coriander
182.2,37.6,149,0.74,6.8,Coriander
185.7,40.9,189.4,0.76,7.3,Coriander
178.2,39.2,172.4,0.77,7,Coriander
124.9,20.5,101.8,0.55,6.8,Coriander
208.6,40.7,180,0.68,6.9,Coriander
151.6,30.3,121.2,0.54,7.4,Coriander
146.4,29,108,0.53,7.7,Coriander
173,40.7,174.2,0.76,7.3,Coriander
210.4,49.6,180.4,0.78,7.3,Coriander
204.8,38.9,174.7,0.87,7.4,Coriander
220.1,41.1,176.7,0.83,7.5,Coriander
151.3,33.7,150.9,0.61,7.3,Coriander
176.5,36.2,143.5,0.68,7.5,Coriander
178.4,38,178.3,0.59,7.1,Coriander
190.5,40.9,156.5,0.73,7.1,Coriander
199.9,44.8,155.3,0.62,7.3,Coriander
169.7,42.1,150.5,0.72,7.5,Coriander
168.9,35,151.1,0.66,7.6,Coriander
226.1,38.9,165.7,0.75,6.9,Coriander
170.7,37,145,0.72,7.3,Coriander
206.1,42.8,181.1,0.8,7.5,Coriander
172.2,40.3,165.6,0.74,7.4,Coriander
227.5,48.1,160.4,0.87,7.2,Coriander
200,48.4,156.7,0.81,7.2,Coriander
112.8,25.4,111.2,0.53,7.1,Coriander
146.3,34.8,132.2,0.59,7.5,Coriander
153.7,24.7,141.5,0.61,7.5,Coriander
138.6,33.4,153,0.7,7.5,Coriander
167.3,40.4,147.6,0.67,7.3,Coriander
237.9,44.5,161.7,0.8,6.9,Coriander
121.2,28,113.2,0.56,7.6,Coriander
167.5,36.9,124.6,0.69,7.2,Coriander
200.8,33.5,160,0.76,7.1,Coriander
172.2,42.4,150.4,0.76,7.1,Coriander
179.6,38.4,158.9,0.69,7.8,Coriander
252.1,57.9,188.7,0.94,7.2,Coriander
126.1,29.6,103,0.42,7.2,Coriander
192.3,39,162.8,0.7,7.4,Coriander
169.1,33.6,168,0.72,7,Coriander
220,41,173.6,0.8,6.9,Coriander
225.9,46.1,183.6,0.91,7,Coriander
169.1,35.8,148.2,0.66,7.7,Coriander
158.7,25.5,101.3,0.54,7.1,Coriander
206.6,40.2,156.2,0.78,7.5,Coriander
179.7,45.6,142.4,0.78,7.1,Coriander
221,46.4,174.3,0.81,7.6,Coriander
188.5,42.6,157.1,0.78,7.4,Coriander
144.5,35.8,140.5,0.69,7,Coriander
133.2,23.6,114.1,0.47,7.5,Coriander
194.1,39.6,131.1,0.66,7.4,Coriander
195.8,44.9,174.4,0.76,6.9,Coriander
172.7,41.9,130.4,0.78,7.5,Coriander
133.3,26.6,89.6,0.48,7.1,Coriander
251.9,51.1,182.7,0.91,7,Coriander
171.1,29.7,101.5,0.64,7.2,Coriander
136.2,37,119.6,0.56,7.1,Coriander
129.4,24.1,85.2,0.4,7,Coriander
175,38.5,123.6,0.75,7.3,Coriander
151.2,28.7,143.4,0.55,7.4,Coriander
195.4,37.2,169.4,0.77,7.5,Coriander
206,49.1,181.2,0.84,7.2,Coriander
162.3,29.1,155.2,0.63,7.7,Coriander
218,43,191.9,0.83,7.5,Coriander
108.5,25.6,102.6,0.49,7.2,Coriander
135.7,32.8,108.6,0.59,7,Coriander
226.9,51.5,175.8,0.85,7,Coriander
175.4,37,124.3,0.76,7,Coriander
132.9,22.9,116.1,0.55,6.8,Coriander
120.3,25.3,108.1,0.53,7.2,Coriander
114.5,25.7,116,0.52,7.1,Coriander
219.4,53.8,161.9,0.79,7.2,Coriander
216.8,30.3,133.7,0.69,7.5,Coriander
208.8,45.2,141.2,0.74,7,Coriander
171.8,31.8,122.6,0.63,7.1,Coriander
105.7,20,103.8,0.53,6.9,Coriander
224.7,43.5,178.2,0.78,7.7,Coriander
142.4,29.6,94.6,0.6,7.4,Coriander
124.3,25,126.8,0.61,6.7,Coriander
217,40.4,205.6,0.83,7.9,Coriander
210.5,48.7,181.2,0.83,7.7,Coriander
124.1,26.4,124,0.62,7,Coriander
160.6,31.6,163.9,0.66,7.2,Coriander
225.5,47.3,192.3,0.93,7.7,Coriander
111.3,26.8,107.8,0.55,7.6,Coriander
148.1,31.4,138.9,0.62,7.3,Coriander
137,29.3,117.2,0.59,7.2,Coriander
185.8,42.3,156.7,0.76,7.3,Coriander
168.1,41,163.4,0.76,7.1,Coriander
186.4,35.6,150.6,0.82,7.7,Coriander
239.3,49.8,166.9,0.9,7.2,Coriander
208.1,45.3,171.2,0.79,7.1,Coriander
173.2,34.2,127,0.64,7.5,Coriander
90.7,21.2,92.5,0.45,7.2,Coriander
98.6,24,107.6,0.47,7.3,Coriander
181.3,40.6,130.6,0.69,6.8,Coriander
181.9,41.4,155.1,0.76,7.2,Coriander
240.8,45.4,184.2,0.84,7.6,Coriander
159.1,35.7,156,0.7,7.3,Coriander
192.7,44.9,154.8,0.75,7.5,Coriander
182.9,42,161.7,0.73,7.6,Coriander
137.6,39.6,119.5,0.67,7,Coriander
188.4,33.9,146.6,0.66,6.7,Coriander
210.8,48.2,158.7,0.73,7.4,Coriander
122.5,26.4,116.3,0.49,7.8,Coriander
121.5,25.8,94.3,0.46,7.2,Coriander
113,27.4,104.1,0.46,7.1,Coriander
133.8,27.2,114.2,0.56,6.9,Coriander
204.4,39.8,169.5,0.7,7.6,Coriander
154.5,27.6,110.9,0.53,7.5,Coriander
137.3,33,127.5,0.68,7.3,Coriander
236,54.9,205.6,0.87,7.1,Coriander
98.5,24.8,107.5,0.53,7.3,Coriander
115.5,27.2,97.7,0.5,7.3,Coriander
148,33.2,133.8,0.65,7.1,Coriander
164.9,34.6,141,0.53,7.2,Coriander
203.9,45.2,175.4,0.83,7.7,Coriander
185.4,30,152.5,0.64,7.2,Coriander
213.2,44,152.3,0.82,7.5,Coriander
216.3,47.2,182.7,0.78,7.3,Coriander
104.9,23,116.1,0.52,7.2,Coriander
188.3,42.8,175.3,0.81,6.7,Coriander
137.8,31.4,123.2,0.6,7.2,Coriander
188.2,43.1,163.2,0.72,7.6,Coriander
175.3,46.9,136,0.69,7.2,Coriander
202.6,48.3,185.3,0.82,7,Coriander
188.7,37.2,140.3,0.63,7.1,Coriander
214.7,41.7,165.9,0.81,6.8,Coriander
197.9,42.3,146.8,0.77,6.7,Coriander
260.2,57.6,181.1,0.86,7.1,Coriander
152.5,33.2,120.6,0.59,7,Coriander
181,30.8,136.4,0.67,7.3,Coriander
150.6,34.5,122.3,0.47,7.6,Coriander
167.4,40.9,135.8,0.79,7.1,Coriander
137.8,32.5,98.1,0.51,7.4,Coriander
175.2,43.7,167,0.77,7.4,Coriander
133.4,31.1,128.7,0.51,7,Coriander
180.5,39.8,130.1,0.68,7.4,Coriander
232.6,47.6,182.5,0.85,7.5,Coriander
135.2,22.5,97,0.51,7.1,Coriander
206.9,46.9,185.1,0.79,7,Coriander
145.1,31,121.7,0.57,7.3,Coriander
141.8,31.7,137.4,0.56,7.2,Coriander
109.5,30.4,109.2,0.51,7.2,Coriander
258.5,45.5,197.3,0.88,7.8,Coriander
248.2,54.5,176.6,0.87,7.1,Coriander
157.3,34.1,122.7,0.58,7.3,Coriander
214,46.2,166.9,0.79,7.3,Coriander
137.1,35.2,115,0.64,7.4,Coriander
219.8,44.6,180.6,0.83,6.9,Coriander
229.4,53.4,194.6,0.87,7.1,Coriander
223.4,47.3,155.9,0.84,7.3,Coriander
230.2,54,179.5,0.81,7.2,Coriander
147.7,32.2,140.7,0.69,6.9,Coriander
177.3,34.4,142.2,0.68,6.6,Coriander
225.5,39.7,202.3,0.89,6.8,Coriander
169.5,33.4,133.1,0.67,7.1,Coriander
138.4,33.6,108.4,0.57,7.3,Coriander
270.8,55.1,186.7,0.98,7.2,Coriander
170.1,39.3,128.4,0.72,6.8,Coriander
113,22.6,92.7,0.46,7.2,Coriander
203.7,45,190.3,0.79,7.3,Coriander
231.3,51.4,170.3,0.81,6.8,Coriander
160.7,28.2,142.2,0.66,7.7,Coriander
202.3,40.3,154.3,0.74,7.7,Coriander
124.4,26.3,107,0.53,6.9,Coriander
248.3,48.7,184.2,0.93,7.4,Coriander
166.6,40,149.9,0.65,7,Coriander
114.4,34,118.5,0.55,7.6,Coriander
139.3,28.2,128.1,0.54,6.9,Coriander
150.6,33.8,118.8,0.59,7.7,Coriander
146.5,40.1,143.9,0.74,6.9,Coriander
239.8,48.5,183.7,0.78,7.6,Coriander
117.7,26.8,99.3,0.47,7.2,Coriander
168.2,30,141.4,0.65,7.8,Coriander
205.9,38.9,179.6,0.72,6.8,Coriander
200.6,39.9,170.4,0.72,7.4,Coriander
181.9,44,159.3,0.77,7.6,Coriander
150.3,35.5,138.7,0.71,7.6,Coriander
232.4,49.5,193.5,0.86,7.4,Coriander
198.6,49.2,145.5,0.73,7.3,Coriander
130.3,22.9,119.7,0.55,6.8,Coriander
248.6,50.6,207.4,0.89,7.6,Coriander
234.1,42.7,159.7,0.83,7.4,Coriander
133.8,30.1,116.2,0.54,7.1,Coriander
134.1,21.3,103,0.49,7.1,Coriander
204.2,50.2,199.8,0.78,7.3,Coriander
227,42.6,204.2,0.89,6.7,Coriander
161.5,28.3,138.8,0.67,6.6,Coriander
207.7,35.4,176.2,0.81,6.7,Coriander
193,33.6,155.4,0.7,7.5,Coriander
216.7,42.7,171.3,0.89,7.7,Coriander
147.3,33.5,120.7,0.59,7.2,Coriander
168.3,41.6,153.4,0.7,7.2,Coriander
133.4,20.4,122.1,0.51,6.6,Coriander
121.9,24.7,89.9,0.41,7.1,Coriander
114.3,21.9,97.2,0.54,7.3,Coriander
213.2,40.7,184.8,0.7,6.9,Coriander
159.4,33.8,171.9,0.64,7.7,Coriander
166.1,31.1,168.5,0.7,7.5,Coriander
201.2,38.8,189.3,0.81,7.4,Coriander
140.9,34.8,135.6,0.57,6.9,Coriander
185,41.3,162.2,0.71,7.3,Coriander
180.6,33.8,119.4,0.61,6.9,Coriander
131.4,26.1,117.1,0.47,6.8,Coriander
191.9,36.7,169.3,0.77,7.1,Coriander
164.9,38.8,141.6,0.61,6.9,Coriander
158.5,36.7,167.4,0.72,7.1,Coriander
224.3,46.1,176.9,0.84,7.6,Coriander
195.5,40.9,154.8,0.7,7.1,Coriander
160.1,27.4,109.6,0.6,7.3,Coriander
249.5,51.3,205.8,0.85,6.8,Coriander
130.3,35.9,124.8,0.56,7.2,Coriander
211.8,42.8,157.3,0.74,6.7,Coriander
217.9,38.3,155.8,0.75,7.5,Coriander
231.4,43,173.5,0.84,7.6,Coriander
223.9,51.5,179.5,0.81,7.1,Coriander
200.4,37.3,200.7,0.78,7.7,Coriander
258.9,56.5,201.6,0.97,7.3,Coriander
175.8,32.8,131,0.6,7.5,Coriander
129.8,21.8,132.8,0.54,7.5,Coriander
118.1,29.4,111,0.45,7.1,Coriander
232.2,48.1,181.2,0.91,7.5,Coriander
165.4,31.2,160.6,0.66,7.3,Coriander
190.8,40.7,167,0.73,7.4,Coriander
80,20,80,0.4,7.4,Coriander
195.7,39.8,142.3,0.83,7.8,Coriander
115.7,20,90.1,0.45,7,Coriander
139,30.5,148.6,0.61,7.4,Coriander
188.1,43.5,152.7,0.76,6.9,Coriander
194.6,37.8,127.5,0.69,7.3,Coriander
115.6,27.5,115.8,0.5,7.8,Coriander
190,32.6,136.2,0.8,7.7,Coriander
126.3,29,102.8,0.56,7.4,Coriander
134.8,27,102.4,0.61,7.8,Coriander
259.3,45.5,214.6,0.88,7.7,Coriander
100.7,22.7,111.8,0.52,7.3,Coriander
217.9,45.7,159.7,0.87,7.4,Coriander
251.4,48.4,187.5,0.85,7.2,Coriander
136.1,26.4,110.8,0.54,7.5,Coriander
255.9,51.9,220,0.87,6.9,Coriander
143.7,31.8,111.2,0.66,6.7,Coriander
153.5,28.3,132.1,0.58,6.6,Coriander
176.1,43.5,147.4,0.69,7.3,Coriander
229,44.2,182.9,0.89,7,Coriander
149,30.7,120.2,0.59,7.3,Coriander
233.2,45.5,217.8,0.9,7.1,Coriander
211.4,54.9,198.4,0.88,7,Coriander
215.9,48.3,192.7,0.72,7.2,Coriander
90.4,24.6,80,0.52,7.3,Coriander
202.9,45.3,188.5,0.81,6.9,Coriander
126,37.5,126.2,0.61,7.1,Coriander
246.5,46.3,155.8,0.8,6.9,Coriander
150,26.1,121.4,0.65,7,Coriander
162.9,32.1,125.4,0.62,7,Coriander
205.2,35.2,159.4,0.74,7.9,Coriander
178.8,47.2,191.2,0.69,7.2,Coriander
193.8,44.3,143.5,0.76,7.4,Coriander
120.9,29.5,96,0.63,6.7,Coriander
212.5,39.9,183.8,0.69,6.9,Coriander
209.3,40.7,200.7,0.79,7.8,Coriander
155.4,35.3,140.5,0.63,7.4,Coriander
131.2,22.5,117.9,0.53,7.6,Coriander
102.9,23.7,80,0.48,7.1,Coriander
119.5,27.4,150.2,0.61,6.9,Coriander
150.3,43,130.6,0.72,7.1,Coriander
140.8,29.7,126.4,0.57,6.8,Coriander
142,27.2,135.8,0.56,6.8,Coriander
131,30.6,122.8,0.67,7.5,Coriander
194.6,40.8,150.7,0.76,7,Coriander
105.9,30.9,102.3,0.57,7.3,Coriander
198.9,42.5,152.5,0.67,7.6,Coriander
170.2,36,123.6,0.64,7.8,Coriander
203.9,50.1,167.5,0.78,7.6,Coriander
163.1,33.4,136.3,0.7,6.9,Coriander
210.8,40.9,132.4,0.75,7.1,Coriander
181.8,39,164.7,0.65,7.5,Coriander
214.5,44.9,171.1,0.8,7.1,Coriander
125.7,21.4,110.9,0.55,7.1,Coriander
224.6,46.4,197.6,0.75,7.1,Coriander
243.3,39.8,188.2,0.91,7.1,Coriander
146.3,31.4,121,0.49,7,Coriander
115.7,24.5,104.6,0.43,7.6,Coriander
152.7,33.3,127,0.68,7.4,Coriander
90.9,25.6,80,0.53,7.3,Coriander
105.2,29.5,127.1,0.57,7.1,Coriander
162.6,34.5,133.5,0.68,7.6,Coriander
251.9,47.8,159.8,0.8,7.4,Coriander
202.9,42.6,135.8,0.77,6.9,Coriander
182.8,36.8,171.9,0.82,6.9,Coriander
147,32.7,151.5,0.64,7,Coriander
196.7,33.2,142.9,0.69,7.1,Coriander
161.3,29.2,129.5,0.7,7,Coriander
243.7,48.4,185.4,0.91,7.1,Coriander
238.6,46.8,192.6,0.88,7.4,Coriander
92,20,107.1,0.47,6.9,Coriander
148.7,29.7,104.4,0.48,7.1,Coriander
188.4,40.1,145.4,0.71,6.9,Coriander
224.2,40.5,171.6,0.76,7.2,Coriander
125.1,20,123.4,0.47,7.5,Coriander
153.3,33.5,151.5,0.72,7.6,Coriander
256.9,59.9,186.1,0.96,6.9,Coriander
117.4,28,103.5,0.53,7,Coriander
229.5,51.7,192.3,0.85,7.1,Coriander
158.5,38.7,144.7,0.62,7.2,Coriander
136.1,30.2,124.8,0.63,6.8,Coriander
172.5,38,161.1,0.63,6.7,Coriander
146.5,30.6,182,0.65,7.8,Coriander
187,35,132.2,0.74,7.1,Coriander
164.3,36.2,144.4,0.65,7.1,Coriander
233,51.1,169.4,0.81,7.2,Coriander
173.6,37.6,142.9,0.81,7.2,Coriander
251.2,49.6,169.8,0.85,6.9,Coriander
112,20.6,115.2,0.52,7.6,Coriander
246.7,49.1,204.7,0.89,7.4,Coriander
142.3,24.2,115.4,0.6,7.9,Coriander
103,20,85.7,0.4,6.6,Coriander
200.2,42.7,148.2,0.76,7.4,Coriander
90.1,20,80,0.5,6.8,Coriander
233.8,54,177.6,0.97,7.3,Coriander
251,52.2,220,0.9,6.8,Coriander
93.3,20,80,0.43,6.7,Coriander
217.6,46.5,140.1,0.73,6.7,Coriander
229.6,40.2,153.9,0.87,6.7,Coriander
135.2,22.3,93.2,0.59,6.9,Coriander
120.1,20,92.1,0.58,7.1,Coriander
149.5,35.8,113.3,0.57,6.9,Coriander
163.3,33.6,139.7,0.63,6.7,Coriander
216.4,50,173.7,0.71,7.4,Coriander
90.9,20,80,0.42,6.6,Coriander
87.6,20.5,88.8,0.45,6.9,Coriander
221.6,47.5,202.6,0.91,6.7,Coriander
258.1,51.5,220,0.92,7.7,Coriander
191.8,43.9,161.4,0.71,7.6,Coriander
215.3,44.8,193.4,0.84,6.6,Coriander
145.6,35.7,129.9,0.69,7.1,Coriander
210.3,41.8,194.8,0.91,6.8,Coriander
145.7,27.9,121.4,0.62,6.7,Coriander
80,20,80,0.4,7.8,Coriander
218.5,46.3,178.2,0.84,7.5,Coriander
138.9,20,95.2,0.46,6.5,Coriander
92,20,80,0.5,6.7,Coriander
175.2,35,139.5,0.66,7.6,Coriander
121.9,21.8,140.6,0.5,7.5,Coriander
128.4,26.5,105.6,0.48,7.2,Coriander
85.6,21.8,104,0.47,7.4,Coriander
99.5,20,117.4,0.42,6.7,Coriander
168.8,25.2,142.4,0.6,6.8,Coriander
124.7,25.1,92.3,0.56,6.8,Coriander
146.1,22.5,128.7,0.56,6.6,Coriander
80.8,21,96.5,0.44,6.7,Coriander
108.4,29.6,83.9,0.42,7,Coriander
240.2,46.2,178.5,0.81,6.8,Coriander
104.4,20.3,80,0.51,6.5,Coriander
165.3,29,139.6,0.68,7.9,Coriander
147.8,30,118,0.62,6.7,Coriander
114.6,31.1,108.5,0.59,7.2,Coriander
280,59.4,220,0.97,7.4,Coriander
210,49.8,173.2,0.87,7.1,Coriander
121.4,23.9,95.9,0.53,7.5,Coriander
253.6,47.9,193.4,0.95,7.8,Coriander
111.8,20,80.5,0.51,7.8,Coriander
200,45.3,179.1,0.75,6.9,Coriander
129.3,26.3,108.6,0.55,7.8,Coriander
200,40.7,150.2,0.75,6.8,Coriander
240.7,46.8,181.3,0.77,7.6,Coriander
155.8,26.2,125.2,0.5,7.1,Coriander
246.9,50.1,176.7,0.82,7,Coriander
95.3,20,87.1,0.43,6.6,Coriander
147.8,24.4,138.2,0.56,6.7,Coriander
183.6,29.8,156,0.69,6.7,Coriander
149.2,28.5,159.2,0.58,6.8,Coriander
103.5,24,107.1,0.51,7.7,Coriander
208,40.4,180.5,0.84,7.7,Coriander
105.5,20,80,0.49,6.7,Coriander
174.3,34.5,142.4,0.76,6.8,Coriander
107.3,20,106,0.42,6.6,Coriander
242.2,52.7,195.4,0.86,7.2,Coriander
186.8,36.1,164,0.74,7.9,Coriander
92.3,20,86.3,0.4,7.8,Coriander
215.9,46.3,168,0.85,7.7,Coriander
230.6,56.9,197,0.89,7.2,Coriander
194.2,37,162.4,0.74,8,Coriander
114.9,22.4,107,0.5,7,Coriander
105.9,23.9,117.2,0.56,6.8,Coriander
271.6,55.3,220,1,7.5,Coriander
247.4,44.7,177.9,0.9,7.4,Coriander
209.2,47.1,169.2,0.81,7.7,Coriander
195.3,41.6,152.2,0.71,6.9,Coriander
105.8,23.1,104,0.48,7.8,Coriander
182.1,32.6,109.3,0.58,7.9,Coriander
131.9,28.6,121.3,0.48,6.8,Coriander
262.5,46.5,209.8,0.94,6.7,Coriander
178.1,44.6,131.5,0.71,6.9,Coriander
232.6,45.9,178.8,0.98,6.6,Coriander
259,45.8,201.5,0.88,7.4,Coriander
237.7,48.3,156.6,1,6.7,Coriander
171.8,36.3,142.4,0.74,7.4,Coriander
262.5,46.8,180,0.89,6.7,Coriander
190.6,44.3,175.1,0.8,7.3,Coriander
119.7,24.3,126.7,0.5,7.6,Coriander
195.8,39.5,169.1,0.75,7.7,Coriander
226.4,39.6,183.9,0.84,8,Coriander
138.9,25.6,117.1,0.57,7.5,Coriander
131.2,23.7,125.1,0.52,7.5,Coriander
142.9,24.2,113.7,0.63,7.6,Coriander
150.8,37,123.3,0.61,6.8,Coriander
105.6,21,122.8,0.4,6.7,Coriander
99.8,21,80,0.41,7.3,Coriander
218.5,47.6,202.4,0.85,7.9,Coriander
187.2,39,144.1,0.73,6.9,Coriander
194,48.3,183.6,0.7,7.5,Coriander
104.1,20,131.3,0.53,7.8,Coriander
245.7,48.5,174,0.95,7.6,Coriander
240.9,48.7,177.4,0.82,7.1,Coriander
253.8,55.5,219,0.96,7.4,Coriander
80.4,20,93.7,0.44,7.6,Coriander
126.1,20,106.6,0.51,7.8,Coriander
280,48.1,199,0.92,6.7,Coriander
169.9,29.3,136.2,0.73,7.7,Coriander
103.8,20,107.1,0.41,7.6,Coriander
80,20,109.7,0.4,7.8,Coriander
168.9,36.2,140.9,0.66,7.3,Coriander
84.4,20,80,0.42,6.9,Coriander
258.6,51.2,207.5,0.96,7.4,Coriander
80.8,20,80.5,0.4,7.5,Coriander
128.2,20,121.4,0.44,6.7,Coriander
279.7,55.2,188.6,0.97,7.5,Coriander
190.2,42.7,164.1,0.73,7.5,Coriander
245,50.5,189.4,0.76,7,Coriander
97.4,20,94.4,0.46,7.9,Coriander
280,47.2,207.4,0.99,7.9,Coriander
208.2,39.7,161,0.69,7.6,Coriander
179.6,35.5,124.7,0.75,7.6,Coriander
249.5,49.5,188.2,0.98,7.9,Coriander
109.9,22.6,85.1,0.52,7.6,Coriander
118.9,21.9,112,0.45,7.8,Coriander
251.3,43.8,190.5,0.93,7.7,Coriander
105,23.2,108.2,0.52,7.9,Coriander
148.8,32.9,112.2,0.69,6.7,Coriander
166.2,35.6,126.6,0.74,7.7,Coriander
275.3,57,220,0.94,7.1,Coriander
167.2,32.7,151.5,0.67,7.4,Coriander
113.3,20,88.1,0.53,7.9,Coriander
80,20.4,80,0.41,6.7,Coriander
106.6,28.5,133.7,0.52,8,Coriander
159.6,32.1,151.2,0.74,6.6,Coriander
204,47.8,165.5,0.77,6.7,Coriander
186.7,41.7,166,0.85,7.6,Coriander
80,20,88.8,0.4,7,Coriander
96.5,26.7,116,0.45,7.4,Coriander
179.8,39.9,162.5,0.74,6.5,Coriander
224.5,52.1,197.6,0.9,7.7,Coriander
145.1,28.5,137.2,0.65,7.9,Coriander
195.6,49.1,189.7,0.86,7.5,Coriander
219.7,50,135.9,0.79,7.1,Coriander
192,40.9,179.2,0.77,7.9,Coriander
100.9,20,80,0.43,7.3,Coriander
210.9,40,133.4,0.7,6.5,Coriander
130.8,20,86.3,0.44,6.6,Coriander
248.4,44.9,184.2,0.88,6.7,Coriander
163,32.3,131.9,0.65,7.5,Coriander
235.5,41.9,240.6,0.83,7.1,Dry Chillies
266.3,53.3,224.4,0.86,6.6,Dry Chillies
186.6,46.1,166.7,0.81,6.6,Dry Chillies
242.4,48.7,198.1,0.9,6.8,Dry Chillies
129.5,34.8,132.2,0.72,7,Dry Chillies
194.5,41,224.5,0.69,6.8,Dry Chillies
320.8,51.3,261.4,0.99,6.5,Dry Chillies
220.2,39.7,197.7,0.84,6.7,Dry Chillies
272.1,55.7,260.6,1.03,6.7,Dry Chillies
195.8,43.4,186.4,0.72,6.9,Dry Chillies
287.3,60.4,279.7,1.06,6.9,Dry Chillies
213.5,35.9,198.4,0.86,6.3,Dry Chillies
177.2,33.1,174.2,0.68,6.6,Dry Chillies
257.5,56.3,231.1,0.93,6.7,Dry Chillies
254.7,42.7,198.7,0.89,6.4,Dry Chillies
208.1,37.7,221.1,0.93,6.9,Dry Chillies
198.7,43.3,219.8,0.9,6.8,Dry Chillies
169.7,38,158.1,0.7,6.8,Dry Chillies
160.1,44.7,186,0.74,6.6,Dry Chillies
225.6,34.4,166.3,0.79,6.4,Dry Chillies
254.4,51.8,239.6,0.9,6.8,Dry Chillies
221.9,37.3,169.1,0.79,7,Dry Chillies
243.8,49,193.9,0.96,6.6,Dry Chillies
224.6,47.3,241.5,0.94,6.7,Dry Chillies
200.6,45.1,214.9,0.84,6.7,Dry Chillies
232.1,47.8,207.2,0.9,6.7,Dry Chillies
233.2,42.6,178.6,0.88,6.5,Dry Chillies
267.3,53.2,244.8,0.86,6.9,Dry Chillies
175,35.3,145.2,0.79,7.1,Dry Chillies
220.3,40.7,166.9,0.85,6.7,Dry Chillies
221.4,39.1,263.4,0.85,6.8,Dry Chillies
238.5,42.5,195.1,0.93,6.4,Dry Chillies
217.7,39.6,190,0.73,6.7,Dry Chillies
197,44.4,195.2,0.81,7.1,Dry Chillies
213.6,45.9,226.5,0.81,6.7,Dry Chillies
267.5,51.5,196.3,1.07,7,Dry Chillies
195.1,37.6,150.9,0.77,6.8,Dry Chillies
230.7,40.3,220.9,0.88,6.4,Dry Chillies
243.8,49.6,194,0.98,6.9,Dry Chillies
236.8,44.1,219.6,0.88,6.6,Dry Chillies
293.3,47.1,245.9,1.02,7.1,Dry Chillies
124.1,25,151.2,0.64,6.3,Dry Chillies
183.4,43.4,205.2,0.77,6.8,Dry Chillies
143,37.4,113.6,0.68,6.7,Dry Chillies
266.2,47.2,192.9,0.87,6.7,Dry Chillies
213.5,36,165.7,0.78,7.3,Dry Chillies
245,46,207.1,0.91,6.9,Dry Chillies
283.5,52.5,239.7,0.96,6.9,Dry Chillies
171.3,34.8,152.2,0.71,6.7,Dry Chillies
148.6,29,147.4,0.72,6.6,Dry Chillies
208.9,36.5,171.4,0.81,7,Dry Chillies
231,45.5,215.6,0.89,6.9,Dry Chillies
178.5,40.6,153.8,0.77,6.6,Dry Chillies
165.2,27.6,105.5,0.63,6.5,Dry Chillies
267.9,43,209.4,0.91,7.2,Dry Chillies
204.1,36.2,161.8,0.82,6.4,Dry Chillies
255.1,47.8,252.3,1.06,6.6,Dry Chillies
268.4,59.8,247.6,1.15,6.8,Dry Chillies
235.1,41.9,171.8,0.81,6.4,Dry Chillies
161.2,32,130,0.75,6.8,Dry Chillies
222.2,42,185.9,0.75,6.6,Dry Chillies
185.9,31.5,154.7,0.6,7.1,Dry Chillies
208.3,45.4,200,0.77,6.6,Dry Chillies
245.3,49.7,205.6,0.89,6.7,Dry Chillies
180.8,31.8,148.2,0.63,6.9,Dry Chillies
240.3,44.2,173.6,0.89,6.7,Dry Chillies
216.2,35.9,139.5,0.82,7.1,Dry Chillies
274.1,43.8,209.6,0.92,6.5,Dry Chillies
232.1,47.6,244.1,0.91,7.2,Dry Chillies
243,47.2,214,1.01,7,Dry Chillies
232.8,49.2,197.9,0.84,6.6,Dry Chillies
223.9,40.7,179.4,0.81,6.7,Dry Chillies
238.9,50.7,184.6,0.75,6.6,Dry Chillies
266.5,48.7,244.8,0.93,6.7,Dry Chillies
243.6,43.5,200,0.89,7.1,Dry Chillies
177.4,43.6,133.1,0.71,6.8,Dry Chillies
262.1,46.1,183.7,1.04,6.4,Dry Chillies
167.1,30.3,185.4,0.64,6.5,Dry Chillies
152.1,28.5,138.8,0.63,6.8,Dry Chillies
214.3,36.7,184.3,0.73,7.1,Dry Chillies
236.8,49.4,201.9,0.93,6.6,Dry Chillies
175.6,35.1,190.2,0.88,6.9,Dry Chillies
188.8,37,199.3,0.74,6.6,Dry Chillies
158.4,34.9,142.7,0.69,6.4,Dry Chillies
272.2,51.4,196.7,0.94,7,Dry Chillies
194.7,39,187.5,0.68,6.8,Dry Chillies
269,52.9,239.4,0.98,7.2,Dry Chillies
253.8,53,272.6,1.01,7.2,Dry Chillies
248.4,47.1,221.9,0.89,7.3,Dry Chillies
225,46.1,184.9,0.84,7,Dry Chillies
173,31.7,176.5,0.74,6.7,Dry Chillies
223.7,34.9,198.9,0.83,7.2,Dry Chillies
306,54.2,224.5,0.99,6.8,Dry Chillies
235.4,45.5,198.6,0.89,7.2,Dry Chillies
222.2,42.2,218.6,0.91,6.9,Dry Chillies
255.4,36,204.6,0.88,6.8,Dry Chillies
194.5,42,144,0.69,6.6,Dry Chillies
257.3,43.9,184.2,0.94,6.2,Dry Chillies
190.3,35.6,205.1,0.87,6.6,Dry Chillies
191.3,34.6,173.1,0.77,6.8,Dry Chillies
119.7,26.2,148.9,0.63,7.1,Dry Chillies
136.3,25,141.1,0.62,6.1,Dry Chillies
290.6,42.8,232.3,1.01,7.1,Dry Chillies
130.4,25,109.4,0.58,6.8,Dry Chillies
282.8,47.2,252.4,1.01,7.2,Dry Chillies
285,55.4,256.7,1.03,6.7,Dry Chillies
201.2,35.1,187.5,0.74,6.3,Dry Chillies
225.1,46.9,202.9,0.85,7,Dry Chillies
189.8,37,184.1,0.72,7,Dry Chillies
192.6,33.4,200.2,0.74,7,Dry Chillies
142.6,25.3,195.7,0.73,7.3,Dry Chillies
293.8,53.4,251,1.01,7.4,Dry Chillies
280,55,242.7,1.01,6.8,Dry Chillies
249.7,37.7,198.6,0.92,7.1,Dry Chillies
268.2,51.2,228.2,1.03,6.4,Dry Chillies
235.9,36.6,181.8,0.84,7,Dry Chillies
271,48.8,251.2,1.02,6.6,Dry Chillies
213.5,41.9,299.1,0.98,7,Dry Chillies
312.8,58.8,248.1,1.17,6.8,Dry Chillies
170.9,38.6,127,0.63,6.7,Dry Chillies
342.1,65,269.2,1.12,6.6,Dry Chillies
307.1,54.2,260.8,1.15,6.9,Dry Chillies
186.2,29.3,190.2,0.69,7.1,Dry Chillies
165.3,34.2,190.4,0.78,6.9,Dry Chillies
202.5,36.7,172.6,0.85,6.3,Dry Chillies
170.8,39.6,211.8,0.87,6.6,Dry Chillies
176.8,41.4,217.5,0.82,7.1,Dry Chillies
215.5,40.5,179.4,0.81,6.5,Dry Chillies
308.3,59.3,253.5,1.05,6.3,Dry Chillies
232.7,46.1,221,0.94,6.7,Dry Chillies
238,51,216.1,0.87,7.1,Dry Chillies
276.6,50.5,222.9,1.06,7.2,Dry Chillies
207.4,43.9,216.3,0.82,6.4,Dry Chillies
321.9,59.6,300,1.17,6.2,Dry Chillies
284.5,53.3,271,1.1,6.3,Dry Chillies
212.1,33.7,209.7,0.76,6.9,Dry Chillies
153.1,30.1,122.9,0.59,7.1,Dry Chillies
142.2,26.6,162.1,0.62,6.5,Dry Chillies
220.7,45.3,190.3,0.9,6.5,Dry Chillies
297.9,45.7,249,0.98,6.2,Dry Chillies
274.5,49.8,192.5,1.07,6.6,Dry Chillies
256.9,44.3,249,0.95,7.2,Dry Chillies
174.8,34,100,0.72,7,Dry Chillies
307.4,54.2,256.9,1.17,6.2,Dry Chillies
170.9,38.6,126,0.81,7.4,Dry Chillies
272.6,54,245.4,0.98,6.8,Dry Chillies
274.7,56,272.1,1.17,7,Dry Chillies
162.8,27.4,150.5,0.67,7.3,Dry Chillies
230.5,40,172.7,0.81,6.2,Dry Chillies
233.5,49.9,191.3,0.88,6.7,Dry Chillies
222.5,43,199.6,0.81,7,Dry Chillies
202.6,29.8,145.1,0.7,6.5,Dry Chillies
267,48,247.8,0.9,7.1,Dry Chillies
153.4,28,114.2,0.61,6.8,Dry Chillies
154.4,30.8,141.3,0.66,6.1,Dry Chillies
111,25,105,0.56,6.9,Dry Chillies
231.4,46.4,231.8,0.89,6.6,Dry Chillies
304.2,53.6,215.8,1.12,6.6,Dry Chillies
205.1,45,204.8,0.81,6.7,Dry Chillies
314.4,55.5,267.3,1.15,7.2,Dry Chillies
120.7,29.9,117.7,0.6,7.1,Dry Chillies
149.5,29,160.1,0.63,6.8,Dry Chillies
280.4,51.1,256.3,1.02,7.2,Dry Chillies
218.9,38.5,175.3,0.78,6.9,Dry Chillies
203.7,41.1,193.2,0.75,7,Dry Chillies
243,44.2,207.8,0.95,7.3,Dry Chillies
202.5,43.3,171.7,0.89,6.4,Dry Chillies
312.3,52.4,266.9,1.05,6.6,Dry Chillies
174.5,28.6,181,0.58,6.6,Dry Chillies
222,48.4,187,0.86,6.1,Dry Chillies
317,59,263.9,1.01,6.7,Dry Chillies
215.5,42.9,175.7,0.8,6.9,Dry Chillies
225.3,42.7,243.1,0.92,7.1,Dry Chillies
232.9,45.9,254.2,0.9,6.9,Dry Chillies
156,29.9,163.7,0.56,6.7,Dry Chillies
229.3,47.1,236.4,0.89,6.7,Dry Chillies
280.2,50.7,229.6,0.88,6.9,Dry Chillies
105.5,25,100,0.5,7.1,Dry Chillies
204.5,49,198.6,0.75,6.8,Dry Chillies
215.6,46.4,240,0.89,6.7,Dry Chillies
312.5,58.9,265.4,1.19,6.6,Dry Chillies
125.8,29.1,129.3,0.63,6.7,Dry Chillies
233.3,41.5,216.9,0.8,6.9,Dry Chillies
191.5,35.4,194.3,0.73,7.1,Dry Chillies
223.4,50,242.4,0.9,6.8,Dry Chillies
166.3,25,159.6,0.67,7,Dry Chillies
294.9,55.7,252.8,0.98,7.3,Dry Chillies
202.9,40.9,183.3,0.83,6.5,Dry Chillies
293.2,56.9,202.3,0.97,6.9,Dry Chillies
126.7,31.5,134.9,0.63,6.7,Dry Chillies
275.4,49.5,209.7,0.93,6.8,Dry Chillies
217.7,43.6,155.1,0.79,6.6,Dry Chillies
284,50.4,234.9,1,6.9,Dry Chillies
187,30.6,197.1,0.7,6.6,Dry Chillies
247.7,40.2,217.8,0.98,7.3,Dry Chillies
178.6,37,199.9,0.72,6.4,Dry Chillies
162,34.2,203.2,0.71,6.4,Dry Chillies
203.6,38.9,137.9,0.87,7.1,Dry Chillies
122.9,25,100,0.5,7.2,Dry Chillies
231.1,44.2,169.1,0.85,7,Dry Chillies
190.2,39.3,168.2,0.82,6.3,Dry Chillies
247.4,41.6,206.9,0.79,6.5,Dry Chillies
287,41.5,214.1,1,6.5,Dry Chillies
163.4,36.1,166.3,0.71,6.2,Dry Chillies
186.8,37,219.8,0.83,7.2,Dry Chillies
317.9,48,272.1,0.95,7.1,Dry Chillies
305.3,48.9,266.1,1.11,6.2,Dry Chillies
207.7,49.5,188,0.82,6.7,Dry Chillies
269.4,44.8,215.6,0.92,7.1,Dry Chillies
237.7,40.9,178.8,0.9,7,Dry Chillies
172.5,30.1,149.2,0.7,7.1,Dry Chillies
220.2,36.2,232.4,0.8,7,Dry Chillies
188.1,33.1,166.9,0.76,7.2,Dry Chillies
209,41.9,177.5,0.75,7.1,Dry Chillies
263.2,51.8,221.5,0.91,6.3,Dry Chillies
229.1,42.4,179.6,0.75,6.8,Dry Chillies
303.9,54.2,226.4,1.01,6.7,Dry Chillies
263,51.6,184.1,0.89,7,Dry Chillies
122.4,26.1,134.1,0.57,6.9,Dry Chillies
291.1,52.1,267.7,1.02,6.7,Dry Chillies
311.8,54.4,258.3,1.11,6.9,Dry Chillies
143,28.1,184,0.7,6.2,Dry Chillies
154.6,39.5,122.6,0.62,6.5,Dry Chillies
216.4,40.7,193.2,0.85,6.8,Dry Chillies
229.4,38.5,181.2,0.83,7.3,Dry Chillies
270.2,50.1,244.2,0.99,6.9,Dry Chillies
267.5,46.6,216.5,0.86,6.5,Dry Chillies
163.7,30.3,144.3,0.79,6.2,Dry Chillies
130,25.6,153,0.61,7.3,Dry Chillies
165.2,32.6,171.9,0.77,7,Dry Chillies
205.4,32.1,200.1,0.78,6.3,Dry Chillies
217.5,37.2,188.5,0.98,7.2,Dry Chillies
211,38.1,214.6,0.9,7.3,Dry Chillies
224.1,37.9,153.5,0.82,6.7,Dry Chillies
266.1,44.9,201.6,0.84,6.5,Dry Chillies
185.8,42.3,130.3,0.77,7.1,Dry Chillies
189.7,41.7,187.3,0.73,6.7,Dry Chillies
227.6,43.4,171.7,0.94,6.5,Dry Chillies
287.5,50.9,230.7,1.04,6.7,Dry Chillies
294.3,56.8,241.5,1.1,6.8,Dry Chillies
218.3,47.1,230.7,0.89,6.8,Dry Chillies
263.8,51,210.5,0.97,7.3,Dry Chillies
188.7,33.7,179,0.73,7.2,Dry Chillies
244.8,50.9,252,0.9,7.4,Dry Chillies
162.2,32.7,156.7,0.73,6.7,Dry Chillies
269.1,46.6,225.4,1.05,7.2,Dry Chillies
181.7,34,161.4,0.7,6.9,Dry Chillies
263.4,52.8,225.6,1.04,7.2,Dry Chillies
207.8,37.4,214.1,0.72,6.8,Dry Chillies
250.7,40.6,206.7,0.87,6.6,Dry Chillies
263.3,46.8,232.4,0.89,6.5,Dry Chillies
225.1,40.9,184.4,0.68,6.4,Dry Chillies
137.6,32.6,139.7,0.59,6.7,Dry Chillies
168.6,38.3,167,0.58,6.7,Dry Chillies
145.7,31.7,142.1,0.67,6.9,Dry Chillies
165,32.4,172.9,0.74,6.5,Dry Chillies
217.1,39.4,182.2,0.82,6.9,Dry Chillies
304.3,54.2,267.2,0.95,6.6,Dry Chillies
265.9,54,248.9,1.03,6.5,Dry Chillies
272.5,54.6,268.9,0.96,6.9,Dry Chillies
163.5,43,158.1,0.71,6.6,Dry Chillies
181.8,29,159.2,0.67,7.1,Dry Chillies
138.5,35.2,168.3,0.6,6.5,Dry Chillies
130.1,27.2,149.3,0.5,6.8,Dry Chillies
140.7,25,121.8,0.58,7.3,Dry Chillies
142.9,25,105.5,0.68,6.4,Dry Chillies
248.2,40.1,247.1,0.93,7.1,Dry Chillies
207.9,39.5,175.3,0.72,7.4,Dry Chillies
224.1,33.6,196.9,0.81,6.4,Dry Chillies
217.9,45.1,209.9,0.87,6.6,Dry Chillies
131.5,25,104,0.67,7.1,Dry Chillies
168.2,34.9,185.9,0.63,7,Dry Chillies
104.5,27.5,122.7,0.63,6.9,Dry Chillies
220.1,42.5,171.2,0.86,7,Dry Chillies
161.3,31.5,156.9,0.61,6.4,Dry Chillies
217.9,42.9,188.6,0.78,7.1,Dry Chillies
133.5,27.6,129.6,0.63,6.9,Dry Chillies
195.9,36.5,185.3,0.77,7.3,Dry Chillies
237.9,44.7,232,0.95,6.8,Dry Chillies
140.2,26.7,132.6,0.64,7,Dry Chillies
197.1,31.2,189.7,0.77,6.5,Dry Chillies
278.3,53.3,268.5,0.98,6.7,Dry Chillies
265.1,46.2,248.9,1.01,7.4,Dry Chillies
211.8,31.1,127.1,0.75,7.3,Dry Chillies
172.6,38.5,159.7,0.63,6.6,Dry Chillies
218.7,46,212.2,0.82,6.9,Dry Chillies
170.4,36.9,164.3,0.62,7,Dry Chillies
182.2,41.2,131.5,0.69,6.6,Dry Chillies
150.8,36.5,141,0.69,6.9,Dry Chillies
156.8,31.4,154.7,0.65,6.9,Dry Chillies
114.9,31.8,162.4,0.57,6.7,Dry Chillies
177.7,43,162.6,0.81,6.7,Dry Chillies
314.6,58.2,270.6,1.06,6.5,Dry Chillies
208.2,39.8,176.3,0.81,6.3,Dry Chillies
284.1,53.4,245.1,0.99,7,Dry Chillies
217.1,42.8,206.8,0.8,6.8,Dry Chillies
223.4,41.5,169.5,0.8,7,Dry Chillies
195.2,37.5,210.1,0.79,7.1,Dry Chillies
174.8,37.6,183.2,0.73,6.5,Dry Chillies
147.5,32.4,175.6,0.78,6.4,Dry Chillies
251.3,48.6,234,0.94,6.4,Dry Chillies
308.7,52.2,281.4,1,6.4,Dry Chillies
184.7,36.9,160.8,0.77,6.1,Dry Chillies
176.6,32,189.3,0.75,6.9,Dry Chillies
221.1,47.3,183.9,0.8,6.2,Dry Chillies
215.7,41.5,173.8,0.77,6.7,Dry Chillies
305.6,52,272.3,1.13,7.3,Dry Chillies
190.4,33,161.9,0.62,6.8,Dry Chillies
270.5,55.3,217.5,1.01,6.4,Dry Chillies
253.5,49.4,240.6,1.13,6.4,Dry Chillies
277.4,50.3,240.2,1.05,7,Dry Chillies
300.7,54.1,273.7,1.07,6.8,Dry Chillies
302.4,53.5,271.9,1,7.1,Dry Chillies
198.7,35.4,182.5,0.75,7.2,Dry Chillies
198.1,46.3,192.5,0.85,6.8,Dry Chillies
158.8,30.5,133.6,0.64,6.3,Dry Chillies
224.3,48.7,225.5,0.9,6.9,Dry Chillies
229.6,44.1,223.1,0.79,7,Dry Chillies
175.1,32,178.4,0.68,6.7,Dry Chillies
246.4,39.6,222.8,0.81,6.1,Dry Chillies
265.1,45.2,230.8,1.03,6.5,Dry Chillies
338.7,65,293.5,1.2,6.7,Dry Chillies
147.7,35.5,100,0.63,6.6,Dry Chillies
240.4,44.6,233.7,0.8,7,Dry Chillies
234.3,39.4,167.7,0.94,6.4,Dry Chillies
227,30.8,240.6,0.75,7.3,Dry Chillies
294.3,49.4,283.2,1.06,7.3,Dry Chillies
156.4,36.4,163.8,0.65,6.8,Dry Chillies
272.2,45.8,239.1,0.96,6.6,Dry Chillies
165.4,35.9,135.4,0.69,6.4,Dry Chillies
241.6,43.8,241.6,0.95,6.9,Dry Chillies
214.1,36,146.1,0.92,6.5,Dry Chillies
198.2,44.3,238.4,0.89,6.8,Dry Chillies
290.1,61.1,300,1.05,6.9,Dry Chillies
309.3,56.6,226.2,1.01,7,Dry Chillies
196.5,47.8,218.6,0.77,6.9,Dry Chillies
197.3,43.3,169.4,0.78,7.1,Dry Chillies
166.1,26.8,125.6,0.61,6.2,Dry Chillies
252.9,43.5,198.8,0.95,7.3,Dry Chillies
216.1,48,235.9,0.94,7,Dry Chillies
256.7,50,234.8,0.96,7,Dry Chillies
270.8,43.9,239.5,0.86,7,Dry Chillies
221.4,45.7,212,0.9,7.4,Dry Chillies
170.4,31.7,167,0.78,6.4,Dry Chillies
271.7,47.4,251.5,0.98,6.8,Dry Chillies
136,25,123.9,0.54,7.2,Dry Chillies
161.7,32.4,159.6,0.68,6.8,Dry Chillies
182.4,38.7,191.6,0.78,6.9,Dry Chillies
275.8,48.4,227.5,0.96,7,Dry Chillies
253.7,42.4,200.6,0.87,6.4,Dry Chillies
278.7,46.6,200.8,0.89,6.1,Dry Chillies
155.8,25,176.6,0.63,6.1,Dry Chillies
171.6,32.6,164.1,0.64,7.1,Dry Chillies
196,33.5,180.8,0.81,7.1,Dry Chillies
340,57.4,295.9,1.2,7.4,Dry Chillies
254.3,50.4,207.5,0.89,6.4,Dry Chillies
257.1,43.4,195.9,0.88,6.4,Dry Chillies
339.5,52.9,280.9,1.11,7.1,Dry Chillies
152.9,25,174.6,0.6,7.4,Dry Chillies
334.2,51.1,293.1,1.19,7.2,Dry Chillies
235.2,41.7,200.3,0.75,6.9,Dry Chillies
142.1,25,123.4,0.59,7.4,Dry Chillies
270.9,56.8,240.8,1,6.8,Dry Chillies
294.3,65,298.2,1.08,6.8,Dry Chillies
187.6,31.4,145.2,0.76,7.2,Dry Chillies
339.7,62.9,300,1.15,6.6,Dry Chillies
217,43.3,250.1,0.91,7.4,Dry Chillies
265.6,53.8,235.7,0.89,6.8,Dry Chillies
289.9,50,266.4,1.11,6.4,Dry Chillies
112.7,25,127.7,0.61,6.3,Dry Chillies
257.3,42.5,213.4,0.97,7.5,Dry Chillies
122.8,28.7,100,0.6,6.4,Dry Chillies
130.6,29.2,190.9,0.57,6,Dry Chillies
251,48.8,232.7,0.94,6.4,Dry Chillies
167.8,35.3,112.3,0.6,6.5,Dry Chillies
209.3,49.8,207.3,0.85,6.7,Dry Chillies
135,32.5,128,0.54,7.2,Dry Chillies
258,48.6,237.7,1.02,6.8,Dry Chillies
287.2,54.7,250.1,1.1,7.3,Dry Chillies
111.6,25,100,0.61,6.1,Dry Chillies
314,59.4,270.3,1.14,6.4,Dry Chillies
238.6,44.2,181.6,0.92,6.6,Dry Chillies
213,46,230,0.84,6.1,Dry Chillies
166.8,25,156.2,0.71,6.2,Dry Chillies
146.3,35.7,118.5,0.66,6.4,Dry Chillies
138.5,27.8,100,0.5,6.5,Dry Chillies
186.9,35.5,141.8,0.7,6.6,Dry Chillies
187.3,35.7,147.3,0.72,7,Dry Chillies
100,27.5,116.6,0.59,7,Dry Chillies
197.2,31.3,118.3,0.68,6.1,Dry Chillies
333.2,58.7,300,1.2,7.1,Dry Chillies
293.2,46.5,257.6,0.99,7.4,Dry Chillies
215.2,37.8,203.6,0.87,6.3,Dry Chillies
295.1,48.5,245.2,1.01,7.3,Dry Chillies
325.3,57.6,246.5,1.14,6.3,Dry Chillies
326.9,50.3,283.9,1.05,6.4,Dry Chillies
344.5,58.5,275.7,1.16,6.2,Dry Chillies
191.6,35.9,159.7,0.77,6.4,Dry Chillies
100,25,102.9,0.55,6.2,Dry Chillies
290.2,58.1,261.3,1.05,7,Dry Chillies
137.2,26.3,134,0.56,6.9,Dry Chillies
127,25,119.4,0.5,6.6,Dry Chillies
175.4,27.1,158.6,0.74,7.2,Dry Chillies
185.5,28.9,184.7,0.68,7.3,Dry Chillies
111.8,25.1,107.5,0.54,6.1,Dry Chillies
313.4,60.2,299.1,1.13,6.2,Dry Chillies
239.8,51.9,243.8,0.86,7.1,Dry Chillies
169,34.6,159.9,0.72,7,Dry Chillies
220.8,43.8,221.5,0.93,7.1,Dry Chillies
298.3,61.3,300,1.12,6.4,Dry Chillies
324.3,56.6,300,1.11,6.3,Dry Chillies
185.5,30.6,163.8,0.66,7.2,Dry Chillies
120.3,33,110.9,0.52,7,Dry Chillies
112.3,25,100,0.51,7.2,Dry Chillies
283.3,51.6,262.8,1.1,6.3,Dry Chillies
193.2,30.1,181.7,0.73,7,Dry Chillies
204.9,36.3,200.3,0.82,6.3,Dry Chillies
314.2,55.4,273.9,1.2,7.4,Dry Chillies
253.8,47.8,201,1.1,7.2,Dry Chillies
131.3,28.8,144.3,0.56,7.1,Dry Chillies
160.3,36.6,156.5,0.59,6.6,Dry Chillies
118.7,29.4,124.7,0.66,6.6,Dry Chillies
146.5,25,100,0.69,6.1,Dry Chillies
124.5,25,122,0.5,7.3,Dry Chillies
335.4,57.3,259.1,1.15,6.7,Dry Chillies
278.4,54.6,236.1,1.08,6.8,Dry Chillies
281.2,44.1,269.7,0.86,6,Dry Chillies
241,39.6,191.1,0.81,7.4,Dry Chillies
229.3,34,178.2,0.87,6.1,Dry Chillies
100,25,100,0.56,6.3,Dry Chillies
200.9,32.1,183.3,0.74,6.9,Dry Chillies
139.7,25.7,107.9,0.64,6.4,Dry Chillies
290.1,51.7,231.2,1.11,6.1,Dry Chillies
193.9,30.2,180.8,0.7,6.1,Dry Chillies
192.5,27.1,181.1,0.82,7.1,Dry Chillies
337.9,59.7,293.4,1.13,7.1,Dry Chillies
207.9,40.2,163.8,0.75,7.3,Dry Chillies
141.1,25,152,0.5,6.7,Dry Chillies
350,59.8,298.1,1.19,7.2,Dry Chillies
100,25,133.8,0.5,6.2,Dry Chillies
203.2,30.4,202.9,0.77,6.2,Dry Chillies
101.4,26.3,174.5,0.6,7.1,Dry Chillies
254.3,48.3,204.9,0.9,6.3,Dry Chillies
292.3,55,281.3,1.14,6.9,Dry Chillies
189.9,39.3,195.5,0.81,7.2,Dry Chillies
298,53.2,244.8,0.91,7.1,Dry Chillies
313,53.5,220.1,1.15,7.3,Dry Chillies
177.4,28.1,159.1,0.6,7.5,Dry Chillies
281.8,54.1,261.8,0.99,7.1,Dry Chillies
103.9,25,142.5,0.61,6.2,Dry Chillies
293.9,53.2,296.9,1.06,6.4,Dry Chillies
339.2,64,300,1.2,6,Dry Chillies
301.9,46,261.2,1.04,6.1,Dry Chillies
142.9,25,121.4,0.57,6.2,Dry Chillies
242.4,41.6,256.1,0.94,6.5,Dry Chillies
200.1,41.8,190.7,0.8,7.2,Dry Chillies
163.4,25.2,128.2,0.6,7.1,Dry Chillies
183.7,32,148.8,0.79,6.5,Dry Chillies
154.5,27.6,181.1,0.64,7.5,Dry Chillies
324.1,61.6,300,1.08,7.4,Dry Chillies
139.5,31.3,173.2,0.67,6.1,Dry Chillies
176.9,26.6,184.6,0.68,6,Dry Chillies
316.5,48.5,276.4,1.11,7.4,Dry Chillies
279.3,51,258.7,1.03,6.7,Dry Chillies
328.3,58,300,1.2,6.2,Dry Chillies
237.6,44.6,257,0.93,6.1,Dry Chillies
245.3,47.6,224.6,0.91,6.5,Dry Chillies
123.8,25,124.4,0.56,7.2,Dry Chillies
350,63.9,300,1.15,6.5,Dry Chillies
157.1,37.5,154,0.71,6.1,Dry Chillies
146.4,25,111.6,0.56,7.5,Dry Chillies
148.9,33.8,128.2,0.69,6.6,Dry Chillies
332.9,59.1,282.9,1.11,7,Dry Chillies
188,26.7,143.6,0.62,6.3,Dry Chillies
153.8,25,115.9,0.54,6.5,Dry Chillies
237.5,41.3,190.2,0.89,6.6,Dry Chillies
160.6,25,109.1,0.53,6.1,Dry Chillies
100,25,128.5,0.68,7.4,Dry Chillies
350,61.7,285.5,1.2,7.1,Dry Chillies
166,34.6,189.4,0.65,6.4,Dry Chillies
252.2,43.5,263.3,0.92,7.3,Dry Chillies
296,56,261.2,1.09,6.8,Dry Chillies
236.6,45.2,233.7,0.9,6.8,Dry Chillies
146.8,26.3,149.8,0.62,6.5,Dry Chillies
294.5,47.5,269.7,1.08,7.4,Dry Chillies
140.5,25.5,100,0.5,6.4,Dry Chillies
325.2,46.2,255.1,1.01,6.3,Dry Chillies
157.3,29.7,110.8,0.56,7.2,Dry Chillies
173.4,41.4,153,0.69,6.7,Dry Chillies
115.8,25,148.4,0.55,7.4,Dry Chillies
220.3,40.7,227.9,0.83,7.3,Dry Chillies
220.2,42.7,170,0.75,6.6,Dry Chillies
266.2,46.9,228.6,0.97,6.6,Dry Chillies
285.5,43.8,296.5,0.99,6.3,Dry Chillies
118.9,26.2,127,0.5,6.3,Dry Chillies
284.2,44.6,274.9,0.97,7.4,Dry Chillies
183.4,26.6,141.8,0.74,6,Dry Chillies
162.2,36.7,129.8,0.79,6.3,Dry Chillies
242.9,50.6,222.6,0.93,6.2,Dry Chillies
119.9,25,100,0.62,7.4,Dry Chillies
218.7,33.3,136.6,0.98,6.3,Mesta
178,24.5,141.6,0.82,5.8,Mesta
211,35.7,170.5,1.03,6.2,Mesta
154.4,30.8,158.5,0.86,6,Mesta
181.5,34.8,144.5,0.84,5.9,Mesta
108.1,17.6,109.7,0.69,6.6,Mesta
247.8,43.8,161.1,1.01,5.9,Mesta
144.7,23.8,126.5,0.66,5.6,Mesta
198.6,30.8,147.4,0.84,6,Mesta
200.3,32.4,143.1,0.89,6.1,Mesta
163.4,29.6,135.8,0.81,5.8,Mesta
168,34.6,148.1,0.78,5.9,Mesta
179.7,32.1,149.9,0.86,6.5,Mesta
168.1,31.7,120.5,0.77,5.7,Mesta
180,30.4,163.9,0.9,6,Mesta
203.6,34.5,134.7,0.94,5.9,Mesta
161.6,25.4,148,0.72,5.9,Mesta
209.7,45.4,183.3,1.08,6.1,Mesta
145.2,29.2,119.4,0.88,6.1,Mesta
172.2,35,110.2,0.74,5.9,Mesta
170.8,29,122,0.71,5.9,Mesta
159.3,25.6,113.2,0.79,5.7,Mesta
245.6,39,186.4,0.98,5.9,Mesta
217.7,32.6,148.3,0.9,6.1,Mesta
201.3,36.4,138,0.8,6.5,Mesta
191.1,40,167.2,0.86,5.9,Mesta
240.2,35.8,163,1.05,5.4,Mesta
198.3,39.3,163.3,0.99,5.6,Mesta
164.8,37.5,146.8,0.89,6.6,Mesta
180.1,25.3,124.3,0.79,5.5,Mesta
140.9,29.8,113.3,0.74,6.4,Mesta
138.5,29.7,116.9,0.77,5.7,Mesta
158.4,26.1,122.4,0.82,5.8,Mesta
248.3,48.6,195.7,1.04,5.8,Mesta
186.5,35.4,146.2,0.77,6,Mesta
215.7,35.8,153.1,1.01,5.7,Mesta
191.9,26.2,126.4,0.88,5.6,Mesta
224.1,37.4,159,1,5.8,Mesta
150.7,24.9,137.8,0.75,5.6,Mesta
141.8,29.4,117.4,0.66,6.1,Mesta
163.4,36,167.4,0.9,5.8,Mesta
178.5,33.3,142.1,0.82,5.7,Mesta
203.8,37.6,151.7,0.89,6.3,Mesta
186.6,28.7,130.1,0.79,5.7,Mesta
183.2,27.5,139.3,0.88,5.5,Mesta
206,32.8,139.7,0.92,6.2,Mesta
146,31,110.5,0.76,6.3,Mesta
143.4,24.1,120.7,0.64,6.1,Mesta
113,26.5,108.4,0.56,6,Mesta
194.4,26.3,140.5,0.83,5.6,Mesta
168.1,30.8,134,0.85,5.8,Mesta
153.6,29.3,124.3,0.76,6,Mesta
202.3,32.1,155.2,0.91,6.4,Mesta
184.5,28.6,139.1,0.83,5.9,Mesta
212.6,36.4,144.4,0.88,6,Mesta
186.7,31.8,155,0.86,6.2,Mesta
187.1,29,133.9,0.86,6.2,Mesta
130.9,22.9,109.8,0.77,5.5,Mesta
233,42,153.5,0.99,5.8,Mesta
222.2,34.5,153.3,0.99,6.3,Mesta
188.4,34.4,169,0.92,6.1,Mesta
128.2,25.2,126.1,0.73,5.8,Mesta
176.9,34.4,128.7,0.9,5.7,Mesta
182.5,34.8,156.1,0.89,5.7,Mesta
166.9,25.5,169.3,0.9,6.5,Mesta
187.2,30.9,140.7,0.91,6.2,Mesta
137.1,19.8,112.4,0.68,5.8,Mesta
228.6,32.2,154.8,1.07,5.9,Mesta
133.2,20.4,106.3,0.77,6,Mesta
237.8,40,172.4,1,5.5,Mesta
130.3,29.8,100.2,0.79,5.7,Mesta
190.8,36,155.2,0.98,6.1,Mesta
177.7,30.9,170.7,0.9,5.9,Mesta
148.1,29.1,114.4,0.85,5.9,Mesta
221.4,35.3,139.8,0.97,5.7,Mesta
174.8,34.7,167,0.9,5.7,Mesta
192.2,30.1,157.5,0.94,6.3,Mesta
200.7,29.7,144.6,0.83,5.5,Mesta
223.4,38.1,163.6,0.96,5.7,Mesta
137.8,20.4,132.2,0.81,6.2,Mesta
148.7,25.6,116.1,0.82,6.3,Mesta
218.5,37.4,175.2,1.01,6.5,Mesta
182.5,35.4,132.7,0.83,6.3,Mesta
185.9,29.5,152.9,0.89,5.5,Mesta
163.6,29.5,148.2,0.88,5.8,Mesta
195.2,35.9,152.7,0.95,5.9,Mesta
156.1,32,163.7,0.78,6,Mesta
183.3,30.2,148.9,0.86,5.9,Mesta
174.8,34.1,115.4,0.71,6.1,Mesta
161.7,33,140.4,0.87,6,Mesta
139.6,28,135.1,0.73,5.7,Mesta
156.5,27.7,138.3,0.71,6.4,Mesta
167.8,28.5,129.9,0.77,6.5,Mesta
174.5,40.2,149.9,0.82,5.8,Mesta
167.6,24.1,154,0.78,5.6,Mesta
203.4,34.8,159.4,0.85,5.8,Mesta
181.3,32.1,121.7,0.86,6.1,Mesta
175,27.4,151.9,0.9,6.4,Mesta
205.5,34.6,146.6,0.98,5.7,Mesta
133.1,26.5,125.4,0.72,5.9,Mesta
161,28.8,122.8,0.75,5.4,Mesta
98,17.1,80,0.56,6,Mesta
121.4,18.8,91.4,0.64,5.6,Mesta
196.8,28.2,135.1,0.85,6.1,Mesta
161,24.2,120.2,0.86,6.3,Mesta
159.3,28.4,150.7,0.73,6.3,Mesta
111.7,20.1,93,0.55,6.2,Mesta
150.3,28.6,126.9,0.79,6,Mesta
110.9,16,116.9,0.58,5.4,Mesta
251.6,36.7,173.8,1.2,6.7,Mesta
231.9,39.6,180.3,0.9,6.1,Mesta
238.7,35.2,180.5,1.07,5.6,Mesta
192.8,29.4,132.2,0.72,6.4,Mesta
161.6,21.6,116.3,0.76,6.4,Mesta
149.7,20.5,137.4,0.8,5.5,Mesta
275.6,40.1,195.4,1.13,5.6,Mesta
129.7,25.6,106.3,0.76,6.2,Mesta
218.2,43.4,140,1.1,6.3,Mesta
231.6,35.8,179.2,1.06,5.8,Mesta
91.5,15,84.5,0.5,5.7,Mesta
148.5,23.6,136.5,0.69,6,Mesta
108.2,18.8,91.6,0.55,5.4,Mesta
177.1,30.7,133.5,0.86,5.6,Mesta
193.2,29.9,151.7,0.85,6.5,Mesta
168.9,23.3,104.6,0.7,5.5,Mesta
182.7,32.2,148.9,0.93,6.5,Mesta
233.4,39.2,174,1.02,5.8,Mesta
160.1,31.7,129.7,0.67,6.2,Mesta
142.6,23.5,118.7,0.77,5.7,Mesta
202.5,36.1,150.1,0.95,6.4,Mesta
243.4,47.1,166.1,1.12,6,Mesta
261.2,39.5,194.3,1.04,6.7,Mesta
262.6,47.2,176.1,1.15,6,Mesta
156.6,25,123.8,0.71,6.4,Mesta
133.1,24.1,118.3,0.66,5.8,Mesta
144.1,22.5,108.1,0.62,6,Mesta
235.6,42.4,186.4,1.07,5.5,Mesta
212.9,35.9,171.2,0.91,5.7,Mesta
165.1,32.1,119.5,0.86,6,Mesta
129.7,25.5,118.1,0.69,6.3,Mesta
255.6,45.8,187.1,0.97,6.5,Mesta
274,47.6,200,1.08,5.9,Mesta
169.3,28.6,151.2,0.83,6.8,Mesta
234.2,43.4,154.1,1,6.2,Mesta
103.8,17.9,92.9,0.64,6.3,Mesta
121.4,29.8,128.2,0.64,6.6,Mesta
117.2,22.6,117.1,0.62,5.8,Mesta
250.8,37.1,194.2,1.02,6.6,Mesta
198.5,36.7,167.1,0.92,5.4,Mesta
191.8,33.6,120.6,0.83,5.8,Mesta
194.6,31.5,155.5,0.87,6.4,Mesta
249.2,41.9,179.3,1.04,6.2,Mesta
264.7,40.2,174.5,1.03,6.3,Mesta
167.4,34.7,122.2,0.77,5.8,Mesta
136.3,21.8,118.5,0.73,6.2,Mesta
183.5,34.1,166.5,0.89,6.6,Mesta
245.6,42.7,187,1.01,5.2,Mesta
243.7,40.7,171.7,1.13,6.5,Mesta
150.6,22.5,130.4,0.75,5.5,Mesta
187.5,33.3,163.2,1.02,5.6,Mesta
124.6,22.8,119.1,0.54,6.2,Mesta
163.2,32.1,138.3,0.84,6,Mesta
264.8,41.5,172.6,1.07,5.7,Mesta
221.6,37.7,166.9,1.01,6.1,Mesta
205.6,35.1,123.3,0.89,6.3,Mesta
221.2,39.8,159.4,1.04,6.2,Mesta
107.5,15,105,0.67,5.8,Mesta
100,17.2,91.6,0.56,6.3,Mesta
120.9,16.4,108.3,0.63,6.6,Mesta
122,20.6,93.4,0.56,6.5,Mesta
194.4,28.2,161.7,0.92,5.6,Mesta
146.8,22.3,125.4,0.74,6.3,Mesta
161.8,20.1,102.3,0.75,6.8,Mesta
235.5,38.6,157.7,1.04,5.8,Mesta
172,27.1,126.7,0.66,5.2,Mesta
199.2,38.6,152.5,0.95,5.9,Mesta
256.8,45.6,187.7,1.14,5.4,Mesta
132.6,20.4,98.6,0.7,5.2,Mesta
190.7,36.4,148.1,0.99,5.5,Mesta
239.4,41.8,198.7,1.03,6.2,Mesta
145,21.1,116.9,0.7,6.1,Mesta
167,34,168.4,0.94,6.4,Mesta
211.4,39.1,157.3,1.09,5.5,Mesta
189.2,27.7,116.3,0.77,6,Mesta
173.8,36.8,151.5,0.81,6.1,Mesta
191.8,25.6,154.7,0.94,6.6,Mesta
280,46.1,186.5,1.06,6.2,Mesta
162,24.3,131,0.85,5.6,Mesta
204.3,38.2,135.7,0.85,6.3,Mesta
137.5,24.6,104.1,0.73,6.2,Mesta
205.8,40.6,159.4,0.99,5.6,Mesta
148.9,36.8,139.9,0.69,6.1,Mesta
158,20.1,151.5,0.71,5.2,Mesta
115.3,20.1,113.7,0.55,6.5,Mesta
167.2,30.4,150.4,0.85,6,Mesta
211,33.3,149.7,0.95,6.1,Mesta
213.3,40,171.1,1.04,6,Mesta
194.6,32.5,133.3,0.98,5.2,Mesta
106.2,19.2,110.9,0.5,5.7,Mesta
167.9,28.8,122.6,0.87,6.4,Mesta
226.8,39.1,175,1.03,6,Mesta
263,38.9,177.5,1.13,5.6,Mesta
177,23.7,130.4,0.86,5.5,Mesta
163.5,24.7,130.1,0.81,5.5,Mesta
218,35,148.5,1.03,5.7,Mesta
151.8,19.7,109.6,0.73,5.9,Mesta
140.4,17.7,108.8,0.64,6.2,Mesta
94.9,17.8,80,0.54,6.1,Mesta
206.7,29.8,170.4,0.88,5.6,Mesta
159.2,23.4,154.1,0.72,5.9,Mesta
133,15,116.9,0.65,6.2,Mesta
205.5,35.6,139.2,0.97,5.8,Mesta
141.8,25.7,113.6,0.73,5.3,Mesta
218,40.7,165.1,0.99,5.9,Mesta
232.9,36.1,166.8,1.02,5.7,Mesta
211.5,32.9,157.8,0.99,5.7,Mesta
182.4,30.4,173.3,0.8,5.1,Mesta
116.7,18.7,98.8,0.6,5.9,Mesta
226.6,35.6,162.1,1.06,5.6,Mesta
198.5,26.5,117.6,0.86,6.1,Mesta
145.2,24.9,111.7,0.73,6,Mesta
228.8,38.7,181,1.06,6.3,Mesta
223.4,44.5,173.2,1.04,6.1,Mesta
202.9,30.7,150.4,0.87,6.3,Mesta
229.1,42.3,161.3,1.03,5.8,Mesta
165.9,24.1,105.3,0.79,5.5,Mesta
176.7,32.9,148.8,0.83,5.5,Mesta
159.2,20.6,147.7,0.82,5.6,Mesta
180.8,29.7,135,0.81,6.4,Mesta
232.5,38.1,150.5,0.98,6.2,Mesta
116.7,15.5,124.7,0.56,5.7,Mesta
230.9,40.2,179.6,1.07,6.4,Mesta
127.4,15,105.8,0.62,5.7,Mesta
178.7,32.9,132.1,0.85,6.4,Mesta
164.5,24,127,0.75,5.2,Mesta
106.3,16.3,87.5,0.7,6.5,Mesta
122.2,18.2,130.8,0.71,5.6,Mesta
146.5,18,131.5,0.77,5.3,Mesta
208,37.6,168.8,0.99,6.2,Mesta
219.5,43.2,188.3,1.01,5.4,Mesta
131.5,20.6,104.2,0.74,5.8,Mesta
148.1,19.1,108.5,0.73,6.2,Mesta
124.8,23.7,114.5,0.62,6.3,Mesta
169.1,24,130.4,0.81,6.7,Mesta
157.9,24.1,103.6,0.88,5.5,Mesta
229.9,43.6,171.6,1.02,5.7,Mesta
80,15,80.1,0.5,5.9,Mesta
203.6,39,179.5,1,6.4,Mesta
168.9,27.7,140.4,0.98,6.1,Mesta
165.9,28.8,154.8,0.9,6.3,Mesta
169.2,31.5,125.2,0.75,5.8,Mesta
196.3,30.5,154.5,0.98,5.8,Mesta
203.6,32.5,145.1,0.85,6,Mesta
126.4,25.9,110.7,0.72,6.3,Mesta
154.6,30.6,129.4,0.72,6.3,Mesta
168.6,33.9,129.2,0.9,6.1,Mesta
129.5,33.7,115.4,0.73,6,Mesta
80,15,80,0.63,6.3,Mesta
150.5,24.6,137,0.9,6.4,Mesta
193.9,31.9,159.9,0.81,6.3,Mesta
268.3,40.8,184.8,1.2,6.1,Mesta
159.6,28.6,130.3,0.89,5.9,Mesta
155.5,23.6,119.7,0.7,5.4,Mesta
200.9,33,183.6,0.94,5.4,Mesta
128.5,20.9,99.2,0.73,6,Mesta
185.6,30.6,142.3,0.83,6,Mesta
165.9,30.9,152.9,0.82,6.1,Mesta
208.5,34,155.9,0.92,6.9,Mesta
189.7,28.3,160.9,0.94,6.2,Mesta
210.7,34.3,151.9,0.92,6.7,Mesta
139.9,24,129.3,0.78,5.4,Mesta
100.1,23.1,84.3,0.58,5.9,Mesta
139.6,23,112.5,0.65,5.4,Mesta
96.6,18.9,91.5,0.67,6.3,Mesta
149.4,23.1,134.4,0.73,5.4,Mesta
206.1,34.5,156.1,0.93,5.4,Mesta
165.9,27.9,131.5,0.72,5.5,Mesta
221.9,40.6,186.5,1.01,6.1,Mesta
228.5,38.6,154.1,1.03,5.9,Mesta
166.8,28.3,117.6,0.79,5.5,Mesta
209.7,38.1,153.1,0.92,6.5,Mesta
201,38.5,173.1,0.95,5.9,Mesta
205.9,35.5,159.3,0.83,6.2,Mesta
153.9,31.5,133.9,0.86,6.5,Mesta
144.5,19.6,123.7,0.65,6.8,Mesta
278.9,50,200,1.19,6.2,Mesta
174,25.1,130.3,0.93,5.2,Mesta
147.7,20.5,109.5,0.74,6.1,Mesta
118.5,21.9,103.2,0.75,6.9,Mesta
96.6,19.2,80,0.62,6.5,Mesta
182.5,28.1,141.9,0.75,6.3,Mesta
259.5,44,200,1.17,6.6,Mesta
180.5,27.4,117.4,0.85,5.4,Mesta
100.2,15,109.3,0.63,6.7,Mesta
203.2,32.1,134.9,0.94,6.7,Mesta
199.2,41.9,162.6,1.04,6.2,Mesta
173,34.4,135.1,0.98,6.1,Mesta
156.8,19.7,99.5,0.8,5.2,Mesta
166.2,25.5,148.1,0.78,6.8,Mesta
250.2,44,176,1.2,6.5,Mesta
173,22.7,138.6,0.72,5.3,Mesta
224.1,40.6,181,1.1,6.3,Mesta
124.3,20.8,113.6,0.53,5.6,Mesta
228.7,42.4,183,1.05,6.3,Mesta
159.6,18.2,134,0.8,6.6,Mesta
124.6,25.7,114.5,0.76,6.8,Mesta
126.1,23.1,95.1,0.69,6.2,Mesta
199.6,27.7,147.9,0.78,6.1,Mesta
208.4,34.9,158.6,0.89,6.2,Mesta
209.3,29.6,160.7,0.96,5.4,Mesta
169.9,36.5,164.9,0.85,5.8,Mesta
218.9,44.8,166.9,1.06,6.5,Mesta
148.9,27.2,120,0.73,5.9,Mesta
232.6,42.1,149.3,1.03,5.9,Mesta
89.6,18.4,92,0.64,6.1,Mesta
208.2,35.7,154.4,0.99,5.6,Mesta
238,39.2,169.6,0.94,6.3,Mesta
151.8,28.5,136.5,0.77,5.9,Mesta
219.4,35.2,153.1,1.03,5.7,Mesta
167.1,26.1,129.4,0.74,5.3,Mesta
191.8,37.4,159.5,0.99,5.4,Mesta
221.3,36.5,186.6,1.05,5.9,Mesta
187.9,36.7,159.7,0.93,6.2,Mesta
137.4,24.1,114.4,0.66,6.6,Mesta
175.6,37.3,157.6,0.94,6.3,Mesta
262.4,42.8,166.1,1.03,5.6,Mesta
172.5,29.1,143,0.9,6.4,Mesta
126.3,18,119.9,0.64,6.3,Mesta
210.1,31.3,179.6,0.97,6.4,Mesta
121.8,15,88.7,0.58,5.3,Mesta
193.5,37,166.9,0.91,6.1,Mesta
190.5,32.4,127.9,0.94,5.9,Mesta
155.3,27.3,127.2,0.75,5.8,Mesta
218.1,37.3,153.3,0.95,5.2,Mesta
162.2,25.9,143.8,0.82,6.3,Mesta
82,23.1,111.1,0.57,5.7,Mesta
155,32.7,148.2,0.72,5.7,Mesta
174.1,28.4,148,0.9,6.7,Mesta
185.6,33.3,163.6,0.93,6.5,Mesta
123.1,19.5,101.1,0.65,5.1,Mesta
153.5,29.7,126.1,0.85,5.3,Mesta
216.8,34.7,172,1.01,6.8,Mesta
231.8,34.3,169,1.03,6.3,Mesta
164.1,27.1,146.9,0.83,6.6,Mesta
185.4,29.1,153.5,0.82,6.2,Mesta
142.2,26,136.9,0.83,5.9,Mesta
132,22.5,129.6,0.71,6.7,Mesta
156,30.6,140.9,0.67,6.1,Mesta
155.2,25.6,113.3,0.61,6.3,Mesta
154,25,140.9,0.73,5.8,Mesta
177.4,22.7,90.5,0.7,6.7,Mesta
82.1,15,80,0.51,5.7,Mesta
261.9,41.3,164.2,1.12,5.6,Mesta
117.2,15.7,106.9,0.57,5.1,Mesta
252.7,36.7,150.3,1.05,6.3,Mesta
217.6,36,155,1.04,5.5,Mesta
150,26.4,119.5,0.86,6.2,Mesta
90.5,15.6,110.4,0.61,6.4,Mesta
280,38,193.3,1.13,6.5,Mesta
130.5,21.5,117.8,0.66,5.9,Mesta
168,32.1,134.9,0.77,6.2,Mesta
252.8,43.4,193.8,1.11,6.4,Mesta
252.5,39.7,199,1.17,5.4,Mesta
204.4,35.2,145.1,0.89,5.7,Mesta
180.2,28.1,123.2,0.78,6.5,Mesta
200.4,30.9,168,0.99,5.6,Mesta
212,28.2,182.3,0.96,7,Mesta
204.6,42.2,178.1,1.08,5.5,Mesta
241.9,39.8,143,1.05,5.9,Mesta
155.9,25,103.2,0.75,5.6,Mesta
186.1,32.4,139.1,0.92,6.5,Mesta
263.6,39.3,200,1.1,5.5,Mesta
231.6,36.2,171.3,1.02,6.8,Mesta
193,34.2,138.6,0.84,5.5,Mesta
223.4,38.7,159.5,1.1,5.1,Mesta
123.6,15,95.5,0.66,6.6,Mesta
216,34.5,191.5,0.92,6.6,Mesta
157.9,33.6,131.7,0.84,5.4,Mesta
100.4,17.6,83.7,0.6,5.5,Mesta
180.4,28.1,156.9,0.83,6.8,Mesta
205.1,27.4,163.6,0.87,6.7,Mesta
137.4,26.5,125.1,0.67,6.3,Mesta
169.2,23.9,130.1,0.78,6.4,Mesta
243.4,35.3,200,1.12,5.5,Mesta
144.1,21.2,125.8,0.78,6,Mesta
271.9,48.7,200,1.17,5.6,Mesta
80,15,90.7,0.5,6.7,Mesta
108.6,15,80,0.57,5.1,Mesta
240.1,37.7,169.4,1.07,6.8,Mesta
125.4,15,85.8,0.61,5.2,Mesta
160.1,28.9,151.9,0.81,5.8,Mesta
115.3,20.3,118.1,0.62,5.4,Mesta
250.1,46.2,178.7,1.16,5.8,Mesta
112.8,18.8,106.5,0.62,6.5,Mesta
128,16.8,107.8,0.74,6.7,Mesta
259.6,41.9,200,1.12,6.7,Mesta
119.1,23.8,122.4,0.74,5.7,Mesta
80,15,80,0.6,5.2,Mesta
117.8,17.4,80,0.58,5.3,Mesta
245.3,47.3,200,0.92,5.9,Mesta
210.8,35.9,186.4,1.13,6.6,Mesta
175.1,19.2,129.6,0.76,5,Mesta
179.5,29.7,124.4,0.88,5.4,Mesta
81.7,17.6,80,0.52,5.8,Mesta
200.3,33.6,149.7,0.96,5.1,Mesta
273,45.2,193.1,1.15,5.8,Mesta
163.3,24.1,111.5,0.73,5.2,Mesta
262.9,41.6,183.6,1.06,6.4,Mesta
176.5,26.8,126.5,0.67,6.7,Mesta
123.2,16.4,116.3,0.68,6.7,Mesta
105.3,15,106.5,0.55,5.6,Mesta
98.7,19.3,80,0.74,5.8,Mesta
271.3,41.1,193.5,1.08,6.8,Mesta
258.3,38.9,200,1.1,6.8,Mesta
258.1,46.9,172.1,1.14,6.3,Mesta
180.1,29.5,140.2,0.81,5.6,Mesta
264.8,46.6,192.1,1.19,6.2,Mesta
126.8,19.5,123.3,0.7,5.3,Mesta
130.5,27.7,139.9,0.71,5.8,Mesta
223.6,33.2,146.7,0.96,6.9,Mesta
99.5,15,93.4,0.54,5.6,Mesta
92.8,15,88.6,0.63,5.2,Mesta
148.2,21.9,102.3,0.76,6.2,Mesta
211.9,36.5,138.7,0.9,5.9,Mesta
82,15,91.5,0.51,5.4,Mesta
173.8,32,142,0.86,6.7,Mesta
256.9,50,171,1.18,6.6,Mesta
227.1,36.6,162,1.01,5.2,Mesta
261,49.4,200,1.14,6.2,Mesta
94.9,21.4,80,0.52,5.6,Mesta
135.5,21.3,103.6,0.65,5.7,Mesta
253.6,40,174.2,0.99,6.6,Mesta
227.7,36.1,175.8,0.97,5.8,Mesta
223.9,40,174.4,1.02,6.5,Mesta
126.1,24.6,129,0.78,6.8,Mesta
254.6,39.4,185.6,1.16,6.1,Mesta
265,48.1,197.7,1.2,5.8,Mesta
179.6,25.6,136.7,0.87,5.1,Mesta
212.9,34.3,159.5,0.86,5.7,Mesta
195.8,32.4,154.2,0.92,6.2,Mesta
209.6,38.3,126.4,0.93,5.7,Mesta
213.9,35.3,183.9,1.11,5.2,Mesta
261.4,46.7,186,1.1,6.1,Mesta
152.7,20.6,128.4,0.68,5.5,Mesta
244.1,49.4,183,1.18,6.3,Mesta
107.9,17.9,119.8,0.53,6.3,Mesta
201.1,25.2,149.8,0.9,7,Mesta
173.4,23.6,155.8,0.86,5.1,Mesta
249.2,44.3,196.1,1.1,5.4,Mesta
141.8,17.8,124.3,0.75,6.8,Mesta
266.5,42,200,1.17,5.6,Mesta
135.6,15,131,0.69,6.9,Mesta
269.6,47.8,181.1,1.19,5.1,Mesta
209.7,29.7,153.6,1.01,6.8,Mesta
121.2,22.6,107.2,0.62,5.7,Mesta
130.7,24.5,122.1,0.61,6.7,Mesta
191.6,28.3,153.8,0.98,6.9,Mesta
261.5,37.4,159.6,1.06,5.4,Mesta
249.9,42.7,183.6,1.11,5.7,Mesta
180.9,30.4,132.5,0.75,6.6,Mesta
119.6,22.2,105.7,0.68,6.6,Mesta
150.8,16.3,102.7,0.75,5.3,Mesta
265.6,41,190.6,1.2,6.2,Mesta
207.1,24.1,131.7,0.9,5.3,Mesta
153.2,27.5,126.8,0.85,6.6,Mesta
216.3,30.2,133.4,0.93,7,Mesta
221.8,32.6,161.4,1.03,6.8,Mesta
264.8,42.7,188.8,1.11,5.7,Mesta
257.8,43.5,181.5,1.1,5.9,Mesta
228.8,32.8,136.5,0.98,6.5,Mesta
255.1,43.7,170.2,1.09,6,Mesta
128.5,17.5,84.9,0.6,5.2,Mesta
98,15.7,88.4,0.51,6.3,Mesta
179.7,29.3,146.8,0.86,6,Mesta
258.5,35.3,177.1,1.05,6.8,Mesta
152,24.6,123.6,0.69,5.5,Mesta
196.7,32.3,152.6,0.97,5.5,Mesta
237.6,39.1,151.1,1,5.3,Mesta
137.6,23.5,106.4,0.66,5.4,Mesta
112.5,16.6,87.2,0.59,5.3,Mesta
181.7,37.7,128.2,0.94,6.5,Mesta
250,45.3,182,1.09,5.3,Mesta
218.9,37.6,169.8,1.02,5.5,Mesta
163.1,20.2,115.8,0.83,6.9,Mesta
141.4,23.9,124.7,0.78,5.4,Mesta
100.5,18.8,108,0.61,5.7,Mesta
254.5,41.5,188.3,1.12,5.1,Mesta
244.5,37.7,172.4,1.11,5.3,Mesta
223.4,46.6,183.2,1.04,5.7,Mesta
203.5,32.1,149.7,0.89,5,Mesta
183.8,26.8,125.9,0.84,6.7,Mesta
249.4,40.2,197,1.11,6.9,Mesta
169,26,105.9,0.71,6.4,Mesta
203,34.6,152.7,0.98,6.3,Mesta
107.7,22.3,96.8,0.61,5.6,Mesta
196,24.9,160.3,0.98,6.8,Mesta
153.5,31.8,157.9,0.67,6,Mesta
145.4,22,136.8,0.73,6.5,Mesta
264.1,40.7,200,1.2,6.8,Mesta
185.1,36.1,131,0.92,6.5,Mesta
205.3,34.8,155.7,0.97,6.2,Sannhamp
244.4,35.5,167.7,1.06,6,Sannhamp
174.8,32.9,138.7,0.89,6.9,Sannhamp
201.8,32.4,161.8,0.92,6.7,Sannhamp
133.3,21.9,112.4,0.66,6.4,Sannhamp
199.8,35.1,153.4,0.85,6.4,Sannhamp
141.1,34.2,127.8,0.75,6.5,Sannhamp
141,23,136.7,0.8,6,Sannhamp
147,26.3,117.7,0.82,6.5,Sannhamp
208.8,34.8,170.5,0.99,7,Sannhamp
182.2,28.2,154.2,0.92,6.9,Sannhamp
144.9,22.6,96.6,0.69,6.9,Sannhamp
179.3,26.4,134.4,0.88,6.3,Sannhamp
237.9,37.2,169.8,1,6.3,Sannhamp
218,35.8,162.9,0.91,6.5,Sannhamp
197.2,32.5,169.6,0.97,7.2,Sannhamp
232.7,44.3,169.5,1.11,6.3,Sannhamp
135.1,27.8,113.7,0.76,6.7,Sannhamp
207.3,40.2,150.3,0.95,6.4,Sannhamp
202.9,35,139.6,0.93,6.5,Sannhamp
155,26.1,129.8,0.76,6.7,Sannhamp
174.7,32.7,134.7,0.88,6.1,Sannhamp
190,37.4,147.4,0.93,6.5,Sannhamp
128.9,15.5,115.4,0.71,6.4,Sannhamp
145.7,18.2,123.4,0.75,7,Sannhamp
144.6,29.6,109.4,0.64,6.9,Sannhamp
215.6,37.5,144.6,1.02,6.2,Sannhamp
226.8,32.7,164.9,0.92,5.9,Sannhamp
189.7,39.7,172.5,0.88,6.7,Sannhamp
229.6,40.3,160.1,0.96,6.1,Sannhamp
179.7,32.8,126,0.81,6.4,Sannhamp
199.3,40.5,168.4,1.03,6.6,Sannhamp
177.4,33.7,128.2,0.82,6.3,Sannhamp
169.1,27.2,132.5,0.8,6.9,Sannhamp
167.1,27.9,150.1,0.86,6,Sannhamp
207.2,35.5,151.7,0.9,6.8,Sannhamp
253.6,42.6,200,1.18,6.7,Sannhamp
204,41.6,143.1,0.91,6.6,Sannhamp
218,40.1,181.9,0.93,6.5,Sannhamp
150.3,31.8,117,0.87,6.5,Sannhamp
194.6,32.7,141.9,0.92,6.9,Sannhamp
202.3,37.3,149.8,0.85,7,Sannhamp
180.7,23.6,132.1,1,6.9,Sannhamp
164.1,27.1,140.5,0.81,6.5,Sannhamp
217.4,36.5,173.8,0.99,6.5,Sannhamp
171.1,33,154.6,0.89,6.9,Sannhamp
207.3,31.8,156.4,0.96,6.7,Sannhamp
172.9,33.5,134.2,0.86,6.7,Sannhamp
177.1,32.9,141.3,0.71,6.8,Sannhamp
194.3,38.9,147.1,0.98,6.5,Sannhamp
169.5,24.6,135.6,0.75,6.1,Sannhamp
236.3,36.4,183.1,1,6.4,Sannhamp
194.3,44.6,155.4,0.94,6.4,Sannhamp
134.4,20.8,119.3,0.77,6.4,Sannhamp
227.9,41.8,155.3,0.94,6.5,Sannhamp
200.4,32.9,158.9,0.94,6.8,Sannhamp
180.8,28.8,147.6,0.85,6.5,Sannhamp
214.9,31.5,136.7,0.96,6.3,Sannhamp
136.6,29.8,110.3,0.7,6.3,Sannhamp
137.1,27.2,101.7,0.72,6.8,Sannhamp
116.3,22,126.7,0.71,6.1,Sannhamp
197,37.1,134.3,0.92,6.7,Sannhamp
248.3,43.3,185.2,1.12,7.1,Sannhamp
155.4,23.9,120.2,0.77,6.4,Sannhamp
196.3,32.9,132.1,0.93,7,Sannhamp
187.2,29.9,146,0.94,6.5,Sannhamp
182.1,32.1,109.2,0.75,6.4,Sannhamp
207.5,29.5,139.4,0.94,6.1,Sannhamp
238.4,40.4,157,0.99,6.7,Sannhamp
203.2,33.9,175.3,0.89,7,Sannhamp
196.9,32.2,158.5,0.9,6.4,Sannhamp
256.5,38,164.3,1.07,6.7,Sannhamp
227.9,37.4,144.7,0.97,6,Sannhamp
145.3,23.7,133,0.73,6.6,Sannhamp
159.4,28.3,109.6,0.77,6.3,Sannhamp
185.3,35.9,148.8,0.85,6.5,Sannhamp
189.3,37.8,151.4,0.92,6.5,Sannhamp
179.5,32.5,141.6,0.78,6.4,Sannhamp
128.8,26.5,107.1,0.63,6,Sannhamp
196,36.8,134.4,0.9,6.2,Sannhamp
137.9,22.5,133.9,0.6,6.4,Sannhamp
131.1,27.2,106.6,0.75,6.7,Sannhamp
140,23.4,112.7,0.64,6.3,Sannhamp
113.2,26.4,115.8,0.63,6.7,Sannhamp
139.4,19.7,139.7,0.83,6.2,Sannhamp
234.4,33.7,162.8,1.02,6.4,Sannhamp
185.3,29.7,162.5,0.78,6.6,Sannhamp
193,36.7,143.5,0.8,6.7,Sannhamp
150.7,27.5,116,0.83,6.6,Sannhamp
173.9,31,135.2,0.8,6.2,Sannhamp
192,33.5,156.6,0.9,6.9,Sannhamp
225.4,35.7,128.6,0.94,6.6,Sannhamp
184.1,24.1,150,0.81,6.9,Sannhamp
192,34.6,160.7,0.95,6.7,Sannhamp
230.8,36.2,172.1,1,6.3,Sannhamp
131.1,18.2,128.2,0.69,6.3,Sannhamp
164.5,30.5,157.1,0.83,6.2,Sannhamp
183.7,32.1,128.6,0.82,6.6,Sannhamp
169.7,31.4,126.6,0.81,6.5,Sannhamp
159,25.5,111.6,0.79,7,Sannhamp
93.3,18.3,102.3,0.62,6.1,Sannhamp
141,24.7,103.6,0.88,6.2,Sannhamp
172.5,30.1,142.8,0.86,6.4,Sannhamp
111.6,21.3,108.7,0.76,6.5,Sannhamp
219.2,30,135.5,0.88,6.3,Sannhamp
238.2,37.1,161.4,1,7.1,Sannhamp
210.6,44.2,153.7,0.9,6.5,Sannhamp
217.9,33.6,173.7,0.97,6,Sannhamp
110.8,15,114.7,0.66,7.2,Sannhamp
135.7,24.7,106.8,0.68,6.8,Sannhamp
263.2,46.5,184.4,1.1,6.7,Sannhamp
172.2,24.7,139.6,0.89,6.1,Sannhamp
134.6,16.8,127.1,0.7,7.3,Sannhamp
115.7,21.8,112.7,0.72,7,Sannhamp
179.9,30,136.9,0.73,7.2,Sannhamp
200.9,29.3,137.8,0.93,7,Sannhamp
185.1,28.7,153.2,0.82,7.3,Sannhamp
189.6,26.2,144.7,0.8,6.7,Sannhamp
118,22.3,88.8,0.69,6.8,Sannhamp
111.2,16.8,100.3,0.71,6.3,Sannhamp
158.6,21.1,103.9,0.75,7.1,Sannhamp
126.8,17.2,99.8,0.64,6.9,Sannhamp
232.6,41.3,154.6,0.99,6.5,Sannhamp
134.1,25.9,121.8,0.74,6.8,Sannhamp
169,25.6,122.2,0.8,7.1,Sannhamp
200.5,41.6,163.6,1.02,6.6,Sannhamp
80,15,80,0.5,6.1,Sannhamp
196.2,39.1,130.3,0.92,6.6,Sannhamp
204.9,32.4,166.4,0.91,7,Sannhamp
238.4,40,192.7,1.03,6.4,Sannhamp
239.5,44.7,183.7,1.06,7.1,Sannhamp
199.9,38.3,151.6,0.97,6.3,Sannhamp
215.9,37,163.1,0.91,7.1,Sannhamp
259.6,41,165.1,1.09,6.9,Sannhamp
163.5,25.7,128.5,0.77,7.1,Sannhamp
103.2,23.9,102.3,0.54,6.5,Sannhamp
225.9,42.8,157.8,0.86,6.6,Sannhamp
185.1,31.7,171.3,0.94,5.6,Sannhamp
171.7,26.2,124.3,0.85,6.1,Sannhamp
135.1,24.6,93.9,0.59,6.3,Sannhamp
173,35.1,135.6,0.88,6.3,Sannhamp
204.7,36.7,130.8,0.97,6.4,Sannhamp
200.7,34.9,155.9,1.01,6.9,Sannhamp
207.1,39,161.6,0.96,6.9,Sannhamp
206.8,37.9,142.2,0.77,6.3,Sannhamp
100.3,15,85.9,0.54,6.9,Sannhamp
195.8,38.9,161,0.92,6.3,Sannhamp
227.6,27.4,165.4,1.06,5.9,Sannhamp
241.9,42.5,198.3,1.18,6.7,Sannhamp
122.7,28.4,102,0.75,6.8,Sannhamp
181.3,34.3,145.2,0.83,6.8,Sannhamp
235.3,34.5,159.2,1,6.5,Sannhamp
161.1,16.3,107.1,0.78,7.1,Sannhamp
175,32.3,147.4,0.86,6.7,Sannhamp
185.2,31.6,143,0.86,6.8,Sannhamp
219.7,32.8,167.3,1.01,7.2,Sannhamp
147.6,22.9,143.5,0.8,6.1,Sannhamp
278.9,45.5,174.7,1.15,5.9,Sannhamp
227.4,37,154.4,1.06,6.2,Sannhamp
180,19.3,135.6,0.75,7.4,Sannhamp
258.9,42.8,180.5,1.01,6.9,Sannhamp
160.7,20.5,112,0.8,7.3,Sannhamp
157,25.9,131,0.78,6,Sannhamp
238.7,44.4,185.4,1.09,6.9,Sannhamp
142.2,23.2,128.3,0.8,5.8,Sannhamp
184.2,28,129.2,0.81,7.1,Sannhamp
221.1,37,175.3,1.11,7.1,Sannhamp
144.2,22.8,107.9,0.72,6.3,Sannhamp
193.4,33.7,157.4,0.93,6.8,Sannhamp
151.7,25.7,152.3,0.83,6.1,Sannhamp
210.9,34.3,170.9,1.01,7.1,Sannhamp
201.3,31,142.9,1,7.4,Sannhamp
243.8,41.7,191.9,1.14,6.5,Sannhamp
208.9,36.8,160.1,0.96,6.4,Sannhamp
243.5,38.5,183.8,0.97,6.9,Sannhamp
241.1,37.8,195.5,1.03,7.3,Sannhamp
188.7,24.7,127.1,0.91,6.7,Sannhamp
167.1,24.3,123.3,0.77,5.7,Sannhamp
148,22.2,102.5,0.71,6.2,Sannhamp
179.9,22.7,135.9,0.78,5.7,Sannhamp
223.7,30.4,167.8,1,6.5,Sannhamp
134.9,23.6,96.1,0.69,6.3,Sannhamp
109.1,15,90.1,0.67,5.9,Sannhamp
208.9,35.8,164.1,1.04,6.3,Sannhamp
244.6,40.2,159.3,1.04,5.9,Sannhamp
215.6,36.8,151.4,0.95,5.9,Sannhamp
176.3,29.7,153.2,0.91,7.1,Sannhamp
150.5,22.5,143.2,0.64,5.7,Sannhamp
150.9,29.6,98.9,0.64,6.7,Sannhamp
237.2,42.1,153.3,1.12,6.6,Sannhamp
215.1,22.8,159.3,1.04,5.7,Sannhamp
201.4,41.7,144.8,0.98,6.6,Sannhamp
223.7,42.6,176.4,1.06,6.4,Sannhamp
177.6,33.4,150.9,0.84,7.1,Sannhamp
174.2,29.1,134.1,0.88,6.1,Sannhamp
154.3,32.5,132.9,0.76,6.5,Sannhamp
155.4,23.3,120.5,0.71,5.8,Sannhamp
180.5,30.1,121.8,0.82,6.8,Sannhamp
122.8,15,89.4,0.65,7.5,Sannhamp
144.8,26.8,114.7,0.85,6,Sannhamp
115.2,17.5,128.3,0.64,6.4,Sannhamp
231.9,38.1,146.1,0.94,6.1,Sannhamp
128.9,24.2,90.2,0.56,6.5,Sannhamp
130.7,23.4,94.7,0.69,6.7,Sannhamp
151.1,24.9,110.9,0.7,5.9,Sannhamp
117.9,18,98.1,0.67,6.4,Sannhamp
229.1,40.7,189,1.07,6.7,Sannhamp
239.6,38.2,142.8,1.07,6.5,Sannhamp
208,38.8,132.1,0.82,6.6,Sannhamp
152.2,30.3,116.2,0.8,6.7,Sannhamp
233.7,36.7,197.6,1.1,6.7,Sannhamp
204.2,33.8,137.5,0.96,7,Sannhamp
162.1,27.4,144.9,0.78,5.9,Sannhamp
115.9,18.9,104,0.61,7.2,Sannhamp
185.5,26.3,168.8,0.93,7,Sannhamp
259.9,45.3,200,1.09,6.1,Sannhamp
250.6,38.7,200,1.1,6.3,Sannhamp
101.7,23.3,80,0.62,7,Sannhamp
120.1,23,108.7,0.52,6.9,Sannhamp
164.3,28.9,124.8,0.75,6.5,Sannhamp
108,18.5,106.1,0.59,6.3,Sannhamp
208.9,34.7,146.7,0.98,6,Sannhamp
127,19.1,104.6,0.7,6.5,Sannhamp
137,24.4,129.9,0.68,6.8,Sannhamp
156.3,21.3,125.8,0.63,6.7,Sannhamp
109.7,15,110.6,0.62,6.1,Sannhamp
168.7,31.8,146.6,0.8,6.3,Sannhamp
114.7,20.4,97.9,0.68,5.9,Sannhamp
214.2,41,156.4,0.96,6.2,Sannhamp
121.8,26.5,127.6,0.63,6.5,Sannhamp
144.2,27.9,110.1,0.68,6.8,Sannhamp
153.4,29.3,141.3,0.82,6.9,Sannhamp
179.8,26.7,156.2,0.85,6,Sannhamp
192.8,29.7,127.6,0.91,6.3,Sannhamp
80,15.3,95.6,0.5,6.7,Sannhamp
145.4,25.3,123.8,0.69,6.3,Sannhamp
255,42.7,174.8,1.16,6.9,Sannhamp
141.9,25.1,138.4,0.73,6.5,Sannhamp
214.7,31.7,143.7,0.87,6.2,Sannhamp
149.1,23.1,128.3,0.86,6.8,Sannhamp
254.8,41.7,182.7,1.1,6.9,Sannhamp
193.8,34.4,150.6,0.95,6.6,Sannhamp
187,25.4,103.9,0.86,6.9,Sannhamp
164.7,24.7,115.1,0.72,6.8,Sannhamp
167.1,37,132,0.86,6.5,Sannhamp
135.6,26.7,121.9,0.81,7.1,Sannhamp
80,15.6,80,0.55,6.2,Sannhamp
192.4,34.5,139.1,0.98,6.8,Sannhamp
185.6,30.3,166.8,0.85,6,Sannhamp
115.2,20.5,146.4,0.69,6.1,Sannhamp
127.9,21.7,100.2,0.74,6.1,Sannhamp
175.1,26.4,155.6,0.92,6.5,Sannhamp
210.3,33.2,159.9,0.85,6.8,Sannhamp
226.4,41.5,181.8,1.04,6.7,Sannhamp
210,35.7,168.1,1.04,6.3,Sannhamp
131.7,26.1,116.2,0.83,6.1,Sannhamp
140.4,24.5,114.8,0.62,7,Sannhamp
170.8,30,132.8,0.82,6.8,Sannhamp
177.9,31.7,141.4,0.85,6.9,Sannhamp
151.9,28,110.3,0.82,7.2,Sannhamp
146.4,24.6,92.3,0.69,5.9,Sannhamp
185,27.8,155.9,0.88,6.6,Sannhamp
248.6,37.9,198.1,1.13,7,Sannhamp
138.7,18.3,96.6,0.7,6.7,Sannhamp
229.2,36.3,168.5,1,6.8,Sannhamp
191.7,36.8,164,0.96,6.9,Sannhamp
99.3,19.8,99.8,0.6,6.1,Sannhamp
235.2,46.6,178.2,1.09,6.8,Sannhamp
112.6,16.6,113.5,0.66,7.2,Sannhamp
223,40.9,163.5,0.96,6.5,Sannhamp
205.9,35.9,161.5,0.91,6.4,Sannhamp
117.5,19.4,93.4,0.6,7.2,Sannhamp
158.6,23.4,142.2,0.81,5.9,Sannhamp
199.6,34.2,160.1,0.9,6.8,Sannhamp
265.3,42.3,194.4,1.17,6.8,Sannhamp
147.6,20.4,130,0.8,6.8,Sannhamp
240.6,41.5,191.6,1.06,6.3,Sannhamp
97,15.1,112.9,0.64,5.8,Sannhamp
97.9,15,97.8,0.59,5.9,Sannhamp
259.9,34.6,187.1,1.07,6.3,Sannhamp
185.3,23.9,156.2,0.84,7.1,Sannhamp
225.8,41.5,160.9,0.99,6.1,Sannhamp
195.6,29.7,139.7,0.88,6.1,Sannhamp
204.1,38.6,156.6,0.94,6.4,Sannhamp
165.5,15.1,137.8,0.67,6.7,Sannhamp
171.2,23.7,138.6,0.79,6,Sannhamp
111.2,21.6,128.4,0.63,6.6,Sannhamp
127.9,15,98.7,0.57,5.9,Sannhamp
88,15.5,91.8,0.5,6.7,Sannhamp
101.6,19,121.5,0.73,5.9,Sannhamp
224.9,39.9,183.3,0.95,6.5,Sannhamp
187.2,29.5,151.2,0.94,6.7,Sannhamp
177.4,29.6,132,0.81,6.5,Sannhamp
184.6,39.2,151.7,0.95,6.6,Sannhamp
165.3,32.6,154.6,0.8,6,Sannhamp
122.2,16.7,103.6,0.68,5.6,Sannhamp
183.6,28.3,140.3,0.95,5.7,Sannhamp
125.1,22.9,120.2,0.57,7,Sannhamp
158.5,26.6,147.1,0.83,6,Sannhamp
212.3,34.2,129.5,0.97,6.2,Sannhamp
235.7,38.1,165.4,1.06,6.8,Sannhamp
167.7,25.9,147.1,0.97,7.2,Sannhamp
131.1,28.2,126.8,0.63,6.7,Sannhamp
135.2,27.6,130.1,0.66,6.4,Sannhamp
185.9,35.3,143,0.89,6.7,Sannhamp
134.7,21.9,131.9,0.69,6.8,Sannhamp
95,15,90.9,0.52,7.4,Sannhamp
144.8,21.4,129,0.66,5.9,Sannhamp
135.2,26.5,100.9,0.72,6.4,Sannhamp
189.6,30.8,181.9,1.04,7,Sannhamp
170.5,23.6,108.7,0.72,5.9,Sannhamp
201.8,28.6,139.5,0.89,6.3,Sannhamp
254.3,38.2,171.4,1.09,7.3,Sannhamp
141.9,25.5,127.1,0.75,6.1,Sannhamp
197.1,31.6,148.4,1.02,6.8,Sannhamp
222.4,35.4,173.6,0.94,6.8,Sannhamp
225.1,47,189.8,0.99,6.3,Sannhamp
80,18.8,105.1,0.59,6.5,Sannhamp
174,28.5,142.4,0.96,6,Sannhamp
250.5,41.8,169.1,0.97,7.1,Sannhamp
130.1,15.9,120.9,0.71,5.6,Sannhamp
85,15,80,0.52,7.1,Sannhamp
82.2,15,80,0.5,6.3,Sannhamp
214.4,38.1,164.2,1.05,6.8,Sannhamp
125.1,18.3,107.8,0.61,6.9,Sannhamp
280,38,165,1.07,7,Sannhamp
246.8,40.6,181.6,1.07,6,Sannhamp
161,34.4,173.1,0.85,6.4,Sannhamp
244.5,34.9,168.7,1.06,5.7,Sannhamp
159.9,24.9,125.3,0.72,7,Sannhamp
128.2,20.5,107.7,0.65,6.9,Sannhamp
125,20.4,90.2,0.64,6.7,Sannhamp
265.2,49.3,200,1.19,6.8,Sannhamp
198.8,31.7,134.7,0.88,5.7,Sannhamp
223.7,36.8,162.8,1,6.7,Sannhamp
177.1,27.5,122.4,0.92,6,Sannhamp
139.2,20.4,116.7,0.66,6.7,Sannhamp
135.2,24.1,104.9,0.68,6.9,Sannhamp
185.4,35.5,184.2,0.91,6.8,Sannhamp
255.1,40.7,188.6,1.07,6.1,Sannhamp
176.9,28.4,132,0.82,6.9,Sannhamp
257.3,43.5,177.7,1.14,6.7,Sannhamp
155.2,31.3,152.5,0.73,5.7,Sannhamp
200.2,37.1,174.4,0.96,6.2,Sannhamp
236.8,41.9,151.3,1.05,6.3,Sannhamp
200.5,28.3,138.3,0.84,6.3,Sannhamp
173.3,25.7,151.4,0.92,5.7,Sannhamp
280,45.5,173.3,1.16,6.2,Sannhamp
153.5,19.6,119.3,0.73,5.7,Sannhamp
210.4,32.5,194,0.92,6.8,Sannhamp
247.3,38.9,177.7,1.14,7.1,Sannhamp
163.5,25.7,99.8,0.8,7.3,Sannhamp
103,21.4,105.4,0.58,6.3,Sannhamp
107.4,19.4,121.8,0.56,6.9,Sannhamp
173.1,29,128.3,0.85,7.2,Sannhamp
120.5,21.8,117.8,0.68,5.7,Sannhamp
128.7,16.5,116,0.68,6.5,Sannhamp
235.6,45,180.5,1.13,6.9,Sannhamp
258,44.3,200,1.15,6.8,Sannhamp
92.5,18.7,121.5,0.6,7.2,Sannhamp
261.5,39.7,193.4,1.12,6.9,Sannhamp
198.4,35.1,159.2,1.01,7.1,Sannhamp
254.1,36.8,163,1.05,7.4,Sannhamp
242.3,32.5,160.7,1,7.4,Sannhamp
279,48.6,187.3,1.2,5.7,Sannhamp
80,15.2,80,0.65,7.2,Sannhamp
128.1,18.6,109.1,0.67,6.6,Sannhamp
267.2,48.3,200,1.2,6.6,Sannhamp
260.9,42.2,200,1.13,5.8,Sannhamp
275.4,44.3,195.4,1.16,5.5,Sannhamp
180.7,28.3,156.6,0.87,5.8,Sannhamp
100.7,20.4,80,0.58,7,Sannhamp
204.2,34.3,148.8,0.93,6,Sannhamp
172.4,26.3,143.8,0.83,5.8,Sannhamp
251.3,48,197.4,1.09,6.6,Sannhamp
212.5,36.2,139.8,0.96,7.3,Sannhamp
208.8,41.5,166.2,0.89,6.2,Sannhamp
240.5,38,186.3,1.09,6.6,Sannhamp
115.6,22.4,89,0.61,7.3,Sannhamp
236.4,46.2,173.7,1.08,6.3,Sannhamp
246,36.4,193.4,1.12,7.2,Sannhamp
224.1,43.4,166,0.98,7.1,Sannhamp
199.5,31.9,142.7,0.98,5.9,Sannhamp
165.7,25.6,124.3,0.87,7.2,Sannhamp
173.7,32.3,144.5,0.84,5.9,Sannhamp
80,16.5,80,0.55,6.9,Sannhamp
165.6,23.1,121.4,0.72,7,Sannhamp
186.2,31.2,156.1,0.94,6.7,Sannhamp
115,16.4,92.5,0.65,5.6,Sannhamp
220.5,35,164.1,1,5.7,Sannhamp
256.6,41.9,182.4,1.16,5.9,Sannhamp
117,19.6,93.7,0.5,6.3,Sannhamp
138.6,22.5,103.2,0.74,7.5,Sannhamp
164.9,27.1,120.4,0.8,7.4,Sannhamp
147.7,25.9,134.9,0.74,7.5,Sannhamp
237.4,44.2,176.4,1.05,6.5,Sannhamp
144.8,24.9,154.4,0.73,7.5,Sannhamp
250.8,43.4,196,1.1,7.1,Sannhamp
117.8,16,95.4,0.55,6.1,Sannhamp
131.7,21.9,136.3,0.72,7.1,Sannhamp
206.4,37.9,148.5,0.94,6.7,Sannhamp
84.6,15,94.6,0.5,7.1,Sannhamp
80,15,85.9,0.53,7.4,Sannhamp
87.7,15,83,0.57,6.5,Sannhamp
252.2,40.8,185.6,1.05,5.6,Sannhamp
252.1,41.4,193.3,0.99,6.4,Sannhamp
140,23.3,121,0.7,6.8,Sannhamp
256.6,41.1,183.6,1.05,5.9,Sannhamp
119.5,15.4,97.7,0.58,5.8,Sannhamp
134.2,20.2,103,0.61,5.7,Sannhamp
239.9,44.1,165.8,1.11,7.3,Sannhamp
192.1,28.7,154.6,0.9,7.2,Sannhamp
271.9,43.7,176.7,1.02,6.4,Sannhamp
184.9,32.1,150.3,0.9,7.3,Sannhamp
183.5,34.5,151.3,0.9,6.2,Sannhamp
201.1,32.4,167,0.94,7.1,Sannhamp
102.7,15,90,0.6,7.1,Sannhamp
102.5,17.2,100.8,0.61,6.3,Sannhamp
104.6,19,110.8,0.71,7.1,Sannhamp
151.6,22.9,130.3,0.61,6.2,Sannhamp
80,15,105.2,0.5,6,Sannhamp
80,19.1,85.4,0.5,6.7,Sannhamp
218,39.1,163,0.89,7,Sannhamp
221.3,43.2,183.1,1.06,6.8,Sannhamp
144.7,25.4,112.9,0.78,5.9,Sannhamp
109.2,15,90.4,0.6,7,Sannhamp
257.2,50,154.7,1.17,6.8,Sannhamp
202.6,28.3,143.3,0.85,7,Sannhamp
161.7,25.6,145.9,0.79,6.9,Sannhamp
196.3,36.4,185.7,1.03,6,Sannhamp
202.8,42,151.3,0.98,6.2,Sannhamp
104.1,15,92.3,0.6,5.7,Sannhamp
157,33.9,141.1,0.87,6.6,Sannhamp
245.7,34,163.1,1.11,5.9,Sannhamp
225.6,38.8,184.3,1.03,7.3,Sannhamp
134.6,15,116.7,0.59,5.9,Sannhamp
177.2,26.2,124.2,0.92,7.2,Sannhamp
100.9,15,92.1,0.65,7.4,Sannhamp
105.1,15,85.9,0.53,6.7,Sannhamp
252.5,35.7,191.5,1.09,5.5,Sannhamp
148.6,20.9,102.8,0.67,7.1,Sannhamp
149.9,26.8,141.4,0.71,6.9,Sannhamp
226.9,37.8,164.8,0.97,6,Sannhamp
198.9,32.2,162,0.98,6.2,Sannhamp
80,15.2,92.8,0.5,7.2,Sannhamp
235.4,40.1,172.9,0.93,6.8,Sannhamp
171.5,27.1,148.3,0.87,5.6,Sannhamp
225.6,35.9,191.6,0.95,6,Sannhamp
86.9,15,80,0.51,6,Sannhamp
153.8,29.3,159.7,0.79,6.1,Sannhamp
227.1,41.4,169,1.04,5.9,Sannhamp
96.7,15,80,0.58,6.3,Sannhamp
278.6,36.3,177.9,1.2,7.2,Sannhamp
219.8,27.8,135.3,0.89,5.7,Sannhamp
232.9,36.9,163.7,0.91,5.6,Sannhamp
88.5,15,80,0.58,5.9,Sannhamp
120.8,17.4,100.3,0.59,7.2,Sannhamp
97.7,17.3,87.7,0.58,7.2,Sannhamp
213.2,36.9,143.8,0.9,5.9,Sannhamp
178.8,24.8,147,0.9,5.6,Sannhamp
194,33,155.6,0.95,7.1,Sannhamp
187.4,26,120.9,0.74,5.9,Sannhamp
255.9,42.7,200,1.15,5.6,Sannhamp
131.9,15,121.3,0.72,5.6,Sannhamp
272.1,34.7,176.8,1.16,5.9,Sannhamp
161.5,20.2,121.1,0.71,7.1,Sannhamp
109.3,17.4,80,0.59,7.2,Sannhamp
151.7,22.8,117.6,0.78,7.1,Sannhamp
106.2,20.5,99.5,0.65,6.6,Sannhamp
233.9,39,141.8,1.01,6.3,Sannhamp
252.8,37.3,172.9,1.11,7.4,Sannhamp
232.9,37.8,177.4,1.06,7.2,Sannhamp
97.2,20.2,80,0.59,6.5,Sannhamp
202.9,27.4,165.3,0.93,7.2,Sannhamp
184.6,29.5,138.7,0.95,7.1,Sannhamp
80,15,89.3,0.5,5.6,Sannhamp
161.2,23.5,130,0.77,6.8,Sannhamp
265.3,41.1,200,1.2,6.5,Sannhamp
112.5,15,108.7,0.54,6.9,Sannhamp
270.3,46,200,1.15,6.2,Sannhamp
167.6,19.3,139.9,0.82,5.6,Sannhamp
128.3,24.9,138.3,0.73,6,Sannhamp
85.4,15,80,0.56,5.6,Sannhamp
122.7,20,90.3,0.66,7.3,Sannhamp
207.7,31.4,136.9,0.92,5.6,Sannhamp
90.7,15,97.8,0.52,6.9,Sannhamp
91.6,15,84.1,0.56,5.9,Sannhamp
240.4,39.5,169.8,1.02,6.7,Sannhamp
124.5,22.6,111.9,0.78,6.9,Sannhamp
160.8,20.6,114.6,0.69,5.7,Sannhamp
264.7,39.9,192.5,1.2,5.5,Sannhamp
149.1,24.6,145.5,0.81,6.3,Sannhamp
280,41.7,200,1.2,7.1,Sannhamp
146.4,20.7,123.1,0.82,7.1,Sannhamp
195.9,30.6,124.9,0.84,6.9,Sannhamp
118.6,19.5,101.7,0.63,6.3,Sannhamp
150.1,22.7,109.1,0.79,6.8,Sannhamp
134.2,20.1,89.1,0.67,5.7,Sannhamp
117.1,20.6,94.9,0.56,6.3,Sannhamp
265.7,43.5,200,1.2,6.2,Sannhamp
137.7,13.1,96.2,0.46,6.1,Millet
142,22,101.9,0.44,6.3,Millet
154.3,26.6,132.9,0.56,6.2,Millet
149.3,18.6,113,0.46,6.2,Millet
151.4,28,126.7,0.63,6.2,Millet
156.5,19.1,135.8,0.52,6.1,Millet
121,16.4,103.7,0.51,6.6,Millet
159,23.1,101.1,0.55,6.4,Millet
161.7,19.6,146.9,0.51,6.4,Millet
150.4,25.2,139.9,0.61,6.2,Millet
134.2,22.3,120.5,0.5,7.1,Millet
194.2,29,142.4,0.69,6.7,Millet
149.9,19.8,129.9,0.59,7.1,Millet
136.3,18.7,100,0.5,6.8,Millet
169.5,29.5,140.7,0.54,6.5,Millet
221.8,32.1,163.9,0.73,6.8,Millet
152.9,23,102.1,0.56,6.2,Millet
152.3,25.5,128.1,0.54,6.4,Millet
123.5,13.9,99.5,0.37,6.8,Millet
160.4,25.3,106.3,0.61,6.9,Millet
147.2,26.2,122.5,0.6,6.5,Millet
172.6,30.1,112.6,0.6,6.3,Millet
165,18.4,110.9,0.58,6,Millet
122.7,17.6,98.3,0.46,6.6,Millet
156.9,22.8,154.3,0.65,6.7,Millet
204.5,32.6,134.3,0.71,6.8,Millet
145.9,31.4,129.5,0.55,6.5,Millet
193.9,29,144,0.64,6.9,Millet
185.7,27,138.5,0.65,7,Millet
130.7,21.1,114.9,0.51,6.7,Millet
109.8,19.4,110.5,0.41,6.3,Millet
152.9,27.2,135.8,0.6,6.4,Millet
130.1,14,83.7,0.42,6.4,Millet
156.9,24.1,110.3,0.56,6.9,Millet
140.8,21.3,130.8,0.53,6,Millet
131.8,16.9,122.3,0.55,6,Millet
207.7,33.4,141.4,0.7,6.4,Millet
138.4,20.8,96.3,0.44,6.9,Millet
148.2,26.5,104.3,0.63,6.6,Millet
140,20.4,101.2,0.49,6.9,Millet
162.3,33.6,148.9,0.65,6.5,Millet
150.7,21.3,104,0.46,6.8,Millet
155,25.9,113.3,0.53,6.6,Millet
138.4,20.5,107.5,0.49,6.4,Millet
164.4,26.4,115.2,0.54,6.6,Millet
172.7,21.1,164.8,0.57,5.9,Millet
172.3,24.7,158.7,0.67,6.3,Millet
104.8,10.3,85.1,0.4,5.8,Millet
162.4,27.3,129.3,0.54,6.7,Millet
195,28.7,136.3,0.69,6.9,Millet
196.5,27,153.5,0.64,6.3,Millet
109.5,20.6,96.3,0.5,6.1,Millet
172.7,23.6,95,0.54,6.4,Millet
213.6,33,169.2,0.66,6.4,Millet
153.6,29.7,119.9,0.58,6.2,Millet
120.4,23.1,95.7,0.48,6.1,Millet
128.4,24.2,104.5,0.56,6.5,Millet
156.6,19.9,127.8,0.6,6.2,Millet
204.7,29,136.3,0.64,6.5,Millet
110.2,13.6,98.6,0.41,6.5,Millet
204.6,31.8,145.5,0.68,7.1,Millet
125.7,16.7,93.3,0.48,6.6,Millet
195,29.9,142.5,0.6,6.4,Millet
121.3,18.5,97.7,0.53,6.2,Millet
112.2,13.4,64.2,0.41,6.8,Millet
168.5,31.4,128.8,0.58,6.6,Millet
119,20,94.2,0.49,6.8,Millet
173.8,28.9,127.6,0.58,6.3,Millet
175.8,26.2,97.8,0.56,6.6,Millet
182.9,21.9,114.2,0.58,6.5,Millet
198.2,27.2,155.1,0.67,6.4,Millet
156.2,23.9,135.9,0.56,6.6,Millet
167.8,24.6,112,0.58,6.6,Millet
134.1,16,106.8,0.43,6,Millet
152,19,106.3,0.55,7,Millet
169.3,29.7,140.7,0.65,6.8,Millet
140.1,21.1,117.7,0.54,7,Millet
144.9,21.6,125.2,0.61,6.3,Millet
137.4,17.9,98.2,0.54,6.5,Millet
150.1,28.6,127.8,0.56,6.7,Millet
148.2,21.3,113.5,0.44,6.9,Millet
98.2,18.3,75.5,0.47,6.2,Millet
151.1,17.8,105.7,0.48,6.7,Millet
196.9,29.3,146.4,0.63,6.4,Millet
110.3,18.1,123.6,0.49,6.8,Millet
96.7,16.6,115.2,0.45,6.3,Millet
167.3,30.2,129,0.6,6.4,Millet
172.2,25.4,141.7,0.61,6.3,Millet
174.9,31.6,142.7,0.62,6.3,Millet
157.7,25.9,125.1,0.59,6.8,Millet
137.8,16.5,99.3,0.49,6.3,Millet
145.7,23.9,112.5,0.56,6.7,Millet
174.5,27.3,153.1,0.6,6.8,Millet
111.5,16.5,95.7,0.39,6.4,Millet
144.8,25.2,107.5,0.59,6.5,Millet
103.2,11.2,87.7,0.5,6.2,Millet
194.9,29.6,144.6,0.59,6.5,Millet
139.1,24.2,106.2,0.45,6.5,Millet
147.5,30.9,138,0.63,6.7,Millet
204.6,27.5,130.2,0.6,7.1,Millet
145.9,18.4,119.6,0.5,6,Millet
129,20,123.5,0.46,7,Millet
199.2,32.5,147.4,0.66,7.1,Millet
120.3,23.4,122,0.5,6.6,Millet
117.6,19.5,98.7,0.5,6,Millet
132.2,23,108.8,0.53,6.3,Millet
154.9,23.1,102.6,0.59,6.5,Millet
148.8,20.5,112.2,0.58,6.9,Millet
142.2,20.4,138.8,0.58,7.4,Millet
92.3,20.6,69,0.42,6.5,Millet
112.9,22.3,93.9,0.38,6.5,Millet
196.2,28.8,122.8,0.55,5.8,Millet
161.5,23.9,134.9,0.56,6.6,Millet
184.4,20.2,132.5,0.56,7.3,Millet
141.5,21.1,128.6,0.52,6.6,Millet
201.2,25.4,174.7,0.69,6.2,Millet
181.5,26,155.5,0.7,7,Millet
173.1,30.7,134,0.7,6.7,Millet
191.7,23.9,145,0.63,5.9,Millet
105.9,15.4,92.2,0.45,6.1,Millet
202.3,38.1,166.6,0.74,6.5,Millet
128.4,21.5,92.3,0.53,6.9,Millet
115,23.8,96,0.48,6.7,Millet
160.4,26.2,127.1,0.64,6.6,Millet
150.7,17.3,115.9,0.55,5.8,Millet
117.5,17.1,108.1,0.42,6.6,Millet
176,31.3,133.7,0.64,6.3,Millet
152.1,26.8,148.7,0.55,6.7,Millet
173.9,30.3,164.1,0.69,7.2,Millet
121.6,11.9,88.9,0.36,6.6,Millet
184.2,36,144.2,0.67,6.8,Millet
150.9,25.3,102.8,0.56,6.5,Millet
165.1,24.3,152.3,0.59,5.5,Millet
167.4,29.2,135,0.65,6.7,Millet
179.1,29.8,123.6,0.64,6.5,Millet
131.6,15.8,112,0.48,6.3,Millet
227.3,35.2,166.9,0.72,6.2,Millet
185.5,30.8,148.8,0.68,6.9,Millet
165,27,134.4,0.52,6.6,Millet
71.8,13.8,83.3,0.3,6.9,Millet
127.3,22.4,108.6,0.42,6.3,Millet
79.4,11,60,0.39,6.9,Millet
110.8,21.8,120.1,0.51,6.3,Millet
168.3,19,111.1,0.51,7.3,Millet
129.9,18.7,116.6,0.5,6.7,Millet
123.3,22.9,130.3,0.56,6.7,Millet
113.1,19.2,89.6,0.45,6.5,Millet
203,29.6,158,0.75,6.9,Millet
137.3,23.9,105.9,0.51,6.6,Millet
151.5,22.9,132.2,0.56,6.3,Millet
171.6,24.3,122.4,0.53,6.7,Millet
195,29,149.9,0.62,5.9,Millet
153.3,24.1,125.2,0.57,6.7,Millet
123.6,17.7,123.1,0.49,7.2,Millet
146.1,18.6,123,0.46,6,Millet
202.2,28,154.1,0.61,6.7,Millet
160.2,28.5,131.5,0.58,6.3,Millet
131.2,17.8,93.9,0.49,6,Millet
134.7,22.3,100.9,0.52,6.3,Millet
167.2,30.1,145.7,0.6,6.8,Millet
128.7,17.3,110.3,0.53,7.2,Millet
135.1,17.2,104.4,0.5,5.7,Millet
177.5,29,121.6,0.58,6,Millet
112.8,15.5,98.9,0.42,6.1,Millet
201.1,29.4,152.3,0.71,7,Millet
147,25.5,112.1,0.56,5.8,Millet
159.6,20.8,129.3,0.5,6.4,Millet
162.5,24.8,150.2,0.54,7,Millet
158.1,27.6,122,0.55,7.1,Millet
111.9,21.2,89.5,0.44,6.2,Millet
81.9,17.8,89.2,0.4,6.6,Millet
140.1,27.5,115.8,0.52,6.9,Millet
193.3,35.3,144.6,0.63,6.4,Millet
145.9,22.8,127.9,0.59,6.1,Millet
158.2,24.9,116.9,0.52,6.9,Millet
154.2,20.3,108.4,0.5,6.1,Millet
203.7,31.2,152.3,0.65,6.4,Millet
175.4,29.9,154.2,0.67,6.6,Millet
207.8,23.3,155.5,0.74,7.1,Millet
60,10,60,0.36,6.4,Millet
132.7,20.2,103.6,0.53,6.2,Millet
92.5,18.6,96,0.4,6.5,Millet
134.3,13.2,111.6,0.56,6.9,Millet
110.4,16.1,78.7,0.45,6.1,Millet
180.6,26.7,129.7,0.63,6.3,Millet
91.2,19.2,82.8,0.39,6.3,Millet
180.5,34,156.9,0.62,6.5,Millet
156.6,23.8,105.8,0.61,7.2,Millet
181.8,30.9,114.2,0.69,6,Millet
72.8,10,60,0.39,6.1,Millet
157.5,25.4,113.3,0.54,6.9,Millet
166.6,28.8,119.6,0.6,6.8,Millet
72,12.6,75.9,0.36,6.3,Millet
106.9,11.1,76.1,0.39,6,Millet
115.3,15.7,114.7,0.43,7.4,Millet
189.9,30.9,163.3,0.74,6.5,Millet
202.8,30.3,160.4,0.68,5.9,Millet
167.8,37.1,126.4,0.71,6.9,Millet
65.9,10.3,85,0.35,6.1,Millet
143.8,24.9,121.9,0.58,6.7,Millet
178.6,25.3,143.5,0.64,6,Millet
101.8,16.4,115.8,0.42,6.1,Millet
131.2,25.8,110.8,0.52,6.4,Millet
174.7,22.3,130.1,0.62,6.7,Millet
86.5,13.1,68.1,0.36,6.4,Millet
185.2,33.9,168,0.65,6.9,Millet
117.3,20.4,108.1,0.51,6.5,Millet
154.6,24,101.4,0.56,6.9,Millet
146.8,19.2,101.6,0.49,6.3,Millet
94.9,19.1,86,0.51,6.5,Millet
187.6,27.5,163.6,0.67,6.5,Millet
139.1,18.2,113.8,0.44,6.2,Millet
157.6,24.2,120.7,0.62,6.9,Millet
87,13.7,86,0.38,6.7,Millet
146.5,24.5,110.5,0.57,7,Millet
171.7,23,131.8,0.56,6.3,Millet
141.7,23.3,123.4,0.54,6.9,Millet
199.2,33.7,156.6,0.7,6.4,Millet
210.5,32.1,138.2,0.77,5.7,Millet
139.7,24.3,112,0.5,6.4,Millet
194.1,24.3,114.2,0.68,6,Millet
221.8,36.1,150.2,0.8,6.1,Millet
117.5,19.8,114.2,0.52,7.1,Millet
67.1,12.4,85,0.42,5.9,Millet
149.9,24.9,94.6,0.62,7.2,Millet
137.6,21.9,86.4,0.51,7.3,Millet
175.5,26.9,128.8,0.62,6.9,Millet
175.8,24.6,112.1,0.53,6.2,Millet
166.2,24.2,153.1,0.59,7.1,Millet
98.5,16.6,105.7,0.45,7,Millet
145.8,23.2,158.9,0.52,6.3,Millet
163.1,23.2,99.5,0.54,5.7,Millet
145.6,24.8,131.2,0.53,6.8,Millet
182.6,28.5,115.4,0.61,6,Millet
153.5,25.5,128.8,0.56,7.3,Millet
159.8,26.6,128.9,0.58,6.4,Millet
123.8,21.7,84.8,0.5,6.4,Millet
144,16.6,91,0.5,7.4,Millet
168.6,25.7,124.4,0.61,6.2,Millet
156.6,23.6,133,0.54,6.4,Millet
114.7,17,107.8,0.45,5.7,Millet
119.1,18,97.1,0.5,7.3,Millet
154.4,29.7,129.1,0.63,6.5,Millet
161.5,25.8,122.9,0.61,6.8,Millet
177.6,25.9,142,0.64,5.8,Millet
164.3,29.2,154.9,0.58,6.4,Millet
74.7,10,60.7,0.36,5.9,Millet
131.3,20.9,106.6,0.43,6.7,Millet
201.8,30.7,177.5,0.73,5.7,Millet
93.4,16.5,89.5,0.43,6.7,Millet
98.2,13.2,80.8,0.36,7,Millet
84.9,14.2,82.7,0.37,6.6,Millet
190.1,33.5,134.6,0.69,6.7,Millet
121.9,17.8,80.8,0.42,6.2,Millet
194.3,26.7,131.7,0.63,6.1,Millet
182.3,26.8,105.5,0.56,6.1,Millet
205.6,29,149.6,0.71,5.7,Millet
162,26,118.2,0.6,6.7,Millet
126.7,17.1,106.4,0.57,6.4,Millet
155,26.9,117,0.51,6.6,Millet
147.2,21.2,138.6,0.56,6,Millet
141.9,24.5,115.4,0.59,7.2,Millet
184.6,29.3,157,0.61,6.8,Millet
157.3,29.8,106.7,0.62,6.6,Millet
159.4,25,142.1,0.55,6.9,Millet
182.6,32.1,165.6,0.66,6.2,Millet
141.8,22.7,112.4,0.52,6.8,Millet
131.9,18.2,127.6,0.49,6.9,Millet
108.7,13.8,98.8,0.42,6.7,Millet
123.5,18.2,102.3,0.44,6.6,Millet
138,24.7,134.1,0.56,6.5,Millet
189.6,31.4,127.9,0.62,6.7,Millet
90,15.9,82.8,0.41,6.8,Millet
101.7,19.4,99,0.42,6.4,Millet
88.6,17.5,72.8,0.34,6.5,Millet
153.6,25.8,124,0.53,6.3,Millet
110.3,14.2,76.4,0.42,6.1,Millet
112.8,18.3,74.8,0.38,6.4,Millet
171.8,22.7,134.9,0.61,6,Millet
119,21.2,128.7,0.52,6.9,Millet
169.1,28.3,125.6,0.59,6.2,Millet
215.4,33.9,174.9,0.76,6.3,Millet
108,14.1,88.1,0.48,7.1,Millet
147.6,23.4,135.1,0.53,7,Millet
200.2,34.5,157.9,0.66,6.7,Millet
114.5,24.1,135.1,0.55,6.9,Millet
108.1,18.8,104.7,0.42,6.4,Millet
95.1,17.5,60,0.36,6.4,Millet
143.4,22.8,132.1,0.5,6.7,Millet
119.4,15.1,109.8,0.44,6.6,Millet
125.5,20.7,111.7,0.47,6.9,Millet
123.6,24.2,105.8,0.47,6.4,Millet
173,21.8,127.8,0.62,6.7,Millet
164.3,23.5,125.1,0.49,6.6,Millet
121.7,16.9,123.2,0.47,7.3,Millet
112.6,13.5,80.3,0.45,6.7,Millet
147.3,20.4,135,0.6,6.2,Millet
181.6,25.4,137.6,0.58,6.7,Millet
175.7,32.9,159.7,0.68,6.6,Millet
138.1,15.1,94.1,0.51,6.8,Millet
160.6,24.3,148.5,0.55,6.4,Millet
192.1,35,161.4,0.69,6.5,Millet
216.7,33.2,145,0.69,6.6,Millet
146.8,25,135.8,0.48,5.9,Millet
184.5,26.1,127.1,0.63,6.5,Millet
121.6,18.2,74.5,0.45,6.3,Millet
156.2,23.3,98,0.54,6.5,Millet
215.8,32.6,151.6,0.67,7.2,Millet
120.5,18.2,119.5,0.41,6.5,Millet
152.1,23.6,146.2,0.68,7.1,Millet
109.5,13.3,89.5,0.54,7.4,Millet
138.6,22.4,116.8,0.61,6.5,Millet
167.4,24.2,107.4,0.59,6.1,Millet
158.3,20.4,116,0.5,6.7,Millet
232.9,28.6,180,0.75,7.1,Millet
164.6,24.5,149.2,0.62,6,Millet
182.1,32.3,132.2,0.63,6.5,Millet
105.1,12.8,66.5,0.39,6.8,Millet
146.9,26.6,111.2,0.57,6.1,Millet
103.7,17.2,89.6,0.43,6.7,Millet
218.1,31,180,0.74,6,Millet
212.2,33,144.2,0.63,6.3,Millet
160.9,27.7,121.5,0.59,7.3,Millet
101.7,17.7,106.3,0.44,6.8,Millet
155.8,27.2,141.7,0.6,6.3,Millet
71.9,14,69.2,0.3,6.6,Millet
159.3,20.1,141.7,0.53,6.2,Millet
225.2,37.3,145.5,0.75,7.1,Millet
139,25.3,123.2,0.56,6.5,Millet
182.7,29.1,142.8,0.64,6.7,Millet
148,21.3,122.7,0.54,6.1,Millet
82.3,10.3,60,0.38,5.6,Millet
181.6,31,170,0.59,6.1,Millet
122.8,21.3,104.7,0.52,6.2,Millet
138.9,18.9,105,0.52,6.7,Millet
206.8,31,124.9,0.7,7,Millet
108.9,12.8,70.4,0.37,7,Millet
101.6,18.4,107.2,0.46,6.1,Millet
207.2,31.6,125.9,0.61,6.6,Millet
157.4,31.3,128.9,0.61,6.3,Millet
172.5,22.3,167.2,0.66,7.2,Millet
90.5,14.7,77.4,0.43,6.6,Millet
186.4,28.6,123.2,0.68,6.4,Millet
236,34.6,180,0.71,7,Millet
112.2,20,105,0.51,6.8,Millet
69.2,10,74.9,0.38,6.5,Millet
129.5,16.2,72.5,0.42,7.2,Millet
195.3,32.2,144.8,0.63,6.7,Millet
95.6,14.3,78.7,0.4,6.7,Millet
129.3,15.1,99.3,0.49,7.1,Millet
236.9,32.9,180,0.77,7.2,Millet
185.1,25.4,144.8,0.62,7.3,Millet
90.2,16.4,70.4,0.44,7.4,Millet
88.7,11.7,88.9,0.38,7,Millet
94.8,11.5,66.1,0.41,7.5,Millet
95.1,10.3,92,0.41,7.5,Millet
182.6,31.7,150.4,0.68,5.7,Millet
153.4,26,118.5,0.52,6.3,Millet
179.2,27.2,125.9,0.63,6.7,Millet
68,10.3,94.4,0.32,6.5,Millet
129.9,22,135.9,0.55,6.6,Millet
60,10,60,0.34,6.6,Millet
218.3,28.4,138.8,0.71,7.1,Millet
240,37.4,158.5,0.8,5.9,Millet
210,34.5,169.1,0.71,6.3,Millet
60,11.4,60,0.3,6.5,Millet
108.2,16.9,99.4,0.47,6.2,Millet
206.6,40,180,0.75,6.6,Millet
67.1,10,87.3,0.3,6.3,Millet
235.2,34.6,180,0.71,6.9,Millet
120.7,15.6,115.8,0.48,5.5,Millet
215.1,33.2,134.2,0.77,7.2,Millet
89,10,60,0.34,6.9,Millet
240,39.6,170.8,0.74,6.8,Millet
229.8,31.7,165.3,0.72,5.6,Millet
87.9,13.6,89.5,0.35,5.6,Millet
146.9,16,114.5,0.48,7.4,Millet
79.1,12.5,75.5,0.36,5.7,Millet
83.2,10,68.5,0.3,6.9,Millet
84.9,20.5,106.4,0.46,6.6,Millet
218.9,36.8,155,0.73,6.6,Millet
120.6,17.3,87.3,0.53,5.8,Millet
85.6,13.2,69.4,0.41,7.1,Millet
227.1,35.2,162.1,0.72,5.7,Millet
238,35.5,166.5,0.76,6.9,Millet
160.4,20.9,125.4,0.54,5.9,Millet
198.8,30.2,137,0.67,6.9,Millet
185.7,27.9,147.4,0.65,5.7,Millet
225,31.6,166,0.69,7.4,Millet
238.3,29.5,160.7,0.78,7.4,Millet
185,27.8,148.9,0.69,6.5,Millet
146.6,22.3,90.6,0.52,5.9,Millet
171.7,22.4,134,0.59,6.7,Millet
211.1,26.6,148.6,0.68,6.1,Millet
176.4,29.6,142.8,0.7,6.3,Millet
179.5,25.5,128.2,0.56,6.1,Millet
99.2,11.9,63.6,0.41,7.4,Millet
96.6,18.4,98.3,0.41,6.1,Millet
106.7,10,86.6,0.34,5.5,Millet
183.9,28.5,163.4,0.63,6.2,Millet
103.7,14.5,104.8,0.45,5.9,Millet
60,10,86.1,0.3,6.5,Millet
222.7,32.3,163.9,0.74,6.8,Millet
193.1,29.2,133.3,0.7,7.3,Millet
183.5,27.1,142.9,0.64,7.3,Millet
79.4,10,80.3,0.39,6.2,Millet
76.5,21.2,94.7,0.41,6.3,Millet
110.1,20.4,105.8,0.44,7,Millet
218.4,29.1,180,0.8,5.5,Millet
209.3,29.5,161.3,0.64,6,Millet
222.6,27.5,149.9,0.75,7.1,Millet
227.1,35.1,175.7,0.74,6.7,Millet
227.3,34.5,180,0.73,5.9,Millet
223.6,38.4,159.5,0.77,6.6,Millet
182.4,27.4,148.9,0.65,7,Millet
181.1,21.8,139.2,0.64,5.5,Millet
217.6,27.8,174.5,0.71,7.3,Millet
85,16.8,84.2,0.37,6.8,Millet
227.1,33,180,0.79,6.3,Millet
64.7,16.1,60,0.38,6.6,Millet
191.1,35.7,154.5,0.68,6.9,Millet
176.5,26.1,180,0.72,5.7,Millet
86.9,13.4,66.5,0.41,6.3,Millet
99.5,16.8,113.1,0.43,5.9,Millet
157.1,22.4,127.9,0.54,7.2,Millet
219.4,37.9,170.2,0.7,6.2,Millet
141.6,24.1,99.4,0.52,6.4,Millet
74.3,14.6,60,0.36,6.8,Millet
159.7,31.8,136,0.6,6.8,Millet
216.7,36,170.5,0.8,7.1,Millet
222,28.9,170,0.79,5.7,Millet
85.9,13.6,70.5,0.37,7.4,Millet
229.6,35,180,0.75,7.3,Millet
68.4,11.1,60,0.31,6.2,Millet
91.5,10,97.8,0.4,7.4,Millet
167.6,20.3,127.5,0.58,5.9,Millet
121.6,16.3,119.8,0.39,6.2,Millet
127.2,13.1,99.9,0.46,7,Millet
208.8,35.2,174.3,0.72,6.7,Millet
207.8,29.3,152.6,0.72,5.6,Millet
159.9,22.2,127.9,0.53,5.7,Millet
97.3,14.8,68.5,0.44,7.1,Millet
74.9,13,68.8,0.34,7.3,Millet
114.1,16,117.2,0.44,7,Millet
165.4,22.1,130.1,0.6,5.8,Millet
211.4,32.9,174.4,0.78,5.7,Millet
106.2,15.2,85.2,0.44,6.7,Millet
81.2,10,77.5,0.39,7,Millet
221.4,35.8,156.8,0.71,6.1,Millet
188.1,26.9,154,0.67,5.9,Millet
75,10,62.8,0.31,5.8,Millet
237.6,30,146.5,0.76,5.9,Millet
201.4,31.1,133.8,0.73,6.1,Millet
82.3,10,69.1,0.3,6.6,Millet
98.7,15.1,70.5,0.39,7.3,Millet
75.7,11.7,60,0.36,7,Millet
71.5,10,63.8,0.32,7.4,Millet
60,12,84.6,0.34,6,Millet
240,33.4,174.5,0.8,7.2,Millet
135,16.7,127.5,0.51,5.8,Millet
155.1,18.2,125.3,0.53,5.9,Millet
237.7,38.4,146.5,0.79,6.3,Millet
88.6,10.2,63.5,0.32,6.2,Millet
93.8,10.7,81.3,0.34,6.4,Millet
104,17.1,75.4,0.45,6.7,Millet
169.7,25.7,131.4,0.58,7.4,Millet
170.6,23.5,145.9,0.6,7,Millet
178.2,29.8,128.7,0.66,6.4,Millet
60,10,60,0.37,5.7,Millet
201.4,30.3,152.4,0.68,5.5,Millet
112.1,14.8,88.8,0.45,6.9,Millet
167.8,24.1,154.2,0.59,7.2,Millet
240,35,170.3,0.79,6.3,Millet
236.9,40,177.2,0.79,7.2,Millet
110.1,17.3,97,0.48,6.8,Millet
93.7,16.1,72.1,0.45,6.9,Millet
181.3,28.3,155.9,0.64,5.9,Millet
149.7,18.2,135.1,0.62,7.4,Millet
96.1,10.1,92.1,0.41,6.1,Millet
221.8,35.4,143,0.76,6.9,Millet
157.2,27.6,105,0.58,5.6,Millet
170,25.8,145.9,0.62,7.3,Millet
158.7,31.9,114.3,0.59,6.6,Millet
223.6,30.4,170.5,0.71,5.8,Millet
125.2,20.9,88.5,0.55,6.8,Millet
72,12,66.1,0.34,6,Millet
160.3,20.2,120.2,0.61,7.3,Millet
98.2,12.4,94,0.35,7.5,Millet
70.4,13.2,62.2,0.38,6,Millet
184.1,22.8,117.5,0.58,7.4,Millet
199.1,25.7,149.4,0.67,6.2,Millet
237.3,33.2,172.1,0.8,7.2,Millet
100.6,14.1,80.9,0.44,5.9,Millet
178.9,31.2,128.6,0.68,6.7,Millet
191.9,27.2,150.6,0.69,5.6,Millet
86.9,14.1,108.3,0.4,7.2,Millet
174.5,29.2,143.6,0.6,6.2,Millet
211,34.2,180,0.77,5.6,Millet
109,17.6,83.9,0.35,7.2,Millet
69.4,11.2,80.7,0.39,5.5,Millet
192.5,27.3,150.1,0.65,6.3,Oilseed
217.5,38.4,177.7,0.72,6,Oilseed
161.8,24.7,123.1,0.63,6.9,Oilseed
207.1,31,172.7,0.73,6.2,Oilseed
176.1,39.6,207.1,0.58,6.5,Oilseed
194,39,158,0.59,7.2,Oilseed
241,47.5,216.9,0.86,6.8,Oilseed
144.3,24.1,130.3,0.47,6.1,Oilseed
173.5,29.5,171.7,0.63,6.4,Oilseed
162,30.9,124.4,0.57,7.3,Oilseed
252.2,46.8,183,0.79,7,Oilseed
188.8,32,181.8,0.73,6.4,Oilseed
263.7,42.4,215.8,0.76,6.8,Oilseed
174.6,29.1,166.7,0.7,7.3,Oilseed
166.6,35,149.4,0.7,6.5,Oilseed
209.6,35,192.5,0.65,6.3,Oilseed
191.8,32,135.4,0.57,7.4,Oilseed
245.9,45,178.6,0.7,6.8,Oilseed
219.7,31.2,201.1,0.82,6.3,Oilseed
262.6,48.1,202.8,0.89,6.9,Oilseed
162.5,39,174.8,0.58,7,Oilseed
232.2,45.9,196.1,0.77,7,Oilseed
213.4,32.6,214.9,0.75,6.7,Oilseed
199.5,29.2,157.7,0.59,7,Oilseed
222.6,44.1,179.1,0.69,6.7,Oilseed
231.3,40.8,195.7,0.69,6.8,Oilseed
261.1,52.6,225,0.84,7,Oilseed
216.9,39,183.8,0.67,6.6,Oilseed
200.9,34.9,175.5,0.7,6.6,Oilseed
145.9,38.1,174,0.53,6.7,Oilseed
283.3,56,202.7,0.87,6.4,Oilseed
194.5,37.9,177.6,0.62,6.9,Oilseed
244.3,42.1,193.1,0.85,7.1,Oilseed
229.1,51,179.7,0.75,6.7,Oilseed
196,34.9,198,0.66,7,Oilseed
156.4,27.5,157.5,0.64,7.1,Oilseed
214.2,31.2,195.7,0.75,7.1,Oilseed
191.6,31.4,159.3,0.56,6.8,Oilseed
185.7,36.5,164.7,0.62,6.8,Oilseed
228.8,48.6,221,0.71,7,Oilseed
133.3,25.6,145.3,0.47,7.2,Oilseed
150.1,32.1,99.9,0.4,6,Oilseed
145.4,22.7,133.3,0.59,6.3,Oilseed
200.7,35.2,155.9,0.68,6.6,Oilseed
133.1,36.2,114.5,0.52,6.7,Oilseed
228.9,43.4,181.3,0.66,6.3,Oilseed
204.4,36.1,193.1,0.67,6.7,Oilseed
138.9,32.5,159.7,0.58,6.4,Oilseed
175,26.4,169.6,0.72,7,Oilseed
171.6,30.2,165.5,0.54,6.9,Oilseed
163.3,19.9,133.8,0.51,6.2,Oilseed
161,29.3,159.7,0.52,6.1,Oilseed
160.5,26.2,151.8,0.62,7.3,Oilseed
214.4,45.9,207.4,0.8,7,Oilseed
166.6,24.4,126.1,0.51,6.9,Oilseed
169.5,35.6,84,0.55,6.9,Oilseed
165,31.1,142,0.53,6,Oilseed
218.7,38.4,180.1,0.78,6.5,Oilseed
244.2,58.4,237.5,0.93,6.3,Oilseed
227.8,38.6,178.6,0.8,6.1,Oilseed
183.4,22.2,149.9,0.56,6.4,Oilseed
166.6,35.8,167.2,0.6,7,Oilseed
170.4,35.3,140.1,0.65,6.6,Oilseed
143.7,24.6,118.3,0.46,6.1,Oilseed
145.3,28.5,125.3,0.56,6.8,Oilseed
151.3,28.9,141.8,0.52,6.3,Oilseed
185.1,32.1,144.7,0.6,6.7,Oilseed
207.6,33.7,152.4,0.57,6.7,Oilseed
184.3,34,127.1,0.52,6.6,Oilseed
156.7,32,151.3,0.6,6.9,Oilseed
166,31.9,143.5,0.59,7,Oilseed
166.9,21.8,155.3,0.59,7.7,Oilseed
145.8,22.4,107.8,0.44,6.4,Oilseed
165,30.7,180.7,0.57,5.8,Oilseed
145.3,21.3,118.8,0.49,6.4,Oilseed
261.9,51.5,221.1,0.94,6.5,Oilseed
186.8,29.9,133.2,0.52,6,Oilseed
243.6,49.6,205.8,0.76,7.1,Oilseed
184.4,35.8,156.6,0.62,6.8,Oilseed
169.5,32.3,127.7,0.48,7,Oilseed
225,36.9,173,0.78,7.5,Oilseed
175.8,32.3,144.2,0.56,7.1,Oilseed
139.1,30.3,173,0.48,7,Oilseed
158.3,30.3,132,0.58,7.2,Oilseed
220.2,47.3,199,0.74,6.2,Oilseed
194.8,36.1,157.8,0.64,6.8,Oilseed
179.8,31.3,188.9,0.67,6,Oilseed
192.5,30.9,148.9,0.62,6.5,Oilseed
242.2,43.4,200.7,0.89,6.2,Oilseed
211.5,37.1,179.6,0.79,6.1,Oilseed
190.9,31.3,180.8,0.72,6,Oilseed
194.4,35.4,158,0.74,6.3,Oilseed
231.7,43.1,184.3,0.74,6.8,Oilseed
149.5,23,151.1,0.59,6,Oilseed
196.7,37,149.1,0.78,6.4,Oilseed
187,32.7,189.1,0.68,6.4,Oilseed
177.1,37.4,169.5,0.59,6.3,Oilseed
184.8,30.7,172.3,0.63,6.2,Oilseed
235.5,43,170.9,0.76,6,Oilseed
173.3,34.7,136.7,0.55,6.3,Oilseed
256.3,45.1,213.1,0.75,7.4,Oilseed
229.1,44.1,188.4,0.79,6,Oilseed
138.3,25.4,157.7,0.55,7.4,Oilseed
257.5,56.7,228.7,0.84,6.5,Oilseed
183.2,31.4,143.7,0.58,6.6,Oilseed
129.8,24.5,115.9,0.45,5.7,Oilseed
234.5,48.9,202.2,0.86,6.3,Oilseed
113.2,18.6,105.6,0.38,7.8,Oilseed
200.1,44.3,226.2,0.74,7.4,Oilseed
215.1,44.9,182.8,0.7,6.8,Oilseed
131.5,22,102.7,0.49,7,Oilseed
217,45.2,165.4,0.76,6.9,Oilseed
229.5,46.1,231.2,0.79,7.2,Oilseed
199.8,35,155.6,0.66,6.3,Oilseed
238.3,48.6,212.2,0.79,7.6,Oilseed
105.9,15,125.8,0.36,7.3,Oilseed
256.1,42.2,202.1,0.84,7.2,Oilseed
131.6,19.2,131.3,0.58,6,Oilseed
208.2,25.6,160.6,0.58,6.1,Oilseed
263.1,49.5,228.4,0.89,6.3,Oilseed
172.7,26.7,139.4,0.64,6.1,Oilseed
223.2,33.5,178.8,0.71,7.3,Oilseed
232.2,39.8,196.9,0.85,6.3,Oilseed
274.2,47.2,233.4,0.97,7,Oilseed
203.3,42.6,164.1,0.69,7.5,Oilseed
279.6,48,192.6,0.96,7,Oilseed
174.6,27.9,120.4,0.61,7.4,Oilseed
187.4,36.3,182.7,0.71,6.4,Oilseed
112.4,21.6,102.5,0.34,6.5,Oilseed
215.2,39,157.6,0.81,7.5,Oilseed
89.1,19,112.2,0.37,6.8,Oilseed
209.1,44,250,0.79,6.9,Oilseed
261.7,51.5,186.6,0.87,7.3,Oilseed
182.1,39.9,187.2,0.73,7.2,Oilseed
143.8,21.4,140.9,0.46,6.6,Oilseed
136.4,25.3,127.9,0.47,6.4,Oilseed
276.4,55,211.8,0.88,6.5,Oilseed
207.9,47.9,195.8,0.84,6.5,Oilseed
177.9,36.8,149.3,0.63,7.2,Oilseed
174.9,35.8,156.1,0.67,6.7,Oilseed
171.4,25.3,187.6,0.52,6.6,Oilseed
210.2,42.3,170,0.73,6.5,Oilseed
233.7,40.6,222.3,0.84,6.4,Oilseed
213.9,26.7,157.2,0.62,7.2,Oilseed
214.3,37.8,197.5,0.64,5.7,Oilseed
205.3,32.7,194.7,0.65,6,Oilseed
239.4,47.1,226.3,0.8,6.1,Oilseed
151.1,29.6,124.2,0.52,6.5,Oilseed
104.9,25.8,127.4,0.43,6.8,Oilseed
206.9,37.2,150.8,0.67,7.3,Oilseed
223.9,39.1,154.2,0.71,6.7,Oilseed
243.2,46.9,205.5,0.82,6.2,Oilseed
121,15,101.1,0.46,5.8,Oilseed
273.8,59.5,208,0.74,7.1,Oilseed
261.3,54.3,230.8,0.89,6.4,Oilseed
172.1,35.3,147.7,0.61,6.9,Oilseed
109.1,17.2,106.4,0.3,7.3,Oilseed
111.2,15,109.3,0.45,7.1,Oilseed
231.1,42.1,160.5,0.73,6.5,Oilseed
148.9,22.2,111.7,0.55,6.2,Oilseed
226.3,39.1,195.6,0.76,6.4,Oilseed
157,32.9,118.6,0.51,7.1,Oilseed
116.6,21.3,107.6,0.38,6.4,Oilseed
177.9,38,173.2,0.71,7.1,Oilseed
209.8,35.5,183,0.65,6.1,Oilseed
166.6,38.3,149.1,0.56,6.4,Oilseed
181.1,38,169.7,0.56,6.7,Oilseed
277.1,52.4,214.7,1,7.1,Oilseed
176.7,29,144.4,0.66,6,Oilseed
159.9,32,117,0.55,6.6,Oilseed
230.2,52.4,232.5,0.79,6.5,Oilseed
208.2,28.8,201,0.72,5.7,Oilseed
195.1,25.5,125,0.5,6.1,Oilseed
159.6,23.9,173.7,0.58,7.8,Oilseed
97.7,23.1,135.7,0.39,6.4,Oilseed
270.6,50.2,188,0.85,6.5,Oilseed
202.2,32.4,168.9,0.56,6.6,Oilseed
203.5,40.1,203.1,0.6,6.9,Oilseed
186.5,36.8,153.5,0.65,7.1,Oilseed
216.2,44.9,244.2,0.84,7.2,Oilseed
189.8,41.7,159.1,0.7,6.1,Oilseed
212.1,38.4,225.4,0.74,7,Oilseed
145.5,20.4,131,0.51,7.4,Oilseed
220.7,41.8,215.8,0.66,6.1,Oilseed
174.8,25.6,140.9,0.62,6,Oilseed
138.3,22.7,115,0.41,7,Oilseed
161.6,25,157.5,0.57,7.6,Oilseed
277.3,55.3,195.3,0.89,7.1,Oilseed
161.2,25.9,163.3,0.56,7.1,Oilseed
164.8,44.8,155.8,0.52,6.8,Oilseed
111.6,30.3,136.6,0.52,6.8,Oilseed
144.8,29.9,136,0.55,7.1,Oilseed
117.1,24.6,118.2,0.5,7.3,Oilseed
226.8,48.7,174.8,0.72,6.9,Oilseed
126.3,15.1,113,0.4,7.4,Oilseed
138.1,27.3,137.7,0.52,7.2,Oilseed
248.4,47.9,248.7,0.85,7.3,Oilseed
114.1,25,83.4,0.46,7,Oilseed
186.9,23.5,138.6,0.75,7.6,Oilseed
177,29.5,168.3,0.61,6.6,Oilseed
211.2,47.8,210.2,0.78,6.6,Oilseed
281.9,53.5,228.4,0.88,6.6,Oilseed
190.1,35.8,149.5,0.63,6.1,Oilseed
213.6,38.4,137.7,0.66,7.3,Oilseed
198.7,44.8,182.6,0.76,6.8,Oilseed
143.6,22,161.8,0.45,6,Oilseed
257.4,49.2,230.6,0.82,6.6,Oilseed
152,22.5,141.7,0.59,6.2,Oilseed
170.1,31.6,135.7,0.57,7.2,Oilseed
179.9,37.2,184.5,0.75,6.7,Oilseed
222.3,42.1,191.1,0.7,6.5,Oilseed
85.5,19.7,108.7,0.33,6,Oilseed
139.3,18.7,112,0.53,7.5,Oilseed
134.3,23.5,137.5,0.53,6.4,Oilseed
199.2,37.4,157,0.65,6.5,Oilseed
127.6,29.2,162.3,0.56,6.1,Oilseed
257.2,54.3,214.7,0.9,6.5,Oilseed
222.7,45.4,184,0.64,6.5,Oilseed
149.4,28.1,178.7,0.58,7,Oilseed
230.7,40.5,161.7,0.72,6.9,Oilseed
196.4,34.8,139,0.68,6.6,Oilseed
252.3,48,200.6,0.88,7.2,Oilseed
160.2,26.2,165.8,0.45,7.3,Oilseed
236.3,47.6,205.2,0.8,7.4,Oilseed
246,42.6,195.9,0.77,7.3,Oilseed
238.2,38.4,213.6,0.73,7,Oilseed
237.3,37,204,0.73,7.3,Oilseed
233,40.8,193.4,0.72,7.3,Oilseed
209,34.2,170.1,0.74,7.4,Oilseed
164.6,27.2,106.1,0.49,6.1,Oilseed
147.4,31.8,130.8,0.52,6.6,Oilseed
168.5,24.1,125.1,0.52,6.5,Oilseed
258.6,44.9,238.1,0.8,6.2,Oilseed
199,32.5,152.4,0.73,7.2,Oilseed
284.4,58.9,250,0.96,6.6,Oilseed
223.9,37.9,230.6,0.79,6,Oilseed
201.5,42.3,190,0.7,6.6,Oilseed
182.9,36.3,196,0.68,6.5,Oilseed
194.3,41.2,159.3,0.63,6.1,Oilseed
150.1,25.1,170.4,0.56,6.3,Oilseed
128.2,19.3,102.7,0.53,6,Oilseed
215.9,47,182.1,0.77,6.9,Oilseed
222.1,45.2,176.3,0.85,6.1,Oilseed
169.4,35.5,190.5,0.62,7.4,Oilseed
103.1,21.5,140.4,0.42,6.8,Oilseed
221.8,42.9,207.5,0.81,6.9,Oilseed
151.7,18.3,152.5,0.5,5.7,Oilseed
266.7,56.8,240.2,0.91,7.1,Oilseed
271.4,40.7,198.2,0.86,6.5,Oilseed
283.5,51.9,250,0.86,6.9,Oilseed
285.2,52.3,246.1,1,7.1,Oilseed
267.5,50.6,217.8,0.98,6.5,Oilseed
122.7,19.6,96.3,0.44,6.5,Oilseed
184.5,31.2,153.4,0.71,6.5,Oilseed
143.8,30.8,149.8,0.5,6.3,Oilseed
107.9,18.4,80,0.4,6.8,Oilseed
180.8,21.9,140.3,0.61,6.2,Oilseed
200,39.8,167.4,0.67,7.7,Oilseed
204,42.1,184,0.63,6.6,Oilseed
180,35.2,157.7,0.67,6.4,Oilseed
181.4,22.3,154.1,0.6,5.6,Oilseed
224.9,35.9,136.7,0.7,7.4,Oilseed
120.3,15,98.1,0.41,6.9,Oilseed
214.2,39.1,195.9,0.67,6.3,Oilseed
150,29.8,131.9,0.56,6.7,Oilseed
220.1,38.9,187.5,0.76,6.7,Oilseed
133.4,22.5,163,0.52,7.9,Oilseed
178,30.1,161.3,0.53,7.5,Oilseed
227.9,49.8,183.6,0.7,6,Oilseed
99,15,99.9,0.44,6.8,Oilseed
238.9,42.6,178,0.87,6.9,Oilseed
232.9,38.8,194.7,0.75,7.4,Oilseed
183.7,34.2,193.4,0.62,6.8,Oilseed
171.7,26.9,149.6,0.67,6.2,Oilseed
183.7,35.8,143.8,0.66,5.8,Oilseed
227.8,44.6,203.2,0.73,6.9,Oilseed
298.2,49.5,245.9,0.92,6.4,Oilseed
231.4,49.6,201,0.72,6.3,Oilseed
249.1,58.4,216.1,0.69,6.5,Oilseed
200.4,38.6,160.7,0.62,6.6,Oilseed
189.8,38,173.7,0.69,7.2,Oilseed
111.6,20.4,117.2,0.35,6.9,Oilseed
110,20.4,93.6,0.39,6.6,Oilseed
250.3,46,214.3,0.84,6.2,Oilseed
236.7,48.7,225.1,0.88,6,Oilseed
260.8,43.5,227.5,0.9,7,Oilseed
80,15,107.6,0.3,7.3,Oilseed
146.3,25.4,101.1,0.44,7.2,Oilseed
183,26.7,189.5,0.64,7.2,Oilseed
148,31,120.2,0.43,7,Oilseed
167.1,34.7,171.5,0.68,7.5,Oilseed
181.1,30.6,135.9,0.64,6.3,Oilseed
186.3,34.9,135.5,0.68,6.4,Oilseed
221.4,31.9,206.4,0.66,6.2,Oilseed
121.5,27.4,103.5,0.48,6.6,Oilseed
247.4,49.3,213.5,0.96,6.9,Oilseed
300,51,232,0.95,6.8,Oilseed
157.3,28.7,127,0.49,6.6,Oilseed
128.9,15,118.6,0.56,7.8,Oilseed
174.1,25.2,161.6,0.7,7,Oilseed
176,33.5,157.5,0.57,6.3,Oilseed
213.3,39.6,193.4,0.78,7.6,Oilseed
177.2,19.2,163.7,0.58,6.4,Oilseed
213.4,44.8,184.8,0.68,7.2,Oilseed
144.5,22,118.5,0.48,7.5,Oilseed
161,33.7,146.3,0.57,7.6,Oilseed
185,26.6,132.8,0.61,6.6,Oilseed
150.6,18.1,131,0.54,7.4,Oilseed
171.4,31.7,204.5,0.61,6.8,Oilseed
240.3,50.5,187.2,0.75,6.6,Oilseed
257.2,47.9,169.8,0.83,6.6,Oilseed
114.9,19.6,141.9,0.36,6.7,Oilseed
149.7,28.1,147.9,0.52,6.8,Oilseed
113.7,15,122.8,0.41,7.5,Oilseed
183.9,33.2,177.2,0.6,7.4,Oilseed
231.8,41.2,182.2,0.8,7.8,Oilseed
241,38.2,187,0.88,6.2,Oilseed
189.5,35.6,180.5,0.71,7.1,Oilseed
83.9,15,95.3,0.41,7.5,Oilseed
137,15.6,160.2,0.4,6.5,Oilseed
163.7,39.1,170.8,0.68,7.3,Oilseed
235.1,44.5,235.8,0.87,6.5,Oilseed
131.5,21.4,112.9,0.32,7.4,Oilseed
223.2,45.4,182.6,0.74,6.7,Oilseed
225.3,46,192.2,0.7,6.5,Oilseed
146,25.8,99.3,0.44,6.3,Oilseed
178.1,30,120.8,0.59,6.9,Oilseed
170.8,29.1,114.8,0.62,6.3,Oilseed
215.9,27.4,184.6,0.75,7.4,Oilseed
119,16.7,122.5,0.43,5.7,Oilseed
109.5,22.7,80,0.41,6.4,Oilseed
163.2,32.2,184.8,0.63,6.6,Oilseed
199.9,32.9,203.9,0.66,6.8,Oilseed
126.3,25.2,140.9,0.45,7.3,Oilseed
141.4,27.5,132.3,0.53,7.2,Oilseed
225.1,39.2,142.1,0.66,6.4,Oilseed
218.4,41.7,214,0.73,5.8,Oilseed
157.9,33.5,137.4,0.63,6.7,Oilseed
169.9,27.7,162.1,0.63,6.4,Oilseed
204.9,40.4,192.9,0.7,6.9,Oilseed
218.4,33.6,174.1,0.74,7.4,Oilseed
110.3,25.4,112.4,0.3,6.8,Oilseed
225.5,36.5,214.1,0.79,7.3,Oilseed
157.6,38.4,144.9,0.62,6.9,Oilseed
113.7,23.6,134.4,0.54,6.5,Oilseed
171.7,34.9,155.2,0.46,7,Oilseed
242.5,50.2,191.2,0.81,6.8,Oilseed
223.3,44.1,150.7,0.72,6.5,Oilseed
162.7,18.7,100.8,0.46,6.1,Oilseed
193.9,38.3,164.6,0.67,5.7,Oilseed
153.8,28.4,166.2,0.68,7.5,Oilseed
215.3,40,170.6,0.81,5.8,Oilseed
259.9,41.5,201.6,0.77,6.4,Oilseed
295.1,57.1,250,1,7.2,Oilseed
211.8,33.5,210.5,0.75,5.8,Oilseed
219.9,39.9,132.6,0.77,5.9,Oilseed
279,52.5,214.7,0.92,7.3,Oilseed
291.7,58.6,250,0.9,6.3,Oilseed
237.1,50.3,227,0.82,6.5,Oilseed
266,43.8,211.7,0.89,5.8,Oilseed
147.6,25.2,154.3,0.49,5.9,Oilseed
247.5,39.8,203,0.89,7.2,Oilseed
184.8,34.2,150.1,0.62,6.4,Oilseed
237,42.3,237,0.9,7.9,Oilseed
197.1,32,157.2,0.73,6,Oilseed
203.3,36.9,189.8,0.61,5.8,Oilseed
208.6,39.7,195.1,0.74,6.1,Oilseed
265.8,46.9,211.6,0.83,7.4,Oilseed
143.6,18.4,131.7,0.41,7.7,Oilseed
80,16.1,80,0.3,6.3,Oilseed
183.9,33.4,197.9,0.68,7.3,Oilseed
264.7,46,204.8,0.88,7,Oilseed
235.4,34.3,182.7,0.82,7.7,Oilseed
256.7,39.5,227.5,0.8,5.8,Oilseed
278.3,52.3,248,0.93,5.6,Oilseed
137.2,23.8,135.3,0.49,7.9,Oilseed
172.1,26.4,165.7,0.6,5.8,Oilseed
189.9,34.2,165.4,0.72,7.6,Oilseed
188.8,29.1,170.8,0.74,6.2,Oilseed
86.6,15,80,0.33,5.7,Oilseed
228.4,33.5,177.1,0.83,7.8,Oilseed
124.1,16.5,144.8,0.53,5.9,Oilseed
83.5,15,88.3,0.34,5.8,Oilseed
156,27.5,121.9,0.6,6.6,Oilseed
213.6,38.6,174.2,0.75,7.8,Oilseed
148.6,26.9,94.8,0.43,6.8,Oilseed
253.7,40,208.7,0.78,7.9,Oilseed
93.1,17.9,95,0.3,7.4,Oilseed
295.7,46.2,215.7,0.84,7.6,Oilseed
261.2,53.9,188.5,0.92,7,Oilseed
286.1,50.4,244.7,1,5.7,Oilseed
136.7,24.5,125.2,0.51,7.2,Oilseed
195.2,26,169.6,0.58,7.4,Oilseed
91.7,15,89.2,0.37,7.9,Oilseed
190.8,30.2,157.7,0.57,6.5,Oilseed
134.3,23.3,114.6,0.49,7.7,Oilseed
227.6,36.6,217.9,0.75,5.7,Oilseed
191.7,33.7,148.5,0.67,7.5,Oilseed
147.1,20.8,116.5,0.48,8,Oilseed
300,60,244.9,1,6.3,Oilseed
119.4,15,80,0.4,8,Oilseed
80,15,80,0.3,7.5,Oilseed
300,54.2,243.4,0.94,8,Oilseed
80,15,97.6,0.4,5.8,Oilseed
155,28.3,174.4,0.59,7.1,Oilseed
272.6,51.3,250,0.9,6.1,Oilseed
272.9,54.6,246.2,0.94,6.3,Oilseed
183.5,32.8,174.5,0.58,6.6,Oilseed
254.3,47.5,229.2,0.9,7.4,Oilseed
221.4,37.1,157.3,0.7,7.2,Oilseed
297.8,52.5,248.3,0.94,7.4,Oilseed
80.8,15,93.2,0.36,6.1,Oilseed
168.6,30.3,192.5,0.73,5.7,Oilseed
183.6,25.7,157.7,0.57,5.7,Oilseed
287,56.3,244.7,0.94,6.3,Oilseed
224.2,44,195.6,0.79,6.2,Oilseed
252,48.1,250,0.9,7.9,Oilseed
295.5,54.1,201.1,0.83,7.3,Oilseed
254.9,36.2,212.5,0.83,6,Oilseed
247.3,48.7,199.9,0.78,6.9,Oilseed
289.4,54.5,242.5,1,7.2,Oilseed
264.8,51.2,199.1,0.9,7,Oilseed
127.4,15,89.5,0.37,7.5,Oilseed
186.3,37.1,202.4,0.68,7.1,Oilseed
159.6,29.7,136.1,0.53,6.9,Oilseed
276.4,55.3,214.8,0.92,7.3,Oilseed
294.7,49.9,217.5,0.94,6.5,Oilseed
291,58.9,245.6,1,7.3,Oilseed
218.5,43.8,172,0.75,6.5,Oilseed
146,22.2,134.2,0.58,7.3,Oilseed
82.5,15,80,0.38,5.6,Oilseed
90.3,15,128.3,0.38,8,Oilseed
105.5,21.9,126.7,0.4,7.4,Oilseed
279.5,50.9,250,0.99,7.3,Oilseed
262.3,43,228.7,0.85,5.6,Oilseed
80,15,104.8,0.32,6,Oilseed
85.2,15,119.2,0.3,7.6,Oilseed
293.1,59.4,223,0.94,5.6,Oilseed
112.6,22.2,120.1,0.4,6.2,Oilseed
103.1,15,80.1,0.33,6.2,Oilseed
80.2,17.9,80,0.3,6.5,Oilseed
118.5,15.5,102.8,0.4,5.8,Oilseed
262.5,45.6,247.7,0.82,7.5,Oilseed
125,15.5,110.3,0.44,7.2,Oilseed
112.4,15,90.5,0.3,7.6,Oilseed
215.9,35.3,192.2,0.72,5.9,Oilseed
165.5,15,85.4,0.5,7.8,Oilseed
288.9,51.1,250,0.99,6,Oilseed
131.1,16.7,101,0.39,5.8,Oilseed
140.2,25.3,115.3,0.49,6.3,Oilseed
141.9,26.8,108.9,0.42,7,Oilseed
230.5,34,184,0.75,7.3,Oilseed
279,60,250,0.93,7.1,Oilseed
89.1,15,121.7,0.38,6.2,Oilseed
247,43.7,206.9,0.85,7.3,Oilseed
250,39.3,203.8,0.86,6.4,Oilseed
264.2,42.7,218.3,0.79,7.8,Oilseed
220.7,38,214.1,0.69,5.7,Oilseed
266.7,43.3,224.8,0.89,5.7,Oilseed
120.4,24.5,96.2,0.41,7.2,Oilseed
219.2,34.5,166.7,0.61,6.3,Oilseed
170.4,39.1,175.8,0.62,6.8,Oilseed
247.3,47.8,201.9,0.75,6.4,Oilseed
138.4,18.1,103.9,0.42,7.9,Oilseed
258,53.5,233.2,0.96,6.3,Oilseed
300,51.4,217.1,0.96,7.4,Oilseed
274.6,50,250,1,7.4,Oilseed
149.4,20.2,108.4,0.5,7.9,Oilseed
250.5,50.6,215.9,0.83,6,Oilseed
117.5,18.8,128.1,0.46,8,Oilseed
143.5,27.4,122.9,0.51,7.3,Oilseed
300,52.4,250,0.81,5.7,Oilseed
103.9,18,80,0.41,6.6,Oilseed
300,52.7,236.5,0.98,6.4,Oilseed
282,45.3,212,0.88,6.3,Oilseed
132.4,19.9,109.2,0.37,7.1,Oilseed
95.7,18.4,85.5,0.4,7.2,Oilseed
149.1,20.5,133.4,0.51,6,Oilseed
103.8,15,81.7,0.38,7.5,Oilseed
288.1,53.4,248.8,0.86,6.9,Oilseed
232.3,42.3,227.4,0.9,5.7,Oilseed
163.3,32.2,145.7,0.58,6.7,Oilseed
211.3,42.5,189.5,0.83,6.6,Oilseed
90.1,15,100.4,0.33,5.8,Oilseed
147.3,30.5,134.1,0.46,6.9,Oilseed
174.9,26.5,161,0.57,7.7,Oilseed
123.9,26.9,162.6,0.48,6,Oilseed
114.7,15,81.8,0.43,7.8,Oilseed
233.2,40.3,226.3,0.73,5.7,Oilseed
214.8,33.3,186,0.72,7.6,Oilseed
208.5,35.9,168.3,0.66,5.7,Oilseed
174.8,33.2,171.5,0.61,6.2,Oilseed
233.4,44.4,220.4,0.79,6.6,Oilseed
182.6,34.3,124.1,0.69,6,Oilseed
231.8,41.7,202.2,0.83,8,Oilseed
185.8,40.1,180.3,0.71,6.1,Oilseed
222.6,20.2,148.6,0.64,8,Oilseed
114.7,15,105.1,0.38,5.6,Oilseed
192.6,40,156.9,0.66,7.6,Oilseed
269.5,40.2,217.1,0.91,6.6,Oilseed
159.5,25.9,149.3,0.6,7.1,Kharif Pulse
222.3,42.3,163.3,0.64,6.7,Kharif Pulse
144.9,33.6,126.3,0.55,7.3,Kharif Pulse
179,39.4,192.7,0.68,7,Kharif Pulse
151.9,25.4,125.8,0.63,7.1,Kharif Pulse
156.2,28.5,102.7,0.52,6.9,Kharif Pulse
180.5,36.8,137.7,0.68,7,Kharif Pulse
197,44.2,173.2,0.76,7,Kharif Pulse
143.3,35.8,114.1,0.62,7.5,Kharif Pulse
121.6,17.8,114.1,0.46,6.9,Kharif Pulse
186.9,39.8,169.3,0.68,7,Kharif Pulse
98.8,27.1,97.1,0.43,6.8,Kharif Pulse
145,23.7,137.1,0.56,7.6,Kharif Pulse
140.1,29.6,127.3,0.56,7.3,Kharif Pulse
165.9,36.6,154,0.64,7.1,Kharif Pulse
189.2,38.3,109.1,0.68,7,Kharif Pulse
171.7,33,158.6,0.66,7.2,Kharif Pulse
135.1,19.5,97.8,0.47,6.7,Kharif Pulse
144.3,33.3,89.6,0.57,6.9,Kharif Pulse
143,35.1,121.2,0.49,7.3,Kharif Pulse
245.4,41.5,186.2,0.83,6.6,Kharif Pulse
119.6,23.2,95.2,0.41,6.6,Kharif Pulse
139.9,31,131,0.58,7,Kharif Pulse
212.5,45.9,177,0.81,7,Kharif Pulse
180.4,38.6,145.3,0.67,7.2,Kharif Pulse
167.3,25.3,169.2,0.6,6.7,Kharif Pulse
121.6,25,123,0.51,6.8,Kharif Pulse
196.2,41,184.1,0.79,6.8,Kharif Pulse
156,33.9,126.6,0.64,7,Kharif Pulse
206.8,43.1,180.7,0.74,6.7,Kharif Pulse
117.3,28.3,156,0.55,6.9,Kharif Pulse
166,43.8,119.9,0.66,7,Kharif Pulse
187.6,41.1,162,0.89,6.8,Kharif Pulse
190.4,30.4,137.4,0.61,6.7,Kharif Pulse
182,42.3,132,0.61,6.9,Kharif Pulse
121.6,25,97.2,0.59,6.5,Kharif Pulse
200,34.1,188,0.76,7.1,Kharif Pulse
208,41.8,156,0.79,6.9,Kharif Pulse
164.3,41.2,158.9,0.64,7,Kharif Pulse
163.1,32.6,121.1,0.61,7,Kharif Pulse
126.9,21.4,97.9,0.55,6.8,Kharif Pulse
165.7,33.3,133,0.68,6.8,Kharif Pulse
168.7,37.6,169.9,0.64,7.1,Kharif Pulse
192.4,36.8,167.3,0.64,7.1,Kharif Pulse
221.4,31.4,113.5,0.73,7,Kharif Pulse
176.6,43.7,133.1,0.72,6.7,Kharif Pulse
189,39.2,136,0.82,7.2,Kharif Pulse
141.4,30.1,102.8,0.5,7.4,Kharif Pulse
135.5,21.1,87.2,0.43,7.5,Kharif Pulse
171.1,43.5,174,0.69,7.1,Kharif Pulse
156.4,36.5,132.4,0.64,7.1,Kharif Pulse
164.5,37.6,143,0.7,7.4,Kharif Pulse
193.5,34,220,0.84,7.6,Kharif Pulse
174.6,32.8,168.8,0.68,6.9,Kharif Pulse
184.5,36.5,107.7,0.65,7.1,Kharif Pulse
214.8,43.7,168.7,0.86,6.6,Kharif Pulse
130.5,20.8,142.3,0.7,7.5,Kharif Pulse
160.7,35.4,149.8,0.59,7.4,Kharif Pulse
236.3,44.8,203.3,0.73,6.9,Kharif Pulse
233.8,41.3,206.8,0.9,6.5,Kharif Pulse
171,29.9,115.8,0.62,6.5,Kharif Pulse
126.7,19,73.5,0.55,7.2,Kharif Pulse
129.6,34,147,0.68,6.9,Kharif Pulse
193.7,44.6,162.5,0.75,6.3,Kharif Pulse
216.8,50.2,184.1,0.85,7,Kharif Pulse
173.8,32.3,145,0.64,7.2,Kharif Pulse
125.9,34.9,140,0.63,6.9,Kharif Pulse
238.8,39.2,158.9,0.75,7.2,Kharif Pulse
194.2,30.4,168.7,0.74,6.9,Kharif Pulse
239.7,48.2,172.3,0.88,7.2,Kharif Pulse
240.6,47.5,177,0.89,6.7,Kharif Pulse
188.1,33,136.3,0.71,7.5,Kharif Pulse
199.2,31.6,162.2,0.77,7.4,Kharif Pulse
186.3,34.1,140,0.65,6.8,Kharif Pulse
208.8,45.3,186.3,0.74,7,Kharif Pulse
240.9,41.5,169.8,0.77,7.2,Kharif Pulse
204.2,35.9,160.9,0.73,7.1,Kharif Pulse
207.3,35.4,137.7,0.67,6.6,Kharif Pulse
105.7,24.8,131.8,0.48,6.6,Kharif Pulse
226,40.5,151.3,0.88,6.6,Kharif Pulse
114.8,24.8,133,0.59,7.4,Kharif Pulse
238.5,43.3,210.7,0.79,6.7,Kharif Pulse
163.8,25.2,154.1,0.59,7.7,Kharif Pulse
69.3,15,63.8,0.36,7.2,Kharif Pulse
187.7,36.2,142.3,0.71,7.2,Kharif Pulse
182.1,35.1,173.4,0.64,6.9,Kharif Pulse
177.9,29.5,135.9,0.54,7.4,Kharif Pulse
124,25.6,153.3,0.62,7.4,Kharif Pulse
131.1,23.4,104.7,0.55,7,Kharif Pulse
172.7,42.5,163.4,0.7,7,Kharif Pulse
158.3,21.8,104.9,0.54,7.3,Kharif Pulse
192.3,35.3,131.8,0.73,6.6,Kharif Pulse
194.2,37.1,117.7,0.65,6.7,Kharif Pulse
150.5,34,118,0.52,7.1,Kharif Pulse
114.3,27.9,101,0.53,6.9,Kharif Pulse
191.7,37.5,174,0.71,7,Kharif Pulse
150.6,30.1,118.3,0.57,6.7,Kharif Pulse
177,36.7,127.7,0.73,6.8,Kharif Pulse
182,34.4,174.4,0.77,6.9,Kharif Pulse
90.7,15,93.2,0.45,7.4,Kharif Pulse
250.6,45.8,194.9,0.92,6.7,Kharif Pulse
130.1,26.4,113.9,0.51,7.1,Kharif Pulse
161.2,38.4,148.4,0.67,6.6,Kharif Pulse
143.4,27.8,134.9,0.56,7,Kharif Pulse
60,15.1,82.4,0.3,6.2,Kharif Pulse
270.4,47.7,210.5,0.99,7.3,Kharif Pulse
118.4,27.6,104.6,0.45,6.9,Kharif Pulse
213.7,38.6,139.5,0.74,6.6,Kharif Pulse
239.8,37.4,205.1,0.93,6.2,Kharif Pulse
217.4,42,169.2,0.82,6.6,Kharif Pulse
168.5,31.9,149.3,0.66,6.4,Kharif Pulse
87.7,21,76.7,0.38,6.7,Kharif Pulse
206.2,43.4,151.3,0.77,7.3,Kharif Pulse
223.3,42.5,198,0.83,7.2,Kharif Pulse
204.9,42.1,176,0.71,6.7,Kharif Pulse
161.3,28.2,169.5,0.63,6.7,Kharif Pulse
180.9,42.5,151.7,0.72,6.7,Kharif Pulse
66.2,17.2,87.4,0.35,7.4,Kharif Pulse
168.3,33.8,135.5,0.62,7.1,Kharif Pulse
159.9,26.4,92.6,0.57,7.1,Kharif Pulse
194.4,31.7,139.4,0.69,6.4,Kharif Pulse
215.6,35.8,138.7,0.74,7.1,Kharif Pulse
181.7,42.5,149,0.78,7.3,Kharif Pulse
123.4,19.5,117.6,0.47,6.6,Kharif Pulse
114.8,18,109.1,0.4,7.7,Kharif Pulse
229.4,47.6,189.5,0.83,6.6,Kharif Pulse
180.9,31.9,162.8,0.73,7.3,Kharif Pulse
170.2,27.6,99.9,0.67,7,Kharif Pulse
118.3,25.2,105.3,0.4,7.1,Kharif Pulse
267.9,46,177,0.9,7.3,Kharif Pulse
214.6,37.3,137.2,0.71,6.9,Kharif Pulse
222.7,43.3,163.9,0.77,7,Kharif Pulse
197.8,46.3,210,0.74,7,Kharif Pulse
177.8,31.5,133.3,0.73,6.5,Kharif Pulse
185.8,36,141.3,0.68,6.3,Kharif Pulse
132.3,29,106,0.51,7,Kharif Pulse
198.9,34.8,150.5,0.77,7.8,Kharif Pulse
181.3,36,139.2,0.67,7.5,Kharif Pulse
214.9,37.3,172.5,0.73,7,Kharif Pulse
277.8,43.4,177.8,0.94,7.6,Kharif Pulse
106.3,22.3,113.3,0.53,6.7,Kharif Pulse
112.2,22.6,86.8,0.41,7.1,Kharif Pulse
148.8,29.1,149,0.62,7.7,Kharif Pulse
162.8,30.6,165.5,0.71,7.1,Kharif Pulse
60,21.4,60,0.39,7.1,Kharif Pulse
220.4,35.3,164.7,0.77,7,Kharif Pulse
197.7,45.7,151.2,0.71,7.3,Kharif Pulse
137.3,27.1,126.6,0.48,7.3,Kharif Pulse
135.8,30.9,109.7,0.57,6.9,Kharif Pulse
192.8,37.2,128.3,0.73,7.1,Kharif Pulse
146.9,25.9,90.2,0.52,6.6,Kharif Pulse
218.7,55,182.9,0.68,7.1,Kharif Pulse
233.2,42.5,185.4,0.81,7.7,Kharif Pulse
103,17.6,82.5,0.42,7.3,Kharif Pulse
143.7,25.5,130,0.55,6.3,Kharif Pulse
127.9,23.7,155.6,0.5,6.7,Kharif Pulse
151,32,108.9,0.64,7.1,Kharif Pulse
180.7,45.1,207.8,0.79,7,Kharif Pulse
134.1,32.5,111.7,0.62,7.2,Kharif Pulse
151,24.1,122.4,0.54,6.2,Kharif Pulse
167.9,39.1,133.1,0.73,7.2,Kharif Pulse
76.3,15,63,0.4,7.2,Kharif Pulse
217.5,41,161.9,0.7,7.5,Kharif Pulse
146.8,31.2,86.5,0.49,7,Kharif Pulse
235.6,36.8,164.7,0.84,7.7,Kharif Pulse
126,21.7,124.8,0.55,7.3,Kharif Pulse
165.4,35.2,104.7,0.64,6.7,Kharif Pulse
216.2,39.2,176.9,0.77,6.7,Kharif Pulse
165.1,35.7,101.5,0.76,7.5,Kharif Pulse
232.4,40.3,167,0.81,7.4,Kharif Pulse
180.7,29.3,127.8,0.73,7.9,Kharif Pulse
79,15,86.3,0.4,6.6,Kharif Pulse
102.7,23,113.2,0.45,7.4,Kharif Pulse
135.5,19.6,112,0.49,7.7,Kharif Pulse
122.9,25.1,104.6,0.47,7.3,Kharif Pulse
204.7,40.3,135.9,0.8,7,Kharif Pulse
244.2,43.8,215.8,0.83,6.6,Kharif Pulse
199.6,42.7,181.1,0.81,6.8,Kharif Pulse
163.6,34.9,136.2,0.59,6.9,Kharif Pulse
144.8,28,137.2,0.6,6.2,Kharif Pulse
110.4,27.1,103.7,0.51,6.7,Kharif Pulse
271.5,50.8,220,0.89,7.2,Kharif Pulse
222.7,45.5,207,0.87,7.2,Kharif Pulse
202.9,37.7,154.9,0.72,6.8,Kharif Pulse
128,25.7,108.5,0.62,6.3,Kharif Pulse
209.7,45,205.3,0.89,6.7,Kharif Pulse
246.6,39.7,174.1,0.92,7.4,Kharif Pulse
208.5,47.8,199.8,0.85,7.1,Kharif Pulse
206,40.6,168.2,0.84,6.8,Kharif Pulse
159.7,29.6,117.2,0.68,7.7,Kharif Pulse
131.6,17.1,133.5,0.49,7.1,Kharif Pulse
104.6,15,85.1,0.41,6.4,Kharif Pulse
134.1,35,123.9,0.59,6.2,Kharif Pulse
202.8,41.4,130.5,0.74,7,Kharif Pulse
200.4,39.3,139.3,0.69,7.5,Kharif Pulse
187.7,32,180.9,0.69,6.2,Kharif Pulse
219.2,45.1,191.1,0.76,6.8,Kharif Pulse
134.3,20,116.3,0.46,7.7,Kharif Pulse
188.2,34.7,159,0.72,6.7,Kharif Pulse
137.4,22.7,81.4,0.47,6.8,Kharif Pulse
199.4,37.8,164.8,0.82,7,Kharif Pulse
90.3,15,77.6,0.41,7.5,Kharif Pulse
245.7,46.9,184,0.8,6.5,Kharif Pulse
251,41.1,191.7,0.93,7.6,Kharif Pulse
181.2,37.1,136.9,0.73,7.3,Kharif Pulse
116.5,29.2,115,0.52,6.6,Kharif Pulse
195.4,33.3,138.2,0.69,7.1,Kharif Pulse
183.3,43.2,173.1,0.7,7.3,Kharif Pulse
136.1,21.8,150.4,0.53,7.2,Kharif Pulse
181.3,43.5,141.5,0.74,6.9,Kharif Pulse
169.4,36.8,171,0.66,6.9,Kharif Pulse
113.9,26.7,132,0.49,7.1,Kharif Pulse
179.8,47.4,134.3,0.65,6.9,Kharif Pulse
190.7,40,155,0.66,7.9,Kharif Pulse
204.9,45.9,164.1,0.8,7,Kharif Pulse
262,42.1,177.1,0.8,6.8,Kharif Pulse
189,30.9,173.6,0.72,7.7,Kharif Pulse
106.8,24.5,80.2,0.5,7.4,Kharif Pulse
222.7,41.8,183.9,0.87,6.8,Kharif Pulse
221.4,38.7,182,0.77,7.4,Kharif Pulse
195.3,38.6,154.1,0.75,7.1,Kharif Pulse
256.7,47.8,203.3,0.93,6.3,Kharif Pulse
123.6,26.1,106.3,0.53,7.1,Kharif Pulse
160.3,36.9,115.2,0.61,6.8,Kharif Pulse
193.6,37.1,149.7,0.7,6.7,Kharif Pulse
179.9,29.1,142.7,0.67,7.1,Kharif Pulse
123.2,30.3,112.8,0.53,7.4,Kharif Pulse
233.9,46.2,199.9,0.82,7,Kharif Pulse
255.5,50.5,199.6,0.86,7.3,Kharif Pulse
210.3,40.1,186.4,0.69,6.1,Kharif Pulse
225.9,42.2,209.2,0.82,6.7,Kharif Pulse
258.3,53.1,203,0.89,6.9,Kharif Pulse
101.5,20.8,107.6,0.51,7.1,Kharif Pulse
120.2,31.7,103.4,0.55,7.4,Kharif Pulse
178.7,32,154.2,0.71,7.4,Kharif Pulse
166,33.9,102.8,0.6,7.2,Kharif Pulse
248.7,39.9,216.1,0.85,6.1,Kharif Pulse
105.2,21.7,87.9,0.5,6.2,Kharif Pulse
158.2,30.8,122.6,0.6,7.1,Kharif Pulse
187.9,25,140.4,0.77,6.1,Kharif Pulse
126.8,34.3,93.3,0.51,7.4,Kharif Pulse
74.9,15,71.3,0.4,7.7,Kharif Pulse
204.8,37.8,140.3,0.64,6.9,Kharif Pulse
191.8,40.7,159.9,0.81,6.5,Kharif Pulse
133.6,28.9,134.5,0.49,7.2,Kharif Pulse
208,38.5,176.9,0.79,6.9,Kharif Pulse
104.4,28.4,120.9,0.44,7.2,Kharif Pulse
213.4,45.1,172.2,0.78,7.3,Kharif Pulse
230.5,39.2,144.2,0.77,6.4,Kharif Pulse
166,39.6,96,0.63,6.7,Kharif Pulse
216.5,40.4,156.4,0.85,7.2,Kharif Pulse
114.6,31.2,118.1,0.57,6.8,Kharif Pulse
177.7,28,142.8,0.69,6.4,Kharif Pulse
193.8,41.1,141.5,0.72,6.8,Kharif Pulse
199.5,35.8,142.1,0.7,7.5,Kharif Pulse
76.4,15.7,79.7,0.47,7.2,Kharif Pulse
171.8,38,144.1,0.76,6.8,Kharif Pulse
155.5,23.4,124.5,0.5,7.6,Kharif Pulse
169.2,46.4,169.1,0.8,7.2,Kharif Pulse
212.3,42.2,158.5,0.67,7.8,Kharif Pulse
225.9,41.8,174.4,0.71,6.3,Kharif Pulse
127.5,25.4,87.5,0.47,7.7,Kharif Pulse
173,27.9,153.1,0.59,7.3,Kharif Pulse
179.2,29.2,114.4,0.65,6.5,Kharif Pulse
212,34.7,144.5,0.75,7.4,Kharif Pulse
145,26.8,110,0.51,7.3,Kharif Pulse
170.2,39.1,154.8,0.75,7.3,Kharif Pulse
214.1,37,183.6,0.78,7.8,Kharif Pulse
161.1,35.5,117.8,0.56,7.4,Kharif Pulse
217.5,41.9,205.5,0.76,7.7,Kharif Pulse
248.1,42.3,203.6,0.84,7.2,Kharif Pulse
164.7,32.7,113.1,0.63,6.6,Kharif Pulse
143.2,32.2,132.2,0.71,6.9,Kharif Pulse
179.4,33,148.2,0.81,7.3,Kharif Pulse
158,27.1,134.8,0.57,6.5,Kharif Pulse
130,17.6,69.6,0.4,7.5,Kharif Pulse
229.1,42.7,174.4,0.82,7.1,Kharif Pulse
147.5,18.9,106.9,0.42,7.7,Kharif Pulse
219.4,35.2,159.7,0.8,7.4,Kharif Pulse
79.4,19.7,60,0.37,7.2,Kharif Pulse
119.2,29.1,118.6,0.53,6.9,Kharif Pulse
160.8,31.4,134.7,0.63,6.5,Kharif Pulse
208.4,47.6,168.1,0.82,7,Kharif Pulse
96.6,22,116.3,0.52,6.7,Kharif Pulse
72.8,24.6,65.6,0.3,7.2,Kharif Pulse
102.4,20.1,112.8,0.37,6.9,Kharif Pulse
180.4,30.4,119.5,0.64,7.2,Kharif Pulse
164.7,33.7,124.5,0.67,6.3,Kharif Pulse
209.5,38.6,185.4,0.79,6.3,Kharif Pulse
145.8,36.9,128.2,0.59,7.1,Kharif Pulse
144.8,27,146.1,0.62,6.5,Kharif Pulse
206.4,42.5,164.8,0.78,7.1,Kharif Pulse
115.8,15,118.1,0.45,7.8,Kharif Pulse
134.6,29.3,123.2,0.45,7.1,Kharif Pulse
143.9,31,122.3,0.5,6.2,Kharif Pulse
224,42.9,178.9,0.82,7.1,Kharif Pulse
82.3,15.8,75.9,0.33,6.2,Kharif Pulse
158.4,32.4,133.9,0.59,7.4,Kharif Pulse
120.7,20.3,100.2,0.5,6.2,Kharif Pulse
152.3,35.3,125.3,0.7,6.8,Kharif Pulse
103.5,30,98,0.53,7.2,Kharif Pulse
180.2,27.2,142.7,0.52,7.3,Kharif Pulse
251.7,46.5,149,0.84,6.8,Kharif Pulse
247.2,49,194,0.79,7.2,Kharif Pulse
147.3,38.5,142.5,0.6,7.4,Kharif Pulse
123.4,28.9,137.9,0.56,6.5,Kharif Pulse
228.7,48.7,193.9,0.93,7,Kharif Pulse
140.9,27.6,119.1,0.65,7.2,Kharif Pulse
148.3,22.9,64,0.46,6.6,Kharif Pulse
263.1,37.7,204,0.87,6.1,Kharif Pulse
105.5,15,77.8,0.43,6.8,Kharif Pulse
94.3,15,60,0.42,6.3,Kharif Pulse
147,29,115.4,0.56,6.7,Kharif Pulse
192.4,32.5,146,0.74,6.8,Kharif Pulse
232.5,44.1,185.3,0.83,7.2,Kharif Pulse
216.3,36.3,159.7,0.73,7.4,Kharif Pulse
188.3,31.9,130.8,0.55,7.2,Kharif Pulse
123,27.3,131,0.59,7.3,Kharif Pulse
144.1,19.9,113.5,0.48,7.1,Kharif Pulse
123.1,22.5,85.9,0.47,7.4,Kharif Pulse
131.7,28.4,141.3,0.61,7.3,Kharif Pulse
147.7,30.8,115.8,0.64,6.6,Kharif Pulse
220.9,50.5,176.9,0.72,7.4,Kharif Pulse
173.9,25.8,125.5,0.59,7.7,Kharif Pulse
152.5,32.4,143,0.61,7.1,Kharif Pulse
97.5,15.3,86.1,0.47,6.3,Kharif Pulse
137.7,29.4,100.8,0.62,6.9,Kharif Pulse
94.5,17.7,98.2,0.33,7.3,Kharif Pulse
249.9,35,166.9,0.81,7.6,Kharif Pulse
168.6,29.7,131.2,0.66,7.4,Kharif Pulse
217.2,36.9,156.8,0.72,6.7,Kharif Pulse
169.6,38.8,129.3,0.75,7.2,Kharif Pulse
229.1,43.9,175.7,0.91,7,Kharif Pulse
181.4,30.5,86.7,0.57,6.7,Kharif Pulse
122.8,21.8,86.6,0.58,8,Kharif Pulse
139.2,25.7,87.5,0.45,6.9,Kharif Pulse
177.6,37.3,134.2,0.66,7,Kharif Pulse
147.1,25.8,117.1,0.57,6.9,Kharif Pulse
235.6,48,196.8,0.96,7.4,Kharif Pulse
216.2,50.2,172.3,0.91,7,Kharif Pulse
233.6,49.5,203.6,0.84,7.4,Kharif Pulse
205.5,48.1,175,0.65,7.1,Kharif Pulse
137.1,25.5,116.7,0.52,7.6,Kharif Pulse
163.6,33.9,171.1,0.67,7.7,Kharif Pulse
178.9,22.9,132.2,0.55,7.5,Kharif Pulse
203.6,32.7,173,0.69,6.6,Kharif Pulse
181.6,27.5,133.8,0.58,6.5,Kharif Pulse
201.2,41.4,179.2,0.83,7.1,Kharif Pulse
151.6,28.1,144.2,0.61,7.6,Kharif Pulse
244.3,42.4,178.9,0.88,7.6,Kharif Pulse
70.5,15.1,87.4,0.39,7.6,Kharif Pulse
226.8,46.9,172.5,0.85,6.2,Kharif Pulse
277.8,53.9,191.5,0.98,7.1,Kharif Pulse
280,46.3,200.1,0.96,7.9,Kharif Pulse
191.6,33.8,179,0.79,6.1,Kharif Pulse
235.4,34.5,195.2,0.96,6,Kharif Pulse
253.6,46.6,207.2,1,6.5,Kharif Pulse
114,16.8,86.2,0.39,6.3,Kharif Pulse
80.1,16.9,84.2,0.33,7,Kharif Pulse
252.5,42.6,180.9,0.76,6.8,Kharif Pulse
140.3,24.8,104.6,0.54,7.7,Kharif Pulse
187.1,36.6,123.3,0.69,6.4,Kharif Pulse
168.6,27.8,171.1,0.73,7.7,Kharif Pulse
87.3,15.5,60,0.35,6.9,Kharif Pulse
94.7,16.7,97,0.45,7.6,Kharif Pulse
277.6,42.7,190.7,0.85,6.3,Kharif Pulse
75.7,15,60,0.33,6.2,Kharif Pulse
275.9,51.6,220,0.9,7.2,Kharif Pulse
240.9,39.1,174,0.92,7.9,Kharif Pulse
157.9,30.6,130.2,0.55,7.6,Kharif Pulse
90.2,18,60,0.3,7.6,Kharif Pulse
216.1,39.4,188.3,0.74,7.6,Kharif Pulse
152.5,26.2,136.6,0.6,7.7,Kharif Pulse
223.4,45.9,203.4,0.74,6.3,Kharif Pulse
174.7,36.6,161.7,0.75,6.9,Kharif Pulse
67.9,19,61.2,0.35,6.7,Kharif Pulse
237.1,43.1,198.6,0.87,6.5,Kharif Pulse
105.9,18.2,75.7,0.46,6.2,Kharif Pulse
216.5,34.9,139.6,0.82,6.2,Kharif Pulse
172.9,29.3,171.9,0.72,7.7,Kharif Pulse
60,18.6,60,0.3,6.9,Kharif Pulse
249.6,40.2,179.7,0.89,7.4,Kharif Pulse
249.5,54.2,217.5,1,6.9,Kharif Pulse
198.3,37.9,182,0.8,6.1,Kharif Pulse
263.1,49.8,198.1,0.88,6.8,Kharif Pulse
253.6,48.3,171.5,0.86,7,Kharif Pulse
271.9,55,208,0.93,6.9,Kharif Pulse
177.3,30.2,122.2,0.63,7.8,Kharif Pulse
92.6,22.2,127.9,0.49,7.2,Kharif Pulse
132.7,29.3,132.3,0.63,7.4,Kharif Pulse
89.8,15,82.7,0.34,7.9,Kharif Pulse
280,55,220,0.97,6.9,Kharif Pulse
60,15,90.9,0.35,8,Kharif Pulse
225,38.4,165.7,0.88,7.9,Kharif Pulse
213.1,28.1,168.2,0.79,7.8,Kharif Pulse
190.1,30.9,126.2,0.64,7.6,Kharif Pulse
206.5,36.5,183.8,0.75,8,Kharif Pulse
142.1,35.3,128.1,0.52,7.6,Kharif Pulse
266.7,38,220,0.95,6.2,Kharif Pulse
256.2,52.5,220,1,7.6,Kharif Pulse
207,32,181,0.82,6.1,Kharif Pulse
241.8,40.1,205.6,0.88,6.5,Kharif Pulse
205.7,36.7,153.1,0.65,7.4,Kharif Pulse
167.4,30,111.3,0.58,6.1,Kharif Pulse
274.8,51.3,204,0.97,7,Kharif Pulse
275.1,49.6,194.7,0.89,7.7,Kharif Pulse
174.9,39.7,154.5,0.7,6.4,Kharif Pulse
227,38.8,218.2,0.87,6,Kharif Pulse
280,42.5,220,0.98,6.3,Kharif Pulse
167.4,30.5,158.7,0.7,6.2,Kharif Pulse
215.8,55,179.8,0.84,7.1,Kharif Pulse
210.7,43.4,170.4,0.89,6.9,Kharif Pulse
234.8,42,154.8,0.89,7.8,Kharif Pulse
225.4,34.5,188.6,0.9,6.3,Kharif Pulse
89.7,15,103.2,0.5,7.8,Kharif Pulse
126.4,19,90.6,0.51,7.9,Kharif Pulse
96.6,20.6,110.7,0.55,6.2,Kharif Pulse
170.8,33.7,141.3,0.69,7.7,Kharif Pulse
123.2,19.6,92.2,0.49,7.9,Kharif Pulse
280,45.6,213.2,0.98,7.7,Kharif Pulse
241.1,38.7,206.8,0.82,6.2,Kharif Pulse
135.3,29.3,97.6,0.48,7.1,Kharif Pulse
81.2,15,85.9,0.33,7.4,Kharif Pulse
67.9,15,60,0.3,6.4,Kharif Pulse
256.2,47.5,187.9,0.79,6.3,Kharif Pulse
280,52.2,186.3,0.94,7.9,Kharif Pulse
245.1,44.9,203.1,0.88,6.3,Kharif Pulse
250.7,47.8,188.4,0.96,6.8,Kharif Pulse
164.3,22,147,0.63,7.9,Kharif Pulse
237.5,40.6,163.2,0.82,6.3,Kharif Pulse
93.2,15,105.6,0.43,7.6,Kharif Pulse
158.1,29.3,126.9,0.54,6.6,Kharif Pulse
60,15,70.4,0.3,6.7,Kharif Pulse
160,26.4,144.9,0.59,6.2,Kharif Pulse
80.9,15,60,0.3,6.7,Kharif Pulse
197.6,41.8,176.2,0.77,7.5,Kharif Pulse
257.7,41.7,218.3,0.89,7.9,Kharif Pulse
123,21.8,60,0.4,7.7,Kharif Pulse
191.4,36,160.2,0.76,7.9,Kharif Pulse
231.9,44.7,198.5,0.74,6.8,Kharif Pulse
146.9,27.7,136.9,0.54,7,Kharif Pulse
233.1,40.8,201.4,0.88,6.1,Kharif Pulse
205.6,41.5,137.7,0.84,6.7,Kharif Pulse
76.9,15,90.8,0.36,6.2,Kharif Pulse
130.3,29.1,144.4,0.48,7.6,Kharif Pulse
87.5,15,114.4,0.42,6.4,Kharif Pulse
280,49.8,197.1,1,6.1,Kharif Pulse
247.5,48.2,214.2,0.87,6.2,Kharif Pulse
176.1,33.6,112,0.71,7.6,Kharif Pulse
79.9,15,71,0.41,6,Kharif Pulse
131,23.9,107.7,0.54,7.1,Kharif Pulse
110.2,21.2,68.7,0.49,7.4,Kharif Pulse
186.6,39.2,135.2,0.81,7.1,Kharif Pulse
144.7,29.3,143,0.61,6.9,Kharif Pulse
230.4,42.2,220,0.79,6.1,Kharif Pulse
95,15.2,86.6,0.43,6.5,Kharif Pulse
272.3,47.1,220,0.93,7,Kharif Pulse
248.8,44.9,197.2,0.98,7.3,Kharif Pulse
89.4,15,80.6,0.4,7.4,Kharif Pulse
88.2,19,88.6,0.42,7.4,Kharif Pulse
218.3,39.8,164.7,0.91,6.6,Kharif Pulse
72.9,15,105.8,0.33,7.8,Kharif Pulse
113.3,18.7,93,0.46,7.5,Kharif Pulse
265.9,46.5,172.3,0.92,6.4,Kharif Pulse
215.9,38.9,157.1,0.85,6.1,Kharif Pulse
60,17.1,66.8,0.3,6.4,Kharif Pulse
85.9,15,77.3,0.38,7.9,Kharif Pulse
84.9,16.8,75.2,0.37,6.2,Kharif Pulse
82.9,15,104.8,0.49,7.8,Kharif Pulse
141.9,17.5,112.3,0.48,7.6,Kharif Pulse
80.9,15.9,66.5,0.3,6.6,Kharif Pulse
168.6,28.9,144.3,0.61,6.4,Kharif Pulse
93.5,22.4,115.6,0.51,6.6,Kharif Pulse
274.6,50.7,220,0.97,6.3,Kharif Pulse
147.6,30.5,126.6,0.61,7,Kharif Pulse
272.4,49.9,202.2,0.99,7,Kharif Pulse
121.4,32.6,111.3,0.58,6.5,Kharif Pulse
264.5,46.5,220,0.97,6.1,Kharif Pulse
80.7,20.7,95,0.4,7.3,Kharif Pulse
60,18.9,80.7,0.36,7.2,Kharif Pulse
229.2,45.4,208.8,0.91,6.5,Kharif Pulse
88.1,15,124.7,0.45,6.3,Kharif Pulse
151.9,21.1,137.4,0.67,6.2,Kharif Pulse
95.9,15,90.5,0.4,6.2,Kharif Pulse
241.8,51.1,183,0.94,7.1,Kharif Pulse
246.3,44.8,163.7,0.82,7.5,Kharif Pulse
262.6,52.4,220,0.98,7.2,Kharif Pulse
229.1,46.6,169.6,0.79,7.2,Kharif Pulse
76.5,19.9,65.3,0.3,6.8,Kharif Pulse
74.7,22.2,98.8,0.46,7.4,Kharif Pulse
199.2,36.2,190.7,0.76,7.3,Kharif Pulse
96.2,19.4,113.3,0.4,7.3,Kharif Pulse
168.6,34.1,141,0.69,7.1,Kharif Pulse
79,19.4,109.9,0.38,7.8,Kharif Pulse
143.8,30.1,118.3,0.65,6.5,Kharif Pulse
253.6,44.4,217.8,0.95,6.1,Kharif Pulse
60,15,60,0.33,6.4,Kharif Pulse
174.5,38.3,143.3,0.68,7,Kharif Pulse
65.5,15,72.3,0.42,6.5,Kharif Pulse
122.4,28.2,119.6,0.52,7.3,Kharif Pulse
158.8,26.2,158.6,0.6,7.4,Rabi Pulse
190.2,38.1,174.9,0.6,7.5,Rabi Pulse
148.5,34.6,122.1,0.54,7,Rabi Pulse
214.7,45.1,180.9,0.69,6.7,Rabi Pulse
131.4,28.6,126.7,0.55,7.5,Rabi Pulse
186.2,33.8,142.6,0.6,7,Rabi Pulse
163.4,27.7,109.3,0.48,7.5,Rabi Pulse
216.4,47.3,164.5,0.73,7.2,Rabi Pulse
207.2,37.8,175.5,0.58,7.6,Rabi Pulse
174.3,28.4,149.9,0.5,7.2,Rabi Pulse
168.4,37.8,144.5,0.54,7,Rabi Pulse
124.6,29,142.5,0.4,6.9,Rabi Pulse
188.8,35.5,141.7,0.66,7.2,Rabi Pulse
171,33.4,163.4,0.5,7.5,Rabi Pulse
185.5,35.5,138.8,0.61,7.1,Rabi Pulse
184.8,38.7,120.1,0.6,7.1,Rabi Pulse
146.4,37.2,146,0.54,7.2,Rabi Pulse
199.7,46.9,147,0.59,6.9,Rabi Pulse
212.8,42.3,185.4,0.65,6.9,Rabi Pulse
215.8,40.3,190.4,0.65,7.4,Rabi Pulse
119.3,29.7,140.1,0.47,7.3,Rabi Pulse
190.4,36.3,150.8,0.64,7.1,Rabi Pulse
179.6,40.2,135.1,0.62,6.8,Rabi Pulse
177,42.7,107.8,0.53,6.6,Rabi Pulse
174.6,38,170.7,0.65,7.3,Rabi Pulse
167.5,42.2,148.7,0.52,7.1,Rabi Pulse
209.4,47.8,203.8,0.6,7.1,Rabi Pulse
235.5,46.1,197.6,0.71,6.5,Rabi Pulse
181,38.8,134.1,0.5,6.9,Rabi Pulse
166,32.7,106,0.58,7.3,Rabi Pulse
202.6,45.7,181.2,0.63,6.7,Rabi Pulse
207.3,37.8,180.5,0.61,7.2,Rabi Pulse
210.5,41.7,140.4,0.55,6.9,Rabi Pulse
161.7,28.7,138.3,0.54,6.9,Rabi Pulse
170.3,35,162.3,0.59,7,Rabi Pulse
221.4,41.4,180.8,0.62,6.8,Rabi Pulse
161.2,28.5,144.3,0.51,7.4,Rabi Pulse
149.1,35.9,128.5,0.56,6.8,Rabi Pulse
174.3,45.9,139.9,0.54,7.6,Rabi Pulse
98.1,26.7,90.5,0.33,7.1,Rabi Pulse
147.9,35.7,98,0.44,7,Rabi Pulse
179.7,41.4,197.9,0.65,7,Rabi Pulse
156.9,42.9,156.8,0.59,7,Rabi Pulse
211.7,37,183.8,0.61,6.8,Rabi Pulse
221,50.1,156.2,0.66,7.1,Rabi Pulse
205.9,41.5,165.1,0.63,7.3,Rabi Pulse
172.2,37.1,149.5,0.53,7.1,Rabi Pulse
125.8,18.9,107.5,0.51,7.2,Rabi Pulse
211.7,38.4,181.1,0.6,7,Rabi Pulse
192,35.3,129.3,0.57,6.7,Rabi Pulse
153.8,36.8,106.7,0.49,6.9,Rabi Pulse
128.3,28.1,99.3,0.44,6.5,Rabi Pulse
165.4,35.3,145.1,0.48,7,Rabi Pulse
151.2,31.4,146.4,0.51,7.3,Rabi Pulse
182.5,39.4,133.5,0.61,6.8,Rabi Pulse
195.4,39.4,158.1,0.63,6.6,Rabi Pulse
182.6,38.1,150.3,0.57,6.7,Rabi Pulse
168.9,34.7,105.5,0.5,7.2,Rabi Pulse
165.3,33.5,140.9,0.57,7.3,Rabi Pulse
120.5,19.2,104.1,0.43,7.2,Rabi Pulse
201.6,43,156.2,0.63,7,Rabi Pulse
144.8,39.7,143.1,0.55,7.3,Rabi Pulse
171.4,36.1,173.1,0.59,7.1,Rabi Pulse
189.4,42.8,121.8,0.59,7.4,Rabi Pulse
225,47.4,189.9,0.69,7.3,Rabi Pulse
114.9,23.6,97.3,0.44,6.4,Rabi Pulse
119.3,30.2,103.2,0.4,7.4,Rabi Pulse
103.4,31.9,121,0.43,7.2,Rabi Pulse
220.1,47.6,200.9,0.61,6.5,Rabi Pulse
139.7,29,101.2,0.46,7,Rabi Pulse
120.7,34.4,112.2,0.51,6.9,Rabi Pulse
155.2,34.6,119.6,0.51,7,Rabi Pulse
149.7,41.8,150.7,0.54,7.6,Rabi Pulse
202.4,45.3,170.7,0.64,7.2,Rabi Pulse
207,46.1,144.4,0.57,7,Rabi Pulse
147,29.1,108.1,0.47,7,Rabi Pulse
134.3,27.9,116.6,0.53,7.3,Rabi Pulse
186.6,35.8,134,0.54,6.6,Rabi Pulse
244.8,45.4,185.3,0.63,7.3,Rabi Pulse
91.6,15,91.7,0.38,7.5,Rabi Pulse
207.3,42,154.9,0.69,7.2,Rabi Pulse
174.2,38.2,137.9,0.64,7.1,Rabi Pulse
128.3,29.1,109.7,0.47,6.9,Rabi Pulse
184,38.5,167.7,0.55,6.7,Rabi Pulse
158.4,28.8,129.2,0.53,7.3,Rabi Pulse
182.1,44.3,161.9,0.57,7.3,Rabi Pulse
113,21.6,90,0.41,6.9,Rabi Pulse
171.3,30.7,132,0.54,7.4,Rabi Pulse
219.6,40.4,194,0.69,7.7,Rabi Pulse
181.3,36.2,150.4,0.56,6.7,Rabi Pulse
208.9,40.9,201.7,0.57,7.4,Rabi Pulse
156.1,40,104,0.55,7,Rabi Pulse
162.5,34.5,138.6,0.52,7.4,Rabi Pulse
225.2,45,150,0.7,7.1,Rabi Pulse
138.5,36.7,134.7,0.56,7.1,Rabi Pulse
198.9,42.3,177.8,0.66,6.7,Rabi Pulse
114.3,21.4,142.2,0.45,7,Rabi Pulse
149.9,30.1,118.8,0.49,7.1,Rabi Pulse
204.6,38.4,189.1,0.71,6.5,Rabi Pulse
120.3,21.6,128.8,0.47,6.6,Rabi Pulse
136,22.3,133.1,0.43,7.2,Rabi Pulse
66.4,18.9,72,0.3,7.9,Rabi Pulse
192,29.6,144.6,0.62,7.9,Rabi Pulse
198.6,46.1,150.3,0.61,7.6,Rabi Pulse
177.2,36.9,117.5,0.55,7,Rabi Pulse
86.7,15,68.5,0.36,7.5,Rabi Pulse
195.6,46.3,125.9,0.6,7.2,Rabi Pulse
273,50.5,211.4,0.79,6.5,Rabi Pulse
232.7,47.2,193.5,0.72,7.3,Rabi Pulse
192.8,43.7,136.2,0.59,7,Rabi Pulse
180.3,34.5,168.7,0.58,7.2,Rabi Pulse
140.2,22.6,119,0.46,7.2,Rabi Pulse
201.9,43.9,184.6,0.65,7.2,Rabi Pulse
115,21.2,98.8,0.46,7.6,Rabi Pulse
199.9,44.6,153.8,0.6,6.7,Rabi Pulse
146.6,20.4,126,0.52,7.4,Rabi Pulse
120.1,26.8,95.1,0.45,6.7,Rabi Pulse
144.5,27.8,111,0.4,7.2,Rabi Pulse
68.4,15,102.4,0.3,7.5,Rabi Pulse
140.8,29.8,154.5,0.52,7.4,Rabi Pulse
185.3,38.9,132.4,0.6,7.7,Rabi Pulse
204.1,37.3,161.9,0.54,6.7,Rabi Pulse
127.2,29.3,98.5,0.41,6.9,Rabi Pulse
168.9,44.3,156.4,0.58,6.8,Rabi Pulse
98.8,25.8,100.8,0.39,6.9,Rabi Pulse
110.4,20.9,80.1,0.37,7,Rabi Pulse
166.5,29.2,157,0.6,7.7,Rabi Pulse
98,23,60,0.36,6.9,Rabi Pulse
115.4,23.1,83.1,0.4,7,Rabi Pulse
216.8,34.1,176.7,0.65,7.5,Rabi Pulse
234.5,58.5,195.1,0.74,6.7,Rabi Pulse
147.5,32.6,120.7,0.47,7.1,Rabi Pulse
184.8,31.5,179.6,0.53,7.4,Rabi Pulse
203.8,50.2,191.7,0.62,7.4,Rabi Pulse
200.3,38.7,174.7,0.6,6.2,Rabi Pulse
172.1,27.8,145.2,0.56,6.6,Rabi Pulse
132.5,29,119.4,0.44,7.4,Rabi Pulse
196.2,41.9,209.1,0.62,7.9,Rabi Pulse
207.9,43.1,172,0.69,6.5,Rabi Pulse
79.5,15,89,0.35,6.8,Rabi Pulse
192.9,34.8,103.8,0.52,6.8,Rabi Pulse
171,34.9,143.7,0.56,7.1,Rabi Pulse
84.9,20.2,86.4,0.39,6.7,Rabi Pulse
113.8,35.9,124.7,0.47,6.6,Rabi Pulse
272.4,48.3,212.8,0.72,7.9,Rabi Pulse
213.5,37.7,163.3,0.6,7.5,Rabi Pulse
172.4,30.2,150.3,0.55,7.2,Rabi Pulse
140.9,32.3,137.5,0.5,7.9,Rabi Pulse
249.3,57.8,186.1,0.7,7.4,Rabi Pulse
131.4,25,111.3,0.43,7.1,Rabi Pulse
185.2,39.3,115,0.53,6.9,Rabi Pulse
208.8,48.9,188.4,0.65,7.2,Rabi Pulse
170.9,36.6,125.9,0.53,6.4,Rabi Pulse
155,29.3,117.9,0.52,7.4,Rabi Pulse
145.6,29.4,133.2,0.52,7,Rabi Pulse
137.5,24.5,111.6,0.46,6.9,Rabi Pulse
148,24.5,101.5,0.5,7.9,Rabi Pulse
280,58.2,216.6,0.77,6.5,Rabi Pulse
251.5,55.2,190.1,0.77,7.1,Rabi Pulse
175.2,49.9,186.9,0.65,6.6,Rabi Pulse
151.8,31.4,97.7,0.47,6.7,Rabi Pulse
231.5,39.2,160.2,0.69,7.6,Rabi Pulse
167.2,33.5,126.3,0.52,7.1,Rabi Pulse
99.7,22,86.4,0.33,7.3,Rabi Pulse
229.7,49.1,182.3,0.71,6.5,Rabi Pulse
124.3,26.6,122.9,0.44,6.6,Rabi Pulse
105.2,29.2,93,0.47,7.5,Rabi Pulse
123.1,33.6,122.3,0.49,6.9,Rabi Pulse
112.8,29.3,66.6,0.42,7.2,Rabi Pulse
231.7,49.3,183.4,0.66,7.1,Rabi Pulse
176.5,33.3,115.2,0.58,7.2,Rabi Pulse
197.2,42.7,155.8,0.59,7,Rabi Pulse
145.7,20.5,123.2,0.44,6.5,Rabi Pulse
147.7,42,139.1,0.58,6.6,Rabi Pulse
216.9,46.8,175.1,0.65,7.1,Rabi Pulse
261.6,46.9,174,0.67,6.4,Rabi Pulse
193.1,39.9,156.2,0.56,6.7,Rabi Pulse
181.5,37.9,147.9,0.59,6.6,Rabi Pulse
145.6,22.7,114.8,0.49,7.5,Rabi Pulse
203.5,44.7,164.6,0.6,6.8,Rabi Pulse
209,44.9,177.3,0.61,6.5,Rabi Pulse
175.2,37.2,151,0.66,6.7,Rabi Pulse
94.2,25.8,101.5,0.41,6.4,Rabi Pulse
264.4,50.9,220,0.72,6.9,Rabi Pulse
154.6,19.8,126.4,0.49,6.3,Rabi Pulse
138.8,28.8,90.7,0.44,7.1,Rabi Pulse
87.2,19.1,107.8,0.37,6.6,Rabi Pulse
147.6,26,160.5,0.54,6.2,Rabi Pulse
96.7,15,96.6,0.33,7.7,Rabi Pulse
93.5,17.2,110.8,0.37,7.7,Rabi Pulse
164.7,31.6,142.7,0.54,7.2,Rabi Pulse
183.1,34.9,147.4,0.55,7.3,Rabi Pulse
156.5,32.3,130.8,0.54,6.7,Rabi Pulse
240.4,51.4,187.6,0.67,6.5,Rabi Pulse
214.4,42,174.8,0.69,7.2,Rabi Pulse
182.2,31.4,120.4,0.5,6.7,Rabi Pulse
108.4,24.4,136.6,0.45,6.4,Rabi Pulse
169.4,30.5,100.1,0.49,7.3,Rabi Pulse
90.1,30.1,88.5,0.41,6.6,Rabi Pulse
74.4,15.7,77.8,0.31,6.4,Rabi Pulse
209.8,41.1,172.2,0.66,6.5,Rabi Pulse
152.7,26.1,127.6,0.46,7.2,Rabi Pulse
208.5,33.7,143.7,0.52,6.2,Rabi Pulse
113.4,23.1,92.3,0.38,6.5,Rabi Pulse
112.1,25.2,131.7,0.42,6.5,Rabi Pulse
140.9,25.2,120.8,0.5,6.7,Rabi Pulse
162.7,32.8,144.3,0.51,6.7,Rabi Pulse
210.2,37.8,153.2,0.63,7.3,Rabi Pulse
156.5,39.1,146.6,0.48,7,Rabi Pulse
101.8,22.9,108.4,0.45,6.7,Rabi Pulse
244.1,49.8,215.4,0.78,7.4,Rabi Pulse
216,44.2,148.6,0.63,7.1,Rabi Pulse
242.6,42.6,192.3,0.67,7.8,Rabi Pulse
221.8,48.8,188.8,0.65,7.2,Rabi Pulse
161.7,30.6,170.2,0.53,7.6,Rabi Pulse
161,32.3,130.2,0.59,7.2,Rabi Pulse
184,32.4,153.8,0.64,6.1,Rabi Pulse
121.7,22.5,117.5,0.4,6.6,Rabi Pulse
134.8,25.6,149.9,0.48,6.9,Rabi Pulse
141.1,25,116.9,0.44,7,Rabi Pulse
196.3,34.4,164.2,0.55,6.7,Rabi Pulse
86,18.8,80.6,0.3,6.5,Rabi Pulse
133.1,31,157.5,0.49,7.1,Rabi Pulse
141.8,35.5,128.2,0.53,7.2,Rabi Pulse
122.1,17.1,60,0.33,7.4,Rabi Pulse
267.9,57.1,195.6,0.71,6.5,Rabi Pulse
131.4,19.8,60,0.44,7,Rabi Pulse
191.7,33.1,192.6,0.58,7.6,Rabi Pulse
114.8,22.4,99.2,0.49,7.8,Rabi Pulse
115.5,33.5,114.1,0.45,7.5,Rabi Pulse
121.6,22,96.5,0.4,6.4,Rabi Pulse
136.4,33.6,113.9,0.54,6.4,Rabi Pulse
175.5,33.5,124.7,0.59,7.4,Rabi Pulse
129.5,31.1,103.2,0.43,6.8,Rabi Pulse
262.4,49.6,220,0.8,6.3,Rabi Pulse
223.6,44.2,177.4,0.7,7.2,Rabi Pulse
210.2,44.9,164.9,0.67,7.1,Rabi Pulse
215,55.4,204.8,0.7,7.2,Rabi Pulse
173.7,39.1,127.2,0.57,6.9,Rabi Pulse
112.3,29.8,130.3,0.52,6.9,Rabi Pulse
211.5,44.9,180.1,0.67,7.3,Rabi Pulse
127.5,24.1,99.7,0.52,7.8,Rabi Pulse
87,22.7,60,0.4,7.2,Rabi Pulse
198.5,41.8,137.3,0.69,7.4,Rabi Pulse
190.1,35.6,133.4,0.6,7.8,Rabi Pulse
81.9,21.7,60.2,0.35,7.1,Rabi Pulse
202.1,37,149.2,0.74,6.7,Rabi Pulse
138.4,33.5,108.1,0.5,7.2,Rabi Pulse
190.5,52,174,0.67,6.7,Rabi Pulse
174.9,39.3,159.5,0.59,6.8,Rabi Pulse
107.8,20.6,102.6,0.38,7.5,Rabi Pulse
204.5,40.8,144.1,0.56,6.6,Rabi Pulse
115.7,19.3,85.8,0.45,6.4,Rabi Pulse
144.3,33.1,119.4,0.46,7.2,Rabi Pulse
123,27.8,101.6,0.44,7.6,Rabi Pulse
235.6,42,163.9,0.74,6.8,Rabi Pulse
143.2,30.6,90.1,0.51,6.7,Rabi Pulse
258.9,40.6,196.3,0.75,7.6,Rabi Pulse
91.8,21.8,85.6,0.34,6.6,Rabi Pulse
188.8,39.9,186.6,0.62,6.4,Rabi Pulse
128.3,28.1,116.9,0.46,6.9,Rabi Pulse
129.5,32.9,121.4,0.5,6.9,Rabi Pulse
114.9,25.1,99.2,0.46,7.2,Rabi Pulse
127.9,29.7,116.5,0.43,6.8,Rabi Pulse
202.8,44.9,137.5,0.67,6.7,Rabi Pulse
239.2,57.6,197.8,0.76,7.3,Rabi Pulse
165.2,31.5,136.6,0.46,6.6,Rabi Pulse
165,28.5,141.1,0.56,6.6,Rabi Pulse
268.8,50.8,211.1,0.8,6.4,Rabi Pulse
234.3,45.6,189.5,0.61,6.5,Rabi Pulse
261.3,46.4,207,0.74,6.8,Rabi Pulse
106.5,15.3,127.2,0.41,7.5,Rabi Pulse
186.7,31.1,120.5,0.6,7.5,Rabi Pulse
94.1,19.9,89.4,0.43,6.8,Rabi Pulse
168.9,31.6,148.4,0.56,6.8,Rabi Pulse
176.2,34.3,120.7,0.5,7,Rabi Pulse
204.2,49.2,194.9,0.6,6.5,Rabi Pulse
165.9,28.6,121,0.59,6.8,Rabi Pulse
138.4,32.4,103.5,0.51,7,Rabi Pulse
112.6,33.2,128.2,0.48,7.2,Rabi Pulse
178.8,29.8,139.7,0.52,6.3,Rabi Pulse
162,37.3,156.1,0.55,6.9,Rabi Pulse
220.6,44.8,157.4,0.62,7.3,Rabi Pulse
226,55,180.4,0.68,6.8,Rabi Pulse
112.6,19.3,86.8,0.52,7.7,Rabi Pulse
114.6,26.3,130.6,0.52,7.5,Rabi Pulse
87.6,17.6,110.7,0.5,7.6,Rabi Pulse
244.4,50.2,210.3,0.73,7,Rabi Pulse
221,44.7,181.5,0.7,6.6,Rabi Pulse
199.1,41.2,163.8,0.65,6.4,Rabi Pulse
145.9,22.3,129.5,0.51,6.8,Rabi Pulse
173.8,44.5,154.2,0.62,7.3,Rabi Pulse
174.1,41.4,172.4,0.55,7.2,Rabi Pulse
194,28,130.2,0.5,6.3,Rabi Pulse
183.2,33.6,134.3,0.61,6.4,Rabi Pulse
151.9,29.3,107.6,0.53,6.9,Rabi Pulse
160.5,30.6,127.5,0.48,6.5,Rabi Pulse
117.4,17.2,95.7,0.45,7.1,Rabi Pulse
127.9,28.4,81,0.39,7,Rabi Pulse
140.7,34.9,136.3,0.47,7.1,Rabi Pulse
209,36.7,178.7,0.57,7.7,Rabi Pulse
190.3,44.7,171,0.66,7.5,Rabi Pulse
108.9,27.3,100.1,0.46,7.2,Rabi Pulse
121.6,22.7,80.8,0.41,7.4,Rabi Pulse
222.2,50.9,191.1,0.66,6.9,Rabi Pulse
162.7,31.3,152.4,0.5,6.4,Rabi Pulse
233,50.2,166.1,0.68,7.4,Rabi Pulse
158.4,35.5,152.4,0.52,6.3,Rabi Pulse
233.5,45,173.8,0.71,6.7,Rabi Pulse
215.7,49.5,205.7,0.7,7,Rabi Pulse
210,40.1,219.7,0.64,6.7,Rabi Pulse
65,15,65,0.3,6.5,Rabi Pulse
212.2,44,170.6,0.62,6.4,Rabi Pulse
78.9,17,86.9,0.37,6.9,Rabi Pulse
160.4,21.4,108.1,0.48,6.5,Rabi Pulse
144.9,28.5,125.1,0.42,7.3,Rabi Pulse
164.6,23.1,134.2,0.46,7.5,Rabi Pulse
119.1,20.5,109.9,0.47,7.6,Rabi Pulse
108.1,17.5,76.1,0.38,6.8,Rabi Pulse
249.3,43.2,168.7,0.75,7.7,Rabi Pulse
154.5,31.4,140.2,0.5,7.1,Rabi Pulse
139.8,29,129.2,0.5,6.5,Rabi Pulse
144.3,30.2,147.6,0.56,7.2,Rabi Pulse
223.1,41.7,153.3,0.56,7.3,Rabi Pulse
160.6,30.9,114.4,0.54,7.1,Rabi Pulse
122.3,24,97,0.44,7.8,Rabi Pulse
240.3,43.5,201.8,0.67,6.8,Rabi Pulse
154.6,29.6,113.1,0.49,7.3,Rabi Pulse
213.6,46.1,172.5,0.62,7.4,Rabi Pulse
216.5,47.1,181.2,0.71,6.7,Rabi Pulse
202.5,33.7,166,0.59,6.5,Rabi Pulse
159.4,44.1,140.8,0.59,6.9,Rabi Pulse
190.7,37.5,133.3,0.55,7.5,Rabi Pulse
141.4,29.2,145.1,0.46,7.6,Rabi Pulse
238,50.7,186.2,0.7,7,Rabi Pulse
200.1,45.7,160.6,0.72,7.5,Rabi Pulse
112.1,16,119.4,0.47,7.9,Rabi Pulse
140.8,28.3,138,0.41,7.3,Rabi Pulse
128.9,28.5,120.2,0.5,7.6,Rabi Pulse
148.4,30.8,103.2,0.48,7.4,Rabi Pulse
145,37.4,127.1,0.44,7,Rabi Pulse
133.7,21.4,138.9,0.5,7.2,Rabi Pulse
184.3,42.4,157.5,0.65,6.8,Rabi Pulse
231.1,42.8,190.7,0.63,7.6,Rabi Pulse
141.9,30.3,118.5,0.53,7.3,Rabi Pulse
193.7,33,92.1,0.56,6.6,Rabi Pulse
185.6,41.5,154.1,0.6,7.2,Rabi Pulse
145.5,34,134.6,0.43,6.6,Rabi Pulse
249.9,57.5,184.9,0.71,7.8,Rabi Pulse
216.7,41,202,0.71,6.7,Rabi Pulse
162.5,29.2,126,0.41,7.2,Rabi Pulse
231.4,46.7,157.4,0.74,6.3,Rabi Pulse
64.4,15,85.5,0.36,6.5,Rabi Pulse
94.1,20.6,112,0.41,6.4,Rabi Pulse
69.8,22.5,60,0.35,7,Rabi Pulse
222.1,48.4,159.5,0.61,7.1,Rabi Pulse
202.7,44.1,166.3,0.62,6.4,Rabi Pulse
95.4,15,61.1,0.4,7.7,Rabi Pulse
236.1,49.4,201.6,0.74,6.1,Rabi Pulse
195.7,41.1,132.6,0.55,7,Rabi Pulse
141.6,25.5,106.8,0.48,7.9,Rabi Pulse
81.8,15,60,0.39,6.5,Rabi Pulse
72.5,16.2,74.1,0.3,6.9,Rabi Pulse
212.8,52.1,195.8,0.71,7.9,Rabi Pulse
141.4,31.8,94.4,0.48,7,Rabi Pulse
223.6,44.2,174.6,0.66,6.3,Rabi Pulse
188.3,32.4,142.6,0.5,7.6,Rabi Pulse
76.5,15,60,0.31,6.7,Rabi Pulse
125.6,23.5,103.7,0.47,7.8,Rabi Pulse
268.8,48.8,210.5,0.76,6.7,Rabi Pulse
132.6,26.6,95,0.41,6.5,Rabi Pulse
188.3,34.6,159.3,0.62,7.8,Rabi Pulse
202.5,30.8,164.1,0.64,6.1,Rabi Pulse
267.6,51,196.4,0.75,6.4,Rabi Pulse
96.7,15,108.1,0.39,6.2,Rabi Pulse
173.1,25.8,136.8,0.61,8,Rabi Pulse
213.3,37.9,160.8,0.63,6.7,Rabi Pulse
60,24,88.7,0.37,7.1,Rabi Pulse
280,54.2,199.2,0.75,6.4,Rabi Pulse
164.4,36.5,160.8,0.58,7.2,Rabi Pulse
252.7,46,181.7,0.72,6.2,Rabi Pulse
246.3,44.6,148.4,0.68,7.5,Rabi Pulse
188.7,46.4,200.3,0.62,6.5,Rabi Pulse
280,50.3,184.9,0.77,6.3,Rabi Pulse
179.2,27.2,105.2,0.48,7.6,Rabi Pulse
161.3,31.5,129.5,0.47,6.2,Rabi Pulse
219.3,44.5,170.9,0.68,6.6,Rabi Pulse
210.6,29.1,140.7,0.69,7.5,Rabi Pulse
237.5,45.8,195.5,0.69,6.6,Rabi Pulse
280,59.1,186.7,0.8,7,Rabi Pulse
77.1,16.2,76.9,0.37,7.8,Rabi Pulse
212.9,46.9,190.8,0.67,7.3,Rabi Pulse
270.7,48,220,0.76,6.7,Rabi Pulse
269.2,48.4,190.9,0.7,7.8,Rabi Pulse
142.6,30.8,81.7,0.4,7.1,Rabi Pulse
107.9,19.3,73.8,0.3,7.6,Rabi Pulse
139.3,28.2,134.3,0.53,7.9,Rabi Pulse
144.8,19.1,78.2,0.43,7.8,Rabi Pulse
149.4,30.5,112.1,0.47,7.4,Rabi Pulse
155.2,32.5,122,0.55,7,Rabi Pulse
83.1,20.2,72.6,0.39,7.3,Rabi Pulse
210.4,41.9,192.7,0.7,6.3,Rabi Pulse
117.9,26.5,86,0.44,7.6,Rabi Pulse
254.8,39.6,173.6,0.59,6.2,Rabi Pulse
247,40.4,180.1,0.75,6.6,Rabi Pulse
122.1,23.9,122.8,0.44,7.4,Rabi Pulse
153.2,33.1,153.3,0.5,7.3,Rabi Pulse
266.5,56.3,198,0.78,6.2,Rabi Pulse
93.1,15,83.2,0.36,8,Rabi Pulse
280,59.6,220,0.73,7.5,Rabi Pulse
192.2,40,165.2,0.63,6.6,Rabi Pulse
236.3,42.1,172.1,0.69,6.2,Rabi Pulse
65.2,22.8,60,0.32,7.5,Rabi Pulse
236.5,50.9,163.9,0.7,7,Rabi Pulse
233.2,47.5,160,0.71,7.3,Rabi Pulse
71.6,15,91,0.33,7.2,Rabi Pulse
194.2,33.3,156.1,0.63,7.6,Rabi Pulse
116.6,15,107.7,0.34,6,Rabi Pulse
138.1,26.5,115.6,0.49,6.2,Rabi Pulse
245,43.3,216.8,0.65,6.1,Rabi Pulse
146.9,20.1,138.9,0.48,6.1,Rabi Pulse
108.5,24.1,60.6,0.38,6.9,Rabi Pulse
182.4,29.3,184,0.53,6.2,Rabi Pulse
78.6,15,96.1,0.35,6.7,Rabi Pulse
244,52.4,169.3,0.67,6.7,Rabi Pulse
170,42.5,133.5,0.54,6.8,Rabi Pulse
231,37.8,164.5,0.61,6.3,Rabi Pulse
214.2,45.9,204.1,0.6,7.4,Rabi Pulse
244.7,55.2,196.1,0.8,7.5,Rabi Pulse
270,53.2,207.4,0.69,6.6,Rabi Pulse
77.4,22.4,75.4,0.45,6.4,Rabi Pulse
81.7,18.7,60,0.4,6.6,Rabi Pulse
137.7,23,115.5,0.51,6,Rabi Pulse
89.7,15.8,98.2,0.37,6.5,Rabi Pulse
67.3,19.6,97.7,0.36,7.5,Rabi Pulse
230.1,44.7,166.2,0.68,7.6,Rabi Pulse
110.3,15.4,97.7,0.4,7.3,Rabi Pulse
193.6,44.5,165.3,0.64,7.3,Rabi Pulse
218.5,46.4,181.1,0.63,7.9,Rabi Pulse
83.9,17.8,79.8,0.39,7.6,Rabi Pulse
197,40.6,160,0.6,6.5,Rabi Pulse
88.9,22.5,91.4,0.42,7.2,Rabi Pulse
77.1,15,60,0.43,6.5,Rabi Pulse
117.1,15,80.5,0.43,7.3,Rabi Pulse
139.8,26.7,128,0.43,6.7,Rabi Pulse
262.7,53.8,205.8,0.79,6.4,Rabi Pulse
82.4,26.9,74.3,0.35,7,Rabi Pulse
123.7,22.4,97.4,0.51,8,Rabi Pulse
78.3,15,60,0.33,7.9,Rabi Pulse
132.3,28.7,105.1,0.49,6.8,Rabi Pulse
100.6,17.3,98.8,0.39,8,Rabi Pulse
154,38.2,139,0.49,6.9,Rabi Pulse
216.5,43.4,139.8,0.68,6.3,Rabi Pulse
102.6,20.3,87.7,0.4,7.1,Rabi Pulse
124.5,20.9,101.5,0.42,7.9,Rabi Pulse
199,37.1,151.6,0.53,7.2,Rabi Pulse
265.1,50.5,206,0.72,7.9,Rabi Pulse
69,17.3,72.9,0.38,7.5,Rabi Pulse
226.9,39.7,162.8,0.63,7.3,Rabi Pulse
236,46.7,186.8,0.76,7.7,Rabi Pulse
221.2,44.7,149,0.67,7,Rabi Pulse
209,37.8,166.1,0.64,6,Rabi Pulse
207.1,38.9,163.3,0.61,6.6,Rabi Pulse
250.2,41.8,174,0.71,7.8,Rabi Pulse
166.2,26.8,127.1,0.53,7.5,Rabi Pulse
234.5,44.8,194.8,0.73,7.6,Rabi Pulse
218,43.9,185.7,0.67,6.3,Rabi Pulse
99.5,22.3,67.9,0.34,7.2,Rabi Pulse
199.6,33.9,166.4,0.65,7.9,Rabi Pulse
257.5,59,190,0.72,6.8,Rabi Pulse
174.5,46.1,196,0.66,7.8,Rabi Pulse
273.6,53.4,220,0.8,7.3,Rabi Pulse
253.8,44.8,183.1,0.68,7.3,Rabi Pulse
271.8,52.7,220,0.8,6.1,Rabi Pulse
256,54.8,205.2,0.76,6.2,Rabi Pulse
69.2,20.2,71.2,0.4,7,Rabi Pulse
60,16,78.6,0.36,6.9,Rabi Pulse
242.3,60,195.2,0.72,6.2,Rabi Pulse
256.3,53.4,220,0.76,6.2,Rabi Pulse
202.3,43.5,176.3,0.64,6.9,Rabi Pulse
130.6,26.9,109,0.43,6.4,Rabi Pulse
170.3,28.7,80.1,0.54,6.3,Rabi Pulse
156.4,26.7,104.6,0.53,6.3,Rabi Pulse
120,26.4,118.1,0.44,6,Rabi Pulse
67,15,60,0.3,6.5,Rabi Pulse
100.9,16,72.7,0.4,7.7,Rabi Pulse
209,43.6,127.9,0.65,7.1,Rabi Pulse
110.3,19.9,76.3,0.42,7.6,Rabi Pulse
266.9,49.2,220,0.8,6.1,Rabi Pulse
246.3,42.2,197.2,0.72,6.2,Rabi Pulse
249.1,56.1,220,0.73,6.4,Rabi Pulse
164.5,32.8,149.1,0.6,7.2,Rabi Pulse
221.6,37.5,169.3,0.64,6,Rabi Pulse
81.1,17,70.6,0.32,6.3,Rabi Pulse
201,40,168.4,0.67,7.7,Rabi Pulse
83.9,15.3,64.4,0.3,7.1,Rabi Pulse
242.3,51.3,202.8,0.74,6.5,Rabi Pulse
77,16,60,0.34,6.6,Rabi Pulse
247.3,48.8,199,0.79,6.7,Rabi Pulse
280,51.9,211.9,0.79,7.8,Rabi Pulse
140.8,16.8,80.9,0.49,6.7,Cereals
173,31.4,144.9,0.58,7.1,Cereals
223.7,40,203,0.63,6.3,Cereals
201.8,34.1,211.5,0.65,7.2,Cereals
175.8,27.7,130.9,0.59,7.1,Cereals
206.3,36.2,160,0.61,6.5,Cereals
168.4,29.8,152.8,0.58,6.8,Cereals
162.2,18.4,141.1,0.46,7.3,Cereals
171.9,28.3,137,0.54,7.2,Cereals
137.2,25.9,87,0.56,6.9,Cereals
175.5,25.5,143.7,0.55,7.5,Cereals
206.8,25.2,146.1,0.53,7.5,Cereals
260.2,35.6,159.8,0.69,6.8,Cereals
146.4,22.4,106.6,0.48,7.3,Cereals
164,20,102.1,0.51,7.4,Cereals
176.7,27.7,110.3,0.58,7.2,Cereals
182.7,36.2,141.2,0.56,6.9,Cereals
192.3,27.3,154.8,0.62,6,Cereals
199.2,28.4,142.7,0.57,6.6,Cereals
118.3,24.5,124.3,0.48,7.4,Cereals
195.7,32.9,159.1,0.64,6.2,Cereals
171.2,25.4,161.6,0.54,6.7,Cereals
202.8,31.4,122.4,0.6,7.9,Cereals
146.6,18.3,128.4,0.5,7.9,Cereals
188.2,26.9,142.4,0.64,6.7,Cereals
75.2,17,85.5,0.39,7.1,Cereals
146.6,19.3,89,0.48,7.6,Cereals
209.2,32.5,167.8,0.58,8,Cereals
179.3,24.5,146.3,0.58,7.3,Cereals
140.7,21,115.2,0.52,6.5,Cereals
238,42.5,182.4,0.65,6.7,Cereals
248.2,39,220,0.69,7.1,Cereals
141.9,14.6,98.2,0.46,7.6,Cereals
215.7,31.6,207.4,0.65,7.7,Cereals
157.2,30.2,157.7,0.51,5.9,Cereals
209.3,34.8,138.7,0.58,6.2,Cereals
169.2,19.5,137.5,0.58,7.5,Cereals
118.4,22,102.4,0.43,6.8,Cereals
202.3,35,138.5,0.57,6.8,Cereals
224,33.7,190.7,0.6,7.5,Cereals
252.3,34,194.6,0.75,7.2,Cereals
180,26.1,149,0.54,7.6,Cereals
156,25,133.5,0.52,7.4,Cereals
223.6,29.2,161.8,0.55,7.3,Cereals
147.3,30.3,142.6,0.53,6.7,Cereals
155.3,27.2,146.6,0.5,7.7,Cereals
215,35.6,137.1,0.6,7.2,Cereals
212,28.8,143.9,0.69,7.9,Cereals
131.6,17.1,107.4,0.44,7.2,Cereals
174,21.8,122.1,0.53,7.5,Cereals
176.3,28.4,150.1,0.57,6.8,Cereals
229.3,40.2,184.6,0.57,6.9,Cereals
211.3,38.4,188.8,0.59,7,Cereals
179.1,28.6,167.7,0.59,7.7,Cereals
138.3,20,115.7,0.41,7.1,Cereals
214.2,35.8,153.7,0.67,7.3,Cereals
148.4,23,114.8,0.5,6.5,Cereals
107.6,15.8,86.8,0.38,7.1,Cereals
220.5,38,156.3,0.66,7.1,Cereals
125.8,22.4,109.4,0.49,7.6,Cereals
122.1,25.7,95.8,0.48,7.3,Cereals
162.6,24.4,173.9,0.53,7.8,Cereals
106.7,25.5,102.7,0.49,6.9,Cereals
215.2,31.7,169.4,0.66,6.7,Cereals
215.4,36.3,127,0.57,7,Cereals
191.4,32.4,145.1,0.53,6.6,Cereals
211.2,29.4,161.7,0.65,7.5,Cereals
202.1,25.7,129.6,0.55,6.6,Cereals
190.7,26.9,154,0.46,6.6,Cereals
218.4,37.6,184.7,0.73,7.6,Cereals
202.9,25.7,128.3,0.6,7.5,Cereals
127.2,20.4,106,0.49,6.6,Cereals
223.8,29.7,190,0.6,6.1,Cereals
147.9,22.8,167.2,0.58,7.6,Cereals
177.9,30.9,151.3,0.61,7.2,Cereals
206.9,33.7,145.4,0.58,6.7,Cereals
201.1,37.6,149,0.66,7,Cereals
177.5,32.5,135.1,0.58,6.8,Cereals
129.8,16,83.1,0.48,7.9,Cereals
176.8,35.8,164.3,0.53,6.8,Cereals
171,28.7,164.6,0.62,7.7,Cereals
233.3,42.4,191.6,0.66,6.6,Cereals
134.6,21.5,99,0.5,7.8,Cereals
219.5,30.2,172.6,0.62,7.8,Cereals
152.7,22.5,100.1,0.49,6.7,Cereals
171.5,19.8,123.2,0.55,7.8,Cereals
184.7,31.3,125.5,0.57,7.6,Cereals
230.5,37.2,193,0.66,6.5,Cereals
193.6,37.3,200.9,0.57,7.1,Cereals
238.5,36.8,162.3,0.66,7,Cereals
191.6,29.1,111.1,0.54,7.3,Cereals
182,30.9,153.2,0.54,7,Cereals
204.5,32,157.9,0.65,6.9,Cereals
256.5,35,175.9,0.59,6.6,Cereals
226.8,32.4,188,0.74,6.6,Cereals
102.8,18.5,88.6,0.4,7.6,Cereals
167,30.1,102.9,0.46,7.4,Cereals
249,37.3,170.1,0.67,7.8,Cereals
157.6,23,145.9,0.47,6.4,Cereals
170.9,22,146.1,0.55,7.1,Cereals
182.8,31.7,144.9,0.66,7.9,Cereals
168.3,28,115.5,0.54,7.2,Cereals
131.7,22,127.8,0.47,7.1,Cereals
185,33,181,0.61,7.5,Cereals
136.3,29.9,108.8,0.44,7.3,Cereals
245.7,42.4,189.4,0.76,5.9,Cereals
208.9,30.2,166.2,0.55,7.4,Cereals
122.2,12.1,107.8,0.39,7.9,Cereals
137.4,20.1,154.6,0.42,6.6,Cereals
117,21.2,111.9,0.54,6.1,Cereals
147.1,21.6,118.1,0.5,5.8,Cereals
200,27.5,140.7,0.51,6.4,Cereals
243.8,35.1,163.4,0.72,7,Cereals
127.4,21.3,89.1,0.39,7.8,Cereals
193.1,33,131.4,0.59,5.8,Cereals
259.6,42.9,189,0.65,6.5,Cereals
99.6,12.7,77,0.42,6.3,Cereals
141.2,26.5,144.8,0.5,6.5,Cereals
114.9,18.4,137.2,0.45,7.5,Cereals
194.4,35.3,128.2,0.55,7.4,Cereals
181.2,29,107.1,0.53,6.6,Cereals
205.4,35.1,154.3,0.62,6.5,Cereals
182.9,31,121.5,0.51,7,Cereals
77,10,90.8,0.37,6.8,Cereals
215.6,25.4,162.9,0.58,6.7,Cereals
221.1,32.1,190.8,0.62,7.1,Cereals
163.2,23,117.8,0.57,7.7,Cereals
260.6,40.6,215.2,0.75,7.8,Cereals
126.8,22.8,112.6,0.5,7.8,Cereals
186.7,24,137.4,0.5,5.8,Cereals
217.5,31.4,145.8,0.63,7.8,Cereals
213.4,25.9,154.7,0.65,8.3,Cereals
263.9,46.5,205.3,0.72,7,Cereals
229.6,29.2,143.1,0.61,8.3,Cereals
250.3,33.5,172.9,0.69,7.5,Cereals
173.5,19.5,140.2,0.52,5.9,Cereals
223.7,37.7,133.2,0.65,7.2,Cereals
221.8,34.1,179.6,0.62,6.6,Cereals
236,32.3,163.1,0.66,7.4,Cereals
186.7,24.6,125.1,0.57,7.1,Cereals
226.3,32.1,173.6,0.68,5.9,Cereals
182.9,27.8,159.3,0.53,6.9,Cereals
209.1,31.9,187.1,0.62,7.5,Cereals
192.8,24,164.5,0.49,5.8,Cereals
167.9,26.2,93.8,0.5,7.9,Cereals
139.2,20,130.3,0.46,8,Cereals
132.5,16.5,107.6,0.45,6.2,Cereals
120.8,17.9,116.5,0.4,6.9,Cereals
180.7,26.6,127,0.55,7.7,Cereals
224.9,35.8,182.8,0.7,8.1,Cereals
210.5,34.2,149.7,0.53,6.3,Cereals
148.1,23.9,122.1,0.49,7.2,Cereals
147.1,23.8,113.8,0.54,6.8,Cereals
161,33.9,144.7,0.57,7.1,Cereals
155.2,22.8,122.7,0.46,7.2,Cereals
116.3,18.5,114.5,0.42,7.6,Cereals
142.1,39.1,143,0.56,6.7,Cereals
214,33,191.1,0.63,5.7,Cereals
207.3,37.1,158.6,0.64,7.1,Cereals
174.7,25.1,151.7,0.59,6.7,Cereals
182.7,33,157.2,0.47,6.7,Cereals
160.8,30.4,118.2,0.6,6.8,Cereals
175.2,26.3,133.7,0.52,7.7,Cereals
230.5,36.8,186.9,0.68,7.4,Cereals
143,24,128.9,0.47,6.7,Cereals
237.1,46.8,194.6,0.76,6.4,Cereals
100.6,12.9,72.2,0.37,7.4,Cereals
200.5,31.6,161.8,0.62,8.2,Cereals
82.8,10.4,108.3,0.44,7.3,Cereals
159.2,23.8,145.4,0.55,7.3,Cereals
141,33.1,121.3,0.43,7.2,Cereals
115.5,10,88.5,0.39,6,Cereals
91.3,17.3,68.3,0.32,7,Cereals
108.2,17.1,79.1,0.32,7.3,Cereals
172.8,26.4,148.1,0.56,6.2,Cereals
189.3,15.2,150,0.47,6.4,Cereals
285.5,44.4,194,0.75,7.1,Cereals
225.2,36.6,175.3,0.65,5.9,Cereals
183,32.1,149.3,0.56,7.2,Cereals
147.2,23.1,120.2,0.48,7.7,Cereals
106.8,15.2,159,0.47,7.5,Cereals
202.8,31.5,164.5,0.6,7,Cereals
207.3,29.5,133,0.58,7,Cereals
107.1,22.4,72.9,0.41,6.4,Cereals
169.3,19.3,132.3,0.51,6.9,Cereals
260.6,33.4,202.1,0.63,7.4,Cereals
267.8,38.7,189.1,0.65,6.4,Cereals
219.2,35.2,188.6,0.65,7.3,Cereals
103.4,21,97.6,0.45,7.3,Cereals
137.1,17.7,96,0.44,8,Cereals
174.9,32.4,164,0.56,6.6,Cereals
176.5,30.4,110.7,0.55,7.1,Cereals
164.1,27.8,144.6,0.53,6.8,Cereals
271.2,35.6,191,0.72,7.8,Cereals
72.5,18,68.1,0.32,7.2,Cereals
249.1,37.9,213.9,0.59,7.6,Cereals
96.3,15.6,95.6,0.44,7.1,Cereals
122.5,13.3,63,0.35,7.4,Cereals
141.9,20.7,114.2,0.44,6,Cereals
238.3,41.7,164.6,0.7,7.4,Cereals
136.3,21.6,122.4,0.49,6.9,Cereals
236,40.2,182.5,0.67,7.5,Cereals
100.2,10,66.7,0.36,6.5,Cereals
153.7,21.3,150.2,0.46,6.4,Cereals
189.2,26.6,161.8,0.6,6.6,Cereals
249.1,29.8,193.2,0.7,7,Cereals
128.2,16.1,106.8,0.38,6,Cereals
169.7,23.2,154.8,0.49,5.8,Cereals
198.9,39,176,0.61,6.9,Cereals
122.4,23.3,108.3,0.44,6.5,Cereals
103.1,10.2,101.6,0.48,7.7,Cereals
223.4,28.3,162.5,0.62,6.1,Cereals
180.2,22.7,146.4,0.47,8,Cereals
198.8,32.4,141.8,0.56,6.2,Cereals
214.8,27.2,193.3,0.69,8.3,Cereals
177.6,20.3,147.1,0.56,7.2,Cereals
194,33.3,196,0.61,7.9,Cereals
258.8,31.7,191.8,0.71,8.1,Cereals
202.6,32.4,135.9,0.59,7,Cereals
126,24.9,123,0.53,6.2,Cereals
262.1,48.3,220,0.8,7.7,Cereals
220.5,36.8,149.3,0.61,7.6,Cereals
213.1,41.5,148.1,0.67,7,Cereals
257,34.1,188,0.74,6.2,Cereals
116.6,12.9,70.3,0.44,6.7,Cereals
93.3,17.2,86,0.33,6.9,Cereals
118.6,20.8,97,0.51,7.3,Cereals
188.5,34.3,162.9,0.56,6.9,Cereals
116.5,17.8,94.1,0.34,6.3,Cereals
206.2,34.3,154.2,0.6,5.8,Cereals
249.6,40.4,165,0.6,7.3,Cereals
256.7,36,207.1,0.73,8.2,Cereals
217,36.8,154,0.68,6.8,Cereals
282.4,38,190.3,0.67,6.7,Cereals
202.1,26.1,144.4,0.59,6.2,Cereals
241.6,36.4,181.7,0.61,7.9,Cereals
139.2,26.8,108,0.48,7.1,Cereals
71.4,13.3,60.5,0.35,7.1,Cereals
131,26.2,113.5,0.45,7.3,Cereals
176.1,26.2,154.8,0.59,7,Cereals
148,30.7,131,0.44,6.9,Cereals
245.4,47.4,184.9,0.67,7.2,Cereals
173.9,27.5,141.2,0.54,7.4,Cereals
180.8,26.1,164.8,0.6,7.7,Cereals
146.3,26,133.3,0.52,7.3,Cereals
186.1,32.2,140.3,0.58,7.7,Cereals
293.6,39.9,193.2,0.75,7.5,Cereals
150.3,21.7,122.8,0.46,7.5,Cereals
127.9,23.9,122.5,0.49,6.4,Cereals
208.9,34.8,163.3,0.62,6.6,Cereals
214.1,35.6,141.9,0.59,5.7,Cereals
256.4,43.1,182.8,0.68,6.4,Cereals
269.9,38.2,216.9,0.76,7.4,Cereals
180.1,29.7,157,0.52,6.6,Cereals
172.3,32.9,145.4,0.6,7.7,Cereals
245.8,43.2,208.4,0.69,7,Cereals
218.8,36.3,155.3,0.62,6.8,Cereals
88.2,10.1,80,0.35,6.7,Cereals
219.5,35.6,166.4,0.65,7.9,Cereals
277.8,40.7,209.1,0.74,6.4,Cereals
239.6,36.8,140.3,0.66,6.6,Cereals
172.2,28.5,126.2,0.47,7.4,Cereals
211.6,36.6,160.3,0.61,6.1,Cereals
111.5,17.2,90.7,0.4,6.4,Cereals
213.4,35.1,158.3,0.68,7.1,Cereals
274.5,39.9,183.6,0.7,6.4,Cereals
146.9,24.2,145.4,0.49,6.6,Cereals
236.3,33,175.1,0.66,5.7,Cereals
160.2,29,136.6,0.53,7.1,Cereals
143.2,22.9,98.8,0.52,6.1,Cereals
104.7,18.1,97.5,0.37,7.6,Cereals
285.1,45.9,220,0.73,6.3,Cereals
217.4,29.2,205.9,0.63,5.9,Cereals
151.2,14.2,63.1,0.55,6.7,Cereals
126.8,16.7,78.8,0.4,7.2,Cereals
199.6,35.6,149.1,0.56,7.6,Cereals
118.9,20.3,104.4,0.44,7,Cereals
152.9,23.7,116.5,0.51,7.6,Cereals
295.1,49.6,185.7,0.69,7.1,Cereals
146.8,22.3,134.2,0.55,6.8,Cereals
108.2,10,125.1,0.41,6.2,Cereals
232.9,32.6,166.9,0.7,6.5,Cereals
107.1,19.2,90,0.36,7.7,Cereals
177.9,26.5,154.5,0.58,7.2,Cereals
154.3,26.7,92.6,0.48,6.7,Cereals
147.2,15.7,89.7,0.43,6,Cereals
152.1,21.3,112.3,0.48,7.3,Cereals
229,25.8,135.2,0.55,6.7,Cereals
81.3,14,84.8,0.35,7.4,Cereals
221.9,39.3,200.2,0.69,6.3,Cereals
137.9,16,111.7,0.43,8,Cereals
218.4,31.3,169.7,0.66,6.3,Cereals
183.1,22.8,117.1,0.52,6.4,Cereals
221.3,29.4,164.9,0.65,7.4,Cereals
159.2,10,103.7,0.42,6.3,Cereals
255,45.7,189.6,0.68,6.6,Cereals
123.6,23.9,108.1,0.46,5.9,Cereals
220.5,32.5,182.3,0.69,5.9,Cereals
190.1,36.7,170.8,0.6,6.4,Cereals
139.6,21,119.9,0.5,6.3,Cereals
164,32,109.6,0.53,7.7,Cereals
132.9,16.5,60.3,0.34,7,Cereals
192,34.1,155.2,0.53,7.1,Cereals
185.1,32.4,146.2,0.6,7.1,Cereals
268.2,37.6,199.9,0.7,6.7,Cereals
89.8,16,103.6,0.34,7.6,Cereals
110.3,13.5,112,0.44,7,Cereals
206.2,28.3,135.8,0.59,8.3,Cereals
212.1,28.4,186.6,0.64,6.6,Cereals
198.4,38.2,170,0.56,7.5,Cereals
266.9,40.7,188.5,0.7,7.1,Cereals
149.1,24.5,119.2,0.4,7.3,Cereals
214.6,32.6,169.4,0.65,6.9,Cereals
217.2,37.4,180,0.65,6,Cereals
67.9,10,77.3,0.3,8.4,Cereals
287.7,46.6,201.5,0.78,7,Cereals
127.7,18.1,79.3,0.46,6.6,Cereals
284.8,40.5,190.4,0.64,5.9,Cereals
153.7,25.8,127.9,0.46,6.9,Cereals
109.1,14.7,122.3,0.44,7.7,Cereals
200.7,32.5,149.6,0.61,7,Cereals
258,38.4,188.9,0.7,6.4,Cereals
113.8,10.6,92.7,0.32,5.9,Cereals
123.2,16.5,77.6,0.49,5.9,Cereals
97.1,21.5,94.6,0.47,6.9,Cereals
178.4,22,119.8,0.49,7.3,Cereals
140.4,30.9,138.8,0.46,6.6,Cereals
229.9,23,142.1,0.58,5.9,Cereals
140.8,20.8,122,0.4,7.5,Cereals
173.4,25.4,149.4,0.6,6.2,Cereals
145.2,24.9,127.7,0.45,6.9,Cereals
194.1,25.8,136.4,0.54,7,Cereals
111.7,17.1,114.7,0.47,7.1,Cereals
236.5,37.3,130.6,0.65,7,Cereals
197.8,31,126.6,0.55,6,Cereals
152.2,24.5,138.4,0.44,6.3,Cereals
223.3,35.5,157.4,0.59,7.6,Cereals
163,18,135.4,0.47,7.8,Cereals
185.2,24.3,123.6,0.5,7.3,Cereals
150.5,26.3,106.3,0.51,7.4,Cereals
104.1,12.6,98.9,0.44,6.6,Cereals
199.6,25.2,137,0.47,6.1,Cereals
282.1,38,220,0.8,7.9,Cereals
272.3,47.7,201.8,0.8,6.5,Cereals
184.7,30.8,172,0.6,5.7,Cereals
126.8,24.5,137.3,0.46,7.7,Cereals
209.4,23,180.8,0.62,8,Cereals
118.1,23.4,117.9,0.51,6.7,Cereals
197.1,32.6,181.4,0.62,6.4,Cereals
143.4,24.4,136.4,0.43,7.4,Cereals
253.5,46.3,206.9,0.78,7.3,Cereals
224.6,33.2,175.7,0.66,6.6,Cereals
291.4,45.5,210,0.75,7.3,Cereals
147.3,22.6,141.9,0.5,7.9,Cereals
226.5,35.6,150,0.67,6.9,Cereals
246.4,32,204,0.67,6.1,Cereals
274.2,40.1,220,0.72,8.2,Cereals
137.8,13.5,135.6,0.47,6.1,Cereals
77.7,14,70,0.39,5.8,Cereals
139.6,16.3,100.4,0.48,8.1,Cereals
287.8,46.6,215.8,0.76,6.7,Cereals
73.5,10,76.2,0.3,5.5,Cereals
119.1,19.4,98.9,0.36,6.2,Cereals
130.4,15.9,126.5,0.4,6.2,Cereals
60,10,60,0.35,7.6,Cereals
218.3,28.2,175.8,0.56,6,Cereals
163.9,17.7,111.8,0.52,8,Cereals
110.1,17.2,101.2,0.33,6.3,Cereals
137.9,29.7,108.9,0.45,6.5,Cereals
226.4,32.5,152.7,0.63,5.8,Cereals
236.3,35.8,156,0.64,5.6,Cereals
123.4,12.9,79.5,0.39,7.8,Cereals
154.6,26.4,111.6,0.5,6.5,Cereals
150.4,24.1,137.3,0.49,8.4,Cereals
93.1,18.6,88.9,0.43,7,Cereals
86.8,13.4,81.9,0.37,8,Cereals
300,41,216,0.79,7.7,Cereals
93,12.4,73.2,0.43,8.4,Cereals
269.8,46,196.1,0.68,7.5,Cereals
221.8,33.1,204.3,0.7,5.6,Cereals
194.9,25.1,120.2,0.61,6.1,Cereals
244.5,37.6,160.9,0.71,6.4,Cereals
239.7,33.1,184.5,0.66,5.8,Cereals
86.1,10,68.4,0.36,8.4,Cereals
64.6,10,88.2,0.34,8.1,Cereals
148.6,31.7,117.5,0.48,6.8,Cereals
287.2,47.9,219.2,0.71,6,Cereals
281.7,38.6,175.3,0.74,6.1,Cereals
109.4,10,63,0.41,5.7,Cereals
197.4,28.4,132.6,0.57,6.5,Cereals
271.8,39.7,181.7,0.75,5.9,Cereals
257.7,29.8,141.3,0.64,6,Cereals
104.9,10.4,95.3,0.45,5.6,Cereals
68.6,10,104.1,0.41,5.7,Cereals
60,10.8,80,0.3,7.6,Cereals
92.8,11.5,60,0.37,7,Cereals
190.3,21.7,140.2,0.55,5.8,Cereals
169.7,17.5,136.6,0.56,7.8,Cereals
62.9,10,79.6,0.3,7.3,Cereals
279.2,39.6,195.4,0.74,6,Cereals
204.3,23.1,136.3,0.61,8.2,Cereals
99.3,10,67.4,0.43,8.5,Cereals
159.8,16.8,106.7,0.46,8.3,Cereals
292,36,216.7,0.7,8.2,Cereals
224.3,33.4,122.7,0.64,5.8,Cereals
124.4,17.7,90.9,0.52,6.5,Cereals
127.6,15.6,84.9,0.44,7.1,Cereals
87,10,94.5,0.38,6,Cereals
80.8,10,60,0.31,7.8,Cereals
214.7,31.6,193.5,0.61,7.8,Cereals
255.1,41.7,184.8,0.67,6.9,Cereals
154.4,18.8,105.8,0.48,5.5,Cereals
100.6,11.8,60,0.35,6.8,Cereals
271.3,27.8,192.7,0.61,8.2,Cereals
75.2,10,63.9,0.32,6.7,Cereals
230.6,32.4,181.2,0.67,7.7,Cereals
201.6,32,185,0.66,6.1,Cereals
148.6,20.8,117.4,0.51,6.2,Cereals
102.2,13.6,60,0.3,8.1,Cereals
256,36.6,191.2,0.73,8,Cereals
126.3,17.8,68.1,0.4,7.3,Cereals
243,40.3,185.5,0.73,8.3,Cereals
167.3,28.2,142.9,0.58,5.8,Cereals
122.9,23.5,125.1,0.37,6.1,Cereals
87.3,10.8,79.4,0.37,7.7,Cereals
157.4,17.4,109.6,0.48,8.3,Cereals
263.3,42.6,210.8,0.71,6.3,Cereals
90.3,11.3,93.6,0.36,8.1,Cereals
93,17.3,92.5,0.42,6.1,Cereals
272.9,32.6,189.6,0.77,6.2,Cereals
252.8,36.6,145.3,0.71,7.7,Cereals
180.6,15,143.6,0.55,7.5,Cereals
134.9,24.9,124.8,0.52,6.6,Cereals
289.5,50,197,0.73,7.5,Cereals
121,16.2,85.4,0.4,8.2,Cereals
77.1,14,79.6,0.38,6.2,Cereals
225.3,34.2,160.9,0.68,7.9,Cereals
244.1,33.3,183.7,0.71,6.5,Cereals
297.7,38.6,214.4,0.8,5.7,Cereals
243.1,37.7,173.2,0.74,8.5,Cereals
73.1,10,69.9,0.36,5.9,Cereals
154.2,26.2,105.5,0.47,6.7,Cereals
300,37.6,182.1,0.7,8.4,Cereals
235,31.5,162.8,0.74,8.3,Cereals
293.3,35.2,219.1,0.78,8.3,Cereals
81.1,10,60,0.34,7.1,Cereals
218.6,27.3,160.1,0.57,5.8,Cereals
271.4,34,220,0.76,8.1,Cereals
217.5,40.5,190,0.61,7.4,Cereals
284.4,46,220,0.79,8.2,Cereals
142.5,17.8,105.8,0.39,7.5,Cereals
288.6,34.8,202.7,0.79,6.1,Cereals
247.8,37.3,220,0.71,7.7,Cereals
92.7,12.2,103.6,0.38,7.8,Cereals
107.2,10,110.6,0.34,6.2,Cereals
248.5,44.5,175.2,0.76,8.1,Cereals
162.8,30.1,124.7,0.6,7.4,Cereals
123,16.8,113.9,0.45,5.8,Cereals
146.3,16.7,111.7,0.49,5.6,Cereals
150.5,23.5,115.2,0.4,8.2,Cereals
256.1,35.1,199.3,0.75,8,Cereals
135,20.9,86.1,0.46,7.5,Cereals
92,10,113.4,0.37,8.3,Cereals
89.5,13,90.8,0.49,6,Cereals
257.5,46.5,190,0.67,7.5,Cereals
81.1,12,79.3,0.3,6.5,Cereals
234.2,34.4,186.4,0.69,8.4,Cereals
124.7,10.3,151,0.39,6.4,Cereals
83.9,10,80.6,0.3,8.2,Cereals
231.1,38.5,156.4,0.7,6.2,Cereals
132.9,20.3,130.4,0.47,6.2,Cereals
282.9,45.8,209.1,0.76,5.8,Cereals
112.8,17.5,94.6,0.46,7.5,Cereals
102.7,14.6,104.2,0.45,6,Cereals
221.8,37.3,148.6,0.56,7,Cereals
246.5,42.2,157.6,0.65,7.4,Cereals
261.8,39.9,157,0.72,7.9,Cereals
281.8,46.9,179.1,0.72,6.8,Cereals
225.9,29.3,168.5,0.61,5.8,Cereals
166.9,26.9,121.1,0.58,6.4,Cereals
86.1,10,60,0.34,5.7,Cereals
281.4,44.6,199.1,0.76,7.9,Cereals
138.8,20.8,141.6,0.47,5.7,Cereals
138.4,18.8,132.6,0.51,7.8,Cereals
251.7,32.1,183.8,0.69,7.7,Cereals
273.4,40.2,215,0.72,7.8,Cereals
263.6,42.8,180.5,0.77,7.5,Cereals
81.2,10.5,65.4,0.36,6.9,Cereals
253.1,47.1,210.1,0.79,6.6,Cereals
227.4,33.7,185.6,0.65,6.4,Cereals
269.7,44,218.9,0.77,7.1,Cereals
179.6,24.7,110.8,0.52,6.8,Cereals
285.8,47.6,201.7,0.74,7.5,Cereals
300,41,192.5,0.79,7.3,Cereals
140.7,17.3,101,0.5,5.6,Cereals
260.8,35.8,220,0.67,7.8,Cereals
64.4,10,60,0.3,5.7,Cereals
126.6,14.7,137.3,0.49,6,Cereals
125.4,10,74.9,0.39,6.2,Cereals
60,10,60,0.3,7.7,Cereals
