State,District,Season,forecast_T_Avg,forecast_R_Total,T_Avg_anomaly_z,R_Total_anomaly_z,Climate_Label,method_T_Avg,method_R_Total,history_years,status
Andaman And Nicobar Islands,Andaman And Nicobar Islands,Autumn,28.281,999.22,0.606,-0.846,Normal,prophet,prophet,26,ok
Andaman And Nicobar Islands,Andaman And Nicobar Islands,Kharif,28.468,1454.7,0.983,-1.085,Drier than normal,prophet,prophet,26,ok
Andaman And Nicobar Islands,Andaman And Nicobar Islands,Rabi,28.078,490.41,0.395,-0.439,Normal,prophet,prophet,26,ok
Andaman And Nicobar Islands,Andaman And Nicobar Islands,Summer,29.587,541.31,1.379,-0.686,Hotter than normal,prophet,prophet,27,ok
Andaman And Nicobar Islands,Andaman And Nicobar Islands,Whole Year,28.568,1950.05,0.835,-1.457,Drier than normal,prophet,prophet,26,ok
Andaman And Nicobar Islands,Andaman And Nicobar Islands,Winter,27.843,288.97,0.153,-0.327,Normal,prophet,prophet,26,ok
Andaman And Nicobar Islands,Nicobar,Autumn,28.173,892.31,1.685,0.239,Hotter than normal,prophet,prophet,26,ok
Andaman And Nicobar Islands,Nicobar,Kharif,28.528,1023.17,1.679,0.144,Hotter than normal,prophet,prophet,26,ok
Andaman And Nicobar Islands,Nicobar,Rabi,28.269,836.42,1.314,-0.138,Hotter than normal,prophet,prophet,26,ok
Andaman And Nicobar Islands,Nicobar,Summer,29.475,533.74,1.342,-0.106,Hotter than normal,prophet,prophet,27,ok
Andaman And Nicobar Islands,Nicobar,Whole Year,28.565,1873.3,1.175,-0.233,Hotter than normal,prophet,prophet,26,ok
Andaman And Nicobar Islands,Nicobar,Winter,28.127,520.6,1.142,-0.222,Hotter than normal,prophet,prophet,26,ok
Andaman And Nicobar Islands,North And Middle Andaman,Autumn,28.039,1082.97,0.786,-0.453,Normal,prophet,prophet,26,ok
Andaman And Nicobar Islands,North And Middle Andaman,Kharif,28.243,1707.99,1.205,-0.455,Hotter than normal,prophet,prophet,26,ok
Andaman And Nicobar Islands,North And Middle Andaman,Rabi,27.753,507.62,0.604,-0.302,Normal,prophet,prophet,26,ok
Andaman And Nicobar Islands,North And Middle Andaman,Summer,29.494,552.64,1.074,-0.769,Hotter than normal,prophet,prophet,27,ok
Andaman And Nicobar Islands,North And Middle Andaman,Whole Year,28.366,2264.64,0.965,-0.756,Normal,prophet,prophet,26,ok
Andaman And Nicobar Islands,North And Middle Andaman,Winter,27.44,294.16,0.359,-0.244,Normal,prophet,prophet,26,ok
Andaman And Nicobar Islands,South Andaman,Autumn,28.163,996.55,0.765,0.121,Normal,prophet,prophet,26,ok
Andaman And Nicobar Islands,South Andaman,Kharif,28.378,1335.76,1.001,-0.449,Hotter than normal,prophet,prophet,26,ok
Andaman And Nicobar Islands,South Andaman,Rabi,27.962,637.57,0.337,0.014,Normal,prophet,prophet,26,ok
Andaman And Nicobar Islands,South Andaman,Summer,29.473,526.1,1.173,-0.586,Hotter than normal,prophet,prophet,27,ok
Andaman And Nicobar Islands,South Andaman,Whole Year,28.46,1967.28,0.727,-0.508,Normal,prophet,prophet,26,ok
Andaman And Nicobar Islands,South Andaman,Winter,27.768,387.7,0.202,-0.144,Normal,prophet,prophet,26,ok
Andhra Pradesh,Anantapur,Autumn,25.463,399.41,-0.089,0.137,Normal,prophet,prophet,26,ok
Andhra Pradesh,Anantapur,Kharif,26.531,524.77,0.005,0.098,Normal,prophet,prophet,26,ok
Andhra Pradesh,Anantapur,Rabi,25.194,195.6,0.023,0.11,Normal,prophet,prophet,26,ok
Andhra Pradesh,Anantapur,Summer,29.799,268.06,-0.696,0.84,Normal,prophet,prophet,27,ok
Andhra Pradesh,Anantapur,Whole Year,26.678,731.75,-0.347,0.249,Normal,prophet,prophet,26,ok
Andhra Pradesh,Anantapur,Winter,23.886,78.37,-0.064,0.313,Normal,prophet,prophet,26,ok
Andhra Pradesh,Chittoor,Autumn,25.947,686.72,-0.201,0.287,Normal,prophet,prophet,26,ok
Andhra Pradesh,Chittoor,Kharif,27.394,713.56,-0.233,0.453,Normal,prophet,prophet,26,ok
Andhra Pradesh,Chittoor,Rabi,23.819,564.91,-0.791,0.32,Normal,prophet,prophet,26,ok
Andhra Pradesh,Chittoor,Summer,29.309,228.35,-0.79,0.648,Normal,prophet,prophet,27,ok
Andhra Pradesh,Chittoor,Whole Year,26.307,1213.16,-0.796,0.554,Normal,prophet,prophet,26,ok
Andhra Pradesh,Chittoor,Winter,22.52,423.22,-0.809,0.475,Normal,prophet,prophet,26,ok
Andhra Pradesh,East Godavari,Autumn,26.635,671.08,0.56,0.136,Normal,prophet,prophet,26,ok
Andhra Pradesh,East Godavari,Kharif,28.031,1062.31,0.789,0.164,Normal,prophet,prophet,26,ok
Andhra Pradesh,East Godavari,Rabi,25.355,323.52,-0.453,0.197,Normal,prophet,prophet,26,ok
Andhra Pradesh,East Godavari,Summer,30.921,296.44,0.227,0.483,Normal,prophet,prophet,27,ok
Andhra Pradesh,East Godavari,Whole Year,27.462,1325.9,0.089,0.334,Normal,prophet,prophet,26,ok
Andhra Pradesh,East Godavari,Winter,23.997,136.67,-0.531,0.297,Normal,prophet,prophet,26,ok
Andhra Pradesh,Guntur,Autumn,26.597,589.19,-0.088,0.07,Normal,prophet,prophet,26,ok
Andhra Pradesh,Guntur,Kharif,28.459,941.58,0.663,0.174,Normal,prophet,prophet,26,ok
Andhra Pradesh,Guntur,Rabi,25.632,252.59,-0.474,0.048,Normal,prophet,prophet,26,ok
Andhra Pradesh,Guntur,Summer,31.656,250.94,-0.149,0.663,Normal,prophet,prophet,27,ok
Andhra Pradesh,Guntur,Whole Year,27.859,1159.14,-0.436,0.311,Normal,prophet,prophet,26,ok
Andhra Pradesh,Guntur,Winter,24.302,115.07,-0.501,0.171,Normal,prophet,prophet,26,ok
Andhra Pradesh,Hyderabad,Autumn,25.527,392.6,-0.269,0.005,Normal,prophet,prophet,26,ok
Andhra Pradesh,Hyderabad,Kharif,26.984,589.02,-0.016,-0.093,Normal,prophet,prophet,26,ok
Andhra Pradesh,Hyderabad,Rabi,25.619,132.47,-0.121,0.279,Normal,prophet,prophet,26,ok
Andhra Pradesh,Hyderabad,Summer,31.056,190.69,-0.66,0.274,Normal,prophet,prophet,27,ok
Andhra Pradesh,Hyderabad,Whole Year,27.197,754.54,-0.71,0.192,Normal,prophet,prophet,26,ok
Andhra Pradesh,Hyderabad,Winter,24.372,35.95,-0.209,0.214,Normal,prophet,prophet,26,ok
Andhra Pradesh,Krishna,Autumn,28.179,599.86,0.559,0.014,Normal,prophet,prophet,26,ok
Andhra Pradesh,Krishna,Kharif,29.074,988.97,0.648,0.124,Normal,prophet,prophet,26,ok
Andhra Pradesh,Krishna,Rabi,26.589,263.78,-0.313,-0.001,Normal,prophet,prophet,26,ok
Andhra Pradesh,Krishna,Summer,29.886,312.38,0.507,0.852,Normal,prophet,prophet,27,ok
Andhra Pradesh,Krishna,Whole Year,28.188,1235.04,0.572,0.247,Normal,prophet,prophet,26,ok
Andhra Pradesh,Krishna,Winter,25.723,105.4,-0.577,0.106,Normal,prophet,prophet,26,ok
Andhra Pradesh,Kurnool,Autumn,25.527,392.6,-0.269,0.005,Normal,prophet,prophet,26,ok
Andhra Pradesh,Kurnool,Kharif,26.984,589.02,-0.016,-0.093,Normal,prophet,prophet,26,ok
Andhra Pradesh,Kurnool,Rabi,25.619,132.47,-0.121,0.279,Normal,prophet,prophet,26,ok
Andhra Pradesh,Kurnool,Summer,31.056,190.69,-0.66,0.274,Normal,prophet,prophet,27,ok
Andhra Pradesh,Kurnool,Whole Year,27.197,754.54,-0.71,0.192,Normal,prophet,prophet,26,ok
Andhra Pradesh,Kurnool,Winter,24.372,35.95,-0.209,0.214,Normal,prophet,prophet,26,ok
Andhra Pradesh,Prakasam,Autumn,27.835,598.22,-0.255,0.212,Normal,prophet,prophet,26,ok
Andhra Pradesh,Prakasam,Kharif,29.304,717.26,-0.01,0.244,Normal,prophet,prophet,26,ok
Andhra Pradesh,Prakasam,Rabi,25.985,443.43,-0.843,0.652,Normal,prophet,prophet,26,ok
Andhra Pradesh,Prakasam,Summer,30.763,212.84,-0.5,0.783,Normal,prophet,prophet,27,ok
Andhra Pradesh,Prakasam,Whole Year,28.161,1120.69,-0.752,0.846,Normal,prophet,prophet,26,ok
Andhra Pradesh,Prakasam,Winter,24.845,206.64,-1.025,0.216,Cooler than normal,prophet,prophet,26,ok
Andhra Pradesh,Sri Potti Sriramulu Nellore,Autumn,28.424,701.19,0.058,0.183,Normal,prophet,prophet,26,ok
Andhra Pradesh,Sri Potti Sriramulu Nellore,Kharif,29.797,644.48,0.143,0.284,Normal,prophet,prophet,26,ok
Andhra Pradesh,Sri Potti Sriramulu Nellore,Rabi,25.918,775.07,-0.839,0.762,Normal,prophet,prophet,26,ok
Andhra Pradesh,Sri Potti Sriramulu Nellore,Summer,30.552,153.7,-0.434,0.347,Normal,prophet,prophet,27,ok
Andhra Pradesh,Sri Potti Sriramulu Nellore,Whole Year,28.283,1291.54,-0.537,0.807,Normal,prophet,prophet,26,ok
Andhra Pradesh,Sri Potti Sriramulu Nellore,Winter,24.823,484.17,-1.075,0.354,Cooler than normal,prophet,prophet,26,ok
Andhra Pradesh,Srikakulam,Autumn,26.197,784.83,0.322,0.368,Normal,prophet,prophet,26,ok
Andhra Pradesh,Srikakulam,Kharif,28.142,1185.22,0.999,0.532,Normal,prophet,prophet,26,ok
Andhra Pradesh,Srikakulam,Rabi,24.304,300.36,0.011,0.296,Normal,prophet,prophet,26,ok
Andhra Pradesh,Srikakulam,Summer,30.689,323.52,0.609,0.388,Normal,prophet,prophet,27,ok
Andhra Pradesh,Srikakulam,Whole Year,27.03,1437.94,0.611,0.656,Normal,prophet,prophet,26,ok
Andhra Pradesh,Srikakulam,Winter,22.638,79.87,-0.089,0.056,Normal,prophet,prophet,26,ok
Andhra Pradesh,Visakhapatnam,Autumn,27.516,768.89,0.705,0.348,Normal,prophet,prophet,26,ok
Andhra Pradesh,Visakhapatnam,Kharif,28.706,1177.77,1.444,0.451,Hotter than normal,prophet,prophet,26,ok
Andhra Pradesh,Visakhapatnam,Rabi,25.564,315.3,-0.093,0.321,Normal,prophet,prophet,26,ok
Andhra Pradesh,Visakhapatnam,Summer,29.776,303.57,0.72,-0.14,Normal,prophet,prophet,27,ok
Andhra Pradesh,Visakhapatnam,Whole Year,27.597,1467.16,1.057,0.758,Hotter than normal,prophet,prophet,26,ok
Andhra Pradesh,Visakhapatnam,Winter,24.361,115.38,-0.245,0.2,Normal,prophet,prophet,26,ok
Andhra Pradesh,Vizianagaram,Autumn,25.278,804.89,0.602,0.38,Normal,prophet,prophet,26,ok
Andhra Pradesh,Vizianagaram,Kharif,27.06,1237.8,1.069,0.451,Hotter than normal,prophet,prophet,26,ok
Andhra Pradesh,Vizianagaram,Rabi,23.444,300.71,-0.139,0.29,Normal,prophet,prophet,26,ok
Andhra Pradesh,Vizianagaram,Summer,29.728,320.41,0.65,0.007,Normal,prophet,prophet,27,ok
Andhra Pradesh,Vizianagaram,Whole Year,26.028,1513.92,0.451,0.837,Normal,prophet,prophet,26,ok
Andhra Pradesh,Vizianagaram,Winter,21.815,88.3,-0.301,0.101,Normal,prophet,prophet,26,ok
Andhra Pradesh,West Godavari,Autumn,27.48,677.92,0.759,0.144,Normal,prophet,prophet,26,ok
Andhra Pradesh,West Godavari,Kharif,28.555,1107.83,0.714,0.302,Normal,prophet,prophet,26,ok
Andhra Pradesh,West Godavari,Rabi,25.975,318.28,-0.449,0.178,Normal,prophet,prophet,26,ok
Andhra Pradesh,West Godavari,Summer,30.349,300.71,0.279,0.47,Normal,prophet,prophet,27,ok
Andhra Pradesh,West Godavari,Whole Year,27.844,1364.95,0.36,0.403,Normal,prophet,prophet,26,ok
Andhra Pradesh,West Godavari,Winter,24.903,144.19,-0.582,0.32,Normal,prophet,prophet,26,ok
Andhra Pradesh,Ysr Kadapa,Autumn,26.682,502.73,-0.078,0.167,Normal,prophet,prophet,26,ok
Andhra Pradesh,Ysr Kadapa,Kharif,28.183,545.87,0.114,0.037,Normal,prophet,prophet,26,ok
Andhra Pradesh,Ysr Kadapa,Rabi,24.967,349.51,-0.548,0.302,Normal,prophet,prophet,26,ok
Andhra Pradesh,Ysr Kadapa,Summer,30.866,197.81,-0.792,0.305,Normal,prophet,prophet,27,ok
Andhra Pradesh,Ysr Kadapa,Whole Year,27.43,866.66,-0.581,0.26,Normal,prophet,prophet,26,ok
Andhra Pradesh,Ysr Kadapa,Winter,23.45,222.31,-0.637,0.408,Normal,prophet,prophet,26,ok
Arunachal Pradesh,Anjaw,Autumn,12.811,531.19,1.032,-0.287,Hotter than normal,prophet,prophet,26,ok
Arunachal Pradesh,Anjaw,Kharif,15.295,1134.18,1.819,-0.15,Hotter than normal,prophet,prophet,26,ok
Arunachal Pradesh,Anjaw,Rabi,6.062,368.11,0.436,0.445,Normal,prophet,prophet,26,ok
Arunachal Pradesh,Anjaw,Summer,11.29,778.78,1.109,0.104,Hotter than normal,prophet,prophet,27,ok
Arunachal Pradesh,Anjaw,Whole Year,10.298,1682.94,1.434,-0.131,Hotter than normal,prophet,prophet,26,ok
Arunachal Pradesh,Anjaw,Winter,4.358,102.69,0.161,0.101,Normal,prophet,prophet,26,ok
Arunachal Pradesh,Changlang,Autumn,22.718,861.4,0.465,0.25,Normal,prophet,prophet,26,ok
Arunachal Pradesh,Changlang,Kharif,24.93,1722.07,1.598,-0.134,Hotter than normal,prophet,prophet,26,ok
Arunachal Pradesh,Changlang,Rabi,17.04,443.19,-0.397,0.506,Normal,prophet,prophet,26,ok
Arunachal Pradesh,Changlang,Summer,22.224,1207.93,-0.655,0.442,Normal,prophet,prophet,27,ok
Arunachal Pradesh,Changlang,Whole Year,20.857,2605.96,0.077,0.273,Normal,prophet,prophet,26,ok
Arunachal Pradesh,Changlang,Winter,15.4,109.99,-0.28,0.197,Normal,prophet,prophet,26,ok
Arunachal Pradesh,Dibang Valley,Autumn,7.886,413.19,1.069,-0.098,Hotter than normal,prophet,prophet,26,ok
Arunachal Pradesh,Dibang Valley,Kharif,10.633,926.3,1.697,0.064,Hotter than normal,prophet,prophet,26,ok
Arunachal Pradesh,Dibang Valley,Rabi,0.27,222.39,0.23,0.736,Normal,prophet,prophet,26,ok
Arunachal Pradesh,Dibang Valley,Summer,5.791,594.03,0.808,0.395,Normal,prophet,prophet,27,ok
Arunachal Pradesh,Dibang Valley,Whole Year,4.989,1270.29,1.101,0.118,Hotter than normal,prophet,prophet,26,ok
Arunachal Pradesh,Dibang Valley,Winter,-1.333,51.37,0.138,0.039,Normal,prophet,prophet,26,ok
Arunachal Pradesh,East Kameng,Autumn,17.345,705.29,0.519,0.389,Normal,prophet,prophet,26,ok
Arunachal Pradesh,East Kameng,Kharif,19.592,1499.15,1.585,0.045,Hotter than normal,prophet,prophet,26,ok
Arunachal Pradesh,East Kameng,Rabi,10.96,286.11,-0.212,0.748,Normal,prophet,prophet,26,ok
Arunachal Pradesh,East Kameng,Summer,15.976,1095.49,0.008,0.674,Normal,prophet,prophet,27,ok
Arunachal Pradesh,East Kameng,Whole Year,14.961,2022.95,0.159,-0.002,Normal,prophet,prophet,26,ok
Arunachal Pradesh,East Kameng,Winter,9.192,46.24,-0.478,-0.353,Normal,prophet,prophet,26,ok
Arunachal Pradesh,East Siang,Autumn,26.299,1127.65,0.67,0.055,Normal,prophet,prophet,26,ok
Arunachal Pradesh,East Siang,Kharif,28.522,2351.24,1.917,-0.122,Hotter than normal,prophet,prophet,26,ok
Arunachal Pradesh,East Siang,Rabi,20.03,536.0,-0.399,0.527,Normal,prophet,prophet,26,ok
Arunachal Pradesh,East Siang,Summer,24.938,1385.58,-0.977,0.119,Normal,prophet,prophet,27,ok
Arunachal Pradesh,East Siang,Whole Year,23.999,3171.1,0.183,-0.136,Normal,prophet,prophet,26,ok
Arunachal Pradesh,East Siang,Winter,18.449,111.94,-0.208,-0.017,Normal,prophet,prophet,26,ok
Arunachal Pradesh,Kamle,Autumn,24.308,965.36,0.648,0.192,Normal,prophet,prophet,26,ok
Arunachal Pradesh,Kamle,Kharif,26.439,2024.75,1.583,-0.026,Hotter than normal,prophet,prophet,26,ok
Arunachal Pradesh,Kamle,Rabi,18.329,440.35,-0.35,0.666,Normal,prophet,prophet,26,ok
Arunachal Pradesh,Kamle,Summer,23.476,1353.26,-0.721,0.418,Normal,prophet,prophet,27,ok
Arunachal Pradesh,Kamle,Whole Year,22.139,2902.87,-0.142,0.233,Normal,prophet,prophet,26,ok
Arunachal Pradesh,Kamle,Winter,16.69,82.99,-0.165,-0.153,Normal,prophet,prophet,26,ok
Arunachal Pradesh,Kra Daadi,Autumn,17.42,886.01,0.64,0.539,Normal,prophet,prophet,26,ok
Arunachal Pradesh,Kra Daadi,Kharif,19.775,1914.26,1.469,0.514,Hotter than normal,prophet,prophet,26,ok
Arunachal Pradesh,Kra Daadi,Rabi,10.701,368.05,-0.298,0.888,Normal,prophet,prophet,26,ok
Arunachal Pradesh,Kra Daadi,Summer,15.712,1273.58,-0.281,0.652,Normal,prophet,prophet,27,ok
Arunachal Pradesh,Kra Daadi,Whole Year,14.887,2598.94,0.267,0.515,Normal,prophet,prophet,26,ok
Arunachal Pradesh,Kra Daadi,Winter,8.904,64.71,-0.518,-0.121,Normal,prophet,prophet,26,ok
Arunachal Pradesh,Kurung Kumey,Autumn,11.623,560.93,0.67,0.904,Normal,prophet,prophet,26,ok
Arunachal Pradesh,Kurung Kumey,Kharif,13.98,1182.61,1.219,0.58,Hotter than normal,prophet,prophet,26,ok
Arunachal Pradesh,Kurung Kumey,Rabi,5.316,216.74,0.197,0.867,Normal,prophet,prophet,26,ok
Arunachal Pradesh,Kurung Kumey,Summer,10.166,787.18,0.477,0.859,Normal,prophet,prophet,27,ok
Arunachal Pradesh,Kurung Kumey,Whole Year,9.316,1562.66,0.781,0.547,Normal,prophet,prophet,26,ok
Arunachal Pradesh,Kurung Kumey,Winter,3.859,36.03,0.15,-0.297,Normal,prophet,prophet,26,ok
Arunachal Pradesh,Lohit,Autumn,20.185,1002.99,0.737,0.143,Normal,prophet,prophet,26,ok
Arunachal Pradesh,Lohit,Kharif,22.433,2069.98,1.714,-0.088,Hotter than normal,prophet,prophet,26,ok
Arunachal Pradesh,Lohit,Rabi,13.968,507.39,-0.285,0.619,Normal,prophet,prophet,26,ok
Arunachal Pradesh,Lohit,Summer,19.026,1260.06,-0.48,0.18,Normal,prophet,prophet,27,ok
Arunachal Pradesh,Lohit,Whole Year,17.967,2871.56,0.462,-0.012,Normal,prophet,prophet,26,ok
Arunachal Pradesh,Lohit,Winter,12.32,116.12,-0.224,0.127,Normal,prophet,prophet,26,ok
Arunachal Pradesh,Longding,Autumn,23.037,761.91,0.783,0.308,Normal,prophet,prophet,26,ok
Arunachal Pradesh,Longding,Kharif,25.226,1595.55,1.501,0.292,Hotter than normal,prophet,prophet,26,ok
Arunachal Pradesh,Longding,Rabi,17.17,374.79,-0.384,0.582,Normal,prophet,prophet,26,ok
Arunachal Pradesh,Longding,Summer,22.68,1084.17,-0.238,0.416,Normal,prophet,prophet,27,ok
Arunachal Pradesh,Longding,Whole Year,21.011,2315.23,-0.13,0.375,Normal,prophet,prophet,26,ok
Arunachal Pradesh,Longding,Winter,15.435,86.74,-0.279,0.117,Normal,prophet,prophet,26,ok
Arunachal Pradesh,Lower Dibang Valley,Autumn,26.299,1127.65,0.67,0.055,Normal,prophet,prophet,26,ok
Arunachal Pradesh,Lower Dibang Valley,Kharif,28.522,2351.24,1.917,-0.122,Hotter than normal,prophet,prophet,26,ok
Arunachal Pradesh,Lower Dibang Valley,Rabi,20.03,536.0,-0.399,0.527,Normal,prophet,prophet,26,ok
Arunachal Pradesh,Lower Dibang Valley,Summer,24.938,1385.58,-0.977,0.119,Normal,prophet,prophet,27,ok
Arunachal Pradesh,Lower Dibang Valley,Whole Year,23.999,3171.1,0.183,-0.136,Normal,prophet,prophet,26,ok
Arunachal Pradesh,Lower Dibang Valley,Winter,18.449,111.94,-0.208,-0.017,Normal,prophet,prophet,26,ok
Arunachal Pradesh,Lower Siang,Autumn,20.724,1038.76,0.75,0.203,Normal,prophet,prophet,26,ok
Arunachal Pradesh,Lower Siang,Kharif,22.942,2199.08,1.691,0.016,Hotter than normal,prophet,prophet,26,ok
Arunachal Pradesh,Lower Siang,Rabi,14.174,465.51,-0.306,0.765,Normal,prophet,prophet,26,ok
Arunachal Pradesh,Lower Siang,Summer,19.177,1486.53,-0.458,0.444,Normal,prophet,prophet,27,ok
Arunachal Pradesh,Lower Siang,Whole Year,18.21,3068.46,0.136,0.219,Normal,prophet,prophet,26,ok
Arunachal Pradesh,Lower Siang,Winter,12.511,85.75,-0.264,-0.087,Normal,prophet,prophet,26,ok
Arunachal Pradesh,Lower Subansiri,Autumn,20.247,959.31,0.385,0.37,Normal,prophet,prophet,26,ok
Arunachal Pradesh,Lower Subansiri,Kharif,22.626,2068.68,1.523,0.388,Hotter than normal,prophet,prophet,26,ok
Arunachal Pradesh,Lower Subansiri,Rabi,13.742,403.06,-0.492,0.793,Normal,prophet,prophet,26,ok
Arunachal Pradesh,Lower Subansiri,Summer,19.291,1322.07,0.431,0.438,Normal,prophet,prophet,27,ok
Arunachal Pradesh,Lower Subansiri,Whole Year,17.906,2819.59,-0.117,0.301,Normal,prophet,prophet,26,ok
Arunachal Pradesh,Lower Subansiri,Winter,11.973,70.51,-0.514,-0.205,Normal,prophet,prophet,26,ok
Arunachal Pradesh,Namsai,Autumn,22.718,861.4,0.465,0.25,Normal,prophet,prophet,26,ok
Arunachal Pradesh,Namsai,Kharif,24.93,1722.07,1.598,-0.134,Hotter than normal,prophet,prophet,26,ok
Arunachal Pradesh,Namsai,Rabi,17.04,443.19,-0.397,0.506,Normal,prophet,prophet,26,ok
Arunachal Pradesh,Namsai,Summer,22.224,1207.93,-0.655,0.442,Normal,prophet,prophet,27,ok
Arunachal Pradesh,Namsai,Whole Year,20.857,2605.96,0.077,0.273,Normal,prophet,prophet,26,ok
Arunachal Pradesh,Namsai,Winter,15.4,109.99,-0.28,0.197,Normal,prophet,prophet,26,ok
Arunachal Pradesh,Pakke Kessang,Autumn,23.934,677.61,0.214,-0.026,Normal,prophet,prophet,26,ok
Arunachal Pradesh,Pakke Kessang,Kharif,26.187,1477.35,1.394,0.034,Hotter than normal,prophet,prophet,26,ok
Arunachal Pradesh,Pakke Kessang,Rabi,18.27,296.46,-0.184,0.756,Normal,prophet,prophet,26,ok
Arunachal Pradesh,Pakke Kessang,Summer,23.888,966.63,0.272,0.245,Normal,prophet,prophet,27,ok
Arunachal Pradesh,Pakke Kessang,Whole Year,22.174,2035.44,0.282,-0.106,Normal,prophet,prophet,26,ok
Arunachal Pradesh,Pakke Kessang,Winter,16.492,48.35,-0.193,-0.335,Normal,prophet,prophet,26,ok
Arunachal Pradesh,Papum Pare,Autumn,20.247,959.31,0.385,0.37,Normal,prophet,prophet,26,ok
Arunachal Pradesh,Papum Pare,Kharif,22.626,2068.68,1.523,0.388,Hotter than normal,prophet,prophet,26,ok
Arunachal Pradesh,Papum Pare,Rabi,13.742,403.06,-0.492,0.793,Normal,prophet,prophet,26,ok
Arunachal Pradesh,Papum Pare,Summer,19.291,1322.07,0.431,0.438,Normal,prophet,prophet,27,ok
Arunachal Pradesh,Papum Pare,Whole Year,17.906,2819.59,-0.117,0.301,Normal,prophet,prophet,26,ok
Arunachal Pradesh,Papum Pare,Winter,11.973,70.51,-0.514,-0.205,Normal,prophet,prophet,26,ok
Arunachal Pradesh,Shi Yomi,Autumn,15.407,827.85,0.796,0.197,Normal,prophet,prophet,26,ok
Arunachal Pradesh,Shi Yomi,Kharif,17.748,1733.01,1.444,-0.025,Hotter than normal,prophet,prophet,26,ok
Arunachal Pradesh,Shi Yomi,Rabi,8.564,357.98,-0.026,0.799,Normal,prophet,prophet,26,ok
Arunachal Pradesh,Shi Yomi,Summer,13.486,1188.94,0.051,0.584,Normal,prophet,prophet,27,ok
Arunachal Pradesh,Shi Yomi,Whole Year,12.778,2373.83,0.701,0.179,Normal,prophet,prophet,26,ok
Arunachal Pradesh,Shi Yomi,Winter,6.988,68.87,-0.064,0.048,Normal,prophet,prophet,26,ok
Arunachal Pradesh,Siang,Autumn,19.07,926.07,0.927,0.031,Normal,prophet,prophet,26,ok
Arunachal Pradesh,Siang,Kharif,21.379,2007.29,1.769,-0.005,Hotter than normal,prophet,prophet,26,ok
Arunachal Pradesh,Siang,Rabi,12.126,421.72,-0.251,0.653,Normal,prophet,prophet,26,ok
Arunachal Pradesh,Siang,Summer,17.148,1232.43,-0.397,0.369,Normal,prophet,prophet,27,ok
Arunachal Pradesh,Siang,Whole Year,16.404,2667.0,0.55,0.007,Normal,prophet,prophet,26,ok
Arunachal Pradesh,Siang,Winter,10.405,84.56,-0.315,0.024,Normal,prophet,prophet,26,ok
Arunachal Pradesh,Tawang,Autumn,10.473,329.36,0.865,-0.112,Normal,prophet,prophet,26,ok
Arunachal Pradesh,Tawang,Kharif,12.947,798.59,1.554,0.077,Hotter than normal,prophet,prophet,26,ok
Arunachal Pradesh,Tawang,Rabi,4.034,174.79,0.367,0.859,Normal,prophet,prophet,26,ok
Arunachal Pradesh,Tawang,Summer,8.974,653.53,0.853,0.48,Normal,prophet,prophet,27,ok
Arunachal Pradesh,Tawang,Whole Year,8.189,1163.43,1.321,0.154,Hotter than normal,prophet,prophet,26,ok
Arunachal Pradesh,Tawang,Winter,2.604,20.7,0.211,-0.292,Normal,prophet,prophet,26,ok
Arunachal Pradesh,Tirap,Autumn,23.037,761.91,0.783,0.308,Normal,prophet,prophet,26,ok
Arunachal Pradesh,Tirap,Kharif,25.226,1595.55,1.501,0.292,Hotter than normal,prophet,prophet,26,ok
Arunachal Pradesh,Tirap,Rabi,17.17,374.79,-0.384,0.582,Normal,prophet,prophet,26,ok
Arunachal Pradesh,Tirap,Summer,22.68,1084.17,-0.238,0.416,Normal,prophet,prophet,27,ok
Arunachal Pradesh,Tirap,Whole Year,21.011,2315.23,-0.13,0.375,Normal,prophet,prophet,26,ok
Arunachal Pradesh,Tirap,Winter,15.435,86.74,-0.279,0.117,Normal,prophet,prophet,26,ok
Arunachal Pradesh,Upper Siang,Autumn,19.07,926.07,0.927,0.031,Normal,prophet,prophet,26,ok
Arunachal Pradesh,Upper Siang,Kharif,21.379,2007.29,1.769,-0.005,Hotter than normal,prophet,prophet,26,ok
Arunachal Pradesh,Upper Siang,Rabi,12.126,421.72,-0.251,0.653,Normal,prophet,prophet,26,ok
Arunachal Pradesh,Upper Siang,Summer,17.148,1232.43,-0.397,0.369,Normal,prophet,prophet,27,ok
Arunachal Pradesh,Upper Siang,Whole Year,16.404,2667.0,0.55,0.007,Normal,prophet,prophet,26,ok
Arunachal Pradesh,Upper Siang,Winter,10.405,84.56,-0.315,0.024,Normal,prophet,prophet,26,ok
Arunachal Pradesh,Upper Subansiri,Autumn,15.407,827.85,0.796,0.197,Normal,prophet,prophet,26,ok
Arunachal Pradesh,Upper Subansiri,Kharif,17.748,1733.01,1.444,-0.025,Hotter than normal,prophet,prophet,26,ok
Arunachal Pradesh,Upper Subansiri,Rabi,8.564,357.98,-0.026,0.799,Normal,prophet,prophet,26,ok
Arunachal Pradesh,Upper Subansiri,Summer,13.486,1188.94,0.051,0.584,Normal,prophet,prophet,27,ok
Arunachal Pradesh,Upper Subansiri,Whole Year,12.778,2373.83,0.701,0.179,Normal,prophet,prophet,26,ok
Arunachal Pradesh,Upper Subansiri,Winter,6.988,68.87,-0.064,0.048,Normal,prophet,prophet,26,ok
Arunachal Pradesh,West Kameng,Autumn,12.38,429.89,0.756,0.279,Normal,prophet,prophet,26,ok
Arunachal Pradesh,West Kameng,Kharif,14.693,966.83,1.308,0.269,Hotter than normal,prophet,prophet,26,ok
Arunachal Pradesh,West Kameng,Rabi,5.89,196.02,0.362,0.96,Normal,prophet,prophet,26,ok
Arunachal Pradesh,West Kameng,Summer,10.892,737.93,0.793,0.77,Normal,prophet,prophet,27,ok
Arunachal Pradesh,West Kameng,Whole Year,9.971,1327.06,0.989,0.267,Normal,prophet,prophet,26,ok
Arunachal Pradesh,West Kameng,Winter,4.362,28.96,0.238,-0.329,Normal,prophet,prophet,26,ok
Arunachal Pradesh,West Siang,Autumn,20.724,1038.76,0.75,0.203,Normal,prophet,prophet,26,ok
Arunachal Pradesh,West Siang,Kharif,22.942,2199.08,1.691,0.016,Hotter than normal,prophet,prophet,26,ok
Arunachal Pradesh,West Siang,Rabi,14.174,465.51,-0.306,0.765,Normal,prophet,prophet,26,ok
Arunachal Pradesh,West Siang,Summer,19.177,1486.53,-0.458,0.444,Normal,prophet,prophet,27,ok
Arunachal Pradesh,West Siang,Whole Year,18.21,3068.46,0.136,0.219,Normal,prophet,prophet,26,ok
Arunachal Pradesh,West Siang,Winter,12.511,85.75,-0.264,-0.087,Normal,prophet,prophet,26,ok
Assam,Baksa,Autumn,26.401,473.87,0.42,-0.285,Normal,prophet,prophet,26,ok
Assam,Baksa,Kharif,28.706,1093.68,1.005,-0.386,Hotter than normal,prophet,prophet,26,ok
Assam,Baksa,Rabi,20.948,233.39,0.533,0.317,Normal,prophet,prophet,26,ok
Assam,Baksa,Summer,27.067,929.55,0.901,-0.026,Normal,prophet,prophet,27,ok
Assam,Baksa,Whole Year,24.864,1661.34,0.766,-0.421,Normal,prophet,prophet,26,ok
Assam,Baksa,Winter,19.164,22.7,0.478,-0.352,Normal,prophet,prophet,26,ok
Assam,Barpeta,Autumn,26.401,473.87,0.42,-0.285,Normal,prophet,prophet,26,ok
Assam,Barpeta,Kharif,28.706,1093.68,1.005,-0.386,Hotter than normal,prophet,prophet,26,ok
Assam,Barpeta,Rabi,20.948,233.39,0.533,0.317,Normal,prophet,prophet,26,ok
Assam,Barpeta,Summer,27.067,929.55,0.901,-0.026,Normal,prophet,prophet,27,ok
Assam,Barpeta,Whole Year,24.864,1661.34,0.766,-0.421,Normal,prophet,prophet,26,ok
Assam,Barpeta,Winter,19.164,22.7,0.478,-0.352,Normal,prophet,prophet,26,ok
Assam,Biswanath,Autumn,23.934,677.61,0.214,-0.026,Normal,prophet,prophet,26,ok
Assam,Biswanath,Kharif,26.187,1477.35,1.394,0.034,Hotter than normal,prophet,prophet,26,ok
Assam,Biswanath,Rabi,18.27,296.46,-0.184,0.756,Normal,prophet,prophet,26,ok
Assam,Biswanath,Summer,23.888,966.63,0.272,0.245,Normal,prophet,prophet,27,ok
Assam,Biswanath,Whole Year,22.174,2035.44,0.282,-0.106,Normal,prophet,prophet,26,ok
Assam,Biswanath,Winter,16.492,48.35,-0.193,-0.335,Normal,prophet,prophet,26,ok
Assam,Bongaigaon,Autumn,26.012,617.27,0.015,-0.205,Normal,prophet,prophet,26,ok
Assam,Bongaigaon,Kharif,28.352,1436.08,1.105,-0.13,Hotter than normal,prophet,prophet,26,ok
Assam,Bongaigaon,Rabi,20.373,266.14,-0.083,0.388,Normal,prophet,prophet,26,ok
Assam,Bongaigaon,Summer,26.43,1139.16,0.418,0.211,Normal,prophet,prophet,27,ok
Assam,Bongaigaon,Whole Year,24.37,2026.03,0.181,-0.375,Normal,prophet,prophet,26,ok
Assam,Bongaigaon,Winter,18.583,18.74,0.017,-0.314,Normal,prophet,prophet,26,ok
Assam,Cachar,Autumn,24.363,693.82,0.251,-0.087,Normal,prophet,prophet,26,ok
Assam,Cachar,Kharif,26.329,1378.33,1.325,-0.204,Hotter than normal,prophet,prophet,26,ok
Assam,Cachar,Rabi,19.532,342.71,0.268,-0.041,Normal,prophet,prophet,26,ok
Assam,Cachar,Summer,24.962,1028.0,0.416,0.102,Normal,prophet,prophet,27,ok
Assam,Cachar,Whole Year,23.005,2045.23,0.716,-0.236,Normal,prophet,prophet,26,ok
Assam,Cachar,Winter,17.787,69.57,0.433,-0.231,Normal,prophet,prophet,26,ok
Assam,Charaideo,Autumn,25.593,754.63,-0.121,0.109,Normal,prophet,prophet,26,ok
Assam,Charaideo,Kharif,27.827,1564.33,0.952,0.092,Normal,prophet,prophet,26,ok
Assam,Charaideo,Rabi,19.819,356.29,-0.634,0.431,Normal,prophet,prophet,26,ok
Assam,Charaideo,Summer,25.188,1018.11,-1.098,0.218,Cooler than normal,prophet,prophet,27,ok
Assam,Charaideo,Whole Year,23.639,2239.68,-0.692,0.1,Normal,prophet,prophet,26,ok
Assam,Charaideo,Winter,18.128,77.3,-0.414,-0.07,Normal,prophet,prophet,26,ok
Assam,Chirang,Autumn,26.012,617.27,0.015,-0.205,Normal,prophet,prophet,26,ok
Assam,Chirang,Kharif,28.352,1436.08,1.105,-0.13,Hotter than normal,prophet,prophet,26,ok
Assam,Chirang,Rabi,20.373,266.14,-0.083,0.388,Normal,prophet,prophet,26,ok
Assam,Chirang,Summer,26.43,1139.16,0.418,0.211,Normal,prophet,prophet,27,ok
Assam,Chirang,Whole Year,24.37,2026.03,0.181,-0.375,Normal,prophet,prophet,26,ok
Assam,Chirang,Winter,18.583,18.74,0.017,-0.314,Normal,prophet,prophet,26,ok
Assam,Darrang,Autumn,26.224,468.17,0.479,-0.209,Normal,prophet,prophet,26,ok
Assam,Darrang,Kharif,28.422,1070.77,0.864,-0.312,Normal,prophet,prophet,26,ok
Assam,Darrang,Rabi,20.929,232.73,0.422,0.393,Normal,prophet,prophet,26,ok
Assam,Darrang,Summer,26.821,899.67,0.572,-0.005,Normal,prophet,prophet,27,ok
Assam,Darrang,Whole Year,24.743,1617.38,0.693,-0.379,Normal,prophet,prophet,26,ok
Assam,Darrang,Winter,19.149,22.54,0.39,-0.392,Normal,prophet,prophet,26,ok
Assam,Dhemaji,Autumn,26.85,892.8,0.787,-0.003,Normal,prophet,prophet,26,ok
Assam,Dhemaji,Kharif,29.02,1911.8,1.459,0.019,Hotter than normal,prophet,prophet,26,ok
Assam,Dhemaji,Rabi,20.769,440.18,-0.34,0.515,Normal,prophet,prophet,26,ok
Assam,Dhemaji,Summer,26.022,1242.59,-1.005,0.247,Cooler than normal,prophet,prophet,27,ok
Assam,Dhemaji,Whole Year,24.665,2742.95,-0.015,0.153,Normal,prophet,prophet,26,ok
Assam,Dhemaji,Winter,19.14,89.41,-0.036,-0.124,Normal,prophet,prophet,26,ok
Assam,Dhubri,Autumn,26.228,884.8,0.013,0.111,Normal,prophet,prophet,26,ok
Assam,Dhubri,Kharif,28.524,1912.99,1.065,0.253,Hotter than normal,prophet,prophet,26,ok
Assam,Dhubri,Rabi,20.813,352.22,-0.139,0.534,Normal,prophet,prophet,26,ok
Assam,Dhubri,Summer,27.418,1286.59,0.702,0.369,Normal,prophet,prophet,27,ok
Assam,Dhubri,Whole Year,24.793,2464.24,0.132,-0.242,Normal,prophet,prophet,26,ok
Assam,Dhubri,Winter,18.839,24.61,0.018,-0.102,Normal,prophet,prophet,26,ok
Assam,Dibrugarh,Autumn,26.85,892.8,0.787,-0.003,Normal,prophet,prophet,26,ok
Assam,Dibrugarh,Kharif,29.02,1911.8,1.459,0.019,Hotter than normal,prophet,prophet,26,ok
Assam,Dibrugarh,Rabi,20.769,440.18,-0.34,0.515,Normal,prophet,prophet,26,ok
Assam,Dibrugarh,Summer,26.022,1242.59,-1.005,0.247,Cooler than normal,prophet,prophet,27,ok
Assam,Dibrugarh,Whole Year,24.665,2742.95,-0.015,0.153,Normal,prophet,prophet,26,ok
Assam,Dibrugarh,Winter,19.14,89.41,-0.036,-0.124,Normal,prophet,prophet,26,ok
Assam,Dima Hasao,Autumn,23.947,525.68,0.736,-0.322,Normal,prophet,prophet,26,ok
Assam,Dima Hasao,Kharif,25.9,1029.93,1.423,-0.512,Hotter than normal,prophet,prophet,26,ok
Assam,Dima Hasao,Rabi,18.899,259.7,0.308,-0.17,Normal,prophet,prophet,26,ok
Assam,Dima Hasao,Summer,24.519,740.35,1.04,-0.115,Hotter than normal,prophet,prophet,27,ok
Assam,Dima Hasao,Whole Year,22.493,1505.69,1.005,-0.558,Hotter than normal,prophet,prophet,26,ok
Assam,Dima Hasao,Winter,17.156,52.73,0.272,-0.284,Normal,prophet,prophet,26,ok
Assam,Goalpara,Autumn,26.11,723.45,-0.205,-0.005,Normal,prophet,prophet,26,ok
Assam,Goalpara,Kharif,28.412,1648.48,0.914,0.046,Normal,prophet,prophet,26,ok
Assam,Goalpara,Rabi,20.48,308.9,-0.188,0.405,Normal,prophet,prophet,26,ok
Assam,Goalpara,Summer,26.883,1215.12,0.886,0.112,Normal,prophet,prophet,27,ok
Assam,Goalpara,Whole Year,24.48,2252.51,0.055,-0.341,Normal,prophet,prophet,26,ok
Assam,Goalpara,Winter,18.591,24.04,-0.029,-0.302,Normal,prophet,prophet,26,ok
Assam,Golaghat,Autumn,25.669,656.86,0.085,0.086,Normal,prophet,prophet,26,ok
Assam,Golaghat,Kharif,27.996,1292.43,1.292,-0.188,Hotter than normal,prophet,prophet,26,ok
Assam,Golaghat,Rabi,20.022,275.59,-0.504,0.428,Normal,prophet,prophet,26,ok
Assam,Golaghat,Summer,26.353,715.77,0.761,-0.504,Normal,prophet,prophet,27,ok
Assam,Golaghat,Whole Year,24.062,1731.38,0.081,-0.523,Normal,prophet,prophet,26,ok
Assam,Golaghat,Winter,18.079,52.65,-0.464,-0.28,Normal,prophet,prophet,26,ok
Assam,Hailakandi,Autumn,26.627,1231.28,0.339,0.298,Normal,prophet,prophet,26,ok
Assam,Hailakandi,Kharif,28.515,2392.34,1.525,0.178,Hotter than normal,prophet,prophet,26,ok
Assam,Hailakandi,Rabi,21.659,527.64,0.652,0.279,Normal,prophet,prophet,26,ok
Assam,Hailakandi,Summer,27.194,1623.41,0.627,0.054,Normal,prophet,prophet,27,ok
Assam,Hailakandi,Whole Year,25.087,3310.9,0.829,-0.15,Normal,prophet,prophet,26,ok
Assam,Hailakandi,Winter,19.697,85.65,0.574,-0.206,Normal,prophet,prophet,26,ok
Assam,Hojai,Autumn,26.3,447.5,0.826,-0.346,Normal,prophet,prophet,26,ok
Assam,Hojai,Kharif,28.331,860.54,1.195,-0.537,Hotter than normal,prophet,prophet,26,ok
Assam,Hojai,Rabi,21.265,214.14,0.395,-0.081,Normal,prophet,prophet,26,ok
Assam,Hojai,Summer,27.272,546.61,0.997,-0.502,Normal,prophet,prophet,27,ok
Assam,Hojai,Whole Year,24.978,1200.94,1.034,-0.773,Hotter than normal,prophet,prophet,26,ok
Assam,Hojai,Winter,19.468,40.85,0.331,-0.328,Normal,prophet,prophet,26,ok
Assam,Jorhat,Autumn,26.17,773.15,0.305,-0.012,Normal,prophet,prophet,26,ok
Assam,Jorhat,Kharif,28.436,1617.29,1.354,-0.031,Hotter than normal,prophet,prophet,26,ok
Assam,Jorhat,Rabi,20.319,351.44,-0.515,0.507,Normal,prophet,prophet,26,ok
Assam,Jorhat,Summer,26.044,1003.52,-0.465,0.12,Normal,prophet,prophet,27,ok
Assam,Jorhat,Whole Year,24.251,2280.1,-0.293,-0.006,Normal,prophet,prophet,26,ok
Assam,Jorhat,Winter,18.507,69.56,-0.381,-0.195,Normal,prophet,prophet,26,ok
Assam,Kamrup,Autumn,26.177,678.22,-0.364,0.034,Normal,prophet,prophet,26,ok
Assam,Kamrup,Kharif,28.569,1469.11,0.719,-0.287,Normal,prophet,prophet,26,ok
Assam,Kamrup,Rabi,20.654,274.77,0.063,0.107,Normal,prophet,prophet,26,ok
Assam,Kamrup,Summer,26.868,1093.28,0.692,-0.042,Normal,prophet,prophet,27,ok
Assam,Kamrup,Whole Year,24.646,2144.82,0.223,-0.3,Normal,prophet,prophet,26,ok
Assam,Kamrup,Winter,18.787,27.13,0.059,-0.425,Normal,prophet,prophet,26,ok
Assam,Kamrup Metropolitan,Autumn,24.758,657.64,-0.547,0.052,Normal,prophet,prophet,26,ok
Assam,Kamrup Metropolitan,Kharif,27.271,1405.4,0.935,-0.308,Normal,prophet,prophet,26,ok
Assam,Kamrup Metropolitan,Rabi,19.08,272.05,-0.234,0.181,Normal,prophet,prophet,26,ok
Assam,Kamrup Metropolitan,Summer,25.389,1058.47,0.819,-0.006,Normal,prophet,prophet,27,ok
Assam,Kamrup Metropolitan,Whole Year,23.163,2065.52,-0.032,-0.289,Normal,prophet,prophet,26,ok
Assam,Kamrup Metropolitan,Winter,17.195,26.0,-0.201,-0.474,Normal,prophet,prophet,26,ok
Assam,Karbi Anglong,Autumn,24.545,588.65,0.111,0.152,Normal,prophet,prophet,26,ok
Assam,Karbi Anglong,Kharif,26.788,1064.55,1.303,-0.239,Hotter than normal,prophet,prophet,26,ok
Assam,Karbi Anglong,Rabi,19.251,242.18,-0.225,0.017,Normal,prophet,prophet,26,ok
Assam,Karbi Anglong,Summer,25.314,560.66,0.797,-0.621,Normal,prophet,prophet,27,ok
Assam,Karbi Anglong,Whole Year,23.154,1416.79,0.604,-0.583,Normal,prophet,prophet,26,ok
Assam,Karbi Anglong,Winter,17.399,51.43,-0.221,-0.24,Normal,prophet,prophet,26,ok
Assam,Karimganj,Autumn,26.627,1231.28,0.339,0.298,Normal,prophet,prophet,26,ok
Assam,Karimganj,Kharif,28.515,2392.34,1.525,0.178,Hotter than normal,prophet,prophet,26,ok
Assam,Karimganj,Rabi,21.659,527.64,0.652,0.279,Normal,prophet,prophet,26,ok
Assam,Karimganj,Summer,27.194,1623.41,0.627,0.054,Normal,prophet,prophet,27,ok
Assam,Karimganj,Whole Year,25.087,3310.9,0.829,-0.15,Normal,prophet,prophet,26,ok
Assam,Karimganj,Winter,19.697,85.65,0.574,-0.206,Normal,prophet,prophet,26,ok
Assam,Kokrajhar,Autumn,25.419,846.24,0.021,0.196,Normal,prophet,prophet,26,ok
Assam,Kokrajhar,Kharif,27.769,1873.66,1.194,0.365,Hotter than normal,prophet,prophet,26,ok
Assam,Kokrajhar,Rabi,19.949,312.72,-0.124,0.53,Normal,prophet,prophet,26,ok
Assam,Kokrajhar,Summer,26.083,1250.14,0.107,0.525,Normal,prophet,prophet,27,ok
Assam,Kokrajhar,Whole Year,23.922,2388.33,0.091,-0.153,Normal,prophet,prophet,26,ok
Assam,Kokrajhar,Winter,18.095,19.92,0.006,-0.179,Normal,prophet,prophet,26,ok
Assam,Lakhimpur,Autumn,26.17,773.15,0.305,-0.012,Normal,prophet,prophet,26,ok
Assam,Lakhimpur,Kharif,28.436,1617.29,1.354,-0.031,Hotter than normal,prophet,prophet,26,ok
Assam,Lakhimpur,Rabi,20.319,351.44,-0.515,0.507,Normal,prophet,prophet,26,ok
Assam,Lakhimpur,Summer,26.044,1003.52,-0.465,0.12,Normal,prophet,prophet,27,ok
Assam,Lakhimpur,Whole Year,24.251,2280.1,-0.293,-0.006,Normal,prophet,prophet,26,ok
Assam,Lakhimpur,Winter,18.507,69.56,-0.381,-0.195,Normal,prophet,prophet,26,ok
Assam,Majuli,Autumn,26.17,773.15,0.305,-0.012,Normal,prophet,prophet,26,ok
Assam,Majuli,Kharif,28.436,1617.29,1.354,-0.031,Hotter than normal,prophet,prophet,26,ok
Assam,Majuli,Rabi,20.319,351.44,-0.515,0.507,Normal,prophet,prophet,26,ok
Assam,Majuli,Summer,26.044,1003.52,-0.465,0.12,Normal,prophet,prophet,27,ok
Assam,Majuli,Whole Year,24.251,2280.1,-0.293,-0.006,Normal,prophet,prophet,26,ok
Assam,Majuli,Winter,18.507,69.56,-0.381,-0.195,Normal,prophet,prophet,26,ok
Assam,Morigaon,Autumn,26.486,439.32,0.771,-0.245,Normal,prophet,prophet,26,ok
Assam,Morigaon,Kharif,28.688,952.62,1.252,-0.373,Hotter than normal,prophet,prophet,26,ok
Assam,Morigaon,Rabi,21.205,221.28,0.393,0.555,Normal,prophet,prophet,26,ok
Assam,Morigaon,Summer,27.131,707.04,0.718,-0.053,Normal,prophet,prophet,27,ok
Assam,Morigaon,Whole Year,24.987,1387.24,0.742,-0.465,Normal,prophet,prophet,26,ok
Assam,Morigaon,Winter,19.414,30.01,0.336,-0.414,Normal,prophet,prophet,26,ok
Assam,Nagaon,Autumn,26.486,439.32,0.771,-0.245,Normal,prophet,prophet,26,ok
Assam,Nagaon,Kharif,28.688,952.62,1.252,-0.373,Hotter than normal,prophet,prophet,26,ok
Assam,Nagaon,Rabi,21.205,221.28,0.393,0.555,Normal,prophet,prophet,26,ok
Assam,Nagaon,Summer,27.131,707.04,0.718,-0.053,Normal,prophet,prophet,27,ok
Assam,Nagaon,Whole Year,24.987,1387.24,0.742,-0.465,Normal,prophet,prophet,26,ok
Assam,Nagaon,Winter,19.414,30.01,0.336,-0.414,Normal,prophet,prophet,26,ok
Assam,Nalbari,Autumn,26.401,473.87,0.42,-0.285,Normal,prophet,prophet,26,ok
Assam,Nalbari,Kharif,28.706,1093.68,1.005,-0.386,Hotter than normal,prophet,prophet,26,ok
Assam,Nalbari,Rabi,20.948,233.39,0.533,0.317,Normal,prophet,prophet,26,ok
Assam,Nalbari,Summer,27.067,929.55,0.901,-0.026,Normal,prophet,prophet,27,ok
Assam,Nalbari,Whole Year,24.864,1661.34,0.766,-0.421,Normal,prophet,prophet,26,ok
Assam,Nalbari,Winter,19.164,22.7,0.478,-0.352,Normal,prophet,prophet,26,ok
Assam,Sivasagar,Autumn,26.17,773.15,0.305,-0.012,Normal,prophet,prophet,26,ok
Assam,Sivasagar,Kharif,28.436,1617.29,1.354,-0.031,Hotter than normal,prophet,prophet,26,ok
Assam,Sivasagar,Rabi,20.319,351.44,-0.515,0.507,Normal,prophet,prophet,26,ok
Assam,Sivasagar,Summer,26.044,1003.52,-0.465,0.12,Normal,prophet,prophet,27,ok
Assam,Sivasagar,Whole Year,24.251,2280.1,-0.293,-0.006,Normal,prophet,prophet,26,ok
Assam,Sivasagar,Winter,18.507,69.56,-0.381,-0.195,Normal,prophet,prophet,26,ok
Assam,Sonitpur,Autumn,21.895,493.63,0.612,-0.162,Normal,prophet,prophet,26,ok
Assam,Sonitpur,Kharif,24.084,1169.54,1.637,0.151,Hotter than normal,prophet,prophet,26,ok
Assam,Sonitpur,Rabi,16.237,242.62,0.336,0.823,Normal,prophet,prophet,26,ok
Assam,Sonitpur,Summer,21.406,802.42,0.168,0.057,Normal,prophet,prophet,27,ok
Assam,Sonitpur,Whole Year,20.018,1636.41,0.697,-0.027,Normal,prophet,prophet,26,ok
Assam,Sonitpur,Winter,14.525,34.15,0.187,-0.347,Normal,prophet,prophet,26,ok
Assam,Tinsukia,Autumn,26.422,894.81,-0.048,0.129,Normal,prophet,prophet,26,ok
Assam,Tinsukia,Kharif,28.776,1866.26,1.439,-0.03,Hotter than normal,prophet,prophet,26,ok
Assam,Tinsukia,Rabi,19.81,446.24,-1.146,0.502,Cooler than normal,prophet,prophet,26,ok
Assam,Tinsukia,Summer,25.721,1231.95,-1.213,0.292,Cooler than normal,prophet,prophet,27,ok
Assam,Tinsukia,Whole Year,24.142,2755.99,-1.14,0.304,Cooler than normal,prophet,prophet,26,ok
Assam,Tinsukia,Winter,17.843,97.93,-1.147,0.002,Cooler than normal,prophet,prophet,26,ok
Assam,Udalguri,Autumn,26.224,468.17,0.479,-0.209,Normal,prophet,prophet,26,ok
Assam,Udalguri,Kharif,28.422,1070.77,0.864,-0.312,Normal,prophet,prophet,26,ok
Assam,Udalguri,Rabi,20.929,232.73,0.422,0.393,Normal,prophet,prophet,26,ok
Assam,Udalguri,Summer,26.821,899.67,0.572,-0.005,Normal,prophet,prophet,27,ok
Assam,Udalguri,Whole Year,24.743,1617.38,0.693,-0.379,Normal,prophet,prophet,26,ok
Assam,Udalguri,Winter,19.149,22.54,0.39,-0.392,Normal,prophet,prophet,26,ok
Assam,West Karbi Anglong,Autumn,25.221,488.82,0.211,-0.202,Normal,prophet,prophet,26,ok
Assam,West Karbi Anglong,Kharif,27.583,997.92,1.363,-0.509,Hotter than normal,prophet,prophet,26,ok
Assam,West Karbi Anglong,Rabi,19.757,225.48,0.147,0.114,Normal,prophet,prophet,26,ok
Assam,West Karbi Anglong,Summer,26.139,731.67,1.428,-0.085,Hotter than normal,prophet,prophet,27,ok
Assam,West Karbi Anglong,Whole Year,23.699,1447.91,0.589,-0.549,Normal,prophet,prophet,26,ok
Assam,West Karbi Anglong,Winter,17.876,29.64,0.094,-0.476,Normal,prophet,prophet,26,ok
Bihar,Araria,Autumn,25.897,817.94,-0.035,0.831,Normal,prophet,prophet,26,ok
Bihar,Araria,Kharif,28.746,1345.44,0.254,0.351,Normal,prophet,prophet,26,ok
Bihar,Araria,Rabi,20.784,177.36,-0.051,0.383,Normal,prophet,prophet,26,ok
Bihar,Araria,Summer,29.899,514.58,0.497,0.259,Normal,prophet,prophet,27,ok
Bihar,Araria,Whole Year,25.338,1587.61,-0.142,0.261,Normal,prophet,prophet,26,ok
Bihar,Araria,Winter,18.213,13.92,-0.311,-0.131,Normal,prophet,prophet,26,ok
Bihar,Arwal,Autumn,25.809,534.87,-0.097,0.258,Normal,prophet,prophet,26,ok
Bihar,Arwal,Kharif,29.904,897.11,0.224,0.031,Normal,prophet,prophet,26,ok
Bihar,Arwal,Rabi,20.732,149.25,-0.225,0.365,Normal,prophet,prophet,26,ok
Bihar,Arwal,Summer,33.067,168.64,0.67,-0.19,Normal,prophet,prophet,27,ok
Bihar,Arwal,Whole Year,26.358,999.02,-0.156,0.063,Normal,prophet,prophet,26,ok
Bihar,Arwal,Winter,18.059,22.96,-0.266,0.09,Normal,prophet,prophet,26,ok
Bihar,Aurangabad,Autumn,25.809,534.87,-0.097,0.258,Normal,prophet,prophet,26,ok
Bihar,Aurangabad,Kharif,29.904,897.11,0.224,0.031,Normal,prophet,prophet,26,ok
Bihar,Aurangabad,Rabi,20.732,149.25,-0.225,0.365,Normal,prophet,prophet,26,ok
Bihar,Aurangabad,Summer,33.067,168.64,0.67,-0.19,Normal,prophet,prophet,27,ok
Bihar,Aurangabad,Whole Year,26.358,999.02,-0.156,0.063,Normal,prophet,prophet,26,ok
Bihar,Aurangabad,Winter,18.059,22.96,-0.266,0.09,Normal,prophet,prophet,26,ok
Bihar,Banka,Autumn,25.549,737.67,-0.236,0.767,Normal,prophet,prophet,26,ok
Bihar,Banka,Kharif,28.887,1180.58,0.513,0.475,Normal,prophet,prophet,26,ok
Bihar,Banka,Rabi,20.669,189.63,-0.094,0.348,Normal,prophet,prophet,26,ok
Bihar,Banka,Summer,31.162,393.87,0.926,0.05,Normal,prophet,prophet,27,ok
Bihar,Banka,Whole Year,25.696,1424.34,0.257,0.524,Normal,prophet,prophet,26,ok
Bihar,Banka,Winter,17.815,23.69,-0.438,0.044,Normal,prophet,prophet,26,ok
Bihar,Begusarai,Autumn,25.921,690.63,-0.392,0.936,Normal,prophet,prophet,26,ok
Bihar,Begusarai,Kharif,29.502,1033.66,0.197,0.23,Normal,prophet,prophet,26,ok
Bihar,Begusarai,Rabi,20.813,141.5,-0.188,0.203,Normal,prophet,prophet,26,ok
Bihar,Begusarai,Summer,31.75,290.81,0.788,-0.075,Normal,prophet,prophet,27,ok
Bihar,Begusarai,Whole Year,26.06,1207.22,0.022,0.277,Normal,prophet,prophet,26,ok
Bihar,Begusarai,Winter,18.17,16.65,-0.255,-0.08,Normal,prophet,prophet,26,ok
Bihar,Bhagalpur,Autumn,25.869,791.28,-0.132,0.86,Normal,prophet,prophet,26,ok
Bihar,Bhagalpur,Kharif,29.116,1302.46,0.352,0.608,Normal,prophet,prophet,26,ok
Bihar,Bhagalpur,Rabi,20.74,185.4,0.029,0.448,Normal,prophet,prophet,26,ok
Bihar,Bhagalpur,Summer,31.037,446.52,0.765,0.168,Normal,prophet,prophet,27,ok
Bihar,Bhagalpur,Whole Year,25.718,1549.6,0.097,0.609,Normal,prophet,prophet,26,ok
Bihar,Bhagalpur,Winter,17.767,17.19,-0.48,-0.05,Normal,prophet,prophet,26,ok
Bihar,Bhojpur,Autumn,26.022,464.21,-0.051,0.275,Normal,prophet,prophet,26,ok
Bihar,Bhojpur,Kharif,30.193,775.99,0.236,-0.071,Normal,prophet,prophet,26,ok
Bihar,Bhojpur,Rabi,20.624,113.12,-0.163,0.206,Normal,prophet,prophet,26,ok
Bihar,Bhojpur,Summer,33.063,146.32,0.792,-0.305,Normal,prophet,prophet,27,ok
Bihar,Bhojpur,Whole Year,26.421,869.66,-0.002,-0.054,Normal,prophet,prophet,26,ok
Bihar,Bhojpur,Winter,17.866,16.7,-0.207,-0.035,Normal,prophet,prophet,26,ok
Bihar,Buxar,Autumn,26.022,464.21,-0.051,0.275,Normal,prophet,prophet,26,ok
Bihar,Buxar,Kharif,30.193,775.99,0.236,-0.071,Normal,prophet,prophet,26,ok
Bihar,Buxar,Rabi,20.624,113.12,-0.163,0.206,Normal,prophet,prophet,26,ok
Bihar,Buxar,Summer,33.063,146.32,0.792,-0.305,Normal,prophet,prophet,27,ok
Bihar,Buxar,Whole Year,26.421,869.66,-0.002,-0.054,Normal,prophet,prophet,26,ok
Bihar,Buxar,Winter,17.866,16.7,-0.207,-0.035,Normal,prophet,prophet,26,ok
Bihar,Darbhanga,Autumn,26.0,758.57,-0.278,1.181,Wetter than normal,prophet,prophet,26,ok
Bihar,Darbhanga,Kharif,29.321,1122.72,0.108,0.338,Normal,prophet,prophet,26,ok
Bihar,Darbhanga,Rabi,20.804,150.92,-0.227,0.38,Normal,prophet,prophet,26,ok
Bihar,Darbhanga,Summer,31.056,348.39,0.54,0.022,Normal,prophet,prophet,27,ok
Bihar,Darbhanga,Whole Year,25.816,1310.63,-0.148,0.305,Normal,prophet,prophet,26,ok
Bihar,Darbhanga,Winter,18.187,13.43,-0.374,-0.156,Normal,prophet,prophet,26,ok
Bihar,East Champaran,Autumn,26.024,605.04,-0.181,0.587,Normal,prophet,prophet,26,ok
Bihar,East Champaran,Kharif,29.64,980.75,0.117,0.027,Normal,prophet,prophet,26,ok
Bihar,East Champaran,Rabi,20.703,129.98,-0.125,0.269,Normal,prophet,prophet,26,ok
Bihar,East Champaran,Summer,31.767,277.33,0.887,-0.126,Normal,prophet,prophet,27,ok
Bihar,East Champaran,Whole Year,26.001,1164.94,0.018,0.097,Normal,prophet,prophet,26,ok
Bihar,East Champaran,Winter,18.064,15.89,-0.255,-0.198,Normal,prophet,prophet,26,ok
Bihar,Gaya,Autumn,25.868,512.65,0.001,0.139,Normal,prophet,prophet,26,ok
Bihar,Gaya,Kharif,29.881,887.18,0.251,-0.048,Normal,prophet,prophet,26,ok
Bihar,Gaya,Rabi,20.775,116.87,0.029,0.191,Normal,prophet,prophet,26,ok
Bihar,Gaya,Summer,32.789,191.49,0.769,-0.157,Normal,prophet,prophet,27,ok
Bihar,Gaya,Whole Year,26.271,1001.25,-0.018,0.006,Normal,prophet,prophet,26,ok
Bihar,Gaya,Winter,18.068,22.26,-0.059,0.054,Normal,prophet,prophet,26,ok
Bihar,Gopalganj,Autumn,25.93,550.74,0.05,0.371,Normal,prophet,prophet,26,ok
Bihar,Gopalganj,Kharif,29.864,930.07,0.381,-0.12,Normal,prophet,prophet,26,ok
Bihar,Gopalganj,Rabi,20.537,118.61,0.01,0.191,Normal,prophet,prophet,26,ok
Bihar,Gopalganj,Summer,32.291,237.61,1.024,-0.141,Hotter than normal,prophet,prophet,27,ok
Bihar,Gopalganj,Whole Year,26.145,1076.04,0.282,-0.056,Normal,prophet,prophet,26,ok
Bihar,Gopalganj,Winter,17.811,17.57,-0.137,-0.159,Normal,prophet,prophet,26,ok
Bihar,Jamui,Autumn,25.439,637.4,-0.362,0.611,Normal,prophet,prophet,26,ok
Bihar,Jamui,Kharif,29.103,1012.85,0.298,0.179,Normal,prophet,prophet,26,ok
Bihar,Jamui,Rabi,20.439,156.37,-0.232,0.257,Normal,prophet,prophet,26,ok
Bihar,Jamui,Summer,31.619,270.5,0.817,-0.09,Normal,prophet,prophet,27,ok
Bihar,Jamui,Whole Year,25.736,1170.0,0.026,0.201,Normal,prophet,prophet,26,ok
Bihar,Jamui,Winter,17.853,22.91,-0.227,0.016,Normal,prophet,prophet,26,ok
Bihar,Jehanabad,Autumn,25.868,512.65,0.001,0.139,Normal,prophet,prophet,26,ok
Bihar,Jehanabad,Kharif,29.881,887.18,0.251,-0.048,Normal,prophet,prophet,26,ok
Bihar,Jehanabad,Rabi,20.775,116.87,0.029,0.191,Normal,prophet,prophet,26,ok
Bihar,Jehanabad,Summer,32.789,191.49,0.769,-0.157,Normal,prophet,prophet,27,ok
Bihar,Jehanabad,Whole Year,26.271,1001.25,-0.018,0.006,Normal,prophet,prophet,26,ok
Bihar,Jehanabad,Winter,18.068,22.26,-0.059,0.054,Normal,prophet,prophet,26,ok
Bihar,Kaimur,Autumn,25.295,553.83,-0.305,0.517,Normal,prophet,prophet,26,ok
Bihar,Kaimur,Kharif,29.462,888.56,0.13,0.127,Normal,prophet,prophet,26,ok
Bihar,Kaimur,Rabi,20.332,127.97,-0.4,0.286,Normal,prophet,prophet,26,ok
Bihar,Kaimur,Summer,32.995,157.8,0.693,-0.143,Normal,prophet,prophet,27,ok
Bihar,Kaimur,Whole Year,26.024,981.93,-0.284,0.173,Normal,prophet,prophet,26,ok
Bihar,Kaimur,Winter,17.649,21.07,-0.447,-0.006,Normal,prophet,prophet,26,ok
Bihar,Katihar,Autumn,25.934,754.24,-0.015,0.733,Normal,prophet,prophet,26,ok
Bihar,Katihar,Kharif,29.043,1222.34,0.549,0.414,Normal,prophet,prophet,26,ok
Bihar,Katihar,Rabi,20.865,176.03,0.083,0.314,Normal,prophet,prophet,26,ok
Bihar,Katihar,Summer,30.655,427.67,0.778,0.08,Normal,prophet,prophet,27,ok
Bihar,Katihar,Whole Year,25.685,1448.63,0.197,0.332,Normal,prophet,prophet,26,ok
Bihar,Katihar,Winter,18.142,18.07,-0.224,-0.024,Normal,prophet,prophet,26,ok
Bihar,Khagaria,Autumn,25.869,791.28,-0.132,0.86,Normal,prophet,prophet,26,ok
Bihar,Khagaria,Kharif,29.116,1302.46,0.352,0.608,Normal,prophet,prophet,26,ok
Bihar,Khagaria,Rabi,20.74,185.4,0.029,0.448,Normal,prophet,prophet,26,ok
Bihar,Khagaria,Summer,31.037,446.52,0.765,0.168,Normal,prophet,prophet,27,ok
Bihar,Khagaria,Whole Year,25.718,1549.6,0.097,0.609,Normal,prophet,prophet,26,ok
Bihar,Khagaria,Winter,17.767,17.19,-0.48,-0.05,Normal,prophet,prophet,26,ok
Bihar,Kishanganj,Autumn,24.859,1060.46,-0.354,0.74,Normal,prophet,prophet,26,ok
Bihar,Kishanganj,Kharif,27.071,2051.65,-0.012,0.535,Normal,prophet,prophet,26,ok
Bihar,Kishanganj,Rabi,20.313,260.72,-0.323,0.446,Normal,prophet,prophet,26,ok
Bihar,Kishanganj,Summer,27.135,884.45,-0.047,0.486,Normal,prophet,prophet,27,ok
Bihar,Kishanganj,Whole Year,24.029,2495.89,-0.398,0.586,Normal,prophet,prophet,26,ok
Bihar,Kishanganj,Winter,18.31,24.5,-0.335,-0.045,Normal,prophet,prophet,26,ok
Bihar,Lakhisarai,Autumn,25.439,637.4,-0.362,0.611,Normal,prophet,prophet,26,ok
Bihar,Lakhisarai,Kharif,29.103,1012.85,0.298,0.179,Normal,prophet,prophet,26,ok
Bihar,Lakhisarai,Rabi,20.439,156.37,-0.232,0.257,Normal,prophet,prophet,26,ok
Bihar,Lakhisarai,Summer,31.619,270.5,0.817,-0.09,Normal,prophet,prophet,27,ok
Bihar,Lakhisarai,Whole Year,25.736,1170.0,0.026,0.201,Normal,prophet,prophet,26,ok
Bihar,Lakhisarai,Winter,17.853,22.91,-0.227,0.016,Normal,prophet,prophet,26,ok
Bihar,Madhepura,Autumn,25.812,851.85,-0.02,0.926,Normal,prophet,prophet,26,ok
Bihar,Madhepura,Kharif,28.74,1465.96,0.011,0.675,Normal,prophet,prophet,26,ok
Bihar,Madhepura,Rabi,20.513,187.55,-0.144,0.485,Normal,prophet,prophet,26,ok
Bihar,Madhepura,Summer,30.175,521.58,0.459,0.291,Normal,prophet,prophet,27,ok
Bihar,Madhepura,Whole Year,25.264,1713.77,-0.253,0.586,Normal,prophet,prophet,26,ok
Bihar,Madhepura,Winter,17.801,14.04,-0.45,-0.115,Normal,prophet,prophet,26,ok
Bihar,Madhubani,Autumn,25.766,723.47,-0.28,1.113,Wetter than normal,prophet,prophet,26,ok
Bihar,Madhubani,Kharif,28.749,1174.75,-0.024,0.359,Normal,prophet,prophet,26,ok
Bihar,Madhubani,Rabi,20.843,188.49,-0.088,0.707,Normal,prophet,prophet,26,ok
Bihar,Madhubani,Summer,29.996,427.21,0.332,0.236,Normal,prophet,prophet,27,ok
Bihar,Madhubani,Whole Year,25.365,1421.83,-0.263,0.415,Normal,prophet,prophet,26,ok
Bihar,Madhubani,Winter,18.342,13.06,-0.365,-0.194,Normal,prophet,prophet,26,ok
Bihar,Munger,Autumn,25.439,637.4,-0.362,0.611,Normal,prophet,prophet,26,ok
Bihar,Munger,Kharif,29.103,1012.85,0.298,0.179,Normal,prophet,prophet,26,ok
Bihar,Munger,Rabi,20.439,156.37,-0.232,0.257,Normal,prophet,prophet,26,ok
Bihar,Munger,Summer,31.619,270.5,0.817,-0.09,Normal,prophet,prophet,27,ok
Bihar,Munger,Whole Year,25.736,1170.0,0.026,0.201,Normal,prophet,prophet,26,ok
Bihar,Munger,Winter,17.853,22.91,-0.227,0.016,Normal,prophet,prophet,26,ok
Bihar,Muzaffarpur,Autumn,26.06,624.92,-0.421,0.821,Normal,prophet,prophet,26,ok
Bihar,Muzaffarpur,Kharif,29.747,951.2,0.065,0.1,Normal,prophet,prophet,26,ok
Bihar,Muzaffarpur,Rabi,20.816,115.62,-0.25,0.176,Normal,prophet,prophet,26,ok
Bihar,Muzaffarpur,Summer,31.921,247.6,0.766,-0.185,Normal,prophet,prophet,27,ok
Bihar,Muzaffarpur,Whole Year,26.14,1106.64,-0.089,0.111,Normal,prophet,prophet,26,ok
Bihar,Muzaffarpur,Winter,18.273,13.34,-0.228,-0.179,Normal,prophet,prophet,26,ok
Bihar,Nalanda,Autumn,25.654,538.19,-0.166,0.301,Normal,prophet,prophet,26,ok
Bihar,Nalanda,Kharif,29.584,905.58,0.241,-0.047,Normal,prophet,prophet,26,ok
Bihar,Nalanda,Rabi,20.515,122.31,-0.013,0.187,Normal,prophet,prophet,26,ok
Bihar,Nalanda,Summer,32.295,212.69,0.942,-0.151,Normal,prophet,prophet,27,ok
Bihar,Nalanda,Whole Year,25.923,1031.28,-0.07,0.014,Normal,prophet,prophet,26,ok
Bihar,Nalanda,Winter,17.866,22.28,-0.054,0.026,Normal,prophet,prophet,26,ok
Bihar,Nawada,Autumn,25.654,538.19,-0.166,0.301,Normal,prophet,prophet,26,ok
Bihar,Nawada,Kharif,29.584,905.58,0.241,-0.047,Normal,prophet,prophet,26,ok
Bihar,Nawada,Rabi,20.515,122.31,-0.013,0.187,Normal,prophet,prophet,26,ok
Bihar,Nawada,Summer,32.295,212.69,0.942,-0.151,Normal,prophet,prophet,27,ok
Bihar,Nawada,Whole Year,25.923,1031.28,-0.07,0.014,Normal,prophet,prophet,26,ok
Bihar,Nawada,Winter,17.866,22.28,-0.054,0.026,Normal,prophet,prophet,26,ok
Bihar,Patna,Autumn,26.076,475.45,-0.077,0.205,Normal,prophet,prophet,26,ok
Bihar,Patna,Kharif,30.085,808.71,0.213,-0.102,Normal,prophet,prophet,26,ok
Bihar,Patna,Rabi,20.9,104.58,0.036,0.163,Normal,prophet,prophet,26,ok
Bihar,Patna,Summer,32.907,175.39,0.872,-0.264,Normal,prophet,prophet,27,ok
Bihar,Patna,Whole Year,26.41,924.04,0.046,-0.043,Normal,prophet,prophet,26,ok
Bihar,Patna,Winter,18.151,16.1,-0.045,-0.075,Normal,prophet,prophet,26,ok
Bihar,Purnia,Autumn,25.897,817.94,-0.035,0.831,Normal,prophet,prophet,26,ok
Bihar,Purnia,Kharif,28.746,1345.44,0.254,0.351,Normal,prophet,prophet,26,ok
Bihar,Purnia,Rabi,20.784,177.36,-0.051,0.383,Normal,prophet,prophet,26,ok
Bihar,Purnia,Summer,29.899,514.58,0.497,0.259,Normal,prophet,prophet,27,ok
Bihar,Purnia,Whole Year,25.338,1587.61,-0.142,0.261,Normal,prophet,prophet,26,ok
Bihar,Purnia,Winter,18.213,13.92,-0.311,-0.131,Normal,prophet,prophet,26,ok
Bihar,Rohtas,Autumn,25.295,553.83,-0.305,0.517,Normal,prophet,prophet,26,ok
Bihar,Rohtas,Kharif,29.462,888.56,0.13,0.127,Normal,prophet,prophet,26,ok
Bihar,Rohtas,Rabi,20.332,127.97,-0.4,0.286,Normal,prophet,prophet,26,ok
Bihar,Rohtas,Summer,32.995,157.8,0.693,-0.143,Normal,prophet,prophet,27,ok
Bihar,Rohtas,Whole Year,26.024,981.93,-0.284,0.173,Normal,prophet,prophet,26,ok
Bihar,Rohtas,Winter,17.649,21.07,-0.447,-0.006,Normal,prophet,prophet,26,ok
Bihar,Saharsa,Autumn,25.812,851.85,-0.02,0.926,Normal,prophet,prophet,26,ok
Bihar,Saharsa,Kharif,28.74,1465.96,0.011,0.675,Normal,prophet,prophet,26,ok
Bihar,Saharsa,Rabi,20.513,187.55,-0.144,0.485,Normal,prophet,prophet,26,ok
Bihar,Saharsa,Summer,30.175,521.58,0.459,0.291,Normal,prophet,prophet,27,ok
Bihar,Saharsa,Whole Year,25.264,1713.77,-0.253,0.586,Normal,prophet,prophet,26,ok
Bihar,Saharsa,Winter,17.801,14.04,-0.45,-0.115,Normal,prophet,prophet,26,ok
Bihar,Samastipur,Autumn,26.06,624.92,-0.421,0.821,Normal,prophet,prophet,26,ok
Bihar,Samastipur,Kharif,29.747,951.2,0.065,0.1,Normal,prophet,prophet,26,ok
Bihar,Samastipur,Rabi,20.816,115.62,-0.25,0.176,Normal,prophet,prophet,26,ok
Bihar,Samastipur,Summer,31.921,247.6,0.766,-0.185,Normal,prophet,prophet,27,ok
Bihar,Samastipur,Whole Year,26.14,1106.64,-0.089,0.111,Normal,prophet,prophet,26,ok
Bihar,Samastipur,Winter,18.273,13.34,-0.228,-0.179,Normal,prophet,prophet,26,ok
Bihar,Saran,Autumn,26.109,504.32,-0.265,0.345,Normal,prophet,prophet,26,ok
Bihar,Saran,Kharif,30.047,826.91,0.144,-0.088,Normal,prophet,prophet,26,ok
Bihar,Saran,Rabi,20.815,105.8,-0.144,0.164,Normal,prophet,prophet,26,ok
Bihar,Saran,Summer,32.686,195.78,1.058,-0.262,Hotter than normal,prophet,prophet,27,ok
Bihar,Saran,Whole Year,26.373,963.53,0.061,-0.021,Normal,prophet,prophet,26,ok
Bihar,Saran,Winter,18.193,13.81,-0.138,-0.17,Normal,prophet,prophet,26,ok
Bihar,Sheikhpura,Autumn,25.654,538.19,-0.166,0.301,Normal,prophet,prophet,26,ok
Bihar,Sheikhpura,Kharif,29.584,905.58,0.241,-0.047,Normal,prophet,prophet,26,ok
Bihar,Sheikhpura,Rabi,20.515,122.31,-0.013,0.187,Normal,prophet,prophet,26,ok
Bihar,Sheikhpura,Summer,32.295,212.69,0.942,-0.151,Normal,prophet,prophet,27,ok
Bihar,Sheikhpura,Whole Year,25.923,1031.28,-0.07,0.014,Normal,prophet,prophet,26,ok
Bihar,Sheikhpura,Winter,17.866,22.28,-0.054,0.026,Normal,prophet,prophet,26,ok
Bihar,Sheohar,Autumn,26.024,605.04,-0.181,0.587,Normal,prophet,prophet,26,ok
Bihar,Sheohar,Kharif,29.64,980.75,0.117,0.027,Normal,prophet,prophet,26,ok
Bihar,Sheohar,Rabi,20.703,129.98,-0.125,0.269,Normal,prophet,prophet,26,ok
Bihar,Sheohar,Summer,31.767,277.33,0.887,-0.126,Normal,prophet,prophet,27,ok
Bihar,Sheohar,Whole Year,26.001,1164.94,0.018,0.097,Normal,prophet,prophet,26,ok
Bihar,Sheohar,Winter,18.064,15.89,-0.255,-0.198,Normal,prophet,prophet,26,ok
Bihar,Sitamarhi,Autumn,26.005,673.37,-0.305,0.876,Normal,prophet,prophet,26,ok
Bihar,Sitamarhi,Kharif,29.27,1066.23,-0.095,0.149,Normal,prophet,prophet,26,ok
Bihar,Sitamarhi,Rabi,20.894,160.2,-0.116,0.536,Normal,prophet,prophet,26,ok
Bihar,Sitamarhi,Summer,30.991,340.43,0.542,-0.02,Normal,prophet,prophet,27,ok
Bihar,Sitamarhi,Whole Year,25.773,1289.16,-0.203,0.223,Normal,prophet,prophet,26,ok
Bihar,Sitamarhi,Winter,18.302,14.03,-0.324,-0.21,Normal,prophet,prophet,26,ok
Bihar,Siwan,Autumn,25.971,457.38,-0.125,0.247,Normal,prophet,prophet,26,ok
Bihar,Siwan,Kharif,30.178,748.24,0.308,-0.291,Normal,prophet,prophet,26,ok
Bihar,Siwan,Rabi,20.65,104.32,-0.072,0.188,Normal,prophet,prophet,26,ok
Bihar,Siwan,Summer,32.879,160.32,0.928,-0.304,Normal,prophet,prophet,27,ok
Bihar,Siwan,Whole Year,26.423,856.52,0.204,-0.21,Normal,prophet,prophet,26,ok
Bihar,Siwan,Winter,17.927,14.61,-0.113,-0.134,Normal,prophet,prophet,26,ok
Bihar,Supaul,Autumn,25.347,834.15,-0.074,1.046,Wetter than normal,prophet,prophet,26,ok
Bihar,Supaul,Kharif,27.945,1492.02,-0.096,0.648,Normal,prophet,prophet,26,ok
Bihar,Supaul,Rabi,20.46,204.81,-0.098,0.631,Normal,prophet,prophet,26,ok
Bihar,Supaul,Summer,28.825,582.88,0.158,0.46,Normal,prophet,prophet,27,ok
Bihar,Supaul,Whole Year,24.662,1794.84,-0.382,0.668,Normal,prophet,prophet,26,ok
Bihar,Supaul,Winter,18.019,16.07,-0.39,-0.096,Normal,prophet,prophet,26,ok
Bihar,Vaishali,Autumn,25.983,549.83,-0.333,0.52,Normal,prophet,prophet,26,ok
Bihar,Vaishali,Kharif,29.876,880.61,0.141,-0.018,Normal,prophet,prophet,26,ok
Bihar,Vaishali,Rabi,20.896,112.26,-0.033,0.162,Normal,prophet,prophet,26,ok
Bihar,Vaishali,Summer,32.611,208.71,0.961,-0.22,Normal,prophet,prophet,27,ok
Bihar,Vaishali,Whole Year,26.285,1007.8,-0.018,0.011,Normal,prophet,prophet,26,ok
Bihar,Vaishali,Winter,18.221,16.11,-0.077,-0.091,Normal,prophet,prophet,26,ok
Bihar,West Champaran,Autumn,25.587,699.89,-0.065,0.494,Normal,prophet,prophet,26,ok
Bihar,West Champaran,Kharif,29.234,1272.0,0.41,0.24,Normal,prophet,prophet,26,ok
Bihar,West Champaran,Rabi,20.269,152.14,0.014,0.233,Normal,prophet,prophet,26,ok
Bihar,West Champaran,Summer,31.4,385.15,1.159,0.087,Hotter than normal,prophet,prophet,27,ok
Bihar,West Champaran,Whole Year,25.601,1487.35,0.272,0.23,Normal,prophet,prophet,26,ok
Bihar,West Champaran,Winter,17.574,24.81,-0.231,-0.136,Normal,prophet,prophet,26,ok
Chandigarh,Chandigarh,Autumn,24.102,607.29,-0.05,0.504,Normal,prophet,prophet,26,ok
Chandigarh,Chandigarh,Kharif,27.747,1159.76,-0.618,0.581,Normal,prophet,prophet,26,ok
Chandigarh,Chandigarh,Rabi,18.271,192.85,0.558,0.362,Normal,prophet,prophet,26,ok
Chandigarh,Chandigarh,Summer,28.85,286.56,0.255,0.146,Normal,prophet,prophet,27,ok
Chandigarh,Chandigarh,Whole Year,23.735,1427.08,0.082,0.711,Normal,prophet,prophet,26,ok
Chandigarh,Chandigarh,Winter,15.913,110.49,0.561,0.074,Normal,prophet,prophet,26,ok
Chhattisgarh,Balod,Autumn,23.781,785.89,-0.115,0.371,Normal,prophet,prophet,26,ok
Chhattisgarh,Balod,Kharif,26.736,1389.53,0.726,0.284,Normal,prophet,prophet,26,ok
Chhattisgarh,Balod,Rabi,21.212,110.58,-0.356,-0.116,Normal,prophet,prophet,26,ok
Chhattisgarh,Balod,Summer,31.382,291.23,0.394,0.003,Normal,prophet,prophet,27,ok
Chhattisgarh,Balod,Whole Year,25.127,1583.04,-0.438,0.516,Normal,prophet,prophet,26,ok
Chhattisgarh,Balod,Winter,18.825,39.47,-0.62,-0.052,Normal,prophet,prophet,26,ok
Chhattisgarh,Baloda Bazar,Autumn,24.317,776.44,-0.462,0.432,Normal,prophet,prophet,26,ok
Chhattisgarh,Baloda Bazar,Kharif,27.528,1376.93,0.257,0.536,Normal,prophet,prophet,26,ok
Chhattisgarh,Baloda Bazar,Rabi,20.961,123.65,-0.46,0.046,Normal,prophet,prophet,26,ok
Chhattisgarh,Baloda Bazar,Summer,31.83,275.52,0.25,-0.085,Normal,prophet,prophet,27,ok
Chhattisgarh,Baloda Bazar,Whole Year,25.26,1562.63,-0.815,0.547,Normal,prophet,prophet,26,ok
Chhattisgarh,Baloda Bazar,Winter,18.569,48.71,-0.627,0.011,Normal,prophet,prophet,26,ok
Chhattisgarh,Balrampur,Autumn,22.362,723.28,-0.44,0.279,Normal,prophet,prophet,26,ok
Chhattisgarh,Balrampur,Kharif,25.917,1230.2,0.197,0.224,Normal,prophet,prophet,26,ok
Chhattisgarh,Balrampur,Rabi,18.275,164.78,-0.31,0.266,Normal,prophet,prophet,26,ok
Chhattisgarh,Balrampur,Summer,29.156,247.28,0.315,-0.116,Normal,prophet,prophet,27,ok
Chhattisgarh,Balrampur,Whole Year,23.089,1370.27,-0.472,0.232,Normal,prophet,prophet,26,ok
Chhattisgarh,Balrampur,Winter,15.842,40.91,-0.459,0.026,Normal,prophet,prophet,26,ok
Chhattisgarh,Bastar,Autumn,23.46,788.64,0.356,-0.147,Normal,prophet,prophet,26,ok
Chhattisgarh,Bastar,Kharif,25.675,1354.86,0.977,-0.28,Normal,prophet,prophet,26,ok
Chhattisgarh,Bastar,Rabi,21.479,163.89,-0.059,-0.057,Normal,prophet,prophet,26,ok
Chhattisgarh,Bastar,Summer,29.498,347.44,0.244,-0.032,Normal,prophet,prophet,27,ok
Chhattisgarh,Bastar,Whole Year,24.621,1638.26,0.144,-0.015,Normal,prophet,prophet,26,ok
Chhattisgarh,Bastar,Winter,19.491,40.16,-0.132,-0.035,Normal,prophet,prophet,26,ok
Chhattisgarh,Bemetara,Autumn,24.122,748.01,-0.637,0.459,Normal,prophet,prophet,26,ok
Chhattisgarh,Bemetara,Kharif,27.332,1348.6,0.188,0.603,Normal,prophet,prophet,26,ok
Chhattisgarh,Bemetara,Rabi,21.705,119.19,-0.073,0.041,Normal,prophet,prophet,26,ok
Chhattisgarh,Bemetara,Summer,32.287,279.12,0.447,-0.07,Normal,prophet,prophet,27,ok
Chhattisgarh,Bemetara,Whole Year,25.674,1532.08,-0.415,0.556,Normal,prophet,prophet,26,ok
Chhattisgarh,Bemetara,Winter,19.154,48.59,-0.523,0.002,Normal,prophet,prophet,26,ok
Chhattisgarh,Bilaspur,Autumn,24.227,757.35,-0.673,0.491,Normal,prophet,prophet,26,ok
Chhattisgarh,Bilaspur,Kharif,27.568,1346.01,0.085,0.723,Normal,prophet,prophet,26,ok
Chhattisgarh,Bilaspur,Rabi,21.367,140.16,-0.338,0.187,Normal,prophet,prophet,26,ok
Chhattisgarh,Bilaspur,Summer,32.4,302.61,0.383,0.036,Normal,prophet,prophet,27,ok
Chhattisgarh,Bilaspur,Whole Year,25.666,1522.62,-0.531,0.647,Normal,prophet,prophet,26,ok
Chhattisgarh,Bilaspur,Winter,18.968,51.66,-0.512,0.04,Normal,prophet,prophet,26,ok
Chhattisgarh,Dantewada,Autumn,23.851,744.69,0.44,-0.144,Normal,prophet,prophet,26,ok
Chhattisgarh,Dantewada,Kharif,25.82,1371.49,0.874,-0.23,Normal,prophet,prophet,26,ok
Chhattisgarh,Dantewada,Rabi,22.508,132.26,0.187,-0.162,Normal,prophet,prophet,26,ok
Chhattisgarh,Dantewada,Summer,29.967,349.59,0.382,0.05,Normal,prophet,prophet,27,ok
Chhattisgarh,Dantewada,Whole Year,25.173,1641.31,0.262,0.075,Normal,prophet,prophet,26,ok
Chhattisgarh,Dantewada,Winter,20.683,32.34,0.036,-0.103,Normal,prophet,prophet,26,ok
Chhattisgarh,Dhamtari,Autumn,23.734,733.41,-0.129,0.199,Normal,prophet,prophet,26,ok
Chhattisgarh,Dhamtari,Kharif,26.675,1245.67,0.615,-0.176,Normal,prophet,prophet,26,ok
Chhattisgarh,Dhamtari,Rabi,21.118,119.06,-0.388,-0.129,Normal,prophet,prophet,26,ok
Chhattisgarh,Dhamtari,Summer,31.248,271.46,0.324,-0.017,Normal,prophet,prophet,27,ok
Chhattisgarh,Dhamtari,Whole Year,25.081,1427.77,-0.45,0.083,Normal,prophet,prophet,26,ok
Chhattisgarh,Dhamtari,Winter,18.824,40.25,-0.566,-0.044,Normal,prophet,prophet,26,ok
Chhattisgarh,Durg,Autumn,24.158,781.41,-0.328,0.472,Normal,prophet,prophet,26,ok
Chhattisgarh,Durg,Kharif,27.293,1391.54,0.44,0.505,Normal,prophet,prophet,26,ok
Chhattisgarh,Durg,Rabi,21.357,110.41,-0.306,-0.054,Normal,prophet,prophet,26,ok
Chhattisgarh,Durg,Summer,32.117,277.03,0.449,-0.064,Normal,prophet,prophet,27,ok
Chhattisgarh,Durg,Whole Year,25.505,1583.37,-0.486,0.61,Normal,prophet,prophet,26,ok
Chhattisgarh,Durg,Winter,18.849,44.0,-0.633,-0.024,Normal,prophet,prophet,26,ok
Chhattisgarh,Gariaband,Autumn,23.75,767.59,-0.292,0.333,Normal,prophet,prophet,26,ok
Chhattisgarh,Gariaband,Kharif,26.687,1313.86,0.538,0.115,Normal,prophet,prophet,26,ok
Chhattisgarh,Gariaband,Rabi,21.148,118.45,-0.334,-0.118,Normal,prophet,prophet,26,ok
Chhattisgarh,Gariaband,Summer,31.222,277.93,0.32,-0.002,Normal,prophet,prophet,27,ok
Chhattisgarh,Gariaband,Whole Year,25.036,1496.49,-0.558,0.327,Normal,prophet,prophet,26,ok
Chhattisgarh,Gariaband,Winter,18.817,41.33,-0.564,-0.038,Normal,prophet,prophet,26,ok
Chhattisgarh,Gaurella-Pendra-Marwahi,Autumn,22.465,707.79,-0.648,0.456,Normal,prophet,prophet,26,ok
Chhattisgarh,Gaurella-Pendra-Marwahi,Kharif,25.86,1252.09,-0.075,0.514,Normal,prophet,prophet,26,ok
Chhattisgarh,Gaurella-Pendra-Marwahi,Rabi,19.249,146.04,-0.343,0.168,Normal,prophet,prophet,26,ok
Chhattisgarh,Gaurella-Pendra-Marwahi,Summer,30.124,303.93,0.437,0.059,Normal,prophet,prophet,27,ok
Chhattisgarh,Gaurella-Pendra-Marwahi,Whole Year,23.694,1423.52,-0.5,0.597,Normal,prophet,prophet,26,ok
Chhattisgarh,Gaurella-Pendra-Marwahi,Winter,16.969,53.21,-0.451,0.098,Normal,prophet,prophet,26,ok
Chhattisgarh,Janjgir-Champa,Autumn,24.402,739.68,-0.501,0.455,Normal,prophet,prophet,26,ok
Chhattisgarh,Janjgir-Champa,Kharif,27.678,1318.33,0.091,0.587,Normal,prophet,prophet,26,ok
Chhattisgarh,Janjgir-Champa,Rabi,20.787,137.75,-0.464,0.184,Normal,prophet,prophet,26,ok
Chhattisgarh,Janjgir-Champa,Summer,31.894,299.2,0.256,0.005,Normal,prophet,prophet,27,ok
Chhattisgarh,Janjgir-Champa,Whole Year,25.227,1500.62,-0.831,0.533,Normal,prophet,prophet,26,ok
Chhattisgarh,Janjgir-Champa,Winter,18.335,53.26,-0.606,0.046,Normal,prophet,prophet,26,ok
Chhattisgarh,Jashpur,Autumn,22.156,711.29,-0.418,0.179,Normal,prophet,prophet,26,ok
Chhattisgarh,Jashpur,Kharif,25.515,1268.91,0.279,0.26,Normal,prophet,prophet,26,ok
Chhattisgarh,Jashpur,Rabi,18.263,165.64,-0.322,0.21,Normal,prophet,prophet,26,ok
Chhattisgarh,Jashpur,Summer,28.65,270.76,0.244,-0.1,Normal,prophet,prophet,27,ok
Chhattisgarh,Jashpur,Whole Year,22.83,1421.34,-0.52,0.287,Normal,prophet,prophet,26,ok
Chhattisgarh,Jashpur,Winter,15.943,44.39,-0.421,0.031,Normal,prophet,prophet,26,ok
Chhattisgarh,Kabirdham,Autumn,23.599,712.39,-0.864,0.423,Normal,prophet,prophet,26,ok
Chhattisgarh,Kabirdham,Kharif,26.832,1288.79,-0.046,0.566,Normal,prophet,prophet,26,ok
Chhattisgarh,Kabirdham,Rabi,21.283,133.51,-0.296,0.177,Normal,prophet,prophet,26,ok
Chhattisgarh,Kabirdham,Summer,31.754,301.64,0.387,0.015,Normal,prophet,prophet,27,ok
Chhattisgarh,Kabirdham,Whole Year,25.249,1488.65,-0.499,0.551,Normal,prophet,prophet,26,ok
Chhattisgarh,Kabirdham,Winter,18.996,53.08,-0.533,0.036,Normal,prophet,prophet,26,ok
Chhattisgarh,Kanker,Autumn,23.781,785.89,-0.115,0.371,Normal,prophet,prophet,26,ok
Chhattisgarh,Kanker,Kharif,26.736,1389.53,0.726,0.284,Normal,prophet,prophet,26,ok
Chhattisgarh,Kanker,Rabi,21.212,110.58,-0.356,-0.116,Normal,prophet,prophet,26,ok
Chhattisgarh,Kanker,Summer,31.382,291.23,0.394,0.003,Normal,prophet,prophet,27,ok
Chhattisgarh,Kanker,Whole Year,25.127,1583.04,-0.438,0.516,Normal,prophet,prophet,26,ok
Chhattisgarh,Kanker,Winter,18.825,39.47,-0.62,-0.052,Normal,prophet,prophet,26,ok
Chhattisgarh,Kondagaon,Autumn,22.853,732.94,0.125,-0.105,Normal,prophet,prophet,26,ok
Chhattisgarh,Kondagaon,Kharif,25.39,1241.94,0.975,-0.369,Normal,prophet,prophet,26,ok
Chhattisgarh,Kondagaon,Rabi,20.47,138.99,-0.189,-0.157,Normal,prophet,prophet,26,ok
Chhattisgarh,Kondagaon,Summer,29.179,325.2,0.246,0.094,Normal,prophet,prophet,27,ok
Chhattisgarh,Kondagaon,Whole Year,23.964,1494.49,-0.14,-0.112,Normal,prophet,prophet,26,ok
Chhattisgarh,Kondagaon,Winter,18.421,35.16,-0.187,-0.094,Normal,prophet,prophet,26,ok
Chhattisgarh,Korba,Autumn,23.807,705.88,-0.504,0.389,Normal,prophet,prophet,26,ok
Chhattisgarh,Korba,Kharif,27.094,1274.06,0.019,0.514,Normal,prophet,prophet,26,ok
Chhattisgarh,Korba,Rabi,20.389,139.38,-0.338,0.128,Normal,prophet,prophet,26,ok
Chhattisgarh,Korba,Summer,31.352,320.75,0.336,0.091,Normal,prophet,prophet,27,ok
Chhattisgarh,Korba,Whole Year,24.805,1459.5,-0.664,0.53,Normal,prophet,prophet,26,ok
Chhattisgarh,Korba,Winter,17.984,55.56,-0.477,0.062,Normal,prophet,prophet,26,ok
Chhattisgarh,Korea,Autumn,23.213,673.8,-0.617,0.346,Normal,prophet,prophet,26,ok
Chhattisgarh,Korea,Kharif,26.589,1227.75,-0.046,0.487,Normal,prophet,prophet,26,ok
Chhattisgarh,Korea,Rabi,20.143,132.88,-0.258,0.107,Normal,prophet,prophet,26,ok
Chhattisgarh,Korea,Summer,30.937,302.38,0.427,0.018,Normal,prophet,prophet,27,ok
Chhattisgarh,Korea,Whole Year,24.504,1401.47,-0.473,0.543,Normal,prophet,prophet,26,ok
Chhattisgarh,Korea,Winter,17.825,55.24,-0.389,0.128,Normal,prophet,prophet,26,ok
Chhattisgarh,Mahasamund,Autumn,24.088,796.5,-0.355,0.43,Normal,prophet,prophet,26,ok
Chhattisgarh,Mahasamund,Kharif,27.165,1381.42,0.404,0.373,Normal,prophet,prophet,26,ok
Chhattisgarh,Mahasamund,Rabi,21.132,117.29,-0.424,-0.047,Normal,prophet,prophet,26,ok
Chhattisgarh,Mahasamund,Summer,31.697,270.57,0.306,-0.067,Normal,prophet,prophet,27,ok
Chhattisgarh,Mahasamund,Whole Year,25.243,1570.86,-0.695,0.502,Normal,prophet,prophet,26,ok
Chhattisgarh,Mahasamund,Winter,18.792,44.9,-0.597,-0.016,Normal,prophet,prophet,26,ok
Chhattisgarh,Mungeli,Autumn,24.227,757.35,-0.673,0.491,Normal,prophet,prophet,26,ok
Chhattisgarh,Mungeli,Kharif,27.568,1346.01,0.085,0.723,Normal,prophet,prophet,26,ok
Chhattisgarh,Mungeli,Rabi,21.367,140.16,-0.338,0.187,Normal,prophet,prophet,26,ok
Chhattisgarh,Mungeli,Summer,32.4,302.61,0.383,0.036,Normal,prophet,prophet,27,ok
Chhattisgarh,Mungeli,Whole Year,25.666,1522.62,-0.531,0.647,Normal,prophet,prophet,26,ok
Chhattisgarh,Mungeli,Winter,18.968,51.66,-0.512,0.04,Normal,prophet,prophet,26,ok
Chhattisgarh,Narayanpur,Autumn,23.396,753.09,0.314,-0.028,Normal,prophet,prophet,26,ok
Chhattisgarh,Narayanpur,Kharif,25.618,1366.84,0.871,-0.141,Normal,prophet,prophet,26,ok
Chhattisgarh,Narayanpur,Rabi,21.817,123.42,0.079,-0.189,Normal,prophet,prophet,26,ok
Chhattisgarh,Narayanpur,Summer,29.789,344.38,0.291,0.21,Normal,prophet,prophet,27,ok
Chhattisgarh,Narayanpur,Whole Year,24.726,1621.24,-0.016,0.176,Normal,prophet,prophet,26,ok
Chhattisgarh,Narayanpur,Winter,19.827,31.55,-0.156,-0.122,Normal,prophet,prophet,26,ok
Chhattisgarh,Raigarh,Autumn,24.569,694.41,-0.487,0.147,Normal,prophet,prophet,26,ok
Chhattisgarh,Raigarh,Kharif,27.726,1255.67,0.129,0.337,Normal,prophet,prophet,26,ok
Chhattisgarh,Raigarh,Rabi,21.197,139.17,-0.303,0.147,Normal,prophet,prophet,26,ok
Chhattisgarh,Raigarh,Summer,31.762,272.28,0.211,-0.117,Normal,prophet,prophet,27,ok
Chhattisgarh,Raigarh,Whole Year,25.456,1423.26,-0.7,0.432,Normal,prophet,prophet,26,ok
Chhattisgarh,Raigarh,Winter,18.817,49.46,-0.435,0.056,Normal,prophet,prophet,26,ok
Chhattisgarh,Raipur,Autumn,24.234,777.1,-0.253,0.42,Normal,prophet,prophet,26,ok
Chhattisgarh,Raipur,Kharif,27.348,1328.65,0.361,0.261,Normal,prophet,prophet,26,ok
Chhattisgarh,Raipur,Rabi,21.19,117.24,-0.399,-0.054,Normal,prophet,prophet,26,ok
Chhattisgarh,Raipur,Summer,31.99,265.66,0.356,-0.072,Normal,prophet,prophet,27,ok
Chhattisgarh,Raipur,Whole Year,25.452,1525.21,-0.553,0.505,Normal,prophet,prophet,26,ok
Chhattisgarh,Raipur,Winter,18.779,43.69,-0.591,-0.018,Normal,prophet,prophet,26,ok
Chhattisgarh,Rajnandgaon,Autumn,24.01,722.76,-0.46,0.392,Normal,prophet,prophet,26,ok
Chhattisgarh,Rajnandgaon,Kharif,27.084,1435.96,0.483,1.008,Wetter than normal,prophet,prophet,26,ok
Chhattisgarh,Rajnandgaon,Rabi,21.928,103.72,-0.131,-0.061,Normal,prophet,prophet,26,ok
Chhattisgarh,Rajnandgaon,Summer,32.218,254.34,0.466,-0.089,Normal,prophet,prophet,27,ok
Chhattisgarh,Rajnandgaon,Whole Year,25.691,1599.22,-0.382,1.054,Wetter than normal,prophet,prophet,26,ok
Chhattisgarh,Rajnandgaon,Winter,19.433,40.4,-0.613,-0.039,Normal,prophet,prophet,26,ok
Chhattisgarh,Sukma,Autumn,24.659,771.45,0.37,0.091,Normal,prophet,prophet,26,ok
Chhattisgarh,Sukma,Kharif,26.53,1391.11,0.732,-0.058,Normal,prophet,prophet,26,ok
Chhattisgarh,Sukma,Rabi,23.544,149.8,0.19,-0.093,Normal,prophet,prophet,26,ok
Chhattisgarh,Sukma,Summer,30.792,347.77,0.318,0.068,Normal,prophet,prophet,27,ok
Chhattisgarh,Sukma,Whole Year,26.077,1650.0,0.272,0.275,Normal,prophet,prophet,26,ok
Chhattisgarh,Sukma,Winter,21.746,41.09,0.039,-0.007,Normal,prophet,prophet,26,ok
Chhattisgarh,Surajpur,Autumn,23.051,685.31,-0.593,0.336,Normal,prophet,prophet,26,ok
Chhattisgarh,Surajpur,Kharif,26.562,1201.96,0.025,0.39,Normal,prophet,prophet,26,ok
Chhattisgarh,Surajpur,Rabi,19.346,154.43,-0.371,0.319,Normal,prophet,prophet,26,ok
Chhattisgarh,Surajpur,Summer,30.462,242.76,0.436,-0.146,Normal,prophet,prophet,27,ok
Chhattisgarh,Surajpur,Whole Year,24.09,1348.02,-0.442,0.45,Normal,prophet,prophet,26,ok
Chhattisgarh,Surajpur,Winter,17.009,41.51,-0.43,-0.004,Normal,prophet,prophet,26,ok
Chhattisgarh,Surguja,Autumn,22.481,698.16,-0.482,0.197,Normal,prophet,prophet,26,ok
Chhattisgarh,Surguja,Kharif,25.812,1274.38,0.097,0.454,Normal,prophet,prophet,26,ok
Chhattisgarh,Surguja,Rabi,18.967,163.71,-0.293,0.289,Normal,prophet,prophet,26,ok
Chhattisgarh,Surguja,Summer,29.618,280.89,0.366,-0.075,Normal,prophet,prophet,27,ok
Chhattisgarh,Surguja,Whole Year,23.439,1435.82,-0.5,0.545,Normal,prophet,prophet,26,ok
Chhattisgarh,Surguja,Winter,16.615,51.73,-0.435,0.128,Normal,prophet,prophet,26,ok
Chhattisgarh,Vijayapura,Autumn,24.975,760.29,0.35,0.158,Normal,prophet,prophet,26,ok
Chhattisgarh,Vijayapura,Kharif,26.813,1509.59,0.616,0.438,Normal,prophet,prophet,26,ok
Chhattisgarh,Vijayapura,Rabi,24.223,119.28,0.359,-0.157,Normal,prophet,prophet,26,ok
Chhattisgarh,Vijayapura,Summer,31.485,327.57,0.3,0.208,Normal,prophet,prophet,27,ok
Chhattisgarh,Vijayapura,Whole Year,26.544,1687.76,0.048,0.585,Normal,prophet,prophet,26,ok
Chhattisgarh,Vijayapura,Winter,22.558,29.55,0.129,-0.092,Normal,prophet,prophet,26,ok
Delhi,Delhi,Autumn,25.065,463.01,-0.696,0.884,Normal,prophet,prophet,26,ok
Delhi,Delhi,Kharif,29.231,721.93,-1.026,0.318,Cooler than normal,prophet,prophet,26,ok
Delhi,Delhi,Rabi,19.009,117.28,0.121,0.229,Normal,prophet,prophet,26,ok
Delhi,Delhi,Summer,31.016,137.47,0.068,-0.096,Normal,prophet,prophet,27,ok
Delhi,Delhi,Whole Year,24.854,850.13,-0.986,0.402,Normal,prophet,prophet,26,ok
Delhi,Delhi,Winter,16.257,50.47,0.071,0.083,Normal,prophet,prophet,26,ok
Goa,Goa,Autumn,26.803,1195.75,-0.115,0.283,Normal,prophet,prophet,26,ok
Goa,Goa,Kharif,27.268,2973.12,0.42,0.477,Normal,prophet,prophet,26,ok
Goa,Goa,Rabi,27.339,332.3,0.304,0.409,Normal,prophet,prophet,26,ok
Goa,Goa,Summer,29.372,946.01,1.258,0.422,Hotter than normal,prophet,prophet,27,ok
Goa,Goa,Whole Year,27.782,3311.84,0.805,0.684,Normal,prophet,prophet,26,ok
Goa,Goa,Winter,26.826,53.6,-0.075,0.167,Normal,prophet,prophet,26,ok
Goa,North Goa,Autumn,26.803,1195.75,-0.115,0.283,Normal,prophet,prophet,26,ok
Goa,North Goa,Kharif,27.268,2973.12,0.42,0.477,Normal,prophet,prophet,26,ok
Goa,North Goa,Rabi,27.339,332.3,0.304,0.409,Normal,prophet,prophet,26,ok
Goa,North Goa,Summer,29.372,946.01,1.258,0.422,Hotter than normal,prophet,prophet,27,ok
Goa,North Goa,Whole Year,27.782,3311.84,0.805,0.684,Normal,prophet,prophet,26,ok
Goa,North Goa,Winter,26.826,53.6,-0.075,0.167,Normal,prophet,prophet,26,ok
Goa,South Goa,Autumn,26.803,1195.75,-0.115,0.283,Normal,prophet,prophet,26,ok
Goa,South Goa,Kharif,27.268,2973.12,0.42,0.477,Normal,prophet,prophet,26,ok
Goa,South Goa,Rabi,27.339,332.3,0.304,0.409,Normal,prophet,prophet,26,ok
Goa,South Goa,Summer,29.372,946.01,1.258,0.422,Hotter than normal,prophet,prophet,27,ok
Goa,South Goa,Whole Year,27.782,3311.84,0.805,0.684,Normal,prophet,prophet,26,ok
Goa,South Goa,Winter,26.826,53.6,-0.075,0.167,Normal,prophet,prophet,26,ok
Gujarat,Ahmedabad,Autumn,25.77,479.13,-1.147,0.273,Cooler than normal,prophet,prophet,26,ok
Gujarat,Ahmedabad,Kharif,28.421,857.8,-1.248,0.311,Cooler than normal,prophet,prophet,26,ok
Gujarat,Ahmedabad,Rabi,23.46,52.42,-0.309,0.481,Normal,prophet,prophet,26,ok
Gujarat,Ahmedabad,Summer,32.708,170.56,0.391,0.288,Normal,prophet,prophet,27,ok
Gujarat,Ahmedabad,Whole Year,26.997,913.92,-0.844,0.407,Normal,prophet,prophet,26,ok
Gujarat,Ahmedabad,Winter,21.182,12.3,-0.729,0.261,Normal,prophet,prophet,26,ok
Gujarat,Amreli,Autumn,25.444,491.46,-0.664,0.26,Normal,prophet,prophet,26,ok
Gujarat,Amreli,Kharif,27.636,900.53,-0.629,0.237,Normal,prophet,prophet,26,ok
Gujarat,Amreli,Rabi,24.033,91.7,-0.028,0.72,Normal,prophet,prophet,26,ok
Gujarat,Amreli,Summer,31.538,167.82,0.57,0.025,Normal,prophet,prophet,27,ok
Gujarat,Amreli,Whole Year,26.904,975.26,0.042,0.441,Normal,prophet,prophet,26,ok
Gujarat,Amreli,Winter,22.183,14.58,-0.251,0.229,Normal,prophet,prophet,26,ok
Gujarat,Anand,Autumn,25.926,512.02,-1.264,0.222,Cooler than normal,prophet,prophet,26,ok
Gujarat,Anand,Kharif,28.569,951.59,-1.034,0.29,Cooler than normal,prophet,prophet,26,ok
Gujarat,Anand,Rabi,23.517,70.15,-0.45,0.662,Normal,prophet,prophet,26,ok
Gujarat,Anand,Summer,32.509,192.29,0.473,0.172,Normal,prophet,prophet,27,ok
Gujarat,Anand,Whole Year,27.045,1016.58,-0.764,0.41,Normal,prophet,prophet,26,ok
Gujarat,Anand,Winter,21.276,13.75,-0.766,0.262,Normal,prophet,prophet,26,ok
Gujarat,Aravalli,Autumn,25.047,476.06,-1.293,0.288,Cooler than normal,prophet,prophet,26,ok
Gujarat,Aravalli,Kharif,27.758,833.27,-1.308,0.284,Cooler than normal,prophet,prophet,26,ok
Gujarat,Aravalli,Rabi,23.06,46.04,-0.216,0.317,Normal,prophet,prophet,26,ok
Gujarat,Aravalli,Summer,32.175,143.74,0.196,0.287,Normal,prophet,prophet,27,ok
Gujarat,Aravalli,Whole Year,26.483,928.39,-0.897,0.586,Normal,prophet,prophet,26,ok
Gujarat,Aravalli,Winter,21.007,13.51,-0.418,0.242,Normal,prophet,prophet,26,ok
Gujarat,Banaskantha,Autumn,25.12,532.13,-0.682,0.413,Normal,prophet,prophet,26,ok
Gujarat,Banaskantha,Kharif,27.673,927.27,-1.013,0.566,Cooler than normal,prophet,prophet,26,ok
Gujarat,Banaskantha,Rabi,22.367,56.46,0.353,0.507,Normal,prophet,prophet,26,ok
Gujarat,Banaskantha,Summer,31.164,135.55,0.168,0.174,Normal,prophet,prophet,27,ok
Gujarat,Banaskantha,Whole Year,25.952,977.35,-0.497,0.581,Normal,prophet,prophet,26,ok
Gujarat,Banaskantha,Winter,20.373,18.49,0.327,0.177,Normal,prophet,prophet,26,ok
Gujarat,Bharuch,Autumn,25.613,694.63,-1.019,0.133,Cooler than normal,prophet,prophet,26,ok
Gujarat,Bharuch,Kharif,27.794,1423.0,-0.373,0.286,Normal,prophet,prophet,26,ok
Gujarat,Bharuch,Rabi,24.814,88.14,-0.218,0.302,Normal,prophet,prophet,26,ok
Gujarat,Bharuch,Summer,31.909,214.38,0.952,-0.287,Normal,prophet,prophet,27,ok
Gujarat,Bharuch,Whole Year,27.265,1508.73,-0.224,0.429,Normal,prophet,prophet,26,ok
Gujarat,Bharuch,Winter,23.145,21.3,-0.473,0.112,Normal,prophet,prophet,26,ok
Gujarat,Bhavnagar,Autumn,26.194,481.39,-0.734,0.212,Normal,prophet,prophet,26,ok
Gujarat,Bhavnagar,Kharif,28.617,882.07,-0.677,0.198,Normal,prophet,prophet,26,ok
Gujarat,Bhavnagar,Rabi,24.002,73.01,-0.12,0.545,Normal,prophet,prophet,26,ok
Gujarat,Bhavnagar,Summer,32.664,180.25,0.414,0.006,Normal,prophet,prophet,27,ok
Gujarat,Bhavnagar,Whole Year,27.357,943.47,-0.341,0.295,Normal,prophet,prophet,26,ok
Gujarat,Bhavnagar,Winter,21.664,14.2,-0.609,0.272,Normal,prophet,prophet,26,ok
Gujarat,Botad,Autumn,26.194,481.39,-0.734,0.212,Normal,prophet,prophet,26,ok
Gujarat,Botad,Kharif,28.617,882.07,-0.677,0.198,Normal,prophet,prophet,26,ok
Gujarat,Botad,Rabi,24.002,73.01,-0.12,0.545,Normal,prophet,prophet,26,ok
Gujarat,Botad,Summer,32.664,180.25,0.414,0.006,Normal,prophet,prophet,27,ok
Gujarat,Botad,Whole Year,27.357,943.47,-0.341,0.295,Normal,prophet,prophet,26,ok
Gujarat,Botad,Winter,21.664,14.2,-0.609,0.272,Normal,prophet,prophet,26,ok
Gujarat,Chhota Udepur,Autumn,25.045,615.65,-1.172,0.254,Cooler than normal,prophet,prophet,26,ok
Gujarat,Chhota Udepur,Kharif,27.479,1136.98,-0.97,0.409,Normal,prophet,prophet,26,ok
Gujarat,Chhota Udepur,Rabi,23.836,78.02,-0.155,0.519,Normal,prophet,prophet,26,ok
Gujarat,Chhota Udepur,Summer,31.997,173.73,0.395,0.019,Normal,prophet,prophet,27,ok
Gujarat,Chhota Udepur,Whole Year,26.721,1228.53,-0.629,0.613,Normal,prophet,prophet,26,ok
Gujarat,Chhota Udepur,Winter,21.98,16.44,-0.426,0.287,Normal,prophet,prophet,26,ok
Gujarat,Dahod,Autumn,24.013,629.47,-1.121,0.418,Cooler than normal,prophet,prophet,26,ok
Gujarat,Dahod,Kharif,26.707,1081.71,-0.742,0.575,Normal,prophet,prophet,26,ok
Gujarat,Dahod,Rabi,22.337,74.67,-0.167,0.338,Normal,prophet,prophet,26,ok
Gujarat,Dahod,Summer,31.168,183.46,0.309,0.249,Normal,prophet,prophet,27,ok
Gujarat,Dahod,Whole Year,25.605,1179.81,-0.659,0.849,Normal,prophet,prophet,26,ok
Gujarat,Dahod,Winter,20.225,16.47,-0.565,0.206,Normal,prophet,prophet,26,ok
Gujarat,Dang,Autumn,24.176,680.98,-0.9,0.049,Normal,prophet,prophet,26,ok
Gujarat,Dang,Kharif,26.097,1409.94,-0.206,0.152,Normal,prophet,prophet,26,ok
Gujarat,Dang,Rabi,24.162,98.57,0.203,0.383,Normal,prophet,prophet,26,ok
Gujarat,Dang,Summer,30.381,202.75,0.959,-0.417,Normal,prophet,prophet,27,ok
Gujarat,Dang,Whole Year,26.08,1505.28,0.159,0.318,Normal,prophet,prophet,26,ok
Gujarat,Dang,Winter,22.78,27.17,-0.032,0.204,Normal,prophet,prophet,26,ok
Gujarat,Devbhumi Dwarka,Autumn,27.652,480.89,0.069,0.254,Normal,prophet,prophet,26,ok
Gujarat,Devbhumi Dwarka,Kharif,28.427,1326.42,-0.022,0.806,Normal,prophet,prophet,26,ok
Gujarat,Devbhumi Dwarka,Rabi,25.326,41.13,1.428,0.328,Hotter than normal,prophet,prophet,26,ok
Gujarat,Devbhumi Dwarka,Summer,28.062,140.29,1.105,0.08,Hotter than normal,prophet,prophet,27,ok
Gujarat,Devbhumi Dwarka,Whole Year,26.905,1317.19,1.603,0.749,Hotter than normal,prophet,prophet,26,ok
Gujarat,Devbhumi Dwarka,Winter,24.486,7.58,0.948,0.038,Normal,prophet,prophet,26,ok
Gujarat,Gandhinagar,Autumn,25.77,479.13,-1.147,0.273,Cooler than normal,prophet,prophet,26,ok
Gujarat,Gandhinagar,Kharif,28.421,857.8,-1.248,0.311,Cooler than normal,prophet,prophet,26,ok
Gujarat,Gandhinagar,Rabi,23.46,52.42,-0.309,0.481,Normal,prophet,prophet,26,ok
Gujarat,Gandhinagar,Summer,32.708,170.56,0.391,0.288,Normal,prophet,prophet,27,ok
Gujarat,Gandhinagar,Whole Year,26.997,913.92,-0.844,0.407,Normal,prophet,prophet,26,ok
Gujarat,Gandhinagar,Winter,21.182,12.3,-0.729,0.261,Normal,prophet,prophet,26,ok
Gujarat,Gir Somnath,Autumn,25.754,498.56,-0.727,0.221,Normal,prophet,prophet,26,ok
Gujarat,Gir Somnath,Kharif,27.464,1097.16,-0.434,0.865,Normal,prophet,prophet,26,ok
Gujarat,Gir Somnath,Rabi,24.153,102.16,-0.037,0.761,Normal,prophet,prophet,26,ok
Gujarat,Gir Somnath,Summer,29.94,166.63,1.288,0.036,Hotter than normal,prophet,prophet,27,ok
Gujarat,Gir Somnath,Whole Year,26.559,1153.25,0.503,0.935,Normal,prophet,prophet,26,ok
Gujarat,Gir Somnath,Winter,22.557,14.99,-0.369,0.167,Normal,prophet,prophet,26,ok
Gujarat,Jamnagar,Autumn,26.924,494.77,-0.636,0.357,Normal,prophet,prophet,26,ok
Gujarat,Jamnagar,Kharif,28.433,955.16,-1.262,0.496,Cooler than normal,prophet,prophet,26,ok
Gujarat,Jamnagar,Rabi,24.09,42.11,0.508,0.414,Normal,prophet,prophet,26,ok
Gujarat,Jamnagar,Summer,29.723,141.29,1.012,0.112,Hotter than normal,prophet,prophet,27,ok
Gujarat,Jamnagar,Whole Year,26.748,982.6,0.472,0.519,Normal,prophet,prophet,26,ok
Gujarat,Jamnagar,Winter,22.386,6.23,0.252,-0.097,Normal,prophet,prophet,26,ok
Gujarat,Junagadh,Autumn,25.357,523.22,-0.669,0.252,Normal,prophet,prophet,26,ok
Gujarat,Junagadh,Kharif,27.395,1087.12,-0.759,0.627,Normal,prophet,prophet,26,ok
Gujarat,Junagadh,Rabi,23.869,83.75,-0.042,0.679,Normal,prophet,prophet,26,ok
Gujarat,Junagadh,Summer,30.873,165.39,0.875,0.055,Normal,prophet,prophet,27,ok
Gujarat,Junagadh,Whole Year,26.681,1145.71,0.327,0.737,Normal,prophet,prophet,26,ok
Gujarat,Junagadh,Winter,22.128,12.5,-0.239,0.185,Normal,prophet,prophet,26,ok
Gujarat,Kheda,Autumn,25.287,488.62,-1.334,0.236,Cooler than normal,prophet,prophet,26,ok
Gujarat,Kheda,Kharif,28.047,871.17,-1.217,0.218,Cooler than normal,prophet,prophet,26,ok
Gujarat,Kheda,Rabi,23.328,55.04,-0.327,0.509,Normal,prophet,prophet,26,ok
Gujarat,Kheda,Summer,32.614,170.77,0.327,0.285,Normal,prophet,prophet,27,ok
Gujarat,Kheda,Whole Year,26.767,920.58,-0.915,0.285,Normal,prophet,prophet,26,ok
Gujarat,Kheda,Winter,21.101,12.55,-0.713,0.25,Normal,prophet,prophet,26,ok
Gujarat,Kutch,Autumn,26.789,392.53,-0.759,0.369,Normal,prophet,prophet,26,ok
Gujarat,Kutch,Kharif,28.903,703.18,-1.186,0.523,Cooler than normal,prophet,prophet,26,ok
Gujarat,Kutch,Rabi,23.727,35.03,0.482,0.297,Normal,prophet,prophet,26,ok
Gujarat,Kutch,Summer,31.325,129.46,0.336,0.282,Normal,prophet,prophet,27,ok
Gujarat,Kutch,Whole Year,27.18,736.68,0.119,0.549,Normal,prophet,prophet,26,ok
Gujarat,Kutch,Winter,21.569,6.83,0.295,0.019,Normal,prophet,prophet,26,ok
Gujarat,Mahisagar,Autumn,24.906,559.97,-1.254,0.299,Cooler than normal,prophet,prophet,26,ok
Gujarat,Mahisagar,Kharif,27.535,1031.95,-1.068,0.59,Cooler than normal,prophet,prophet,26,ok
Gujarat,Mahisagar,Rabi,23.258,68.42,-0.127,0.537,Normal,prophet,prophet,26,ok
Gujarat,Mahisagar,Summer,32.025,175.22,0.276,0.264,Normal,prophet,prophet,27,ok
Gujarat,Mahisagar,Whole Year,26.462,1122.53,-0.743,0.826,Normal,prophet,prophet,26,ok
Gujarat,Mahisagar,Winter,21.233,15.09,-0.439,0.299,Normal,prophet,prophet,26,ok
Gujarat,Mehsana,Autumn,25.66,482.33,-1.088,0.322,Cooler than normal,prophet,prophet,26,ok
Gujarat,Mehsana,Kharif,28.267,847.05,-1.24,0.384,Cooler than normal,prophet,prophet,26,ok
Gujarat,Mehsana,Rabi,23.383,50.12,-0.018,0.44,Normal,prophet,prophet,26,ok
Gujarat,Mehsana,Summer,32.297,143.95,0.201,0.27,Normal,prophet,prophet,27,ok
Gujarat,Mehsana,Whole Year,26.781,895.0,-0.889,0.432,Normal,prophet,prophet,26,ok
Gujarat,Mehsana,Winter,21.283,13.72,-0.28,0.233,Normal,prophet,prophet,26,ok
Gujarat,Morbi,Autumn,26.758,439.63,-0.557,0.302,Normal,prophet,prophet,26,ok
Gujarat,Morbi,Kharif,28.8,788.85,-1.088,0.418,Cooler than normal,prophet,prophet,26,ok
Gujarat,Morbi,Rabi,23.864,42.97,0.377,0.374,Normal,prophet,prophet,26,ok
Gujarat,Morbi,Summer,31.385,150.96,0.334,0.208,Normal,prophet,prophet,27,ok
Gujarat,Morbi,Whole Year,27.212,823.1,0.172,0.456,Normal,prophet,prophet,26,ok
Gujarat,Morbi,Winter,21.745,6.91,0.17,-0.039,Normal,prophet,prophet,26,ok
Gujarat,Narmada,Autumn,24.627,646.97,-1.093,0.12,Cooler than normal,prophet,prophet,26,ok
Gujarat,Narmada,Kharif,26.844,1267.51,-0.409,0.163,Normal,prophet,prophet,26,ok
Gujarat,Narmada,Rabi,24.328,87.9,0.013,0.333,Normal,prophet,prophet,26,ok
Gujarat,Narmada,Summer,31.252,178.82,0.806,-0.362,Normal,prophet,prophet,27,ok
Gujarat,Narmada,Whole Year,26.586,1369.16,-0.13,0.371,Normal,prophet,prophet,26,ok
Gujarat,Narmada,Winter,22.767,22.38,-0.232,0.205,Normal,prophet,prophet,26,ok
Gujarat,Navsari,Autumn,25.638,764.55,-0.845,0.017,Normal,prophet,prophet,26,ok
Gujarat,Navsari,Kharif,27.482,1679.17,-0.263,0.321,Normal,prophet,prophet,26,ok
Gujarat,Navsari,Rabi,25.244,101.01,0.016,0.334,Normal,prophet,prophet,26,ok
Gujarat,Navsari,Summer,31.386,235.66,1.165,-0.397,Hotter than normal,prophet,prophet,27,ok
Gujarat,Navsari,Whole Year,27.225,1771.85,0.015,0.479,Normal,prophet,prophet,26,ok
Gujarat,Navsari,Winter,23.781,24.14,-0.296,0.092,Normal,prophet,prophet,26,ok
Gujarat,Panchmahal,Autumn,25.045,615.65,-1.172,0.254,Cooler than normal,prophet,prophet,26,ok
Gujarat,Panchmahal,Kharif,27.479,1136.98,-0.97,0.409,Normal,prophet,prophet,26,ok
Gujarat,Panchmahal,Rabi,23.836,78.02,-0.155,0.519,Normal,prophet,prophet,26,ok
Gujarat,Panchmahal,Summer,31.997,173.73,0.395,0.019,Normal,prophet,prophet,27,ok
Gujarat,Panchmahal,Whole Year,26.721,1228.53,-0.629,0.613,Normal,prophet,prophet,26,ok
Gujarat,Panchmahal,Winter,21.98,16.44,-0.426,0.287,Normal,prophet,prophet,26,ok
Gujarat,Patan,Autumn,26.276,462.41,-0.834,0.405,Normal,prophet,prophet,26,ok
Gujarat,Patan,Kharif,28.884,808.0,-1.055,0.46,Cooler than normal,prophet,prophet,26,ok
Gujarat,Patan,Rabi,23.55,40.42,0.302,0.254,Normal,prophet,prophet,26,ok
Gujarat,Patan,Summer,32.268,113.78,0.107,0.175,Normal,prophet,prophet,27,ok
Gujarat,Patan,Whole Year,27.118,844.84,-0.595,0.471,Normal,prophet,prophet,26,ok
Gujarat,Patan,Winter,21.507,13.86,0.231,0.143,Normal,prophet,prophet,26,ok
Gujarat,Porbandar,Autumn,26.258,545.58,-0.661,0.259,Normal,prophet,prophet,26,ok
Gujarat,Porbandar,Kharif,27.892,1308.36,-0.803,0.936,Normal,prophet,prophet,26,ok
Gujarat,Porbandar,Rabi,24.431,60.64,0.076,0.487,Normal,prophet,prophet,26,ok
Gujarat,Porbandar,Summer,30.1,158.15,1.243,0.059,Hotter than normal,prophet,prophet,27,ok
Gujarat,Porbandar,Whole Year,26.872,1332.58,0.523,0.924,Normal,prophet,prophet,26,ok
Gujarat,Porbandar,Winter,22.861,10.11,-0.152,0.118,Normal,prophet,prophet,26,ok
Gujarat,Rajkot,Autumn,26.136,493.51,-0.549,0.306,Normal,prophet,prophet,26,ok
Gujarat,Rajkot,Kharif,28.182,914.08,-0.931,0.405,Normal,prophet,prophet,26,ok
Gujarat,Rajkot,Rabi,23.639,49.81,0.298,0.382,Normal,prophet,prophet,26,ok
Gujarat,Rajkot,Summer,30.859,161.72,0.65,0.114,Normal,prophet,prophet,27,ok
Gujarat,Rajkot,Whole Year,26.782,946.38,0.307,0.433,Normal,prophet,prophet,26,ok
Gujarat,Rajkot,Winter,21.74,8.29,0.15,0.101,Normal,prophet,prophet,26,ok
Gujarat,Sabarkantha,Autumn,24.475,518.97,-1.239,0.342,Cooler than normal,prophet,prophet,26,ok
Gujarat,Sabarkantha,Kharif,27.141,908.92,-1.237,0.433,Cooler than normal,prophet,prophet,26,ok
Gujarat,Sabarkantha,Rabi,22.515,55.7,-0.011,0.547,Normal,prophet,prophet,26,ok
Gujarat,Sabarkantha,Summer,31.309,137.35,0.16,0.255,Normal,prophet,prophet,27,ok
Gujarat,Sabarkantha,Whole Year,25.876,953.25,-0.726,0.454,Normal,prophet,prophet,26,ok
Gujarat,Sabarkantha,Winter,20.602,16.7,-0.111,0.224,Normal,prophet,prophet,26,ok
Gujarat,Surat,Autumn,25.638,764.55,-0.845,0.017,Normal,prophet,prophet,26,ok
Gujarat,Surat,Kharif,27.482,1679.17,-0.263,0.321,Normal,prophet,prophet,26,ok
Gujarat,Surat,Rabi,25.244,101.01,0.016,0.334,Normal,prophet,prophet,26,ok
Gujarat,Surat,Summer,31.386,235.66,1.165,-0.397,Hotter than normal,prophet,prophet,27,ok
Gujarat,Surat,Whole Year,27.225,1771.85,0.015,0.479,Normal,prophet,prophet,26,ok
Gujarat,Surat,Winter,23.781,24.14,-0.296,0.092,Normal,prophet,prophet,26,ok
Gujarat,Surendranagar,Autumn,26.363,437.07,-0.864,0.21,Normal,prophet,prophet,26,ok
Gujarat,Surendranagar,Kharif,28.912,774.6,-1.027,0.244,Cooler than normal,prophet,prophet,26,ok
Gujarat,Surendranagar,Rabi,23.716,44.47,0.064,0.318,Normal,prophet,prophet,26,ok
Gujarat,Surendranagar,Summer,32.602,145.66,0.403,0.185,Normal,prophet,prophet,27,ok
Gujarat,Surendranagar,Whole Year,27.273,819.73,-0.529,0.304,Normal,prophet,prophet,26,ok
Gujarat,Surendranagar,Winter,21.508,11.74,-0.185,0.276,Normal,prophet,prophet,26,ok
Gujarat,Tapi,Autumn,24.176,680.98,-0.9,0.049,Normal,prophet,prophet,26,ok
Gujarat,Tapi,Kharif,26.097,1409.94,-0.206,0.152,Normal,prophet,prophet,26,ok
Gujarat,Tapi,Rabi,24.162,98.57,0.203,0.383,Normal,prophet,prophet,26,ok
Gujarat,Tapi,Summer,30.381,202.75,0.959,-0.417,Normal,prophet,prophet,27,ok
Gujarat,Tapi,Whole Year,26.08,1505.28,0.159,0.318,Normal,prophet,prophet,26,ok
Gujarat,Tapi,Winter,22.78,27.17,-0.032,0.204,Normal,prophet,prophet,26,ok
Gujarat,Vadodara,Autumn,25.481,534.64,-1.272,0.171,Cooler than normal,prophet,prophet,26,ok
Gujarat,Vadodara,Kharif,28.139,984.74,-0.997,0.16,Normal,prophet,prophet,26,ok
Gujarat,Vadodara,Rabi,23.667,72.66,-0.317,0.67,Normal,prophet,prophet,26,ok
Gujarat,Vadodara,Summer,32.638,183.45,0.466,0.08,Normal,prophet,prophet,27,ok
Gujarat,Vadodara,Whole Year,26.964,1077.32,-0.783,0.404,Normal,prophet,prophet,26,ok
Gujarat,Vadodara,Winter,21.461,14.26,-0.718,0.23,Normal,prophet,prophet,26,ok
Gujarat,Valsad,Autumn,25.285,881.04,-0.773,-0.041,Normal,prophet,prophet,26,ok
Gujarat,Valsad,Kharif,26.874,1956.4,-0.171,0.206,Normal,prophet,prophet,26,ok
Gujarat,Valsad,Rabi,25.406,119.66,0.347,0.372,Normal,prophet,prophet,26,ok
Gujarat,Valsad,Summer,30.721,286.67,1.252,-0.406,Hotter than normal,prophet,prophet,27,ok
Gujarat,Valsad,Whole Year,26.947,2064.84,0.294,0.372,Normal,prophet,prophet,26,ok
Gujarat,Valsad,Winter,24.173,26.9,-0.039,0.106,Normal,prophet,prophet,26,ok
Haryana,Ambala,Autumn,24.102,607.29,-0.05,0.504,Normal,prophet,prophet,26,ok
Haryana,Ambala,Kharif,27.747,1159.76,-0.618,0.581,Normal,prophet,prophet,26,ok
Haryana,Ambala,Rabi,18.271,192.85,0.558,0.362,Normal,prophet,prophet,26,ok
Haryana,Ambala,Summer,28.85,286.56,0.255,0.146,Normal,prophet,prophet,27,ok
Haryana,Ambala,Whole Year,23.735,1427.08,0.082,0.711,Normal,prophet,prophet,26,ok
Haryana,Ambala,Winter,15.913,110.49,0.561,0.074,Normal,prophet,prophet,26,ok
Haryana,Bhiwani,Autumn,25.657,313.14,-0.698,0.403,Normal,prophet,prophet,26,ok
Haryana,Bhiwani,Kharif,29.95,647.61,-0.753,0.481,Normal,prophet,prophet,26,ok
Haryana,Bhiwani,Rabi,19.472,106.77,0.685,0.254,Normal,prophet,prophet,26,ok
Haryana,Bhiwani,Summer,31.016,161.54,0.348,-0.011,Normal,prophet,prophet,27,ok
Haryana,Bhiwani,Whole Year,25.205,805.17,-0.333,0.653,Normal,prophet,prophet,26,ok
Haryana,Bhiwani,Winter,16.689,48.11,0.714,-0.034,Normal,prophet,prophet,26,ok
Haryana,Charkhi Dadri,Autumn,25.966,308.52,-0.688,0.359,Normal,prophet,prophet,26,ok
Haryana,Charkhi Dadri,Kharif,29.947,627.04,-0.991,0.515,Normal,prophet,prophet,26,ok
Haryana,Charkhi Dadri,Rabi,19.982,97.65,0.743,0.259,Normal,prophet,prophet,26,ok
Haryana,Charkhi Dadri,Summer,31.169,149.95,0.3,-0.048,Normal,prophet,prophet,27,ok
Haryana,Charkhi Dadri,Whole Year,25.512,788.32,-0.307,0.802,Normal,prophet,prophet,26,ok
Haryana,Charkhi Dadri,Winter,17.211,43.77,0.717,0.026,Normal,prophet,prophet,26,ok
Haryana,Faridabad,Autumn,25.065,463.01,-0.696,0.884,Normal,prophet,prophet,26,ok
Haryana,Faridabad,Kharif,29.231,721.93,-1.026,0.318,Cooler than normal,prophet,prophet,26,ok
Haryana,Faridabad,Rabi,19.009,117.28,0.121,0.229,Normal,prophet,prophet,26,ok
Haryana,Faridabad,Summer,31.016,137.47,0.068,-0.096,Normal,prophet,prophet,27,ok
Haryana,Faridabad,Whole Year,24.854,850.13,-0.986,0.402,Normal,prophet,prophet,26,ok
Haryana,Faridabad,Winter,16.257,50.47,0.071,0.083,Normal,prophet,prophet,26,ok
Haryana,Fatehabad,Autumn,26.003,279.88,-0.838,1.05,Wetter than normal,prophet,prophet,26,ok
Haryana,Fatehabad,Kharif,30.303,554.48,-0.825,0.769,Normal,prophet,prophet,26,ok
Haryana,Fatehabad,Rabi,19.57,103.59,0.712,0.246,Normal,prophet,prophet,26,ok
Haryana,Fatehabad,Summer,31.105,154.44,0.419,0.098,Normal,prophet,prophet,27,ok
Haryana,Fatehabad,Whole Year,25.445,686.73,-0.207,0.862,Normal,prophet,prophet,26,ok
Haryana,Fatehabad,Winter,16.858,45.65,0.912,-0.108,Normal,prophet,prophet,26,ok
Haryana,Gurugram,Autumn,25.272,389.95,-0.729,0.528,Normal,prophet,prophet,26,ok
Haryana,Gurugram,Kharif,29.447,709.43,-0.982,0.445,Normal,prophet,prophet,26,ok
Haryana,Gurugram,Rabi,19.289,111.81,0.441,0.245,Normal,prophet,prophet,26,ok
Haryana,Gurugram,Summer,30.965,148.95,0.177,-0.069,Normal,prophet,prophet,27,ok
Haryana,Gurugram,Whole Year,25.014,872.72,-0.63,0.691,Normal,prophet,prophet,26,ok
Haryana,Gurugram,Winter,16.543,53.0,0.424,0.097,Normal,prophet,prophet,26,ok
Haryana,Hisar,Autumn,26.588,239.53,-0.627,0.444,Normal,prophet,prophet,26,ok
Haryana,Hisar,Kharif,30.623,542.38,-0.872,0.674,Normal,prophet,prophet,26,ok
Haryana,Hisar,Rabi,20.019,93.16,0.826,0.257,Normal,prophet,prophet,26,ok
Haryana,Hisar,Summer,31.217,154.94,0.382,0.117,Normal,prophet,prophet,27,ok
Haryana,Hisar,Whole Year,25.797,680.61,-0.137,0.918,Normal,prophet,prophet,26,ok
Haryana,Hisar,Winter,17.259,38.08,0.915,-0.118,Normal,prophet,prophet,26,ok
Haryana,Jhajjar,Autumn,25.272,389.95,-0.729,0.528,Normal,prophet,prophet,26,ok
Haryana,Jhajjar,Kharif,29.447,709.43,-0.982,0.445,Normal,prophet,prophet,26,ok
Haryana,Jhajjar,Rabi,19.289,111.81,0.441,0.245,Normal,prophet,prophet,26,ok
Haryana,Jhajjar,Summer,30.965,148.95,0.177,-0.069,Normal,prophet,prophet,27,ok
Haryana,Jhajjar,Whole Year,25.014,872.72,-0.63,0.691,Normal,prophet,prophet,26,ok
Haryana,Jhajjar,Winter,16.543,53.0,0.424,0.097,Normal,prophet,prophet,26,ok
Haryana,Jind,Autumn,25.328,320.92,-0.676,0.473,Normal,prophet,prophet,26,ok
Haryana,Jind,Kharif,29.684,672.42,-0.746,0.499,Normal,prophet,prophet,26,ok
Haryana,Jind,Rabi,19.036,116.48,0.659,0.259,Normal,prophet,prophet,26,ok
Haryana,Jind,Summer,30.746,170.97,0.341,0.034,Normal,prophet,prophet,27,ok
Haryana,Jind,Whole Year,24.917,848.09,-0.26,0.721,Normal,prophet,prophet,26,ok
Haryana,Jind,Winter,16.318,55.52,0.798,-0.049,Normal,prophet,prophet,26,ok
Haryana,Kaithal,Autumn,25.036,386.74,-0.594,0.681,Normal,prophet,prophet,26,ok
Haryana,Kaithal,Kharif,29.334,770.79,-0.78,0.651,Normal,prophet,prophet,26,ok
Haryana,Kaithal,Rabi,18.558,132.52,0.543,0.291,Normal,prophet,prophet,26,ok
Haryana,Kaithal,Summer,30.522,186.6,0.395,0.073,Normal,prophet,prophet,27,ok
Haryana,Kaithal,Whole Year,24.656,958.03,-0.164,0.811,Normal,prophet,prophet,26,ok
Haryana,Kaithal,Winter,15.897,70.4,0.696,-0.006,Normal,prophet,prophet,26,ok
Haryana,Karnal,Autumn,24.717,403.85,-0.609,0.399,Normal,prophet,prophet,26,ok
Haryana,Karnal,Kharif,29.053,835.89,-0.768,0.475,Normal,prophet,prophet,26,ok
Haryana,Karnal,Rabi,18.589,127.7,0.51,0.235,Normal,prophet,prophet,26,ok
Haryana,Karnal,Summer,30.39,185.77,0.203,0.001,Normal,prophet,prophet,27,ok
Haryana,Karnal,Whole Year,24.455,1023.15,-0.417,0.671,Normal,prophet,prophet,26,ok
Haryana,Karnal,Winter,15.918,62.7,0.559,0.021,Normal,prophet,prophet,26,ok
Haryana,Kurukshetra,Autumn,24.557,515.15,-0.296,0.468,Normal,prophet,prophet,26,ok
Haryana,Kurukshetra,Kharif,28.629,1035.85,-0.72,0.586,Normal,prophet,prophet,26,ok
Haryana,Kurukshetra,Rabi,18.419,153.61,0.53,0.284,Normal,prophet,prophet,26,ok
Haryana,Kurukshetra,Summer,30.022,235.1,0.241,0.079,Normal,prophet,prophet,27,ok
Haryana,Kurukshetra,Whole Year,24.268,1236.97,-0.185,0.661,Normal,prophet,prophet,26,ok
Haryana,Kurukshetra,Winter,15.85,81.19,0.562,0.028,Normal,prophet,prophet,26,ok
Haryana,Mahendragarh,Autumn,25.457,308.51,-0.788,0.37,Normal,prophet,prophet,26,ok
Haryana,Mahendragarh,Kharif,29.201,618.83,-1.287,0.541,Cooler than normal,prophet,prophet,26,ok
Haryana,Mahendragarh,Rabi,19.995,89.26,0.664,0.267,Normal,prophet,prophet,26,ok
Haryana,Mahendragarh,Summer,30.999,137.18,0.301,-0.053,Normal,prophet,prophet,27,ok
Haryana,Mahendragarh,Whole Year,25.293,757.6,-0.361,0.798,Normal,prophet,prophet,26,ok
Haryana,Mahendragarh,Winter,17.325,39.63,0.63,0.099,Normal,prophet,prophet,26,ok
Haryana,Nuh,Autumn,25.333,366.44,-0.822,0.454,Normal,prophet,prophet,26,ok
Haryana,Nuh,Kharif,29.303,674.13,-1.189,0.5,Cooler than normal,prophet,prophet,26,ok
Haryana,Nuh,Rabi,19.654,101.46,0.418,0.288,Normal,prophet,prophet,26,ok
Haryana,Nuh,Summer,31.15,135.65,0.147,-0.059,Normal,prophet,prophet,27,ok
Haryana,Nuh,Whole Year,25.189,795.64,-0.757,0.611,Normal,prophet,prophet,26,ok
Haryana,Nuh,Winter,16.92,47.09,0.357,0.168,Normal,prophet,prophet,26,ok
Haryana,Palwal,Autumn,25.24,404.69,-0.817,0.487,Normal,prophet,prophet,26,ok
Haryana,Palwal,Kharif,29.319,717.24,-1.158,0.448,Cooler than normal,prophet,prophet,26,ok
Haryana,Palwal,Rabi,19.325,108.86,0.025,0.292,Normal,prophet,prophet,26,ok
Haryana,Palwal,Summer,31.314,142.68,-0.013,0.045,Normal,prophet,prophet,27,ok
Haryana,Palwal,Whole Year,25.107,830.96,-1.199,0.543,Cooler than normal,prophet,prophet,26,ok
Haryana,Palwal,Winter,16.616,46.29,0.046,0.179,Normal,prophet,prophet,26,ok
Haryana,Panchkula,Autumn,24.102,607.29,-0.05,0.504,Normal,prophet,prophet,26,ok
Haryana,Panchkula,Kharif,27.747,1159.76,-0.618,0.581,Normal,prophet,prophet,26,ok
Haryana,Panchkula,Rabi,18.271,192.85,0.558,0.362,Normal,prophet,prophet,26,ok
Haryana,Panchkula,Summer,28.85,286.56,0.255,0.146,Normal,prophet,prophet,27,ok
Haryana,Panchkula,Whole Year,23.735,1427.08,0.082,0.711,Normal,prophet,prophet,26,ok
Haryana,Panchkula,Winter,15.913,110.49,0.561,0.074,Normal,prophet,prophet,26,ok
Haryana,Panipat,Autumn,24.717,403.85,-0.609,0.399,Normal,prophet,prophet,26,ok
Haryana,Panipat,Kharif,29.053,835.89,-0.768,0.475,Normal,prophet,prophet,26,ok
Haryana,Panipat,Rabi,18.589,127.7,0.51,0.235,Normal,prophet,prophet,26,ok
Haryana,Panipat,Summer,30.39,185.77,0.203,0.001,Normal,prophet,prophet,27,ok
Haryana,Panipat,Whole Year,24.455,1023.15,-0.417,0.671,Normal,prophet,prophet,26,ok
Haryana,Panipat,Winter,15.918,62.7,0.559,0.021,Normal,prophet,prophet,26,ok
Haryana,Rewari,Autumn,25.333,366.44,-0.822,0.454,Normal,prophet,prophet,26,ok
Haryana,Rewari,Kharif,29.303,674.13,-1.189,0.5,Cooler than normal,prophet,prophet,26,ok
Haryana,Rewari,Rabi,19.654,101.46,0.418,0.288,Normal,prophet,prophet,26,ok
Haryana,Rewari,Summer,31.15,135.65,0.147,-0.059,Normal,prophet,prophet,27,ok
Haryana,Rewari,Whole Year,25.189,795.64,-0.757,0.611,Normal,prophet,prophet,26,ok
Haryana,Rewari,Winter,16.92,47.09,0.357,0.168,Normal,prophet,prophet,26,ok
Haryana,Rohtak,Autumn,25.056,367.77,-0.709,0.297,Normal,prophet,prophet,26,ok
Haryana,Rohtak,Kharif,29.373,753.35,-0.877,0.439,Normal,prophet,prophet,26,ok
Haryana,Rohtak,Rabi,18.945,118.29,0.461,0.228,Normal,prophet,prophet,26,ok
Haryana,Rohtak,Summer,30.727,161.15,0.166,-0.07,Normal,prophet,prophet,27,ok
Haryana,Rohtak,Whole Year,24.776,938.63,-0.559,0.724,Normal,prophet,prophet,26,ok
Haryana,Rohtak,Winter,16.216,56.19,0.49,0.044,Normal,prophet,prophet,26,ok
Haryana,Sirsa,Autumn,26.669,261.85,-0.906,1.487,Wetter than normal,prophet,prophet,26,ok
Haryana,Sirsa,Kharif,30.704,537.96,-1.081,1.239,Cooler & Wetter than normal,prophet,prophet,26,ok
Haryana,Sirsa,Rabi,20.108,86.02,0.826,0.194,Normal,prophet,prophet,26,ok
Haryana,Sirsa,Summer,31.415,137.8,0.477,0.091,Normal,prophet,prophet,27,ok
Haryana,Sirsa,Whole Year,25.909,640.65,-0.199,1.224,Wetter than normal,prophet,prophet,26,ok
Haryana,Sirsa,Winter,17.418,37.86,1.031,-0.139,Hotter than normal,prophet,prophet,26,ok
Haryana,Sonipat,Autumn,25.056,367.77,-0.709,0.297,Normal,prophet,prophet,26,ok
Haryana,Sonipat,Kharif,29.373,753.35,-0.877,0.439,Normal,prophet,prophet,26,ok
Haryana,Sonipat,Rabi,18.945,118.29,0.461,0.228,Normal,prophet,prophet,26,ok
Haryana,Sonipat,Summer,30.727,161.15,0.166,-0.07,Normal,prophet,prophet,27,ok
Haryana,Sonipat,Whole Year,24.776,938.63,-0.559,0.724,Normal,prophet,prophet,26,ok
Haryana,Sonipat,Winter,16.216,56.19,0.49,0.044,Normal,prophet,prophet,26,ok
Haryana,Yamunanagar,Autumn,24.309,657.64,-0.133,0.765,Normal,prophet,prophet,26,ok
Haryana,Yamunanagar,Kharif,28.268,1216.77,-0.53,0.73,Normal,prophet,prophet,26,ok
Haryana,Yamunanagar,Rabi,18.366,179.4,0.422,0.28,Normal,prophet,prophet,26,ok
Haryana,Yamunanagar,Summer,29.36,267.93,-0.013,0.08,Normal,prophet,prophet,27,ok
Haryana,Yamunanagar,Whole Year,23.93,1459.1,-0.361,0.841,Normal,prophet,prophet,26,ok
Haryana,Yamunanagar,Winter,15.798,91.84,0.293,0.065,Normal,prophet,prophet,26,ok
Himachal Pradesh,Bilaspur,Autumn,20.196,682.85,0.74,0.712,Normal,prophet,prophet,26,ok
Himachal Pradesh,Bilaspur,Kharif,23.131,1234.0,-0.252,0.802,Normal,prophet,prophet,26,ok
Himachal Pradesh,Bilaspur,Rabi,13.931,310.32,0.537,0.571,Normal,prophet,prophet,26,ok
Himachal Pradesh,Bilaspur,Summer,21.876,377.89,-0.066,0.368,Normal,prophet,prophet,27,ok
Himachal Pradesh,Bilaspur,Whole Year,18.947,1682.16,0.478,1.085,Wetter than normal,prophet,prophet,26,ok
Himachal Pradesh,Bilaspur,Winter,11.954,185.69,0.467,0.19,Normal,prophet,prophet,26,ok
Himachal Pradesh,Chamba,Autumn,14.445,714.77,1.702,0.895,Hotter than normal,prophet,prophet,26,ok
Himachal Pradesh,Chamba,Kharif,17.329,1277.89,1.326,1.124,Hotter & Wetter than normal,prophet,prophet,26,ok
Himachal Pradesh,Chamba,Rabi,6.488,437.36,0.688,0.445,Normal,prophet,prophet,26,ok
Himachal Pradesh,Chamba,Summer,13.259,448.11,-0.017,0.555,Normal,prophet,prophet,27,ok
Himachal Pradesh,Chamba,Whole Year,11.859,1885.35,0.894,1.888,Wetter than normal,prophet,prophet,26,ok
Himachal Pradesh,Chamba,Winter,4.446,248.51,0.441,0.16,Normal,prophet,prophet,26,ok
Himachal Pradesh,Hamirpur,Autumn,24.211,702.6,-0.393,0.841,Normal,prophet,prophet,26,ok
Himachal Pradesh,Hamirpur,Kharif,27.882,1291.02,-0.812,1.011,Wetter than normal,prophet,prophet,26,ok
Himachal Pradesh,Hamirpur,Rabi,18.024,259.1,0.427,0.471,Normal,prophet,prophet,26,ok
Himachal Pradesh,Hamirpur,Summer,28.094,314.74,0.129,0.388,Normal,prophet,prophet,27,ok
Himachal Pradesh,Hamirpur,Whole Year,23.507,1623.28,-0.092,1.152,Wetter than normal,prophet,prophet,26,ok
Himachal Pradesh,Hamirpur,Winter,15.78,153.08,0.551,0.146,Normal,prophet,prophet,26,ok
Himachal Pradesh,Kangra,Autumn,21.272,770.23,0.572,0.874,Normal,prophet,prophet,26,ok
Himachal Pradesh,Kangra,Kharif,24.397,1402.42,-0.386,1.088,Wetter than normal,prophet,prophet,26,ok
Himachal Pradesh,Kangra,Rabi,14.836,347.55,0.664,0.477,Normal,prophet,prophet,26,ok
Himachal Pradesh,Kangra,Summer,23.056,382.8,-0.002,0.5,Normal,prophet,prophet,27,ok
Himachal Pradesh,Kangra,Whole Year,19.92,1856.87,0.368,1.445,Wetter than normal,prophet,prophet,26,ok
Himachal Pradesh,Kangra,Winter,12.886,200.28,0.733,0.172,Normal,prophet,prophet,26,ok
Himachal Pradesh,Kinnaur,Autumn,5.588,583.44,1.235,0.806,Hotter than normal,prophet,prophet,26,ok
Himachal Pradesh,Kinnaur,Kharif,8.938,1099.6,1.597,1.172,Hotter & Wetter than normal,prophet,prophet,26,ok
Himachal Pradesh,Kinnaur,Rabi,-3.534,317.03,0.605,0.809,Normal,prophet,prophet,26,ok
Himachal Pradesh,Kinnaur,Summer,2.634,387.62,-0.273,0.675,Normal,prophet,prophet,27,ok
Himachal Pradesh,Kinnaur,Whole Year,1.918,1507.0,0.328,1.413,Wetter than normal,prophet,prophet,26,ok
Himachal Pradesh,Kinnaur,Winter,-5.264,182.69,0.586,0.243,Normal,prophet,prophet,26,ok
Himachal Pradesh,Kullu,Autumn,14.747,648.0,1.371,0.554,Hotter than normal,prophet,prophet,26,ok
Himachal Pradesh,Kullu,Kharif,17.478,1234.64,0.737,0.935,Normal,prophet,prophet,26,ok
Himachal Pradesh,Kullu,Rabi,7.08,381.53,0.587,0.689,Normal,prophet,prophet,26,ok
Himachal Pradesh,Kullu,Summer,13.88,414.55,-0.096,0.482,Normal,prophet,prophet,27,ok
Himachal Pradesh,Kullu,Whole Year,12.363,1779.47,0.838,1.431,Wetter than normal,prophet,prophet,26,ok
Himachal Pradesh,Kullu,Winter,5.097,221.14,0.38,0.218,Normal,prophet,prophet,26,ok
Himachal Pradesh,Lahaul And Spiti,Autumn,-2.889,358.26,0.383,0.42,Normal,prophet,prophet,26,ok
Himachal Pradesh,Lahaul And Spiti,Kharif,1.102,619.41,0.394,0.569,Normal,prophet,prophet,26,ok
Himachal Pradesh,Lahaul And Spiti,Rabi,-12.326,293.69,1.573,0.717,Hotter than normal,prophet,prophet,26,ok
Himachal Pradesh,Lahaul And Spiti,Summer,-6.475,284.45,-0.141,0.504,Normal,prophet,prophet,27,ok
Himachal Pradesh,Lahaul And Spiti,Whole Year,-6.396,1058.41,1.04,1.365,Hotter & Wetter than normal,prophet,prophet,26,ok
Himachal Pradesh,Lahaul And Spiti,Winter,-14.169,159.65,1.399,-0.028,Hotter than normal,prophet,prophet,26,ok
Himachal Pradesh,Mandi,Autumn,20.196,682.85,0.74,0.712,Normal,prophet,prophet,26,ok
Himachal Pradesh,Mandi,Kharif,23.131,1234.0,-0.252,0.802,Normal,prophet,prophet,26,ok
Himachal Pradesh,Mandi,Rabi,13.931,310.32,0.537,0.571,Normal,prophet,prophet,26,ok
Himachal Pradesh,Mandi,Summer,21.876,377.89,-0.066,0.368,Normal,prophet,prophet,27,ok
Himachal Pradesh,Mandi,Whole Year,18.947,1682.16,0.478,1.085,Wetter than normal,prophet,prophet,26,ok
Himachal Pradesh,Mandi,Winter,11.954,185.69,0.467,0.19,Normal,prophet,prophet,26,ok
Himachal Pradesh,Shimla,Autumn,21.69,628.02,0.189,0.558,Normal,prophet,prophet,26,ok
Himachal Pradesh,Shimla,Kharif,25.096,1137.63,-0.428,0.508,Normal,prophet,prophet,26,ok
Himachal Pradesh,Shimla,Rabi,15.633,242.18,0.452,0.463,Normal,prophet,prophet,26,ok
Himachal Pradesh,Shimla,Summer,25.227,329.41,0.276,0.242,Normal,prophet,prophet,27,ok
Himachal Pradesh,Shimla,Whole Year,20.965,1507.17,0.268,0.79,Normal,prophet,prophet,26,ok
Himachal Pradesh,Shimla,Winter,13.428,144.63,0.364,0.132,Normal,prophet,prophet,26,ok
Himachal Pradesh,Sirmaur,Autumn,22.266,667.08,0.422,0.515,Normal,prophet,prophet,26,ok
Himachal Pradesh,Sirmaur,Kharif,25.63,1187.06,-0.205,0.257,Normal,prophet,prophet,26,ok
Himachal Pradesh,Sirmaur,Rabi,16.648,213.48,0.593,0.338,Normal,prophet,prophet,26,ok
Himachal Pradesh,Sirmaur,Summer,25.865,319.62,0.233,0.127,Normal,prophet,prophet,27,ok
Himachal Pradesh,Sirmaur,Whole Year,21.671,1496.55,0.332,0.453,Normal,prophet,prophet,26,ok
Himachal Pradesh,Sirmaur,Winter,14.377,119.52,0.327,0.099,Normal,prophet,prophet,26,ok
Himachal Pradesh,Solan,Autumn,21.69,628.02,0.189,0.558,Normal,prophet,prophet,26,ok
Himachal Pradesh,Solan,Kharif,25.096,1137.63,-0.428,0.508,Normal,prophet,prophet,26,ok
Himachal Pradesh,Solan,Rabi,15.633,242.18,0.452,0.463,Normal,prophet,prophet,26,ok
Himachal Pradesh,Solan,Summer,25.227,329.41,0.276,0.242,Normal,prophet,prophet,27,ok
Himachal Pradesh,Solan,Whole Year,20.965,1507.17,0.268,0.79,Normal,prophet,prophet,26,ok
Himachal Pradesh,Solan,Winter,13.428,144.63,0.364,0.132,Normal,prophet,prophet,26,ok
Himachal Pradesh,Una,Autumn,24.211,702.6,-0.393,0.841,Normal,prophet,prophet,26,ok
Himachal Pradesh,Una,Kharif,27.882,1291.02,-0.812,1.011,Wetter than normal,prophet,prophet,26,ok
Himachal Pradesh,Una,Rabi,18.024,259.1,0.427,0.471,Normal,prophet,prophet,26,ok
Himachal Pradesh,Una,Summer,28.094,314.74,0.129,0.388,Normal,prophet,prophet,27,ok
Himachal Pradesh,Una,Whole Year,23.507,1623.28,-0.092,1.152,Wetter than normal,prophet,prophet,26,ok
Himachal Pradesh,Una,Winter,15.78,153.08,0.551,0.146,Normal,prophet,prophet,26,ok
Jammu And Kashmir,Anantnag,Autumn,13.989,391.77,1.289,0.749,Hotter than normal,prophet,prophet,26,ok
Jammu And Kashmir,Anantnag,Kharif,17.325,614.91,0.997,0.812,Normal,prophet,prophet,26,ok
Jammu And Kashmir,Anantnag,Rabi,5.365,441.05,0.729,-0.198,Normal,prophet,prophet,26,ok
Jammu And Kashmir,Anantnag,Summer,12.91,436.63,0.419,0.399,Normal,prophet,prophet,27,ok
Jammu And Kashmir,Anantnag,Whole Year,11.26,1337.79,0.981,1.163,Wetter than normal,prophet,prophet,26,ok
Jammu And Kashmir,Anantnag,Winter,2.962,258.69,0.358,-0.473,Normal,prophet,prophet,26,ok
Jammu And Kashmir,Bandipora,Autumn,13.149,284.83,1.568,0.634,Hotter than normal,prophet,prophet,26,ok
Jammu And Kashmir,Bandipora,Kharif,16.73,460.22,1.484,1.077,Hotter & Wetter than normal,prophet,prophet,26,ok
Jammu And Kashmir,Bandipora,Rabi,2.948,456.31,0.566,-0.214,Normal,prophet,prophet,26,ok
Jammu And Kashmir,Bandipora,Summer,10.859,463.3,0.26,0.204,Normal,prophet,prophet,27,ok
Jammu And Kashmir,Bandipora,Whole Year,9.542,1198.27,0.801,0.695,Normal,prophet,prophet,26,ok
Jammu And Kashmir,Bandipora,Winter,-0.094,279.64,0.03,-0.348,Normal,prophet,prophet,26,ok
Jammu And Kashmir,Baramulla,Autumn,14.781,322.74,1.374,0.687,Hotter than normal,prophet,prophet,26,ok
Jammu And Kashmir,Baramulla,Kharif,18.208,559.23,0.948,1.057,Wetter than normal,prophet,prophet,26,ok
Jammu And Kashmir,Baramulla,Rabi,5.876,442.84,0.857,-0.233,Normal,prophet,prophet,26,ok
Jammu And Kashmir,Baramulla,Summer,13.694,437.32,0.504,-0.039,Normal,prophet,prophet,27,ok
Jammu And Kashmir,Baramulla,Whole Year,11.884,1313.55,0.946,0.996,Normal,prophet,prophet,26,ok
Jammu And Kashmir,Baramulla,Winter,3.268,271.92,0.45,-0.389,Normal,prophet,prophet,26,ok
Jammu And Kashmir,Budgam,Autumn,14.781,322.74,1.374,0.687,Hotter than normal,prophet,prophet,26,ok
Jammu And Kashmir,Budgam,Kharif,18.208,559.23,0.948,1.057,Wetter than normal,prophet,prophet,26,ok
Jammu And Kashmir,Budgam,Rabi,5.876,442.84,0.857,-0.233,Normal,prophet,prophet,26,ok
Jammu And Kashmir,Budgam,Summer,13.694,437.32,0.504,-0.039,Normal,prophet,prophet,27,ok
Jammu And Kashmir,Budgam,Whole Year,11.884,1313.55,0.946,0.996,Normal,prophet,prophet,26,ok
Jammu And Kashmir,Budgam,Winter,3.268,271.92,0.45,-0.389,Normal,prophet,prophet,26,ok
Jammu And Kashmir,Doda,Autumn,15.961,550.52,1.283,0.982,Hotter than normal,prophet,prophet,26,ok
Jammu And Kashmir,Doda,Kharif,19.121,884.35,0.825,1.0,Wetter than normal,prophet,prophet,26,ok
Jammu And Kashmir,Doda,Rabi,8.404,467.87,0.751,0.336,Normal,prophet,prophet,26,ok
Jammu And Kashmir,Doda,Summer,15.501,432.37,-0.011,0.641,Normal,prophet,prophet,27,ok
Jammu And Kashmir,Doda,Whole Year,13.86,1527.6,0.973,1.733,Wetter than normal,prophet,prophet,26,ok
Jammu And Kashmir,Doda,Winter,6.523,245.61,0.702,-0.261,Normal,prophet,prophet,26,ok
Jammu And Kashmir,Ganderbal,Autumn,7.811,242.87,1.31,0.55,Hotter than normal,prophet,prophet,26,ok
Jammu And Kashmir,Ganderbal,Kharif,11.519,372.15,1.497,1.006,Hotter & Wetter than normal,prophet,prophet,26,ok
Jammu And Kashmir,Ganderbal,Rabi,-2.591,387.44,0.859,-0.453,Normal,prophet,prophet,26,ok
Jammu And Kashmir,Ganderbal,Summer,4.661,394.85,0.209,-0.048,Normal,prophet,prophet,27,ok
Jammu And Kashmir,Ganderbal,Whole Year,3.631,1008.98,0.644,0.375,Normal,prophet,prophet,26,ok
Jammu And Kashmir,Ganderbal,Winter,-4.74,231.26,0.77,-0.598,Normal,prophet,prophet,26,ok
Jammu And Kashmir,Jammu,Autumn,24.18,694.07,-0.579,1.249,Wetter than normal,prophet,prophet,26,ok
Jammu And Kashmir,Jammu,Kharif,28.162,1165.12,-0.923,1.181,Wetter than normal,prophet,prophet,26,ok
Jammu And Kashmir,Jammu,Rabi,17.716,334.89,0.514,0.286,Normal,prophet,prophet,26,ok
Jammu And Kashmir,Jammu,Summer,27.776,321.65,0.192,0.403,Normal,prophet,prophet,27,ok
Jammu And Kashmir,Jammu,Whole Year,23.423,1586.74,0.024,1.52,Wetter than normal,prophet,prophet,26,ok
Jammu And Kashmir,Jammu,Winter,15.625,195.94,0.713,0.048,Normal,prophet,prophet,26,ok
Jammu And Kashmir,Kathua,Autumn,21.454,726.05,0.533,1.093,Wetter than normal,prophet,prophet,26,ok
Jammu And Kashmir,Kathua,Kharif,24.792,1255.97,-0.32,1.185,Wetter than normal,prophet,prophet,26,ok
Jammu And Kashmir,Kathua,Rabi,14.929,384.33,0.775,0.344,Normal,prophet,prophet,26,ok
Jammu And Kashmir,Kathua,Summer,23.288,381.16,0.043,0.502,Normal,prophet,prophet,27,ok
Jammu And Kashmir,Kathua,Whole Year,20.148,1778.52,0.458,1.832,Wetter than normal,prophet,prophet,26,ok
Jammu And Kashmir,Kathua,Winter,13.02,223.91,0.887,0.098,Normal,prophet,prophet,26,ok
Jammu And Kashmir,Kishtwar,Autumn,10.581,327.5,1.198,0.565,Hotter than normal,prophet,prophet,26,ok
Jammu And Kashmir,Kishtwar,Kharif,13.916,504.12,1.35,0.724,Hotter than normal,prophet,prophet,26,ok
Jammu And Kashmir,Kishtwar,Rabi,0.62,413.8,-0.027,-0.139,Normal,prophet,prophet,26,ok
Jammu And Kashmir,Kishtwar,Summer,8.323,401.34,0.114,0.472,Normal,prophet,prophet,27,ok
Jammu And Kashmir,Kishtwar,Whole Year,7.302,1161.38,0.827,1.113,Wetter than normal,prophet,prophet,26,ok
Jammu And Kashmir,Kishtwar,Winter,-1.176,237.16,0.175,-0.462,Normal,prophet,prophet,26,ok
Jammu And Kashmir,Kulgam,Autumn,13.989,391.77,1.289,0.749,Hotter than normal,prophet,prophet,26,ok
Jammu And Kashmir,Kulgam,Kharif,17.325,614.91,0.997,0.812,Normal,prophet,prophet,26,ok
Jammu And Kashmir,Kulgam,Rabi,5.365,441.05,0.729,-0.198,Normal,prophet,prophet,26,ok
Jammu And Kashmir,Kulgam,Summer,12.91,436.63,0.419,0.399,Normal,prophet,prophet,27,ok
Jammu And Kashmir,Kulgam,Whole Year,11.26,1337.79,0.981,1.163,Wetter than normal,prophet,prophet,26,ok
Jammu And Kashmir,Kulgam,Winter,2.962,258.69,0.358,-0.473,Normal,prophet,prophet,26,ok
Jammu And Kashmir,Kupwara,Autumn,13.149,284.83,1.568,0.634,Hotter than normal,prophet,prophet,26,ok
Jammu And Kashmir,Kupwara,Kharif,16.73,460.22,1.484,1.077,Hotter & Wetter than normal,prophet,prophet,26,ok
Jammu And Kashmir,Kupwara,Rabi,2.948,456.31,0.566,-0.214,Normal,prophet,prophet,26,ok
Jammu And Kashmir,Kupwara,Summer,10.859,463.3,0.26,0.204,Normal,prophet,prophet,27,ok
Jammu And Kashmir,Kupwara,Whole Year,9.542,1198.27,0.801,0.695,Normal,prophet,prophet,26,ok
Jammu And Kashmir,Kupwara,Winter,-0.094,279.64,0.03,-0.348,Normal,prophet,prophet,26,ok
Jammu And Kashmir,Leh,Autumn,13.429,275.38,1.445,0.557,Hotter than normal,prophet,prophet,26,ok
Jammu And Kashmir,Leh,Kharif,16.659,427.9,1.274,0.811,Hotter than normal,prophet,prophet,26,ok
Jammu And Kashmir,Leh,Rabi,3.724,412.41,0.703,-0.394,Normal,prophet,prophet,26,ok
Jammu And Kashmir,Leh,Summer,10.869,421.46,0.325,0.13,Normal,prophet,prophet,27,ok
Jammu And Kashmir,Leh,Whole Year,9.891,1122.56,0.965,0.66,Normal,prophet,prophet,26,ok
Jammu And Kashmir,Leh,Winter,0.725,247.1,0.02,-0.567,Normal,prophet,prophet,26,ok
Jammu And Kashmir,Poonch,Autumn,14.781,322.74,1.374,0.687,Hotter than normal,prophet,prophet,26,ok
Jammu And Kashmir,Poonch,Kharif,18.208,559.23,0.948,1.057,Wetter than normal,prophet,prophet,26,ok
Jammu And Kashmir,Poonch,Rabi,5.876,442.84,0.857,-0.233,Normal,prophet,prophet,26,ok
Jammu And Kashmir,Poonch,Summer,13.694,437.32,0.504,-0.039,Normal,prophet,prophet,27,ok
Jammu And Kashmir,Poonch,Whole Year,11.884,1313.55,0.946,0.996,Normal,prophet,prophet,26,ok
Jammu And Kashmir,Poonch,Winter,3.268,271.92,0.45,-0.389,Normal,prophet,prophet,26,ok
Jammu And Kashmir,Pulwama,Autumn,13.429,275.38,1.445,0.557,Hotter than normal,prophet,prophet,26,ok
Jammu And Kashmir,Pulwama,Kharif,16.659,427.9,1.274,0.811,Hotter than normal,prophet,prophet,26,ok
Jammu And Kashmir,Pulwama,Rabi,3.724,412.41,0.703,-0.394,Normal,prophet,prophet,26,ok
Jammu And Kashmir,Pulwama,Summer,10.869,421.46,0.325,0.13,Normal,prophet,prophet,27,ok
Jammu And Kashmir,Pulwama,Whole Year,9.891,1122.56,0.965,0.66,Normal,prophet,prophet,26,ok
Jammu And Kashmir,Pulwama,Winter,0.725,247.1,0.02,-0.567,Normal,prophet,prophet,26,ok
Jammu And Kashmir,Rajouri,Autumn,17.131,466.88,0.719,1.087,Wetter than normal,prophet,prophet,26,ok
Jammu And Kashmir,Rajouri,Kharif,20.709,820.09,0.185,1.259,Wetter than normal,prophet,prophet,26,ok
Jammu And Kashmir,Rajouri,Rabi,9.487,414.06,0.818,-0.171,Normal,prophet,prophet,26,ok
Jammu And Kashmir,Rajouri,Summer,17.94,411.24,0.572,0.087,Normal,prophet,prophet,27,ok
Jammu And Kashmir,Rajouri,Whole Year,15.234,1459.67,0.836,1.099,Wetter than normal,prophet,prophet,26,ok
Jammu And Kashmir,Rajouri,Winter,7.438,243.73,0.752,-0.419,Normal,prophet,prophet,26,ok
Jammu And Kashmir,Ramban,Autumn,20.542,579.84,0.539,1.016,Wetter than normal,prophet,prophet,26,ok
Jammu And Kashmir,Ramban,Kharif,23.977,942.24,-0.156,1.029,Wetter than normal,prophet,prophet,26,ok
Jammu And Kashmir,Ramban,Rabi,13.698,417.81,0.889,0.055,Normal,prophet,prophet,26,ok
Jammu And Kashmir,Ramban,Summer,21.871,411.05,0.191,0.582,Normal,prophet,prophet,27,ok
Jammu And Kashmir,Ramban,Whole Year,19.055,1550.78,0.686,1.512,Wetter than normal,prophet,prophet,26,ok
Jammu And Kashmir,Ramban,Winter,11.785,235.63,0.966,-0.334,Normal,prophet,prophet,26,ok
Jammu And Kashmir,Reasi,Autumn,20.542,579.84,0.539,1.016,Wetter than normal,prophet,prophet,26,ok
Jammu And Kashmir,Reasi,Kharif,23.977,942.24,-0.156,1.029,Wetter than normal,prophet,prophet,26,ok
Jammu And Kashmir,Reasi,Rabi,13.698,417.81,0.889,0.055,Normal,prophet,prophet,26,ok
Jammu And Kashmir,Reasi,Summer,21.871,411.05,0.191,0.582,Normal,prophet,prophet,27,ok
Jammu And Kashmir,Reasi,Whole Year,19.055,1550.78,0.686,1.512,Wetter than normal,prophet,prophet,26,ok
Jammu And Kashmir,Reasi,Winter,11.785,235.63,0.966,-0.334,Normal,prophet,prophet,26,ok
Jammu And Kashmir,Samba,Autumn,24.18,694.07,-0.579,1.249,Wetter than normal,prophet,prophet,26,ok
Jammu And Kashmir,Samba,Kharif,28.162,1165.12,-0.923,1.181,Wetter than normal,prophet,prophet,26,ok
Jammu And Kashmir,Samba,Rabi,17.716,334.89,0.514,0.286,Normal,prophet,prophet,26,ok
Jammu And Kashmir,Samba,Summer,27.776,321.65,0.192,0.403,Normal,prophet,prophet,27,ok
Jammu And Kashmir,Samba,Whole Year,23.423,1586.74,0.024,1.52,Wetter than normal,prophet,prophet,26,ok
Jammu And Kashmir,Samba,Winter,15.625,195.94,0.713,0.048,Normal,prophet,prophet,26,ok
Jammu And Kashmir,Shopian,Autumn,13.989,391.77,1.289,0.749,Hotter than normal,prophet,prophet,26,ok
Jammu And Kashmir,Shopian,Kharif,17.325,614.91,0.997,0.812,Normal,prophet,prophet,26,ok
Jammu And Kashmir,Shopian,Rabi,5.365,441.05,0.729,-0.198,Normal,prophet,prophet,26,ok
Jammu And Kashmir,Shopian,Summer,12.91,436.63,0.419,0.399,Normal,prophet,prophet,27,ok
Jammu And Kashmir,Shopian,Whole Year,11.26,1337.79,0.981,1.163,Wetter than normal,prophet,prophet,26,ok
Jammu And Kashmir,Shopian,Winter,2.962,258.69,0.358,-0.473,Normal,prophet,prophet,26,ok
Jammu And Kashmir,Srinagar,Autumn,13.429,275.38,1.445,0.557,Hotter than normal,prophet,prophet,26,ok
Jammu And Kashmir,Srinagar,Kharif,16.659,427.9,1.274,0.811,Hotter than normal,prophet,prophet,26,ok
Jammu And Kashmir,Srinagar,Rabi,3.724,412.41,0.703,-0.394,Normal,prophet,prophet,26,ok
Jammu And Kashmir,Srinagar,Summer,10.869,421.46,0.325,0.13,Normal,prophet,prophet,27,ok
Jammu And Kashmir,Srinagar,Whole Year,9.891,1122.56,0.965,0.66,Normal,prophet,prophet,26,ok
Jammu And Kashmir,Srinagar,Winter,0.725,247.1,0.02,-0.567,Normal,prophet,prophet,26,ok
Jammu And Kashmir,Udhampur,Autumn,20.542,579.84,0.539,1.016,Wetter than normal,prophet,prophet,26,ok
Jammu And Kashmir,Udhampur,Kharif,23.977,942.24,-0.156,1.029,Wetter than normal,prophet,prophet,26,ok
Jammu And Kashmir,Udhampur,Rabi,13.698,417.81,0.889,0.055,Normal,prophet,prophet,26,ok
Jammu And Kashmir,Udhampur,Summer,21.871,411.05,0.191,0.582,Normal,prophet,prophet,27,ok
Jammu And Kashmir,Udhampur,Whole Year,19.055,1550.78,0.686,1.512,Wetter than normal,prophet,prophet,26,ok
Jammu And Kashmir,Udhampur,Winter,11.785,235.63,0.966,-0.334,Normal,prophet,prophet,26,ok
Jharkhand,Bokaro,Autumn,24.728,819.19,-0.044,0.284,Normal,prophet,prophet,26,ok
Jharkhand,Bokaro,Kharif,27.981,1359.85,0.541,0.175,Normal,prophet,prophet,26,ok
Jharkhand,Bokaro,Rabi,19.987,211.58,-0.373,0.217,Normal,prophet,prophet,26,ok
Jharkhand,Bokaro,Summer,30.671,396.39,0.998,-0.041,Normal,prophet,prophet,27,ok
Jharkhand,Bokaro,Whole Year,24.95,1619.93,0.073,0.27,Normal,prophet,prophet,26,ok
Jharkhand,Bokaro,Winter,17.454,48.69,-0.493,0.113,Normal,prophet,prophet,26,ok
Jharkhand,Chatra,Autumn,23.681,688.94,-0.255,0.364,Normal,prophet,prophet,26,ok
Jharkhand,Chatra,Kharif,27.323,1193.03,0.259,0.165,Normal,prophet,prophet,26,ok
Jharkhand,Chatra,Rabi,19.102,159.55,-0.294,0.252,Normal,prophet,prophet,26,ok
Jharkhand,Chatra,Summer,30.251,288.73,0.388,0.003,Normal,prophet,prophet,27,ok
Jharkhand,Chatra,Whole Year,24.218,1359.38,-0.285,0.217,Normal,prophet,prophet,26,ok
Jharkhand,Chatra,Winter,16.583,40.68,-0.38,0.119,Normal,prophet,prophet,26,ok
Jharkhand,Deoghar,Autumn,25.037,726.97,-0.137,0.642,Normal,prophet,prophet,26,ok
Jharkhand,Deoghar,Kharif,28.308,1144.38,0.5,0.17,Normal,prophet,prophet,26,ok
Jharkhand,Deoghar,Rabi,20.088,194.64,-0.407,0.198,Normal,prophet,prophet,26,ok
Jharkhand,Deoghar,Summer,30.611,380.66,0.917,-0.021,Normal,prophet,prophet,27,ok
Jharkhand,Deoghar,Whole Year,25.164,1392.26,0.123,0.233,Normal,prophet,prophet,26,ok
Jharkhand,Deoghar,Winter,17.455,32.23,-0.488,0.116,Normal,prophet,prophet,26,ok
Jharkhand,Dhanbad,Autumn,24.607,749.77,-0.089,0.324,Normal,prophet,prophet,26,ok
Jharkhand,Dhanbad,Kharif,28.017,1238.5,0.473,0.186,Normal,prophet,prophet,26,ok
Jharkhand,Dhanbad,Rabi,19.603,193.72,-0.371,0.225,Normal,prophet,prophet,26,ok
Jharkhand,Dhanbad,Summer,30.333,345.17,0.722,-0.039,Normal,prophet,prophet,27,ok
Jharkhand,Dhanbad,Whole Year,24.721,1457.2,-0.054,0.285,Normal,prophet,prophet,26,ok
Jharkhand,Dhanbad,Winter,17.078,40.54,-0.43,0.116,Normal,prophet,prophet,26,ok
Jharkhand,Dumka,Autumn,25.456,687.55,-0.08,0.547,Normal,prophet,prophet,26,ok
Jharkhand,Dumka,Kharif,28.616,1075.77,0.612,0.025,Normal,prophet,prophet,26,ok
Jharkhand,Dumka,Rabi,20.71,183.01,-0.303,0.097,Normal,prophet,prophet,26,ok
Jharkhand,Dumka,Summer,30.804,340.16,0.876,-0.187,Normal,prophet,prophet,27,ok
Jharkhand,Dumka,Whole Year,25.566,1300.94,0.177,0.038,Normal,prophet,prophet,26,ok
Jharkhand,Dumka,Winter,18.01,33.46,-0.536,0.146,Normal,prophet,prophet,26,ok
Jharkhand,East Singhbhum,Autumn,24.672,835.24,-0.293,0.195,Normal,prophet,prophet,26,ok
Jharkhand,East Singhbhum,Kharif,27.604,1376.13,0.482,0.059,Normal,prophet,prophet,26,ok
Jharkhand,East Singhbhum,Rabi,20.864,246.76,-0.302,0.223,Normal,prophet,prophet,26,ok
Jharkhand,East Singhbhum,Summer,30.679,449.28,0.968,-0.046,Normal,prophet,prophet,27,ok
Jharkhand,East Singhbhum,Whole Year,25.252,1718.8,0.125,0.186,Normal,prophet,prophet,26,ok
Jharkhand,East Singhbhum,Winter,18.394,63.52,-0.474,0.089,Normal,prophet,prophet,26,ok
Jharkhand,Garhwa,Autumn,24.161,676.84,-0.314,0.26,Normal,prophet,prophet,26,ok
Jharkhand,Garhwa,Kharif,27.995,1154.74,0.186,0.249,Normal,prophet,prophet,26,ok
Jharkhand,Garhwa,Rabi,19.727,152.1,-0.391,0.327,Normal,prophet,prophet,26,ok
Jharkhand,Garhwa,Summer,31.467,213.47,0.334,-0.11,Normal,prophet,prophet,27,ok
Jharkhand,Garhwa,Whole Year,24.988,1280.94,-0.383,0.277,Normal,prophet,prophet,26,ok
Jharkhand,Garhwa,Winter,17.301,30.05,-0.376,-0.129,Normal,prophet,prophet,26,ok
Jharkhand,Giridih,Autumn,24.658,679.55,-0.193,0.525,Normal,prophet,prophet,26,ok
Jharkhand,Giridih,Kharif,28.204,1080.7,0.438,0.088,Normal,prophet,prophet,26,ok
Jharkhand,Giridih,Rabi,19.523,173.0,-0.318,0.235,Normal,prophet,prophet,26,ok
Jharkhand,Giridih,Summer,30.39,294.8,0.699,-0.062,Normal,prophet,prophet,27,ok
Jharkhand,Giridih,Whole Year,24.754,1263.9,-0.061,0.18,Normal,prophet,prophet,26,ok
Jharkhand,Giridih,Winter,16.982,31.58,-0.351,0.09,Normal,prophet,prophet,26,ok
Jharkhand,Godda,Autumn,25.69,692.7,-0.128,0.616,Normal,prophet,prophet,26,ok
Jharkhand,Godda,Kharif,28.88,1109.17,0.648,0.305,Normal,prophet,prophet,26,ok
Jharkhand,Godda,Rabi,20.916,180.87,-0.017,0.225,Normal,prophet,prophet,26,ok
Jharkhand,Godda,Summer,30.905,360.27,0.928,-0.09,Normal,prophet,prophet,27,ok
Jharkhand,Godda,Whole Year,25.759,1322.76,0.355,0.243,Normal,prophet,prophet,26,ok
Jharkhand,Godda,Winter,18.154,24.65,-0.351,0.077,Normal,prophet,prophet,26,ok
Jharkhand,Gumla,Autumn,22.46,719.47,-0.321,0.233,Normal,prophet,prophet,26,ok
Jharkhand,Gumla,Kharif,25.753,1283.31,0.352,0.228,Normal,prophet,prophet,26,ok
Jharkhand,Gumla,Rabi,18.496,167.75,-0.363,0.188,Normal,prophet,prophet,26,ok
Jharkhand,Gumla,Summer,28.811,310.3,0.284,-0.03,Normal,prophet,prophet,27,ok
Jharkhand,Gumla,Whole Year,23.092,1468.04,-0.386,0.288,Normal,prophet,prophet,26,ok
Jharkhand,Gumla,Winter,16.168,49.18,-0.445,0.107,Normal,prophet,prophet,26,ok
Jharkhand,Hazaribagh,Autumn,23.941,710.53,-0.214,0.364,Normal,prophet,prophet,26,ok
Jharkhand,Hazaribagh,Kharif,27.497,1203.88,0.358,0.181,Normal,prophet,prophet,26,ok
Jharkhand,Hazaribagh,Rabi,18.938,172.28,-0.351,0.231,Normal,prophet,prophet,26,ok
Jharkhand,Hazaribagh,Summer,29.776,312.5,0.49,-0.005,Normal,prophet,prophet,27,ok
Jharkhand,Hazaribagh,Whole Year,24.114,1390.42,-0.198,0.252,Normal,prophet,prophet,26,ok
Jharkhand,Hazaribagh,Winter,16.461,42.01,-0.38,0.134,Normal,prophet,prophet,26,ok
Jharkhand,Jamtara,Autumn,25.225,732.18,0.033,0.325,Normal,prophet,prophet,26,ok
Jharkhand,Jamtara,Kharif,28.378,1201.87,0.518,0.098,Normal,prophet,prophet,26,ok
Jharkhand,Jamtara,Rabi,20.312,206.45,-0.457,0.186,Normal,prophet,prophet,26,ok
Jharkhand,Jamtara,Summer,30.595,393.84,0.812,-0.047,Normal,prophet,prophet,27,ok
Jharkhand,Jamtara,Whole Year,25.219,1476.88,-0.051,0.224,Normal,prophet,prophet,26,ok
Jharkhand,Jamtara,Winter,17.772,41.39,-0.482,0.142,Normal,prophet,prophet,26,ok
Jharkhand,Khunti,Autumn,22.974,772.61,-0.245,0.405,Normal,prophet,prophet,26,ok
Jharkhand,Khunti,Kharif,26.161,1363.0,0.381,0.259,Normal,prophet,prophet,26,ok
Jharkhand,Khunti,Rabi,19.114,188.31,-0.393,0.195,Normal,prophet,prophet,26,ok
Jharkhand,Khunti,Summer,29.344,376.91,0.471,0.036,Normal,prophet,prophet,27,ok
Jharkhand,Khunti,Whole Year,23.677,1591.95,-0.19,0.297,Normal,prophet,prophet,26,ok
Jharkhand,Khunti,Winter,16.752,55.3,-0.511,0.113,Normal,prophet,prophet,26,ok
Jharkhand,Koderma,Autumn,24.637,607.22,-0.216,0.351,Normal,prophet,prophet,26,ok
Jharkhand,Koderma,Kharif,28.336,1028.31,0.33,0.045,Normal,prophet,prophet,26,ok
Jharkhand,Koderma,Rabi,19.483,144.25,-0.202,0.226,Normal,prophet,prophet,26,ok
Jharkhand,Koderma,Summer,30.484,251.76,0.582,-0.06,Normal,prophet,prophet,27,ok
Jharkhand,Koderma,Whole Year,24.731,1176.3,-0.188,0.121,Normal,prophet,prophet,26,ok
Jharkhand,Koderma,Winter,16.98,31.62,-0.219,0.109,Normal,prophet,prophet,26,ok
Jharkhand,Latehar,Autumn,22.406,742.45,-0.321,0.291,Normal,prophet,prophet,26,ok
Jharkhand,Latehar,Kharif,25.887,1290.81,0.26,0.252,Normal,prophet,prophet,26,ok
Jharkhand,Latehar,Rabi,18.18,167.66,-0.336,0.229,Normal,prophet,prophet,26,ok
Jharkhand,Latehar,Summer,28.91,290.64,0.275,-0.033,Normal,prophet,prophet,27,ok
Jharkhand,Latehar,Whole Year,23.012,1458.21,-0.422,0.279,Normal,prophet,prophet,26,ok
Jharkhand,Latehar,Winter,15.765,47.54,-0.43,0.165,Normal,prophet,prophet,26,ok
Jharkhand,Lohardaga,Autumn,22.667,757.42,-0.275,0.407,Normal,prophet,prophet,26,ok
Jharkhand,Lohardaga,Kharif,26.067,1326.49,0.313,0.242,Normal,prophet,prophet,26,ok
Jharkhand,Lohardaga,Rabi,18.37,181.48,-0.388,0.224,Normal,prophet,prophet,26,ok
Jharkhand,Lohardaga,Summer,29.009,346.93,0.385,0.036,Normal,prophet,prophet,27,ok
Jharkhand,Lohardaga,Whole Year,23.22,1528.15,-0.293,0.282,Normal,prophet,prophet,26,ok
Jharkhand,Lohardaga,Winter,15.932,50.55,-0.481,0.132,Normal,prophet,prophet,26,ok
Jharkhand,Pakur,Autumn,25.456,687.55,-0.08,0.547,Normal,prophet,prophet,26,ok
Jharkhand,Pakur,Kharif,28.616,1075.77,0.612,0.025,Normal,prophet,prophet,26,ok
Jharkhand,Pakur,Rabi,20.71,183.01,-0.303,0.097,Normal,prophet,prophet,26,ok
Jharkhand,Pakur,Summer,30.804,340.16,0.876,-0.187,Normal,prophet,prophet,27,ok
Jharkhand,Pakur,Whole Year,25.566,1300.94,0.177,0.038,Normal,prophet,prophet,26,ok
Jharkhand,Pakur,Winter,18.01,33.46,-0.536,0.146,Normal,prophet,prophet,26,ok
Jharkhand,Palamu,Autumn,24.251,703.58,-0.267,0.254,Normal,prophet,prophet,26,ok
Jharkhand,Palamu,Kharif,27.994,1204.2,0.185,0.183,Normal,prophet,prophet,26,ok
Jharkhand,Palamu,Rabi,19.914,157.05,-0.359,0.277,Normal,prophet,prophet,26,ok
Jharkhand,Palamu,Summer,31.393,249.02,0.288,-0.056,Normal,prophet,prophet,27,ok
Jharkhand,Palamu,Whole Year,25.071,1347.21,-0.356,0.217,Normal,prophet,prophet,26,ok
Jharkhand,Palamu,Winter,17.437,33.97,-0.398,-0.022,Normal,prophet,prophet,26,ok
Jharkhand,Ramgarh,Autumn,23.739,793.98,-0.227,0.32,Normal,prophet,prophet,26,ok
Jharkhand,Ramgarh,Kharif,27.117,1352.33,0.45,0.22,Normal,prophet,prophet,26,ok
Jharkhand,Ramgarh,Rabi,19.346,195.9,-0.419,0.214,Normal,prophet,prophet,26,ok
Jharkhand,Ramgarh,Summer,30.079,374.11,0.711,0.017,Normal,prophet,prophet,27,ok
Jharkhand,Ramgarh,Whole Year,24.261,1583.71,-0.069,0.292,Normal,prophet,prophet,26,ok
Jharkhand,Ramgarh,Winter,16.867,50.69,-0.518,0.122,Normal,prophet,prophet,26,ok
Jharkhand,Ranchi,Autumn,23.739,793.98,-0.227,0.32,Normal,prophet,prophet,26,ok
Jharkhand,Ranchi,Kharif,27.117,1352.33,0.45,0.22,Normal,prophet,prophet,26,ok
Jharkhand,Ranchi,Rabi,19.346,195.9,-0.419,0.214,Normal,prophet,prophet,26,ok
Jharkhand,Ranchi,Summer,30.079,374.11,0.711,0.017,Normal,prophet,prophet,27,ok
Jharkhand,Ranchi,Whole Year,24.261,1583.71,-0.069,0.292,Normal,prophet,prophet,26,ok
Jharkhand,Ranchi,Winter,16.867,50.69,-0.518,0.122,Normal,prophet,prophet,26,ok
Jharkhand,Sahibganj,Autumn,25.69,692.7,-0.128,0.616,Normal,prophet,prophet,26,ok
Jharkhand,Sahibganj,Kharif,28.88,1109.17,0.648,0.305,Normal,prophet,prophet,26,ok
Jharkhand,Sahibganj,Rabi,20.916,180.87,-0.017,0.225,Normal,prophet,prophet,26,ok
Jharkhand,Sahibganj,Summer,30.905,360.27,0.928,-0.09,Normal,prophet,prophet,27,ok
Jharkhand,Sahibganj,Whole Year,25.759,1322.76,0.355,0.243,Normal,prophet,prophet,26,ok
Jharkhand,Sahibganj,Winter,18.154,24.65,-0.351,0.077,Normal,prophet,prophet,26,ok
Jharkhand,Saraikela-Kharsawan,Autumn,24.124,798.71,-0.389,0.09,Normal,prophet,prophet,26,ok
Jharkhand,Saraikela-Kharsawan,Kharif,27.032,1368.81,0.416,0.035,Normal,prophet,prophet,26,ok
Jharkhand,Saraikela-Kharsawan,Rabi,20.915,214.7,-0.081,0.18,Normal,prophet,prophet,26,ok
Jharkhand,Saraikela-Kharsawan,Summer,30.424,442.78,0.835,0.022,Normal,prophet,prophet,27,ok
Jharkhand,Saraikela-Kharsawan,Whole Year,24.965,1677.97,0.068,0.131,Normal,prophet,prophet,26,ok
Jharkhand,Saraikela-Kharsawan,Winter,18.409,60.55,-0.48,0.088,Normal,prophet,prophet,26,ok
Jharkhand,Simdega,Autumn,23.955,664.26,-0.442,0.043,Normal,prophet,prophet,26,ok
Jharkhand,Simdega,Kharif,27.143,1206.35,0.337,0.087,Normal,prophet,prophet,26,ok
Jharkhand,Simdega,Rabi,20.466,153.63,-0.23,0.139,Normal,prophet,prophet,26,ok
Jharkhand,Simdega,Summer,30.599,306.55,0.274,-0.054,Normal,prophet,prophet,27,ok
Jharkhand,Simdega,Whole Year,24.838,1390.35,-0.289,0.187,Normal,prophet,prophet,26,ok
Jharkhand,Simdega,Winter,18.116,49.36,-0.361,0.088,Normal,prophet,prophet,26,ok
Jharkhand,West Singhbhum,Autumn,24.124,798.71,-0.389,0.09,Normal,prophet,prophet,26,ok
Jharkhand,West Singhbhum,Kharif,27.032,1368.81,0.416,0.035,Normal,prophet,prophet,26,ok
Jharkhand,West Singhbhum,Rabi,20.915,214.7,-0.081,0.18,Normal,prophet,prophet,26,ok
Jharkhand,West Singhbhum,Summer,30.424,442.78,0.835,0.022,Normal,prophet,prophet,27,ok
Jharkhand,West Singhbhum,Whole Year,24.965,1677.97,0.068,0.131,Normal,prophet,prophet,26,ok
Jharkhand,West Singhbhum,Winter,18.409,60.55,-0.48,0.088,Normal,prophet,prophet,26,ok
Karnataka,Bagalkote,Autumn,24.248,397.89,-0.431,0.383,Normal,prophet,prophet,26,ok
Karnataka,Bagalkote,Kharif,25.381,642.53,-0.363,0.567,Normal,prophet,prophet,26,ok
Karnataka,Bagalkote,Rabi,24.714,126.09,0.059,0.085,Normal,prophet,prophet,26,ok
Karnataka,Bagalkote,Summer,29.679,285.3,-0.213,0.989,Normal,prophet,prophet,27,ok
Karnataka,Bagalkote,Whole Year,26.025,804.61,-0.454,0.805,Normal,prophet,prophet,26,ok
Karnataka,Bagalkote,Winter,23.471,19.9,-0.035,0.025,Normal,prophet,prophet,26,ok
Karnataka,Ballari,Autumn,25.441,362.25,-0.208,0.13,Normal,prophet,prophet,26,ok
Karnataka,Ballari,Kharif,26.565,519.91,-0.114,0.084,Normal,prophet,prophet,26,ok
Karnataka,Ballari,Rabi,25.862,144.6,0.172,0.177,Normal,prophet,prophet,26,ok
Karnataka,Ballari,Summer,30.179,305.68,-0.877,1.292,Wetter than normal,prophet,prophet,27,ok
Karnataka,Ballari,Whole Year,27.04,696.73,-0.458,0.315,Normal,prophet,prophet,26,ok
Karnataka,Ballari,Winter,24.698,40.58,0.096,0.268,Normal,prophet,prophet,26,ok
Karnataka,Belagavi,Autumn,23.165,515.52,-0.47,0.207,Normal,prophet,prophet,26,ok
Karnataka,Belagavi,Kharif,24.273,939.66,-0.044,0.366,Normal,prophet,prophet,26,ok
Karnataka,Belagavi,Rabi,24.006,168.32,-0.126,0.187,Normal,prophet,prophet,26,ok
Karnataka,Belagavi,Summer,28.27,533.79,-0.259,1.001,Wetter than normal,prophet,prophet,27,ok
Karnataka,Belagavi,Whole Year,25.074,1124.8,-0.297,0.521,Normal,prophet,prophet,26,ok
Karnataka,Belagavi,Winter,22.895,28.94,-0.271,0.059,Normal,prophet,prophet,26,ok
Karnataka,Bengaluru Rural,Autumn,22.855,511.38,-0.001,0.028,Normal,prophet,prophet,26,ok
Karnataka,Bengaluru Rural,Kharif,23.589,666.92,0.101,0.083,Normal,prophet,prophet,26,ok
Karnataka,Bengaluru Rural,Rabi,22.844,269.56,0.088,0.035,Normal,prophet,prophet,26,ok
Karnataka,Bengaluru Rural,Summer,26.572,353.83,-0.239,0.696,Normal,prophet,prophet,27,ok
Karnataka,Bengaluru Rural,Whole Year,23.833,1002.85,-0.236,0.241,Normal,prophet,prophet,26,ok
Karnataka,Bengaluru Rural,Winter,21.861,126.39,0.105,0.367,Normal,prophet,prophet,26,ok
Karnataka,Bengaluru Urban,Autumn,22.855,511.38,-0.001,0.028,Normal,prophet,prophet,26,ok
Karnataka,Bengaluru Urban,Kharif,23.589,666.92,0.101,0.083,Normal,prophet,prophet,26,ok
Karnataka,Bengaluru Urban,Rabi,22.844,269.56,0.088,0.035,Normal,prophet,prophet,26,ok
Karnataka,Bengaluru Urban,Summer,26.572,353.83,-0.239,0.696,Normal,prophet,prophet,27,ok
Karnataka,Bengaluru Urban,Whole Year,23.833,1002.85,-0.236,0.241,Normal,prophet,prophet,26,ok
Karnataka,Bengaluru Urban,Winter,21.861,126.39,0.105,0.367,Normal,prophet,prophet,26,ok
Karnataka,Bidar,Autumn,23.064,638.72,-1.115,0.809,Cooler than normal,prophet,prophet,26,ok
Karnataka,Bidar,Kharif,25.281,1085.12,-0.959,1.019,Wetter than normal,prophet,prophet,26,ok
Karnataka,Bidar,Rabi,23.142,91.01,-0.745,-0.301,Normal,prophet,prophet,26,ok
Karnataka,Bidar,Summer,30.591,281.84,-0.404,0.859,Normal,prophet,prophet,27,ok
Karnataka,Bidar,Whole Year,25.389,1324.81,-1.454,1.38,Cooler & Wetter than normal,prophet,prophet,26,ok
Karnataka,Bidar,Winter,21.626,12.32,-0.713,-0.161,Normal,prophet,prophet,26,ok
Karnataka,Chamarajanagar,Autumn,23.552,482.72,0.763,0.05,Normal,prophet,prophet,26,ok
Karnataka,Chamarajanagar,Kharif,23.767,574.36,0.601,-0.028,Normal,prophet,prophet,26,ok
Karnataka,Chamarajanagar,Rabi,23.282,343.54,-0.044,0.279,Normal,prophet,prophet,26,ok
Karnataka,Chamarajanagar,Summer,26.377,398.14,-0.068,0.852,Normal,prophet,prophet,27,ok
Karnataka,Chamarajanagar,Whole Year,24.03,982.04,-0.161,0.161,Normal,prophet,prophet,26,ok
Karnataka,Chamarajanagar,Winter,22.355,165.84,-0.111,0.285,Normal,prophet,prophet,26,ok
Karnataka,Chamarajanagara,Autumn,23.552,482.72,0.763,0.05,Normal,prophet,prophet,26,ok
Karnataka,Chamarajanagara,Kharif,23.767,574.36,0.601,-0.028,Normal,prophet,prophet,26,ok
Karnataka,Chamarajanagara,Rabi,23.282,343.54,-0.044,0.279,Normal,prophet,prophet,26,ok
Karnataka,Chamarajanagara,Summer,26.377,398.14,-0.068,0.852,Normal,prophet,prophet,27,ok
Karnataka,Chamarajanagara,Whole Year,24.03,982.04,-0.161,0.161,Normal,prophet,prophet,26,ok
Karnataka,Chamarajanagara,Winter,22.355,165.84,-0.111,0.285,Normal,prophet,prophet,26,ok
Karnataka,Chikkaballapura,Autumn,23.033,491.23,-0.05,0.066,Normal,prophet,prophet,26,ok
Karnataka,Chikkaballapura,Kharif,23.848,617.36,0.0,-0.01,Normal,prophet,prophet,26,ok
Karnataka,Chikkaballapura,Rabi,22.983,276.03,0.111,0.1,Normal,prophet,prophet,26,ok
Karnataka,Chikkaballapura,Summer,27.019,328.01,-0.25,0.683,Normal,prophet,prophet,27,ok
Karnataka,Chikkaballapura,Whole Year,24.156,900.18,-0.107,0.08,Normal,prophet,prophet,26,ok
Karnataka,Chikkaballapura,Winter,21.88,133.54,0.096,0.423,Normal,prophet,prophet,26,ok
Karnataka,Chikkamagaluru,Autumn,22.181,607.9,0.118,-0.464,Normal,prophet,prophet,26,ok
Karnataka,Chikkamagaluru,Kharif,22.625,1419.07,0.236,0.048,Normal,prophet,prophet,26,ok
Karnataka,Chikkamagaluru,Rabi,22.038,280.58,-0.248,0.049,Normal,prophet,prophet,26,ok
Karnataka,Chikkamagaluru,Summer,25.173,778.99,-0.305,1.136,Wetter than normal,prophet,prophet,27,ok
Karnataka,Chikkamagaluru,Whole Year,22.812,1949.33,-0.516,0.587,Normal,prophet,prophet,26,ok
Karnataka,Chikkamagaluru,Winter,21.046,110.26,-0.435,0.285,Normal,prophet,prophet,26,ok
Karnataka,Chitradurga,Autumn,24.005,411.46,-0.18,0.183,Normal,prophet,prophet,26,ok
Karnataka,Chitradurga,Kharif,24.669,545.36,-0.106,0.065,Normal,prophet,prophet,26,ok
Karnataka,Chitradurga,Rabi,24.5,216.52,0.1,0.101,Normal,prophet,prophet,26,ok
Karnataka,Chitradurga,Summer,27.911,350.94,-0.557,1.011,Wetter than normal,prophet,prophet,27,ok
Karnataka,Chitradurga,Whole Year,25.289,798.3,-0.334,0.304,Normal,prophet,prophet,26,ok
Karnataka,Chitradurga,Winter,23.407,66.23,0.005,0.16,Normal,prophet,prophet,26,ok
Karnataka,Dakshina Kannada,Autumn,26.198,1524.98,0.779,0.042,Normal,prophet,prophet,26,ok
Karnataka,Dakshina Kannada,Kharif,26.298,3330.87,0.788,0.099,Normal,prophet,prophet,26,ok
Karnataka,Dakshina Kannada,Rabi,26.934,443.56,0.045,0.134,Normal,prophet,prophet,26,ok
Karnataka,Dakshina Kannada,Summer,28.619,1244.37,0.08,0.537,Normal,prophet,prophet,27,ok
Karnataka,Dakshina Kannada,Whole Year,27.06,4188.29,0.126,0.645,Normal,prophet,prophet,26,ok
Karnataka,Dakshina Kannada,Winter,26.421,163.35,-0.384,0.303,Normal,prophet,prophet,26,ok
Karnataka,Davanagere,Autumn,23.768,440.96,-0.209,-0.209,Normal,prophet,prophet,26,ok
Karnataka,Davanagere,Kharif,24.351,714.62,0.021,-0.387,Normal,prophet,prophet,26,ok
Karnataka,Davanagere,Rabi,24.632,215.2,0.074,0.09,Normal,prophet,prophet,26,ok
Karnataka,Davanagere,Summer,27.685,496.74,-0.531,1.106,Wetter than normal,prophet,prophet,27,ok
Karnataka,Davanagere,Whole Year,25.181,1121.55,-0.322,0.345,Normal,prophet,prophet,26,ok
Karnataka,Davanagere,Winter,23.623,65.83,-0.111,0.2,Normal,prophet,prophet,26,ok
Karnataka,Dharwad,Autumn,23.053,635.29,-0.317,0.274,Normal,prophet,prophet,26,ok
Karnataka,Dharwad,Kharif,23.987,1175.02,0.102,0.318,Normal,prophet,prophet,26,ok
Karnataka,Dharwad,Rabi,23.794,196.04,-0.182,0.189,Normal,prophet,prophet,26,ok
Karnataka,Dharwad,Summer,27.949,621.55,-0.117,0.903,Normal,prophet,prophet,27,ok
Karnataka,Dharwad,Whole Year,24.771,1409.72,-0.323,0.481,Normal,prophet,prophet,26,ok
Karnataka,Dharwad,Winter,22.643,37.89,-0.339,0.087,Normal,prophet,prophet,26,ok
Karnataka,Gadag,Autumn,23.681,471.29,-0.445,0.366,Normal,prophet,prophet,26,ok
Karnataka,Gadag,Kharif,24.715,750.65,-0.159,0.522,Normal,prophet,prophet,26,ok
Karnataka,Gadag,Rabi,24.404,164.67,-0.104,0.135,Normal,prophet,prophet,26,ok
Karnataka,Gadag,Summer,28.665,487.57,-0.243,1.023,Wetter than normal,prophet,prophet,27,ok
Karnataka,Gadag,Whole Year,25.472,972.6,-0.339,0.651,Normal,prophet,prophet,26,ok
Karnataka,Gadag,Winter,23.248,34.67,-0.232,0.035,Normal,prophet,prophet,26,ok
Karnataka,Hassan,Autumn,22.762,506.85,0.741,-0.136,Normal,prophet,prophet,26,ok
Karnataka,Hassan,Kharif,22.988,627.44,0.518,-0.609,Normal,prophet,prophet,26,ok
Karnataka,Hassan,Rabi,23.084,266.62,0.364,0.048,Normal,prophet,prophet,26,ok
Karnataka,Hassan,Summer,26.008,539.74,0.002,0.909,Normal,prophet,prophet,27,ok
Karnataka,Hassan,Whole Year,23.536,955.91,0.02,-0.389,Normal,prophet,prophet,26,ok
Karnataka,Hassan,Winter,22.176,110.3,0.349,0.256,Normal,prophet,prophet,26,ok
Karnataka,Haveri,Autumn,23.768,440.96,-0.209,-0.209,Normal,prophet,prophet,26,ok
Karnataka,Haveri,Kharif,24.351,714.62,0.021,-0.387,Normal,prophet,prophet,26,ok
Karnataka,Haveri,Rabi,24.632,215.2,0.074,0.09,Normal,prophet,prophet,26,ok
Karnataka,Haveri,Summer,27.685,496.74,-0.531,1.106,Wetter than normal,prophet,prophet,27,ok
Karnataka,Haveri,Whole Year,25.181,1121.55,-0.322,0.345,Normal,prophet,prophet,26,ok
Karnataka,Haveri,Winter,23.623,65.83,-0.111,0.2,Normal,prophet,prophet,26,ok
Karnataka,Kalaburagi,Autumn,24.629,472.67,-0.584,0.257,Normal,prophet,prophet,26,ok
Karnataka,Kalaburagi,Kharif,26.208,785.77,-0.525,0.351,Normal,prophet,prophet,26,ok
Karnataka,Kalaburagi,Rabi,25.227,100.03,-0.041,-0.212,Normal,prophet,prophet,26,ok
Karnataka,Kalaburagi,Summer,31.076,270.13,-0.532,0.874,Normal,prophet,prophet,27,ok
Karnataka,Kalaburagi,Whole Year,26.733,961.98,-0.99,0.642,Normal,prophet,prophet,26,ok
Karnataka,Kalaburagi,Winter,23.964,12.83,-0.129,-0.16,Normal,prophet,prophet,26,ok
Karnataka,Kodagu,Autumn,23.281,869.85,0.996,-0.414,Normal,prophet,prophet,26,ok
Karnataka,Kodagu,Kharif,23.418,1688.81,0.916,-0.848,Normal,prophet,prophet,26,ok
Karnataka,Kodagu,Rabi,24.02,388.79,0.211,0.069,Normal,prophet,prophet,26,ok
Karnataka,Kodagu,Summer,26.252,929.48,0.123,0.531,Normal,prophet,prophet,27,ok
Karnataka,Kodagu,Whole Year,24.217,2345.9,0.068,-0.15,Normal,prophet,prophet,26,ok
Karnataka,Kodagu,Winter,23.31,162.98,-0.044,0.256,Normal,prophet,prophet,26,ok
Karnataka,Kolar,Autumn,23.21,581.42,0.239,0.07,Normal,prophet,prophet,26,ok
Karnataka,Kolar,Kharif,23.968,769.17,0.209,0.196,Normal,prophet,prophet,26,ok
Karnataka,Kolar,Rabi,22.654,267.66,0.11,-0.108,Normal,prophet,prophet,26,ok
Karnataka,Kolar,Summer,26.52,383.98,-0.227,0.914,Normal,prophet,prophet,27,ok
Karnataka,Kolar,Whole Year,23.881,1128.48,-0.171,0.297,Normal,prophet,prophet,26,ok
Karnataka,Kolar,Winter,21.643,109.69,0.142,0.107,Normal,prophet,prophet,26,ok
Karnataka,Koppal,Autumn,24.361,414.35,-0.366,0.359,Normal,prophet,prophet,26,ok
Karnataka,Koppal,Kharif,25.437,605.69,-0.215,0.395,Normal,prophet,prophet,26,ok
Karnataka,Koppal,Rabi,24.907,148.26,0.07,0.047,Normal,prophet,prophet,26,ok
Karnataka,Koppal,Summer,29.159,411.77,-0.533,1.185,Wetter than normal,prophet,prophet,27,ok
Karnataka,Koppal,Whole Year,26.039,808.71,-0.369,0.557,Normal,prophet,prophet,26,ok
Karnataka,Koppal,Winter,23.707,36.05,-0.064,0.106,Normal,prophet,prophet,26,ok
Karnataka,Mandya,Autumn,24.03,510.44,0.578,0.046,Normal,prophet,prophet,26,ok
Karnataka,Mandya,Kharif,24.348,620.11,0.49,-0.03,Normal,prophet,prophet,26,ok
Karnataka,Mandya,Rabi,24.072,280.15,0.101,0.08,Normal,prophet,prophet,26,ok
Karnataka,Mandya,Summer,27.251,430.03,-0.094,0.929,Normal,prophet,prophet,27,ok
Karnataka,Mandya,Whole Year,24.793,976.01,-0.025,0.067,Normal,prophet,prophet,26,ok
Karnataka,Mandya,Winter,23.123,122.04,0.079,0.297,Normal,prophet,prophet,26,ok
Karnataka,Mysuru,Autumn,24.03,510.44,0.578,0.046,Normal,prophet,prophet,26,ok
Karnataka,Mysuru,Kharif,24.348,620.11,0.49,-0.03,Normal,prophet,prophet,26,ok
Karnataka,Mysuru,Rabi,24.072,280.15,0.101,0.08,Normal,prophet,prophet,26,ok
Karnataka,Mysuru,Summer,27.251,430.03,-0.094,0.929,Normal,prophet,prophet,27,ok
Karnataka,Mysuru,Whole Year,24.793,976.01,-0.025,0.067,Normal,prophet,prophet,26,ok
Karnataka,Mysuru,Winter,23.123,122.04,0.079,0.297,Normal,prophet,prophet,26,ok
Karnataka,Raichur,Autumn,25.415,346.61,-0.165,-0.005,Normal,prophet,prophet,26,ok
Karnataka,Raichur,Kharif,26.622,526.89,-0.108,-0.008,Normal,prophet,prophet,26,ok
Karnataka,Raichur,Rabi,25.817,113.2,0.207,0.04,Normal,prophet,prophet,26,ok
Karnataka,Raichur,Summer,30.525,237.54,-0.753,0.928,Normal,prophet,prophet,27,ok
Karnataka,Raichur,Whole Year,27.072,684.67,-0.513,0.234,Normal,prophet,prophet,26,ok
Karnataka,Raichur,Winter,24.642,25.32,0.113,0.151,Normal,prophet,prophet,26,ok
Karnataka,Ramanagara,Autumn,23.643,534.71,0.069,0.162,Normal,prophet,prophet,26,ok
Karnataka,Ramanagara,Kharif,24.327,669.77,0.059,0.261,Normal,prophet,prophet,26,ok
Karnataka,Ramanagara,Rabi,23.47,299.44,-0.037,0.181,Normal,prophet,prophet,26,ok
Karnataka,Ramanagara,Summer,27.124,348.17,-0.396,0.643,Normal,prophet,prophet,27,ok
Karnataka,Ramanagara,Whole Year,24.449,1037.66,-0.444,0.373,Normal,prophet,prophet,26,ok
Karnataka,Ramanagara,Winter,22.503,136.63,0.0,0.287,Normal,prophet,prophet,26,ok
Karnataka,Shivamogga,Autumn,23.16,477.54,-0.206,-0.414,Normal,prophet,prophet,26,ok
Karnataka,Shivamogga,Kharif,23.679,996.43,-0.128,-0.134,Normal,prophet,prophet,26,ok
Karnataka,Shivamogga,Rabi,23.494,236.99,-0.156,0.052,Normal,prophet,prophet,26,ok
Karnataka,Shivamogga,Summer,26.658,604.75,-0.571,1.288,Wetter than normal,prophet,prophet,27,ok
Karnataka,Shivamogga,Whole Year,24.17,1482.86,-0.558,0.589,Normal,prophet,prophet,26,ok
Karnataka,Shivamogga,Winter,22.484,82.18,-0.27,0.212,Normal,prophet,prophet,26,ok
Karnataka,Tumakuru,Autumn,23.226,538.91,-0.013,0.102,Normal,prophet,prophet,26,ok
Karnataka,Tumakuru,Kharif,23.897,678.19,0.011,0.073,Normal,prophet,prophet,26,ok
Karnataka,Tumakuru,Rabi,23.545,272.94,0.141,0.091,Normal,prophet,prophet,26,ok
Karnataka,Tumakuru,Summer,27.186,433.15,-0.178,0.981,Normal,prophet,prophet,27,ok
Karnataka,Tumakuru,Whole Year,24.395,986.05,-0.168,0.163,Normal,prophet,prophet,26,ok
Karnataka,Tumakuru,Winter,22.486,108.77,0.123,0.359,Normal,prophet,prophet,26,ok
Karnataka,Udupi,Autumn,24.969,1461.03,0.544,0.073,Normal,prophet,prophet,26,ok
Karnataka,Udupi,Kharif,25.113,3433.33,0.609,0.355,Normal,prophet,prophet,26,ok
Karnataka,Udupi,Rabi,25.306,377.87,-0.045,0.11,Normal,prophet,prophet,26,ok
Karnataka,Udupi,Summer,27.513,1283.75,0.084,0.796,Normal,prophet,prophet,27,ok
Karnataka,Udupi,Whole Year,25.644,4195.65,-0.146,0.814,Normal,prophet,prophet,26,ok
Karnataka,Udupi,Winter,24.63,127.78,-0.44,0.324,Normal,prophet,prophet,26,ok
Karnataka,Uttara Kannada,Autumn,26.08,1545.62,0.27,0.254,Normal,prophet,prophet,26,ok
Karnataka,Uttara Kannada,Kharif,26.46,4066.69,0.615,0.672,Normal,prophet,prophet,26,ok
Karnataka,Uttara Kannada,Rabi,26.043,319.24,0.38,0.177,Normal,prophet,prophet,26,ok
Karnataka,Uttara Kannada,Summer,28.459,1257.78,1.101,0.511,Hotter than normal,prophet,prophet,27,ok
Karnataka,Uttara Kannada,Whole Year,26.671,4423.2,0.516,0.722,Normal,prophet,prophet,26,ok
Karnataka,Uttara Kannada,Winter,25.368,80.02,0.015,0.317,Normal,prophet,prophet,26,ok
Karnataka,Vijayapura,Autumn,24.459,420.35,-0.504,0.4,Normal,prophet,prophet,26,ok
Karnataka,Vijayapura,Kharif,25.785,690.19,-0.46,0.606,Normal,prophet,prophet,26,ok
Karnataka,Vijayapura,Rabi,24.514,131.6,-0.049,0.114,Normal,prophet,prophet,26,ok
Karnataka,Vijayapura,Summer,30.308,251.07,-0.134,0.865,Normal,prophet,prophet,27,ok
Karnataka,Vijayapura,Whole Year,26.162,843.27,-0.686,0.9,Normal,prophet,prophet,26,ok
Karnataka,Vijayapura,Winter,23.083,18.44,-0.153,0.07,Normal,prophet,prophet,26,ok
Karnataka,Yadagiri,Autumn,24.629,472.67,-0.584,0.257,Normal,prophet,prophet,26,ok
Karnataka,Yadagiri,Kharif,26.208,785.77,-0.525,0.351,Normal,prophet,prophet,26,ok
Karnataka,Yadagiri,Rabi,25.227,100.03,-0.041,-0.212,Normal,prophet,prophet,26,ok
Karnataka,Yadagiri,Summer,31.076,270.13,-0.532,0.874,Normal,prophet,prophet,27,ok
Karnataka,Yadagiri,Whole Year,26.733,961.98,-0.99,0.642,Normal,prophet,prophet,26,ok
Karnataka,Yadagiri,Winter,23.964,12.83,-0.129,-0.16,Normal,prophet,prophet,26,ok
Karnataka,Yadgir,Autumn,25.182,390.98,-0.302,0.072,Normal,prophet,prophet,26,ok
Karnataka,Yadgir,Kharif,26.513,626.02,-0.275,0.113,Normal,prophet,prophet,26,ok
Karnataka,Yadgir,Rabi,25.688,97.48,0.198,-0.164,Normal,prophet,prophet,26,ok
Karnataka,Yadgir,Summer,30.856,233.99,-0.625,0.769,Normal,prophet,prophet,27,ok
Karnataka,Yadgir,Whole Year,26.993,781.27,-0.718,0.357,Normal,prophet,prophet,26,ok
Karnataka,Yadgir,Winter,24.478,15.93,0.075,-0.045,Normal,prophet,prophet,26,ok
Kerala,Alappuzha,Autumn,27.652,1186.22,0.941,-0.081,Normal,prophet,prophet,26,ok
Kerala,Alappuzha,Kharif,27.665,1705.67,1.08,-0.299,Hotter than normal,prophet,prophet,26,ok
Kerala,Alappuzha,Rabi,28.46,806.74,0.357,0.19,Normal,prophet,prophet,26,ok
Kerala,Alappuzha,Summer,29.293,945.81,0.316,-0.093,Normal,prophet,prophet,27,ok
Kerala,Alappuzha,Whole Year,28.442,2929.55,0.863,0.441,Normal,prophet,prophet,26,ok
Kerala,Alappuzha,Winter,28.259,388.82,0.066,0.284,Normal,prophet,prophet,26,ok
Kerala,Ernakulam,Autumn,26.971,1185.76,1.062,-0.028,Hotter than normal,prophet,prophet,26,ok
Kerala,Ernakulam,Kharif,27.008,1793.6,1.142,-0.257,Hotter than normal,prophet,prophet,26,ok
Kerala,Ernakulam,Rabi,27.876,755.25,0.02,0.265,Normal,prophet,prophet,26,ok
Kerala,Ernakulam,Summer,28.964,969.35,0.275,0.129,Normal,prophet,prophet,27,ok
Kerala,Ernakulam,Whole Year,27.839,2892.47,0.589,0.455,Normal,prophet,prophet,26,ok
Kerala,Ernakulam,Winter,27.546,352.69,-0.332,0.316,Normal,prophet,prophet,26,ok
Kerala,Idukki,Autumn,22.747,1007.46,1.496,-0.027,Hotter than normal,prophet,prophet,26,ok
Kerala,Idukki,Kharif,22.827,1386.83,1.354,-0.128,Hotter than normal,prophet,prophet,26,ok
Kerala,Idukki,Rabi,22.738,724.67,-0.161,0.334,Normal,prophet,prophet,26,ok
Kerala,Idukki,Summer,24.938,876.4,0.098,0.848,Normal,prophet,prophet,27,ok
Kerala,Idukki,Whole Year,23.104,2361.05,-0.094,0.651,Normal,prophet,prophet,26,ok
Kerala,Idukki,Winter,21.923,350.5,-0.541,0.322,Normal,prophet,prophet,26,ok
Kerala,Kannur,Autumn,24.469,941.34,1.069,-0.284,Hotter than normal,prophet,prophet,26,ok
Kerala,Kannur,Kharif,24.556,1647.31,0.921,-1.07,Drier than normal,prophet,prophet,26,ok
Kerala,Kannur,Rabi,25.308,464.74,0.279,0.111,Normal,prophet,prophet,26,ok
Kerala,Kannur,Summer,27.085,913.76,0.296,0.405,Normal,prophet,prophet,27,ok
Kerala,Kannur,Whole Year,25.381,2384.5,0.227,-0.246,Normal,prophet,prophet,26,ok
Kerala,Kannur,Winter,24.753,202.97,-0.132,0.272,Normal,prophet,prophet,26,ok
Kerala,Kasaragod,Autumn,26.66,1428.97,0.789,-0.015,Normal,prophet,prophet,26,ok
Kerala,Kasaragod,Kharif,26.728,2879.32,0.735,-0.168,Normal,prophet,prophet,26,ok
Kerala,Kasaragod,Rabi,27.455,517.95,0.335,0.187,Normal,prophet,prophet,26,ok
Kerala,Kasaragod,Summer,28.876,1056.87,0.472,0.03,Normal,prophet,prophet,27,ok
Kerala,Kasaragod,Whole Year,27.514,3691.5,0.485,0.294,Normal,prophet,prophet,26,ok
Kerala,Kasaragod,Winter,27.092,200.33,-0.083,0.284,Normal,prophet,prophet,26,ok
Kerala,Kollam,Autumn,25.585,962.35,1.262,-0.058,Hotter than normal,prophet,prophet,26,ok
Kerala,Kollam,Kharif,25.741,1166.45,1.239,-0.249,Hotter than normal,prophet,prophet,26,ok
Kerala,Kollam,Rabi,25.991,736.4,0.04,0.07,Normal,prophet,prophet,26,ok
Kerala,Kollam,Summer,27.679,726.06,0.117,-0.013,Normal,prophet,prophet,27,ok
Kerala,Kollam,Whole Year,26.125,2182.78,0.112,0.274,Normal,prophet,prophet,26,ok
Kerala,Kollam,Winter,25.328,409.83,-0.284,0.282,Normal,prophet,prophet,26,ok
Kerala,Kottayam,Autumn,24.402,1007.33,1.435,-0.126,Hotter than normal,prophet,prophet,26,ok
Kerala,Kottayam,Kharif,24.495,1326.15,1.305,-0.325,Hotter than normal,prophet,prophet,26,ok
Kerala,Kottayam,Rabi,24.636,733.2,-0.0,0.07,Normal,prophet,prophet,26,ok
Kerala,Kottayam,Summer,26.458,853.37,0.016,0.437,Normal,prophet,prophet,27,ok
Kerala,Kottayam,Whole Year,24.834,2374.74,0.006,0.4,Normal,prophet,prophet,26,ok
Kerala,Kottayam,Winter,23.941,384.17,-0.287,0.249,Normal,prophet,prophet,26,ok
Kerala,Kozhikode,Autumn,27.345,998.87,0.924,0.021,Normal,prophet,prophet,26,ok
Kerala,Kozhikode,Kharif,27.317,1632.87,0.816,-0.235,Normal,prophet,prophet,26,ok
Kerala,Kozhikode,Rabi,28.13,593.75,0.337,0.458,Normal,prophet,prophet,26,ok
Kerala,Kozhikode,Summer,29.262,847.66,0.727,0.297,Normal,prophet,prophet,27,ok
Kerala,Kozhikode,Whole Year,28.142,2473.79,0.797,0.439,Normal,prophet,prophet,26,ok
Kerala,Kozhikode,Winter,27.907,264.76,-0.006,0.332,Normal,prophet,prophet,26,ok
Kerala,Malappuram,Autumn,24.755,893.81,1.295,0.029,Hotter than normal,prophet,prophet,26,ok
Kerala,Malappuram,Kharif,24.833,1341.95,1.134,-0.303,Hotter than normal,prophet,prophet,26,ok
Kerala,Malappuram,Rabi,25.36,568.4,-0.269,0.444,Normal,prophet,prophet,26,ok
Kerala,Malappuram,Summer,27.4,782.37,0.267,0.668,Normal,prophet,prophet,27,ok
Kerala,Malappuram,Whole Year,25.569,2112.09,0.049,0.408,Normal,prophet,prophet,26,ok
Kerala,Malappuram,Winter,24.682,268.38,-0.654,0.337,Normal,prophet,prophet,26,ok
Kerala,Palakkad,Autumn,24.755,893.81,1.295,0.029,Hotter than normal,prophet,prophet,26,ok
Kerala,Palakkad,Kharif,24.833,1341.95,1.134,-0.303,Hotter than normal,prophet,prophet,26,ok
Kerala,Palakkad,Rabi,25.36,568.4,-0.269,0.444,Normal,prophet,prophet,26,ok
Kerala,Palakkad,Summer,27.4,782.37,0.267,0.668,Normal,prophet,prophet,27,ok
Kerala,Palakkad,Whole Year,25.569,2112.09,0.049,0.408,Normal,prophet,prophet,26,ok
Kerala,Palakkad,Winter,24.682,268.38,-0.654,0.337,Normal,prophet,prophet,26,ok
Kerala,Pathanamthitta,Autumn,24.402,1007.33,1.435,-0.126,Hotter than normal,prophet,prophet,26,ok
Kerala,Pathanamthitta,Kharif,24.495,1326.15,1.305,-0.325,Hotter than normal,prophet,prophet,26,ok
Kerala,Pathanamthitta,Rabi,24.636,733.2,-0.0,0.07,Normal,prophet,prophet,26,ok
Kerala,Pathanamthitta,Summer,26.458,853.37,0.016,0.437,Normal,prophet,prophet,27,ok
Kerala,Pathanamthitta,Whole Year,24.834,2374.74,0.006,0.4,Normal,prophet,prophet,26,ok
Kerala,Pathanamthitta,Winter,23.941,384.17,-0.287,0.249,Normal,prophet,prophet,26,ok
Kerala,Thiruvananthapuram,Autumn,26.758,883.73,1.092,0.015,Hotter than normal,prophet,prophet,26,ok
Kerala,Thiruvananthapuram,Kharif,26.854,1040.75,1.184,-0.014,Hotter than normal,prophet,prophet,26,ok
Kerala,Thiruvananthapuram,Rabi,27.268,737.93,0.236,0.203,Normal,prophet,prophet,26,ok
Kerala,Thiruvananthapuram,Summer,28.684,660.07,0.293,0.073,Normal,prophet,prophet,27,ok
Kerala,Thiruvananthapuram,Whole Year,27.358,1965.57,0.45,0.335,Normal,prophet,prophet,26,ok
Kerala,Thiruvananthapuram,Winter,26.779,409.44,-0.132,0.254,Normal,prophet,prophet,26,ok
Kerala,Thrissur,Autumn,26.447,1066.16,1.27,0.045,Hotter than normal,prophet,prophet,26,ok
Kerala,Thrissur,Kharif,26.529,1622.61,1.169,-0.228,Hotter than normal,prophet,prophet,26,ok
Kerala,Thrissur,Rabi,27.238,657.03,-0.345,0.4,Normal,prophet,prophet,26,ok
Kerala,Thrissur,Summer,28.913,873.38,0.235,0.369,Normal,prophet,prophet,27,ok
Kerala,Thrissur,Whole Year,27.337,2549.42,0.23,0.504,Normal,prophet,prophet,26,ok
Kerala,Thrissur,Winter,26.648,303.23,-0.748,0.357,Normal,prophet,prophet,26,ok
Kerala,Wayanad,Autumn,23.114,721.04,1.213,-0.083,Hotter than normal,prophet,prophet,26,ok
Kerala,Wayanad,Kharif,23.157,1037.8,1.021,-0.686,Hotter than normal,prophet,prophet,26,ok
Kerala,Wayanad,Rabi,23.663,471.89,0.06,0.313,Normal,prophet,prophet,26,ok
Kerala,Wayanad,Summer,25.881,731.16,0.232,1.028,Wetter than normal,prophet,prophet,27,ok
Kerala,Wayanad,Whole Year,23.851,1667.97,-0.08,0.012,Normal,prophet,prophet,26,ok
Kerala,Wayanad,Winter,22.958,230.77,-0.195,0.309,Normal,prophet,prophet,26,ok
Ladakh,Kargil,Autumn,3.748,139.89,0.862,0.488,Normal,prophet,prophet,26,ok
Ladakh,Kargil,Kharif,7.967,193.66,1.177,0.84,Hotter than normal,prophet,prophet,26,ok
Ladakh,Kargil,Rabi,-6.675,184.82,1.352,-0.494,Hotter than normal,prophet,prophet,26,ok
Ladakh,Kargil,Summer,-0.101,175.93,-0.201,0.255,Normal,prophet,prophet,27,ok
Ladakh,Kargil,Whole Year,-1.154,498.81,0.196,0.572,Normal,prophet,prophet,26,ok
Ladakh,Kargil,Winter,-8.379,109.93,1.467,-0.684,Hotter than normal,prophet,prophet,26,ok
Madhya Pradesh,Agar Malwa,Autumn,24.427,379.06,-0.444,-0.191,Normal,prophet,prophet,26,ok
Madhya Pradesh,Agar Malwa,Kharif,27.531,653.27,-0.525,-0.426,Normal,prophet,prophet,26,ok
Madhya Pradesh,Agar Malwa,Rabi,21.659,59.9,0.195,0.506,Normal,prophet,prophet,26,ok
Madhya Pradesh,Agar Malwa,Summer,31.712,125.25,0.115,0.156,Normal,prophet,prophet,27,ok
Madhya Pradesh,Agar Malwa,Whole Year,25.849,691.01,0.036,-0.453,Normal,prophet,prophet,26,ok
Madhya Pradesh,Agar Malwa,Winter,19.339,21.2,-0.024,0.199,Normal,prophet,prophet,26,ok
Madhya Pradesh,Alirajpur,Autumn,24.096,635.96,-1.076,0.357,Cooler than normal,prophet,prophet,26,ok
Madhya Pradesh,Alirajpur,Kharif,26.71,1096.5,-0.706,0.437,Normal,prophet,prophet,26,ok
Madhya Pradesh,Alirajpur,Rabi,22.748,77.25,-0.283,0.328,Normal,prophet,prophet,26,ok
Madhya Pradesh,Alirajpur,Summer,31.285,164.07,0.38,0.013,Normal,prophet,prophet,27,ok
Madhya Pradesh,Alirajpur,Whole Year,25.825,1166.47,-0.669,0.575,Normal,prophet,prophet,26,ok
Madhya Pradesh,Alirajpur,Winter,20.751,16.15,-0.621,0.169,Normal,prophet,prophet,26,ok
Madhya Pradesh,Anuppur,Autumn,22.465,707.79,-0.648,0.456,Normal,prophet,prophet,26,ok
Madhya Pradesh,Anuppur,Kharif,25.86,1252.09,-0.075,0.514,Normal,prophet,prophet,26,ok
Madhya Pradesh,Anuppur,Rabi,19.249,146.04,-0.343,0.168,Normal,prophet,prophet,26,ok
Madhya Pradesh,Anuppur,Summer,30.124,303.93,0.437,0.059,Normal,prophet,prophet,27,ok
Madhya Pradesh,Anuppur,Whole Year,23.694,1423.52,-0.5,0.597,Normal,prophet,prophet,26,ok
Madhya Pradesh,Anuppur,Winter,16.969,53.21,-0.451,0.098,Normal,prophet,prophet,26,ok
Madhya Pradesh,Ashoknagar,Autumn,23.696,563.43,-0.982,0.191,Normal,prophet,prophet,26,ok
Madhya Pradesh,Ashoknagar,Kharif,27.29,1097.88,-1.137,0.346,Cooler than normal,prophet,prophet,26,ok
Madhya Pradesh,Ashoknagar,Rabi,19.944,85.7,-0.613,0.433,Normal,prophet,prophet,26,ok
Madhya Pradesh,Ashoknagar,Summer,31.413,189.5,-0.11,0.312,Normal,prophet,prophet,27,ok
Madhya Pradesh,Ashoknagar,Whole Year,24.895,1163.83,-1.128,0.368,Cooler than normal,prophet,prophet,26,ok
Madhya Pradesh,Ashoknagar,Winter,17.429,43.73,-0.728,0.352,Normal,prophet,prophet,26,ok
Madhya Pradesh,Balaghat,Autumn,22.979,700.69,-0.765,0.299,Normal,prophet,prophet,26,ok
Madhya Pradesh,Balaghat,Kharif,26.002,1298.73,-0.066,0.45,Normal,prophet,prophet,26,ok
Madhya Pradesh,Balaghat,Rabi,21.205,126.58,0.154,0.176,Normal,prophet,prophet,26,ok
Madhya Pradesh,Balaghat,Summer,30.789,278.99,0.304,-0.039,Normal,prophet,prophet,27,ok
Madhya Pradesh,Balaghat,Whole Year,24.612,1477.68,-0.473,0.405,Normal,prophet,prophet,26,ok
Madhya Pradesh,Balaghat,Winter,18.89,49.45,-0.344,0.02,Normal,prophet,prophet,26,ok
Madhya Pradesh,Barwani,Autumn,23.939,572.02,-1.116,0.506,Cooler than normal,prophet,prophet,26,ok
Madhya Pradesh,Barwani,Kharif,26.73,924.29,-0.861,0.378,Normal,prophet,prophet,26,ok
Madhya Pradesh,Barwani,Rabi,22.677,80.43,-0.38,0.381,Normal,prophet,prophet,26,ok
Madhya Pradesh,Barwani,Summer,31.57,146.33,0.319,0.049,Normal,prophet,prophet,27,ok
Madhya Pradesh,Barwani,Whole Year,25.892,968.57,-0.724,0.413,Normal,prophet,prophet,26,ok
Madhya Pradesh,Barwani,Winter,20.642,17.63,-0.692,0.134,Normal,prophet,prophet,26,ok
Madhya Pradesh,Betul,Autumn,22.669,682.39,-0.904,0.211,Normal,prophet,prophet,26,ok
Madhya Pradesh,Betul,Kharif,25.532,1289.98,-0.089,0.331,Normal,prophet,prophet,26,ok
Madhya Pradesh,Betul,Rabi,21.267,101.87,-0.115,0.172,Normal,prophet,prophet,26,ok
Madhya Pradesh,Betul,Summer,30.427,190.59,0.211,-0.1,Normal,prophet,prophet,27,ok
Madhya Pradesh,Betul,Whole Year,24.474,1371.48,-0.834,0.356,Normal,prophet,prophet,26,ok
Madhya Pradesh,Betul,Winter,19.289,31.88,-0.467,0.151,Normal,prophet,prophet,26,ok
Madhya Pradesh,Bhind,Autumn,24.925,500.15,-0.932,0.644,Normal,prophet,prophet,26,ok
Madhya Pradesh,Bhind,Kharif,29.103,978.21,-1.332,0.889,Cooler than normal,prophet,prophet,26,ok
Madhya Pradesh,Bhind,Rabi,19.653,104.91,-0.624,0.55,Normal,prophet,prophet,26,ok
Madhya Pradesh,Bhind,Summer,32.314,154.13,-0.118,0.297,Normal,prophet,prophet,27,ok
Madhya Pradesh,Bhind,Whole Year,25.57,1072.42,-1.234,1.067,Cooler & Wetter than normal,prophet,prophet,26,ok
Madhya Pradesh,Bhind,Winter,16.871,42.98,-0.743,0.3,Normal,prophet,prophet,26,ok
Madhya Pradesh,Bhopal,Autumn,23.429,693.49,-0.836,0.114,Normal,prophet,prophet,26,ok
Madhya Pradesh,Bhopal,Kharif,26.734,1355.85,-0.294,0.285,Normal,prophet,prophet,26,ok
Madhya Pradesh,Bhopal,Rabi,20.619,87.77,-0.125,0.342,Normal,prophet,prophet,26,ok
Madhya Pradesh,Bhopal,Summer,31.127,226.54,0.1,0.274,Normal,prophet,prophet,27,ok
Madhya Pradesh,Bhopal,Whole Year,24.756,1434.43,-0.841,0.332,Normal,prophet,prophet,26,ok
Madhya Pradesh,Bhopal,Winter,18.003,27.44,-0.625,0.174,Normal,prophet,prophet,26,ok
Madhya Pradesh,Bilaspur,Autumn,23.183,642.31,-0.85,0.192,Normal,prophet,prophet,26,ok
Madhya Pradesh,Bilaspur,Kharif,26.743,1172.04,-0.195,0.206,Normal,prophet,prophet,26,ok
Madhya Pradesh,Bilaspur,Rabi,19.997,91.76,-0.336,0.2,Normal,prophet,prophet,26,ok
Madhya Pradesh,Bilaspur,Summer,31.282,236.61,0.44,0.006,Normal,prophet,prophet,27,ok
Madhya Pradesh,Bilaspur,Whole Year,24.508,1300.54,-0.644,0.287,Normal,prophet,prophet,26,ok
Madhya Pradesh,Bilaspur,Winter,17.494,42.84,-0.64,0.184,Normal,prophet,prophet,26,ok
Madhya Pradesh,Burhanpur,Autumn,23.815,669.59,-0.95,0.346,Normal,prophet,prophet,26,ok
Madhya Pradesh,Burhanpur,Kharif,26.593,1244.38,-0.535,0.396,Normal,prophet,prophet,26,ok
Madhya Pradesh,Burhanpur,Rabi,22.564,115.64,-0.206,0.315,Normal,prophet,prophet,26,ok
Madhya Pradesh,Burhanpur,Summer,31.848,215.76,0.172,0.174,Normal,prophet,prophet,27,ok
Madhya Pradesh,Burhanpur,Whole Year,25.715,1325.39,-1.054,0.501,Cooler than normal,prophet,prophet,26,ok
Madhya Pradesh,Burhanpur,Winter,20.392,31.25,-0.673,0.245,Normal,prophet,prophet,26,ok
Madhya Pradesh,Chhatarpur,Autumn,24.448,534.73,-0.844,0.251,Normal,prophet,prophet,26,ok
Madhya Pradesh,Chhatarpur,Kharif,28.4,1059.38,-0.973,0.459,Normal,prophet,prophet,26,ok
Madhya Pradesh,Chhatarpur,Rabi,19.89,91.16,-0.59,0.471,Normal,prophet,prophet,26,ok
Madhya Pradesh,Chhatarpur,Summer,32.273,183.3,0.065,0.255,Normal,prophet,prophet,27,ok
Madhya Pradesh,Chhatarpur,Whole Year,25.354,1144.42,-1.01,0.532,Cooler than normal,prophet,prophet,26,ok
Madhya Pradesh,Chhatarpur,Winter,17.238,30.58,-0.656,0.081,Normal,prophet,prophet,26,ok
Madhya Pradesh,Chhindwara,Autumn,22.536,692.69,-0.791,0.235,Normal,prophet,prophet,26,ok
Madhya Pradesh,Chhindwara,Kharif,25.52,1323.38,-0.108,0.411,Normal,prophet,prophet,26,ok
Madhya Pradesh,Chhindwara,Rabi,20.912,102.58,-0.035,0.178,Normal,prophet,prophet,26,ok
Madhya Pradesh,Chhindwara,Summer,30.355,217.19,0.167,-0.009,Normal,prophet,prophet,27,ok
Madhya Pradesh,Chhindwara,Whole Year,24.255,1423.74,-0.764,0.439,Normal,prophet,prophet,26,ok
Madhya Pradesh,Chhindwara,Winter,18.742,35.9,-0.484,0.135,Normal,prophet,prophet,26,ok
Madhya Pradesh,Damoh,Autumn,23.68,616.44,-0.873,0.136,Normal,prophet,prophet,26,ok
Madhya Pradesh,Damoh,Kharif,27.386,1204.33,-0.494,0.227,Normal,prophet,prophet,26,ok
Madhya Pradesh,Damoh,Rabi,20.177,86.47,-0.298,0.496,Normal,prophet,prophet,26,ok
Madhya Pradesh,Damoh,Summer,31.795,219.21,0.247,0.215,Normal,prophet,prophet,27,ok
Madhya Pradesh,Damoh,Whole Year,24.918,1293.16,-0.819,0.265,Normal,prophet,prophet,26,ok
Madhya Pradesh,Damoh,Winter,17.429,31.01,-0.665,0.062,Normal,prophet,prophet,26,ok
Madhya Pradesh,Datia,Autumn,24.822,509.5,-0.902,0.603,Normal,prophet,prophet,26,ok
Madhya Pradesh,Datia,Kharif,28.913,1036.41,-1.294,0.954,Cooler than normal,prophet,prophet,26,ok
Madhya Pradesh,Datia,Rabi,19.669,102.69,-0.705,0.556,Normal,prophet,prophet,26,ok
Madhya Pradesh,Datia,Summer,32.286,167.95,-0.216,0.3,Normal,prophet,prophet,27,ok
Madhya Pradesh,Datia,Whole Year,25.517,1127.07,-1.314,1.13,Cooler & Wetter than normal,prophet,prophet,26,ok
Madhya Pradesh,Datia,Winter,16.903,34.71,-0.818,0.155,Normal,prophet,prophet,26,ok
Madhya Pradesh,Dewas,Autumn,23.284,654.75,-0.814,0.26,Normal,prophet,prophet,26,ok
Madhya Pradesh,Dewas,Kharif,26.374,1167.8,-0.135,0.307,Normal,prophet,prophet,26,ok
Madhya Pradesh,Dewas,Rabi,21.152,75.73,-0.061,0.4,Normal,prophet,prophet,26,ok
Madhya Pradesh,Dewas,Summer,31.0,176.71,0.185,0.113,Normal,prophet,prophet,27,ok
Madhya Pradesh,Dewas,Whole Year,24.904,1240.15,-0.56,0.4,Normal,prophet,prophet,26,ok
Madhya Pradesh,Dewas,Winter,18.782,18.01,-0.526,0.003,Normal,prophet,prophet,26,ok
Madhya Pradesh,Dhar,Autumn,23.834,636.82,-1.003,0.461,Cooler than normal,prophet,prophet,26,ok
Madhya Pradesh,Dhar,Kharif,26.594,1069.04,-0.644,0.638,Normal,prophet,prophet,26,ok
Madhya Pradesh,Dhar,Rabi,22.331,80.67,-0.313,0.365,Normal,prophet,prophet,26,ok
Madhya Pradesh,Dhar,Summer,31.306,163.62,0.26,0.07,Normal,prophet,prophet,27,ok
Madhya Pradesh,Dhar,Whole Year,25.63,1119.51,-0.677,0.675,Normal,prophet,prophet,26,ok
Madhya Pradesh,Dhar,Winter,20.204,16.13,-0.687,0.105,Normal,prophet,prophet,26,ok
Madhya Pradesh,Dindori,Autumn,22.422,676.47,-0.856,0.24,Normal,prophet,prophet,26,ok
Madhya Pradesh,Dindori,Kharif,25.819,1263.38,-0.179,0.323,Normal,prophet,prophet,26,ok
Madhya Pradesh,Dindori,Rabi,19.56,103.18,-0.298,0.127,Normal,prophet,prophet,26,ok
Madhya Pradesh,Dindori,Summer,30.483,266.34,0.461,0.008,Normal,prophet,prophet,27,ok
Madhya Pradesh,Dindori,Whole Year,23.806,1404.79,-0.644,0.366,Normal,prophet,prophet,26,ok
Madhya Pradesh,Dindori,Winter,17.106,47.64,-0.649,0.135,Normal,prophet,prophet,26,ok
Madhya Pradesh,Guna,Autumn,23.244,577.8,-1.003,0.278,Cooler than normal,prophet,prophet,26,ok
Madhya Pradesh,Guna,Kharif,26.759,1159.73,-0.999,0.548,Normal,prophet,prophet,26,ok
Madhya Pradesh,Guna,Rabi,19.781,88.09,-0.371,0.494,Normal,prophet,prophet,26,ok
Madhya Pradesh,Guna,Summer,30.805,202.62,-0.08,0.418,Normal,prophet,prophet,27,ok
Madhya Pradesh,Guna,Whole Year,24.429,1202.88,-1.071,0.489,Cooler than normal,prophet,prophet,26,ok
Madhya Pradesh,Guna,Winter,17.142,35.99,-0.708,0.243,Normal,prophet,prophet,26,ok
Madhya Pradesh,Gwalior,Autumn,24.359,462.4,-1.185,0.567,Cooler than normal,prophet,prophet,26,ok
Madhya Pradesh,Gwalior,Kharif,28.332,1053.74,-1.448,1.229,Cooler & Wetter than normal,prophet,prophet,26,ok
Madhya Pradesh,Gwalior,Rabi,19.591,96.72,-0.878,0.576,Normal,prophet,prophet,26,ok
Madhya Pradesh,Gwalior,Summer,31.736,147.34,-0.472,0.254,Normal,prophet,prophet,27,ok
Madhya Pradesh,Gwalior,Whole Year,25.135,1140.75,-1.72,1.401,Cooler & Wetter than normal,prophet,prophet,26,ok
Madhya Pradesh,Gwalior,Winter,16.835,35.2,-1.09,0.197,Cooler than normal,prophet,prophet,26,ok
Madhya Pradesh,Harda,Autumn,23.991,728.58,-0.98,0.242,Normal,prophet,prophet,26,ok
Madhya Pradesh,Harda,Kharif,26.866,1374.32,-0.3,0.378,Normal,prophet,prophet,26,ok
Madhya Pradesh,Harda,Rabi,22.778,109.95,-0.206,0.275,Normal,prophet,prophet,26,ok
Madhya Pradesh,Harda,Summer,32.143,209.2,0.211,0.117,Normal,prophet,prophet,27,ok
Madhya Pradesh,Harda,Whole Year,25.949,1454.77,-1.075,0.431,Cooler than normal,prophet,prophet,26,ok
Madhya Pradesh,Harda,Winter,20.698,31.29,-0.642,0.19,Normal,prophet,prophet,26,ok
Madhya Pradesh,Indore,Autumn,23.649,674.53,-0.969,0.418,Normal,prophet,prophet,26,ok
Madhya Pradesh,Indore,Kharif,26.57,1150.97,-0.461,0.598,Normal,prophet,prophet,26,ok
Madhya Pradesh,Indore,Rabi,21.877,82.33,-0.288,0.409,Normal,prophet,prophet,26,ok
Madhya Pradesh,Indore,Summer,31.32,175.26,0.119,0.178,Normal,prophet,prophet,27,ok
Madhya Pradesh,Indore,Whole Year,25.381,1210.88,-0.787,0.665,Normal,prophet,prophet,26,ok
Madhya Pradesh,Indore,Winter,19.601,19.03,-0.703,0.142,Normal,prophet,prophet,26,ok
Madhya Pradesh,Jabalpur,Autumn,23.186,697.09,-0.843,0.166,Normal,prophet,prophet,26,ok
Madhya Pradesh,Jabalpur,Kharif,26.639,1321.31,-0.247,0.295,Normal,prophet,prophet,26,ok
Madhya Pradesh,Jabalpur,Rabi,20.448,92.28,-0.281,0.315,Normal,prophet,prophet,26,ok
Madhya Pradesh,Jabalpur,Summer,31.499,254.11,0.383,0.07,Normal,prophet,prophet,27,ok
Madhya Pradesh,Jabalpur,Whole Year,24.695,1432.57,-0.757,0.347,Normal,prophet,prophet,26,ok
Madhya Pradesh,Jabalpur,Winter,17.954,40.97,-0.701,0.149,Normal,prophet,prophet,26,ok
Madhya Pradesh,Jhabua,Autumn,23.381,668.92,-1.05,0.474,Cooler than normal,prophet,prophet,26,ok
Madhya Pradesh,Jhabua,Kharif,26.135,1135.81,-0.562,0.774,Normal,prophet,prophet,26,ok
Madhya Pradesh,Jhabua,Rabi,21.622,79.96,-0.118,0.366,Normal,prophet,prophet,26,ok
Madhya Pradesh,Jhabua,Summer,30.602,185.05,0.267,0.206,Normal,prophet,prophet,27,ok
Madhya Pradesh,Jhabua,Whole Year,25.001,1193.78,-0.55,0.794,Normal,prophet,prophet,26,ok
Madhya Pradesh,Jhabua,Winter,19.469,16.54,-0.525,0.138,Normal,prophet,prophet,26,ok
Madhya Pradesh,Katni,Autumn,23.504,661.1,-0.839,0.147,Normal,prophet,prophet,26,ok
Madhya Pradesh,Katni,Kharif,27.134,1240.04,-0.199,0.213,Normal,prophet,prophet,26,ok
Madhya Pradesh,Katni,Rabi,20.357,82.03,-0.294,0.298,Normal,prophet,prophet,26,ok
Madhya Pradesh,Katni,Summer,31.796,236.01,0.421,0.074,Normal,prophet,prophet,27,ok
Madhya Pradesh,Katni,Whole Year,24.88,1347.22,-0.722,0.285,Normal,prophet,prophet,26,ok
Madhya Pradesh,Katni,Winter,17.763,38.37,-0.69,0.213,Normal,prophet,prophet,26,ok
Madhya Pradesh,Khandwa,Autumn,23.991,728.58,-0.98,0.242,Normal,prophet,prophet,26,ok
Madhya Pradesh,Khandwa,Kharif,26.866,1374.32,-0.3,0.378,Normal,prophet,prophet,26,ok
Madhya Pradesh,Khandwa,Rabi,22.778,109.95,-0.206,0.275,Normal,prophet,prophet,26,ok
Madhya Pradesh,Khandwa,Summer,32.143,209.2,0.211,0.117,Normal,prophet,prophet,27,ok
Madhya Pradesh,Khandwa,Whole Year,25.949,1454.77,-1.075,0.431,Cooler than normal,prophet,prophet,26,ok
Madhya Pradesh,Khandwa,Winter,20.698,31.29,-0.642,0.19,Normal,prophet,prophet,26,ok
Madhya Pradesh,Khargone,Autumn,24.055,637.28,-1.062,0.438,Cooler than normal,prophet,prophet,26,ok
Madhya Pradesh,Khargone,Kharif,26.977,1083.86,-0.708,0.452,Normal,prophet,prophet,26,ok
Madhya Pradesh,Khargone,Rabi,22.58,89.29,-0.332,0.397,Normal,prophet,prophet,26,ok
Madhya Pradesh,Khargone,Summer,31.945,172.57,0.105,0.197,Normal,prophet,prophet,27,ok
Madhya Pradesh,Khargone,Whole Year,25.956,1143.45,-0.897,0.528,Normal,prophet,prophet,26,ok
Madhya Pradesh,Khargone,Winter,20.363,25.26,-0.722,0.35,Normal,prophet,prophet,26,ok
Madhya Pradesh,Mandla,Autumn,22.621,692.89,-0.834,0.256,Normal,prophet,prophet,26,ok
Madhya Pradesh,Mandla,Kharif,25.734,1321.02,-0.233,0.464,Normal,prophet,prophet,26,ok
Madhya Pradesh,Mandla,Rabi,20.526,119.82,-0.001,0.168,Normal,prophet,prophet,26,ok
Madhya Pradesh,Mandla,Summer,30.413,287.82,0.319,0.011,Normal,prophet,prophet,27,ok
Madhya Pradesh,Mandla,Whole Year,24.168,1488.74,-0.559,0.455,Normal,prophet,prophet,26,ok
Madhya Pradesh,Mandla,Winter,18.181,50.69,-0.484,0.069,Normal,prophet,prophet,26,ok
Madhya Pradesh,Mandsaur,Autumn,24.458,499.98,-0.418,0.095,Normal,prophet,prophet,26,ok
Madhya Pradesh,Mandsaur,Kharif,27.443,912.31,-0.88,0.198,Normal,prophet,prophet,26,ok
Madhya Pradesh,Mandsaur,Rabi,20.966,78.19,-0.033,0.472,Normal,prophet,prophet,26,ok
Madhya Pradesh,Mandsaur,Summer,31.235,173.99,-0.076,0.432,Normal,prophet,prophet,27,ok
Madhya Pradesh,Mandsaur,Whole Year,25.454,984.46,-0.341,0.277,Normal,prophet,prophet,26,ok
Madhya Pradesh,Mandsaur,Winter,18.531,29.69,-0.234,0.367,Normal,prophet,prophet,26,ok
Madhya Pradesh,Morena,Autumn,24.91,470.72,-0.946,0.604,Normal,prophet,prophet,26,ok
Madhya Pradesh,Morena,Kharif,28.924,947.94,-1.366,0.88,Cooler than normal,prophet,prophet,26,ok
Madhya Pradesh,Morena,Rabi,19.728,96.0,-0.678,0.561,Normal,prophet,prophet,26,ok
Madhya Pradesh,Morena,Summer,32.18,142.38,-0.249,0.261,Normal,prophet,prophet,27,ok
Madhya Pradesh,Morena,Whole Year,25.506,1051.5,-1.43,1.108,Cooler & Wetter than normal,prophet,prophet,26,ok
Madhya Pradesh,Morena,Winter,16.985,39.09,-0.823,0.28,Normal,prophet,prophet,26,ok
Madhya Pradesh,Narmadapuram,Autumn,23.67,742.43,-0.877,0.137,Normal,prophet,prophet,26,ok
Madhya Pradesh,Narmadapuram,Kharif,26.62,1420.68,-0.205,0.287,Normal,prophet,prophet,26,ok
Madhya Pradesh,Narmadapuram,Rabi,21.917,92.34,-0.218,0.251,Normal,prophet,prophet,26,ok
Madhya Pradesh,Narmadapuram,Summer,31.573,201.59,0.258,0.012,Normal,prophet,prophet,27,ok
Madhya Pradesh,Narmadapuram,Whole Year,25.394,1496.07,-0.865,0.314,Normal,prophet,prophet,26,ok
Madhya Pradesh,Narmadapuram,Winter,19.835,31.37,-0.563,0.215,Normal,prophet,prophet,26,ok
Madhya Pradesh,Narsinghpur,Autumn,23.602,705.42,-0.866,0.158,Normal,prophet,prophet,26,ok
Madhya Pradesh,Narsinghpur,Kharif,27.067,1326.42,-0.159,0.315,Normal,prophet,prophet,26,ok
Madhya Pradesh,Narsinghpur,Rabi,20.972,85.15,-0.302,0.475,Normal,prophet,prophet,26,ok
Madhya Pradesh,Narsinghpur,Summer,31.946,228.32,0.285,0.066,Normal,prophet,prophet,27,ok
Madhya Pradesh,Narsinghpur,Whole Year,25.188,1416.24,-0.847,0.361,Normal,prophet,prophet,26,ok
Madhya Pradesh,Narsinghpur,Winter,18.483,36.49,-0.739,0.211,Normal,prophet,prophet,26,ok
Madhya Pradesh,Neemuch,Autumn,24.022,550.04,-0.477,0.208,Normal,prophet,prophet,26,ok
Madhya Pradesh,Neemuch,Kharif,26.935,976.55,-0.871,0.363,Normal,prophet,prophet,26,ok
Madhya Pradesh,Neemuch,Rabi,20.816,86.27,0.111,0.384,Normal,prophet,prophet,26,ok
Madhya Pradesh,Neemuch,Summer,30.803,188.73,0.014,0.461,Normal,prophet,prophet,27,ok
Madhya Pradesh,Neemuch,Whole Year,25.088,1051.69,-0.244,0.445,Normal,prophet,prophet,26,ok
Madhya Pradesh,Neemuch,Winter,18.485,28.79,-0.099,0.254,Normal,prophet,prophet,26,ok
Madhya Pradesh,Niwari,Autumn,24.578,500.81,-0.972,0.534,Normal,prophet,prophet,26,ok
Madhya Pradesh,Niwari,Kharif,28.601,1062.66,-1.289,1.009,Cooler & Wetter than normal,prophet,prophet,26,ok
Madhya Pradesh,Niwari,Rabi,19.688,94.92,-0.787,0.547,Normal,prophet,prophet,26,ok
Madhya Pradesh,Niwari,Summer,32.163,174.24,-0.317,0.321,Normal,prophet,prophet,27,ok
Madhya Pradesh,Niwari,Whole Year,25.379,1154.41,-1.448,1.187,Cooler & Wetter than normal,prophet,prophet,26,ok
Madhya Pradesh,Niwari,Winter,16.966,28.21,-0.892,0.016,Normal,prophet,prophet,26,ok
Madhya Pradesh,Panna,Autumn,23.898,574.67,-0.672,0.106,Normal,prophet,prophet,26,ok
Madhya Pradesh,Panna,Kharif,27.657,1087.56,-0.551,0.083,Normal,prophet,prophet,26,ok
Madhya Pradesh,Panna,Rabi,19.566,84.09,-0.514,0.315,Normal,prophet,prophet,26,ok
Madhya Pradesh,Panna,Summer,31.754,224.9,0.217,0.143,Normal,prophet,prophet,27,ok
Madhya Pradesh,Panna,Whole Year,24.743,1215.21,-0.896,0.18,Normal,prophet,prophet,26,ok
Madhya Pradesh,Panna,Winter,16.966,37.01,-0.585,0.213,Normal,prophet,prophet,26,ok
Madhya Pradesh,Raisen,Autumn,23.38,644.1,-0.902,0.069,Normal,prophet,prophet,26,ok
Madhya Pradesh,Raisen,Kharif,26.811,1240.92,-0.48,0.123,Normal,prophet,prophet,26,ok
Madhya Pradesh,Raisen,Rabi,20.552,82.26,-0.226,0.322,Normal,prophet,prophet,26,ok
Madhya Pradesh,Raisen,Summer,31.341,211.75,0.101,0.184,Normal,prophet,prophet,27,ok
Madhya Pradesh,Raisen,Whole Year,24.836,1310.18,-0.83,0.153,Normal,prophet,prophet,26,ok
Madhya Pradesh,Raisen,Winter,17.978,23.76,-0.637,0.051,Normal,prophet,prophet,26,ok
Madhya Pradesh,Rajgarh,Autumn,23.947,516.63,-0.743,0.123,Normal,prophet,prophet,26,ok
Madhya Pradesh,Rajgarh,Kharif,27.266,937.74,-0.715,0.025,Normal,prophet,prophet,26,ok
Madhya Pradesh,Rajgarh,Rabi,21.141,72.69,-0.067,0.421,Normal,prophet,prophet,26,ok
Madhya Pradesh,Rajgarh,Summer,31.626,170.87,0.084,0.315,Normal,prophet,prophet,27,ok
Madhya Pradesh,Rajgarh,Whole Year,25.431,994.17,-0.551,0.037,Normal,prophet,prophet,26,ok
Madhya Pradesh,Rajgarh,Winter,18.649,28.98,-0.411,0.253,Normal,prophet,prophet,26,ok
Madhya Pradesh,Ratlam,Autumn,23.565,650.32,-1.075,0.448,Cooler than normal,prophet,prophet,26,ok
Madhya Pradesh,Ratlam,Kharif,26.425,1115.73,-0.591,0.732,Normal,prophet,prophet,26,ok
Madhya Pradesh,Ratlam,Rabi,21.465,80.4,-0.019,0.38,Normal,prophet,prophet,26,ok
Madhya Pradesh,Ratlam,Summer,30.751,189.58,0.175,0.27,Normal,prophet,prophet,27,ok
Madhya Pradesh,Ratlam,Whole Year,25.078,1177.09,-0.477,0.742,Normal,prophet,prophet,26,ok
Madhya Pradesh,Ratlam,Winter,19.237,22.5,-0.407,0.395,Normal,prophet,prophet,26,ok
Madhya Pradesh,Rewa,Autumn,24.729,521.59,-0.503,0.144,Normal,prophet,prophet,26,ok
Madhya Pradesh,Rewa,Kharif,28.682,967.29,-0.324,0.24,Normal,prophet,prophet,26,ok
Madhya Pradesh,Rewa,Rabi,20.198,84.82,-0.286,0.352,Normal,prophet,prophet,26,ok
Madhya Pradesh,Rewa,Summer,32.773,190.71,0.496,0.091,Normal,prophet,prophet,27,ok
Madhya Pradesh,Rewa,Whole Year,25.579,1077.34,-0.55,0.342,Normal,prophet,prophet,26,ok
Madhya Pradesh,Rewa,Winter,17.542,25.63,-0.315,-0.067,Normal,prophet,prophet,26,ok
Madhya Pradesh,Sagar,Autumn,23.342,635.46,-0.925,0.154,Normal,prophet,prophet,26,ok
Madhya Pradesh,Sagar,Kharif,26.944,1256.29,-0.583,0.347,Normal,prophet,prophet,26,ok
Madhya Pradesh,Sagar,Rabi,20.098,88.32,-0.187,0.426,Normal,prophet,prophet,26,ok
Madhya Pradesh,Sagar,Summer,31.329,219.34,0.196,0.366,Normal,prophet,prophet,27,ok
Madhya Pradesh,Sagar,Whole Year,24.641,1313.01,-0.823,0.299,Normal,prophet,prophet,26,ok
Madhya Pradesh,Sagar,Winter,17.359,31.43,-0.626,0.145,Normal,prophet,prophet,26,ok
Madhya Pradesh,Satna,Autumn,23.941,564.23,-0.567,0.092,Normal,prophet,prophet,26,ok
Madhya Pradesh,Satna,Kharif,27.68,1045.71,-0.431,0.035,Normal,prophet,prophet,26,ok
Madhya Pradesh,Satna,Rabi,19.62,79.87,-0.41,0.212,Normal,prophet,prophet,26,ok
Madhya Pradesh,Satna,Summer,31.925,234.14,0.396,0.103,Normal,prophet,prophet,27,ok
Madhya Pradesh,Satna,Whole Year,24.823,1189.71,-0.68,0.153,Normal,prophet,prophet,26,ok
Madhya Pradesh,Satna,Winter,17.021,36.63,-0.468,0.173,Normal,prophet,prophet,26,ok
Madhya Pradesh,Sehore,Autumn,23.445,704.72,-0.829,0.154,Normal,prophet,prophet,26,ok
Madhya Pradesh,Sehore,Kharif,26.637,1356.21,-0.304,0.296,Normal,prophet,prophet,26,ok
Madhya Pradesh,Sehore,Rabi,21.211,84.94,-0.158,0.344,Normal,prophet,prophet,26,ok
Madhya Pradesh,Sehore,Summer,31.537,209.59,0.221,0.141,Normal,prophet,prophet,27,ok
Madhya Pradesh,Sehore,Whole Year,25.11,1425.42,-0.719,0.337,Normal,prophet,prophet,26,ok
Madhya Pradesh,Sehore,Winter,18.794,22.61,-0.621,0.053,Normal,prophet,prophet,26,ok
Madhya Pradesh,Seoni,Autumn,23.099,701.85,-0.821,0.191,Normal,prophet,prophet,26,ok
Madhya Pradesh,Seoni,Kharif,26.355,1354.64,-0.34,0.405,Normal,prophet,prophet,26,ok
Madhya Pradesh,Seoni,Rabi,20.786,110.43,-0.107,0.312,Normal,prophet,prophet,26,ok
Madhya Pradesh,Seoni,Summer,31.195,264.46,0.227,0.043,Normal,prophet,prophet,27,ok
Madhya Pradesh,Seoni,Whole Year,24.637,1500.31,-0.764,0.476,Normal,prophet,prophet,26,ok
Madhya Pradesh,Seoni,Winter,18.304,43.87,-0.626,0.075,Normal,prophet,prophet,26,ok
Madhya Pradesh,Shahdol,Autumn,23.326,631.41,-0.828,0.318,Normal,prophet,prophet,26,ok
Madhya Pradesh,Shahdol,Kharif,26.85,1138.02,-0.129,0.313,Normal,prophet,prophet,26,ok
Madhya Pradesh,Shahdol,Rabi,19.881,103.98,-0.469,0.119,Normal,prophet,prophet,26,ok
Madhya Pradesh,Shahdol,Summer,31.191,242.15,0.446,-0.086,Normal,prophet,prophet,27,ok
Madhya Pradesh,Shahdol,Whole Year,24.566,1281.46,-0.558,0.38,Normal,prophet,prophet,26,ok
Madhya Pradesh,Shahdol,Winter,17.542,47.18,-0.553,0.177,Normal,prophet,prophet,26,ok
Madhya Pradesh,Shajapur,Autumn,23.65,598.2,-0.69,0.114,Normal,prophet,prophet,26,ok
Madhya Pradesh,Shajapur,Kharif,26.886,1147.32,-0.245,0.185,Normal,prophet,prophet,26,ok
Madhya Pradesh,Shajapur,Rabi,21.118,76.87,-0.024,0.361,Normal,prophet,prophet,26,ok
Madhya Pradesh,Shajapur,Summer,31.33,193.27,0.09,0.185,Normal,prophet,prophet,27,ok
Madhya Pradesh,Shajapur,Whole Year,25.166,1205.67,-0.505,0.203,Normal,prophet,prophet,26,ok
Madhya Pradesh,Shajapur,Winter,18.663,20.27,-0.447,-0.03,Normal,prophet,prophet,26,ok
Madhya Pradesh,Sheopur,Autumn,24.02,483.39,-1.09,0.542,Cooler than normal,prophet,prophet,26,ok
Madhya Pradesh,Sheopur,Kharif,27.78,1066.97,-1.269,0.974,Cooler than normal,prophet,prophet,26,ok
Madhya Pradesh,Sheopur,Rabi,19.738,90.81,-0.866,0.496,Normal,prophet,prophet,26,ok
Madhya Pradesh,Sheopur,Summer,31.417,151.6,-0.478,0.285,Normal,prophet,prophet,27,ok
Madhya Pradesh,Sheopur,Whole Year,25.013,1183.02,-1.674,1.207,Cooler & Wetter than normal,prophet,prophet,26,ok
Madhya Pradesh,Sheopur,Winter,17.16,41.45,-1.059,0.401,Cooler than normal,prophet,prophet,26,ok
Madhya Pradesh,Shivpuri,Autumn,23.964,459.9,-1.347,0.471,Cooler than normal,prophet,prophet,26,ok
Madhya Pradesh,Shivpuri,Kharif,27.918,1144.21,-1.478,1.333,Cooler & Wetter than normal,prophet,prophet,26,ok
Madhya Pradesh,Shivpuri,Rabi,19.51,91.14,-1.128,0.546,Cooler than normal,prophet,prophet,26,ok
Madhya Pradesh,Shivpuri,Summer,31.577,149.96,-0.568,0.256,Normal,prophet,prophet,27,ok
Madhya Pradesh,Shivpuri,Whole Year,24.983,1252.98,-1.805,1.552,Cooler & Wetter than normal,prophet,prophet,26,ok
Madhya Pradesh,Shivpuri,Winter,16.83,34.34,-1.32,0.187,Cooler than normal,prophet,prophet,26,ok
Madhya Pradesh,Sidhi,Autumn,23.619,582.79,-0.563,0.2,Normal,prophet,prophet,26,ok
Madhya Pradesh,Sidhi,Kharif,27.27,1037.78,-0.027,0.155,Normal,prophet,prophet,26,ok
Madhya Pradesh,Sidhi,Rabi,19.737,107.95,-0.456,0.234,Normal,prophet,prophet,26,ok
Madhya Pradesh,Sidhi,Summer,31.507,206.45,0.516,-0.071,Normal,prophet,prophet,27,ok
Madhya Pradesh,Sidhi,Whole Year,24.697,1157.18,-0.494,0.231,Normal,prophet,prophet,26,ok
Madhya Pradesh,Sidhi,Winter,17.378,32.65,-0.465,-0.07,Normal,prophet,prophet,26,ok
Madhya Pradesh,Singrauli,Autumn,23.828,598.58,-0.602,0.255,Normal,prophet,prophet,26,ok
Madhya Pradesh,Singrauli,Kharif,27.461,1083.64,-0.064,0.313,Normal,prophet,prophet,26,ok
Madhya Pradesh,Singrauli,Rabi,19.987,93.19,-0.437,0.137,Normal,prophet,prophet,26,ok
Madhya Pradesh,Singrauli,Summer,31.699,207.29,0.551,-0.066,Normal,prophet,prophet,27,ok
Madhya Pradesh,Singrauli,Whole Year,24.918,1202.86,-0.49,0.378,Normal,prophet,prophet,26,ok
Madhya Pradesh,Singrauli,Winter,17.619,35.36,-0.454,0.011,Normal,prophet,prophet,26,ok
Madhya Pradesh,Tikamgarh,Autumn,24.147,530.24,-0.968,0.417,Normal,prophet,prophet,26,ok
Madhya Pradesh,Tikamgarh,Kharif,28.065,1065.47,-1.196,0.603,Cooler than normal,prophet,prophet,26,ok
Madhya Pradesh,Tikamgarh,Rabi,19.608,88.07,-0.725,0.508,Normal,prophet,prophet,26,ok
Madhya Pradesh,Tikamgarh,Summer,31.788,185.72,-0.236,0.352,Normal,prophet,prophet,27,ok
Madhya Pradesh,Tikamgarh,Whole Year,25.064,1170.19,-1.287,0.802,Cooler than normal,prophet,prophet,26,ok
Madhya Pradesh,Tikamgarh,Winter,16.956,29.23,-0.818,0.044,Normal,prophet,prophet,26,ok
Madhya Pradesh,Ujjain,Autumn,23.179,661.16,-0.975,0.406,Normal,prophet,prophet,26,ok
Madhya Pradesh,Ujjain,Kharif,26.098,1117.04,-0.289,0.547,Normal,prophet,prophet,26,ok
Madhya Pradesh,Ujjain,Rabi,21.167,75.16,-0.077,0.418,Normal,prophet,prophet,26,ok
Madhya Pradesh,Ujjain,Summer,30.539,173.53,0.184,0.169,Normal,prophet,prophet,27,ok
Madhya Pradesh,Ujjain,Whole Year,24.759,1180.29,-0.522,0.629,Normal,prophet,prophet,26,ok
Madhya Pradesh,Ujjain,Winter,18.9,17.22,-0.514,0.11,Normal,prophet,prophet,26,ok
Madhya Pradesh,Umaria,Autumn,23.326,631.41,-0.828,0.318,Normal,prophet,prophet,26,ok
Madhya Pradesh,Umaria,Kharif,26.85,1138.02,-0.129,0.313,Normal,prophet,prophet,26,ok
Madhya Pradesh,Umaria,Rabi,19.881,103.98,-0.469,0.119,Normal,prophet,prophet,26,ok
Madhya Pradesh,Umaria,Summer,31.191,242.15,0.446,-0.086,Normal,prophet,prophet,27,ok
Madhya Pradesh,Umaria,Whole Year,24.566,1281.46,-0.558,0.38,Normal,prophet,prophet,26,ok
Madhya Pradesh,Umaria,Winter,17.542,47.18,-0.553,0.177,Normal,prophet,prophet,26,ok
Madhya Pradesh,Vidisha,Autumn,23.703,574.58,-0.874,0.083,Normal,prophet,prophet,26,ok
Madhya Pradesh,Vidisha,Kharif,27.171,1081.85,-0.788,0.072,Normal,prophet,prophet,26,ok
Madhya Pradesh,Vidisha,Rabi,20.646,81.0,-0.19,0.382,Normal,prophet,prophet,26,ok
Madhya Pradesh,Vidisha,Summer,31.55,194.44,0.078,0.286,Normal,prophet,prophet,27,ok
Madhya Pradesh,Vidisha,Whole Year,25.097,1144.14,-0.781,0.076,Normal,prophet,prophet,26,ok
Madhya Pradesh,Vidisha,Winter,18.021,30.55,-0.562,0.177,Normal,prophet,prophet,26,ok
Maharashtra,Ahmednagar,Autumn,23.625,445.12,-0.565,0.163,Normal,prophet,prophet,26,ok
Maharashtra,Ahmednagar,Kharif,25.401,676.11,-0.658,0.106,Normal,prophet,prophet,26,ok
Maharashtra,Ahmednagar,Rabi,23.362,132.68,-0.004,0.299,Normal,prophet,prophet,26,ok
Maharashtra,Ahmednagar,Summer,30.106,201.95,0.183,0.325,Normal,prophet,prophet,27,ok
Maharashtra,Ahmednagar,Whole Year,25.401,762.81,-0.733,0.21,Normal,prophet,prophet,26,ok
Maharashtra,Ahmednagar,Winter,21.891,18.5,-0.079,0.109,Normal,prophet,prophet,26,ok
Maharashtra,Akola,Autumn,24.005,509.6,-0.823,0.311,Normal,prophet,prophet,26,ok
Maharashtra,Akola,Kharif,26.746,1059.13,-0.261,0.458,Normal,prophet,prophet,26,ok
Maharashtra,Akola,Rabi,23.312,90.07,0.11,-0.026,Normal,prophet,prophet,26,ok
Maharashtra,Akola,Summer,32.309,208.61,0.2,0.036,Normal,prophet,prophet,27,ok
Maharashtra,Akola,Whole Year,26.199,1176.96,-0.78,0.658,Normal,prophet,prophet,26,ok
Maharashtra,Akola,Winter,21.3,25.38,-0.276,0.108,Normal,prophet,prophet,26,ok
Maharashtra,Amravati,Autumn,24.005,509.6,-0.823,0.311,Normal,prophet,prophet,26,ok
Maharashtra,Amravati,Kharif,26.746,1059.13,-0.261,0.458,Normal,prophet,prophet,26,ok
Maharashtra,Amravati,Rabi,23.312,90.07,0.11,-0.026,Normal,prophet,prophet,26,ok
Maharashtra,Amravati,Summer,32.309,208.61,0.2,0.036,Normal,prophet,prophet,27,ok
Maharashtra,Amravati,Whole Year,26.199,1176.96,-0.78,0.658,Normal,prophet,prophet,26,ok
Maharashtra,Amravati,Winter,21.3,25.38,-0.276,0.108,Normal,prophet,prophet,26,ok
Maharashtra,Aurangabad,Autumn,23.354,483.21,-0.577,0.084,Normal,prophet,prophet,26,ok
Maharashtra,Aurangabad,Kharif,25.589,826.45,-0.554,0.087,Normal,prophet,prophet,26,ok
Maharashtra,Aurangabad,Rabi,22.879,137.61,0.112,0.436,Normal,prophet,prophet,26,ok
Maharashtra,Aurangabad,Summer,30.672,206.52,0.376,0.212,Normal,prophet,prophet,27,ok
Maharashtra,Aurangabad,Whole Year,25.393,913.13,-0.47,0.222,Normal,prophet,prophet,26,ok
Maharashtra,Aurangabad,Winter,21.302,31.99,0.041,0.314,Normal,prophet,prophet,26,ok
Maharashtra,Beed,Autumn,23.69,444.49,-0.587,0.088,Normal,prophet,prophet,26,ok
Maharashtra,Beed,Kharif,25.727,705.58,-0.569,0.065,Normal,prophet,prophet,26,ok
Maharashtra,Beed,Rabi,23.425,130.73,-0.081,0.278,Normal,prophet,prophet,26,ok
Maharashtra,Beed,Summer,30.709,194.82,0.161,0.182,Normal,prophet,prophet,27,ok
Maharashtra,Beed,Whole Year,25.651,781.83,-0.839,0.156,Normal,prophet,prophet,26,ok
Maharashtra,Beed,Winter,21.867,16.44,-0.213,0.13,Normal,prophet,prophet,26,ok
Maharashtra,Bhandara,Autumn,24.432,718.36,-0.443,0.345,Normal,prophet,prophet,26,ok
Maharashtra,Bhandara,Kharif,27.469,1434.99,0.443,0.678,Normal,prophet,prophet,26,ok
Maharashtra,Bhandara,Rabi,22.826,99.74,0.087,-0.081,Normal,prophet,prophet,26,ok
Maharashtra,Bhandara,Summer,32.73,231.74,0.335,-0.143,Normal,prophet,prophet,27,ok
Maharashtra,Bhandara,Whole Year,26.299,1605.06,-0.418,0.904,Normal,prophet,prophet,26,ok
Maharashtra,Bhandara,Winter,20.51,36.69,-0.358,-0.05,Normal,prophet,prophet,26,ok
Maharashtra,Buldhana,Autumn,23.649,497.74,-0.708,0.202,Normal,prophet,prophet,26,ok
Maharashtra,Buldhana,Kharif,26.096,966.38,-0.441,0.331,Normal,prophet,prophet,26,ok
Maharashtra,Buldhana,Rabi,22.976,124.16,0.079,0.352,Normal,prophet,prophet,26,ok
Maharashtra,Buldhana,Summer,31.402,232.82,0.341,0.284,Normal,prophet,prophet,27,ok
Maharashtra,Buldhana,Whole Year,25.7,1063.43,-0.678,0.565,Normal,prophet,prophet,26,ok
Maharashtra,Buldhana,Winter,21.164,35.2,-0.194,0.294,Normal,prophet,prophet,26,ok
Maharashtra,Chandrapur,Autumn,24.793,635.02,-0.508,0.307,Normal,prophet,prophet,26,ok
Maharashtra,Chandrapur,Kharif,27.601,1425.41,0.295,0.762,Normal,prophet,prophet,26,ok
Maharashtra,Chandrapur,Rabi,23.717,104.12,-0.142,-0.066,Normal,prophet,prophet,26,ok
Maharashtra,Chandrapur,Summer,33.211,249.73,0.163,0.159,Normal,prophet,prophet,27,ok
Maharashtra,Chandrapur,Whole Year,26.928,1599.74,-0.712,0.919,Normal,prophet,prophet,26,ok
Maharashtra,Chandrapur,Winter,21.539,40.84,-0.522,-0.008,Normal,prophet,prophet,26,ok
Maharashtra,Dharashiv,Autumn,23.445,511.01,-0.873,0.411,Normal,prophet,prophet,26,ok
Maharashtra,Dharashiv,Kharif,25.365,847.56,-0.807,0.505,Normal,prophet,prophet,26,ok
Maharashtra,Dharashiv,Rabi,23.701,133.21,-0.261,0.161,Normal,prophet,prophet,26,ok
Maharashtra,Dharashiv,Summer,30.535,258.34,-0.186,0.508,Normal,prophet,prophet,27,ok
Maharashtra,Dharashiv,Whole Year,25.624,1006.11,-1.219,0.828,Cooler than normal,prophet,prophet,26,ok
Maharashtra,Dharashiv,Winter,22.197,15.25,-0.389,0.067,Normal,prophet,prophet,26,ok
Maharashtra,Dhule,Autumn,24.041,414.07,-0.743,-0.083,Normal,prophet,prophet,26,ok
Maharashtra,Dhule,Kharif,26.307,768.93,-0.085,-0.135,Normal,prophet,prophet,26,ok
Maharashtra,Dhule,Rabi,23.529,82.51,0.163,0.335,Normal,prophet,prophet,26,ok
Maharashtra,Dhule,Summer,30.708,129.43,0.728,-0.371,Normal,prophet,prophet,27,ok
Maharashtra,Dhule,Whole Year,25.962,822.07,0.159,-0.092,Normal,prophet,prophet,26,ok
Maharashtra,Dhule,Winter,21.968,20.0,0.094,0.083,Normal,prophet,prophet,26,ok
Maharashtra,Gadchiroli,Autumn,24.832,710.24,-0.198,0.225,Normal,prophet,prophet,26,ok
Maharashtra,Gadchiroli,Kharif,27.471,1530.12,0.503,0.587,Normal,prophet,prophet,26,ok
Maharashtra,Gadchiroli,Rabi,23.615,110.03,0.002,-0.106,Normal,prophet,prophet,26,ok
Maharashtra,Gadchiroli,Summer,32.767,268.46,0.288,0.141,Normal,prophet,prophet,27,ok
Maharashtra,Gadchiroli,Whole Year,26.717,1696.89,-0.497,0.727,Normal,prophet,prophet,26,ok
Maharashtra,Gadchiroli,Winter,21.524,40.09,-0.357,-0.032,Normal,prophet,prophet,26,ok
Maharashtra,Gondia,Autumn,24.209,705.9,-0.573,0.31,Normal,prophet,prophet,26,ok
Maharashtra,Gondia,Kharif,27.226,1355.17,0.156,0.557,Normal,prophet,prophet,26,ok
Maharashtra,Gondia,Rabi,22.744,109.17,0.254,0.042,Normal,prophet,prophet,26,ok
Maharashtra,Gondia,Summer,32.385,238.83,0.271,-0.104,Normal,prophet,prophet,27,ok
Maharashtra,Gondia,Whole Year,26.07,1485.45,-0.411,0.495,Normal,prophet,prophet,26,ok
Maharashtra,Gondia,Winter,20.52,39.6,-0.16,-0.02,Normal,prophet,prophet,26,ok
Maharashtra,Hingoli,Autumn,23.745,506.11,-1.1,0.713,Cooler than normal,prophet,prophet,26,ok
Maharashtra,Hingoli,Kharif,26.269,985.07,-0.731,0.744,Normal,prophet,prophet,26,ok
Maharashtra,Hingoli,Rabi,23.41,97.99,-0.625,0.115,Normal,prophet,prophet,26,ok
Maharashtra,Hingoli,Summer,31.946,218.12,0.075,0.209,Normal,prophet,prophet,27,ok
Maharashtra,Hingoli,Whole Year,26.047,1144.13,-1.46,1.146,Cooler & Wetter than normal,prophet,prophet,26,ok
Maharashtra,Hingoli,Winter,21.637,18.02,-0.767,0.093,Normal,prophet,prophet,26,ok
Maharashtra,Jalgaon,Autumn,24.449,499.85,-0.779,0.311,Normal,prophet,prophet,26,ok
Maharashtra,Jalgaon,Kharif,26.992,875.77,-0.695,0.192,Normal,prophet,prophet,26,ok
Maharashtra,Jalgaon,Rabi,23.762,110.74,0.125,0.427,Normal,prophet,prophet,26,ok
Maharashtra,Jalgaon,Summer,32.051,184.86,0.325,0.177,Normal,prophet,prophet,27,ok
Maharashtra,Jalgaon,Whole Year,26.543,939.91,-0.435,0.268,Normal,prophet,prophet,26,ok
Maharashtra,Jalgaon,Winter,22.009,29.01,-0.014,0.249,Normal,prophet,prophet,26,ok
Maharashtra,Jalna,Autumn,23.354,483.21,-0.577,0.084,Normal,prophet,prophet,26,ok
Maharashtra,Jalna,Kharif,25.589,826.45,-0.554,0.087,Normal,prophet,prophet,26,ok
Maharashtra,Jalna,Rabi,22.879,137.61,0.112,0.436,Normal,prophet,prophet,26,ok
Maharashtra,Jalna,Summer,30.672,206.52,0.376,0.212,Normal,prophet,prophet,27,ok
Maharashtra,Jalna,Whole Year,25.393,913.13,-0.47,0.222,Normal,prophet,prophet,26,ok
Maharashtra,Jalna,Winter,21.302,31.99,0.041,0.314,Normal,prophet,prophet,26,ok
Maharashtra,Kolhapur,Autumn,22.946,755.78,-0.21,0.123,Normal,prophet,prophet,26,ok
Maharashtra,Kolhapur,Kharif,23.913,1676.84,0.055,0.399,Normal,prophet,prophet,26,ok
Maharashtra,Kolhapur,Rabi,23.686,207.69,0.032,0.355,Normal,prophet,prophet,26,ok
Maharashtra,Kolhapur,Summer,28.084,548.47,0.138,0.568,Normal,prophet,prophet,27,ok
Maharashtra,Kolhapur,Whole Year,24.722,1887.37,-0.129,0.607,Normal,prophet,prophet,26,ok
Maharashtra,Kolhapur,Winter,22.441,32.88,-0.321,0.153,Normal,prophet,prophet,26,ok
Maharashtra,Latur,Autumn,23.045,542.93,-1.238,0.721,Cooler than normal,prophet,prophet,26,ok
Maharashtra,Latur,Kharif,25.409,947.25,-1.038,0.864,Cooler than normal,prophet,prophet,26,ok
Maharashtra,Latur,Rabi,23.131,102.93,-0.747,0.035,Normal,prophet,prophet,26,ok
Maharashtra,Latur,Summer,30.786,272.11,-0.321,0.952,Normal,prophet,prophet,27,ok
Maharashtra,Latur,Whole Year,25.436,1174.71,-1.557,1.384,Cooler & Wetter than normal,prophet,prophet,26,ok
Maharashtra,Latur,Winter,21.589,13.29,-0.759,0.029,Normal,prophet,prophet,26,ok
Maharashtra,Mumbai,Autumn,25.504,1327.83,-0.59,0.12,Normal,prophet,prophet,26,ok
Maharashtra,Mumbai,Kharif,26.854,2970.11,0.036,0.414,Normal,prophet,prophet,26,ok
Maharashtra,Mumbai,Rabi,25.407,190.36,0.376,0.365,Normal,prophet,prophet,26,ok
Maharashtra,Mumbai,Summer,30.596,548.55,1.285,-0.081,Hotter than normal,prophet,prophet,27,ok
Maharashtra,Mumbai,Whole Year,26.83,3199.39,0.07,0.65,Normal,prophet,prophet,26,ok
Maharashtra,Mumbai,Winter,24.015,42.66,-0.111,0.229,Normal,prophet,prophet,26,ok
Maharashtra,Mumbai Suburban,Autumn,25.504,1327.83,-0.59,0.12,Normal,prophet,prophet,26,ok
Maharashtra,Mumbai Suburban,Kharif,26.854,2970.11,0.036,0.414,Normal,prophet,prophet,26,ok
Maharashtra,Mumbai Suburban,Rabi,25.407,190.36,0.376,0.365,Normal,prophet,prophet,26,ok
Maharashtra,Mumbai Suburban,Summer,30.596,548.55,1.285,-0.081,Hotter than normal,prophet,prophet,27,ok
Maharashtra,Mumbai Suburban,Whole Year,26.83,3199.39,0.07,0.65,Normal,prophet,prophet,26,ok
Maharashtra,Mumbai Suburban,Winter,24.015,42.66,-0.111,0.229,Normal,prophet,prophet,26,ok
Maharashtra,Nagpur,Autumn,24.479,668.35,-0.533,0.347,Normal,prophet,prophet,26,ok
Maharashtra,Nagpur,Kharif,27.619,1357.72,0.405,0.598,Normal,prophet,prophet,26,ok
Maharashtra,Nagpur,Rabi,22.933,93.43,0.077,-0.102,Normal,prophet,prophet,26,ok
Maharashtra,Nagpur,Summer,32.962,221.81,0.243,-0.165,Normal,prophet,prophet,27,ok
Maharashtra,Nagpur,Whole Year,26.421,1493.5,-0.568,0.716,Normal,prophet,prophet,26,ok
Maharashtra,Nagpur,Winter,20.558,34.28,-0.402,-0.021,Normal,prophet,prophet,26,ok
Maharashtra,Nanded,Autumn,23.791,576.91,-1.227,1.003,Cooler & Wetter than normal,prophet,prophet,26,ok
Maharashtra,Nanded,Kharif,26.282,1102.08,-0.977,1.072,Wetter than normal,prophet,prophet,26,ok
Maharashtra,Nanded,Rabi,23.639,73.15,-0.813,-0.196,Normal,prophet,prophet,26,ok
Maharashtra,Nanded,Summer,31.99,250.41,-0.251,0.69,Normal,prophet,prophet,27,ok
Maharashtra,Nanded,Whole Year,26.205,1288.8,-1.56,1.358,Cooler & Wetter than normal,prophet,prophet,26,ok
Maharashtra,Nanded,Winter,21.902,15.16,-0.898,0.034,Normal,prophet,prophet,26,ok
Maharashtra,Nandurbar,Autumn,24.294,495.02,-0.79,0.168,Normal,prophet,prophet,26,ok
Maharashtra,Nandurbar,Kharif,26.681,882.74,-0.362,0.082,Normal,prophet,prophet,26,ok
Maharashtra,Nandurbar,Rabi,23.544,79.43,-0.084,0.366,Normal,prophet,prophet,26,ok
Maharashtra,Nandurbar,Summer,31.298,132.41,0.661,-0.315,Normal,prophet,prophet,27,ok
Maharashtra,Nandurbar,Whole Year,26.202,931.44,-0.205,0.127,Normal,prophet,prophet,26,ok
Maharashtra,Nandurbar,Winter,21.807,18.47,-0.307,0.123,Normal,prophet,prophet,26,ok
Maharashtra,Nashik,Autumn,22.575,978.14,-0.733,0.199,Normal,prophet,prophet,26,ok
Maharashtra,Nashik,Kharif,24.294,1984.41,-0.102,0.249,Normal,prophet,prophet,26,ok
Maharashtra,Nashik,Rabi,22.711,134.17,0.276,0.229,Normal,prophet,prophet,26,ok
Maharashtra,Nashik,Summer,28.619,367.69,0.793,-0.016,Normal,prophet,prophet,27,ok
Maharashtra,Nashik,Whole Year,24.423,2148.45,0.02,0.512,Normal,prophet,prophet,26,ok
Maharashtra,Nashik,Winter,21.372,37.67,0.031,0.258,Normal,prophet,prophet,26,ok
Maharashtra,Palghar,Autumn,24.944,1111.99,-0.802,0.019,Normal,prophet,prophet,26,ok
Maharashtra,Palghar,Kharif,26.45,2452.96,-0.063,0.242,Normal,prophet,prophet,26,ok
Maharashtra,Palghar,Rabi,25.415,148.39,0.499,0.418,Normal,prophet,prophet,26,ok
Maharashtra,Palghar,Summer,30.508,395.96,1.214,-0.287,Hotter than normal,prophet,prophet,27,ok
Maharashtra,Palghar,Whole Year,26.759,2619.32,0.43,0.479,Normal,prophet,prophet,26,ok
Maharashtra,Palghar,Winter,24.245,33.11,0.055,0.16,Normal,prophet,prophet,26,ok
Maharashtra,Parbhani,Autumn,23.745,506.11,-1.1,0.713,Cooler than normal,prophet,prophet,26,ok
Maharashtra,Parbhani,Kharif,26.269,985.07,-0.731,0.744,Normal,prophet,prophet,26,ok
Maharashtra,Parbhani,Rabi,23.41,97.99,-0.625,0.115,Normal,prophet,prophet,26,ok
Maharashtra,Parbhani,Summer,31.946,218.12,0.075,0.209,Normal,prophet,prophet,27,ok
Maharashtra,Parbhani,Whole Year,26.047,1144.13,-1.46,1.146,Cooler & Wetter than normal,prophet,prophet,26,ok
Maharashtra,Parbhani,Winter,21.637,18.02,-0.767,0.093,Normal,prophet,prophet,26,ok
Maharashtra,Pune,Autumn,22.306,1102.04,-0.605,0.222,Normal,prophet,prophet,26,ok
Maharashtra,Pune,Kharif,23.834,2304.94,-0.085,0.428,Normal,prophet,prophet,26,ok
Maharashtra,Pune,Rabi,21.976,186.76,0.105,0.258,Normal,prophet,prophet,26,ok
Maharashtra,Pune,Summer,27.871,483.18,0.759,0.077,Normal,prophet,prophet,27,ok
Maharashtra,Pune,Whole Year,23.711,2568.45,-0.522,0.844,Normal,prophet,prophet,26,ok
Maharashtra,Pune,Winter,20.604,40.38,-0.004,0.267,Normal,prophet,prophet,26,ok
Maharashtra,Raigad,Autumn,25.524,1240.36,-0.492,0.03,Normal,prophet,prophet,26,ok
Maharashtra,Raigad,Kharif,26.707,2719.91,0.089,-0.05,Normal,prophet,prophet,26,ok
Maharashtra,Raigad,Rabi,25.486,200.91,0.484,0.242,Normal,prophet,prophet,26,ok
Maharashtra,Raigad,Summer,30.116,571.07,1.321,-0.073,Hotter than normal,prophet,prophet,27,ok
Maharashtra,Raigad,Whole Year,26.751,2886.2,0.32,0.067,Normal,prophet,prophet,26,ok
Maharashtra,Raigad,Winter,24.258,40.72,0.066,0.207,Normal,prophet,prophet,26,ok
Maharashtra,Ratnagiri,Autumn,23.023,1121.55,-0.571,0.08,Normal,prophet,prophet,26,ok
Maharashtra,Ratnagiri,Kharif,24.26,2515.64,0.024,0.233,Normal,prophet,prophet,26,ok
Maharashtra,Ratnagiri,Rabi,23.726,206.85,0.321,0.285,Normal,prophet,prophet,26,ok
Maharashtra,Ratnagiri,Summer,28.531,612.59,0.815,0.191,Normal,prophet,prophet,27,ok
Maharashtra,Ratnagiri,Whole Year,24.856,2697.37,0.028,0.359,Normal,prophet,prophet,26,ok
Maharashtra,Ratnagiri,Winter,22.467,35.52,0.0,0.18,Normal,prophet,prophet,26,ok
Maharashtra,Sangli,Autumn,22.902,667.53,-0.323,0.104,Normal,prophet,prophet,26,ok
Maharashtra,Sangli,Kharif,24.002,1471.12,-0.028,0.481,Normal,prophet,prophet,26,ok
Maharashtra,Sangli,Rabi,23.522,173.42,0.102,0.259,Normal,prophet,prophet,26,ok
Maharashtra,Sangli,Summer,28.483,438.79,0.227,0.523,Normal,prophet,prophet,27,ok
Maharashtra,Sangli,Whole Year,24.728,1674.97,-0.22,0.775,Normal,prophet,prophet,26,ok
Maharashtra,Sangli,Winter,22.155,30.64,-0.263,0.16,Normal,prophet,prophet,26,ok
Maharashtra,Satara,Autumn,22.61,622.72,-0.469,0.124,Normal,prophet,prophet,26,ok
Maharashtra,Satara,Kharif,23.871,1294.31,-0.264,0.433,Normal,prophet,prophet,26,ok
Maharashtra,Satara,Rabi,22.801,159.62,-0.067,0.267,Normal,prophet,prophet,26,ok
Maharashtra,Satara,Summer,28.452,367.07,0.333,0.439,Normal,prophet,prophet,27,ok
Maharashtra,Satara,Whole Year,24.29,1496.62,-0.608,0.831,Normal,prophet,prophet,26,ok
Maharashtra,Satara,Winter,21.387,30.48,-0.283,0.209,Normal,prophet,prophet,26,ok
Maharashtra,Sindhudurg,Autumn,25.479,1237.31,-0.281,0.19,Normal,prophet,prophet,26,ok
Maharashtra,Sindhudurg,Kharif,26.185,2979.8,0.255,0.321,Normal,prophet,prophet,26,ok
Maharashtra,Sindhudurg,Rabi,26.416,335.06,0.296,0.485,Normal,prophet,prophet,26,ok
Maharashtra,Sindhudurg,Summer,29.33,875.87,1.202,0.234,Hotter than normal,prophet,prophet,27,ok
Maharashtra,Sindhudurg,Whole Year,26.972,3269.54,0.472,0.478,Normal,prophet,prophet,26,ok
Maharashtra,Sindhudurg,Winter,25.644,46.73,-0.047,0.143,Normal,prophet,prophet,26,ok
Maharashtra,Solapur,Autumn,24.355,370.9,-0.534,0.101,Normal,prophet,prophet,26,ok
Maharashtra,Solapur,Kharif,25.786,604.9,-0.611,0.084,Normal,prophet,prophet,26,ok
Maharashtra,Solapur,Rabi,24.344,122.08,0.103,0.011,Normal,prophet,prophet,26,ok
Maharashtra,Solapur,Summer,30.338,227.54,0.005,0.397,Normal,prophet,prophet,27,ok
Maharashtra,Solapur,Whole Year,25.984,731.1,-0.937,0.368,Normal,prophet,prophet,26,ok
Maharashtra,Solapur,Winter,22.909,19.02,-0.015,0.162,Normal,prophet,prophet,26,ok
Maharashtra,Thane,Autumn,25.229,1304.39,-0.755,0.117,Normal,prophet,prophet,26,ok
Maharashtra,Thane,Kharif,26.664,2911.4,-0.018,0.489,Normal,prophet,prophet,26,ok
Maharashtra,Thane,Rabi,25.582,176.76,0.479,0.449,Normal,prophet,prophet,26,ok
Maharashtra,Thane,Summer,30.704,492.35,1.216,-0.155,Hotter than normal,prophet,prophet,27,ok
Maharashtra,Thane,Whole Year,26.908,3120.78,0.307,0.722,Normal,prophet,prophet,26,ok
Maharashtra,Thane,Winter,24.305,39.53,-0.032,0.215,Normal,prophet,prophet,26,ok
Maharashtra,Wardha,Autumn,24.166,577.12,-0.623,0.38,Normal,prophet,prophet,26,ok
Maharashtra,Wardha,Kharif,27.272,1190.53,0.201,0.545,Normal,prophet,prophet,26,ok
Maharashtra,Wardha,Rabi,22.541,87.9,-0.128,-0.067,Normal,prophet,prophet,26,ok
Maharashtra,Wardha,Summer,32.759,211.96,0.207,-0.073,Normal,prophet,prophet,27,ok
Maharashtra,Wardha,Whole Year,26.064,1331.6,-0.815,0.78,Normal,prophet,prophet,26,ok
Maharashtra,Wardha,Winter,20.024,28.67,-0.724,0.031,Normal,prophet,prophet,26,ok
Maharashtra,Washim,Autumn,23.998,491.23,-0.814,0.372,Normal,prophet,prophet,26,ok
Maharashtra,Washim,Kharif,26.745,1070.52,-0.219,0.537,Normal,prophet,prophet,26,ok
Maharashtra,Washim,Rabi,23.16,80.38,-0.131,-0.088,Normal,prophet,prophet,26,ok
Maharashtra,Washim,Summer,32.359,217.86,0.218,0.071,Normal,prophet,prophet,27,ok
Maharashtra,Washim,Whole Year,26.142,1200.53,-0.973,0.798,Normal,prophet,prophet,26,ok
Maharashtra,Washim,Winter,20.987,21.59,-0.626,0.076,Normal,prophet,prophet,26,ok
Maharashtra,Yavatmal,Autumn,24.27,484.98,-0.862,0.414,Normal,prophet,prophet,26,ok
Maharashtra,Yavatmal,Kharif,27.002,1040.02,-0.327,0.453,Normal,prophet,prophet,26,ok
Maharashtra,Yavatmal,Rabi,23.165,75.04,-0.739,-0.162,Normal,prophet,prophet,26,ok
Maharashtra,Yavatmal,Summer,32.785,220.8,0.08,0.042,Normal,prophet,prophet,27,ok
Maharashtra,Yavatmal,Whole Year,26.457,1183.97,-1.164,0.749,Cooler than normal,prophet,prophet,26,ok
Maharashtra,Yavatmal,Winter,21.127,18.58,-0.84,-0.025,Normal,prophet,prophet,26,ok
Manipur,Bishnupur,Autumn,22.581,539.06,0.437,0.166,Normal,prophet,prophet,26,ok
Manipur,Bishnupur,Kharif,24.339,979.32,0.984,0.019,Normal,prophet,prophet,26,ok
Manipur,Bishnupur,Rabi,18.265,297.58,0.34,0.129,Normal,prophet,prophet,26,ok
Manipur,Bishnupur,Summer,23.179,634.55,0.205,-0.003,Normal,prophet,prophet,27,ok
Manipur,Bishnupur,Whole Year,21.397,1425.53,0.633,-0.084,Normal,prophet,prophet,26,ok
Manipur,Bishnupur,Winter,16.675,75.01,0.274,-0.106,Normal,prophet,prophet,26,ok
Manipur,Chandel,Autumn,22.581,539.06,0.437,0.166,Normal,prophet,prophet,26,ok
Manipur,Chandel,Kharif,24.339,979.32,0.984,0.019,Normal,prophet,prophet,26,ok
Manipur,Chandel,Rabi,18.265,297.58,0.34,0.129,Normal,prophet,prophet,26,ok
Manipur,Chandel,Summer,23.179,634.55,0.205,-0.003,Normal,prophet,prophet,27,ok
Manipur,Chandel,Whole Year,21.397,1425.53,0.633,-0.084,Normal,prophet,prophet,26,ok
Manipur,Chandel,Winter,16.675,75.01,0.274,-0.106,Normal,prophet,prophet,26,ok
Manipur,Churachandpur,Autumn,22.581,539.06,0.437,0.166,Normal,prophet,prophet,26,ok
Manipur,Churachandpur,Kharif,24.339,979.32,0.984,0.019,Normal,prophet,prophet,26,ok
Manipur,Churachandpur,Rabi,18.265,297.58,0.34,0.129,Normal,prophet,prophet,26,ok
Manipur,Churachandpur,Summer,23.179,634.55,0.205,-0.003,Normal,prophet,prophet,27,ok
Manipur,Churachandpur,Whole Year,21.397,1425.53,0.633,-0.084,Normal,prophet,prophet,26,ok
Manipur,Churachandpur,Winter,16.675,75.01,0.274,-0.106,Normal,prophet,prophet,26,ok
Manipur,Imphal East,Autumn,21.99,543.41,0.6,0.091,Normal,prophet,prophet,26,ok
Manipur,Imphal East,Kharif,23.762,992.56,1.151,-0.091,Hotter than normal,prophet,prophet,26,ok
Manipur,Imphal East,Rabi,17.452,281.22,0.389,0.007,Normal,prophet,prophet,26,ok
Manipur,Imphal East,Summer,22.436,617.95,0.393,-0.126,Normal,prophet,prophet,27,ok
Manipur,Imphal East,Whole Year,20.681,1412.11,0.751,-0.272,Normal,prophet,prophet,26,ok
Manipur,Imphal East,Winter,15.85,69.01,0.325,-0.181,Normal,prophet,prophet,26,ok
Manipur,Imphal West,Autumn,21.99,543.41,0.6,0.091,Normal,prophet,prophet,26,ok
Manipur,Imphal West,Kharif,23.762,992.56,1.151,-0.091,Hotter than normal,prophet,prophet,26,ok
Manipur,Imphal West,Rabi,17.452,281.22,0.389,0.007,Normal,prophet,prophet,26,ok
Manipur,Imphal West,Summer,22.436,617.95,0.393,-0.126,Normal,prophet,prophet,27,ok
Manipur,Imphal West,Whole Year,20.681,1412.11,0.751,-0.272,Normal,prophet,prophet,26,ok
Manipur,Imphal West,Winter,15.85,69.01,0.325,-0.181,Normal,prophet,prophet,26,ok
Manipur,Senapati,Autumn,20.289,657.32,0.461,0.557,Normal,prophet,prophet,26,ok
Manipur,Senapati,Kharif,22.357,1162.0,1.417,0.114,Hotter than normal,prophet,prophet,26,ok
Manipur,Senapati,Rabi,14.757,276.66,-0.151,0.398,Normal,prophet,prophet,26,ok
Manipur,Senapati,Summer,20.17,633.32,1.182,0.086,Hotter than normal,prophet,prophet,27,ok
Manipur,Senapati,Whole Year,18.422,1547.9,0.492,-0.099,Normal,prophet,prophet,26,ok
Manipur,Senapati,Winter,13.013,64.17,-0.308,-0.05,Normal,prophet,prophet,26,ok
Manipur,Tamenglong,Autumn,21.99,543.41,0.6,0.091,Normal,prophet,prophet,26,ok
Manipur,Tamenglong,Kharif,23.762,992.56,1.151,-0.091,Hotter than normal,prophet,prophet,26,ok
Manipur,Tamenglong,Rabi,17.452,281.22,0.389,0.007,Normal,prophet,prophet,26,ok
Manipur,Tamenglong,Summer,22.436,617.95,0.393,-0.126,Normal,prophet,prophet,27,ok
Manipur,Tamenglong,Whole Year,20.681,1412.11,0.751,-0.272,Normal,prophet,prophet,26,ok
Manipur,Tamenglong,Winter,15.85,69.01,0.325,-0.181,Normal,prophet,prophet,26,ok
Manipur,Thoubal,Autumn,22.581,539.06,0.437,0.166,Normal,prophet,prophet,26,ok
Manipur,Thoubal,Kharif,24.339,979.32,0.984,0.019,Normal,prophet,prophet,26,ok
Manipur,Thoubal,Rabi,18.265,297.58,0.34,0.129,Normal,prophet,prophet,26,ok
Manipur,Thoubal,Summer,23.179,634.55,0.205,-0.003,Normal,prophet,prophet,27,ok
Manipur,Thoubal,Whole Year,21.397,1425.53,0.633,-0.084,Normal,prophet,prophet,26,ok
Manipur,Thoubal,Winter,16.675,75.01,0.274,-0.106,Normal,prophet,prophet,26,ok
Manipur,Ukhrul,Autumn,21.57,555.92,0.551,0.325,Normal,prophet,prophet,26,ok
Manipur,Ukhrul,Kharif,23.471,1011.58,1.117,0.155,Hotter than normal,prophet,prophet,26,ok
Manipur,Ukhrul,Rabi,16.548,270.51,0.061,0.24,Normal,prophet,prophet,26,ok
Manipur,Ukhrul,Summer,21.677,586.13,0.41,0.106,Normal,prophet,prophet,27,ok
Manipur,Ukhrul,Whole Year,19.988,1395.89,0.56,0.003,Normal,prophet,prophet,26,ok
Manipur,Ukhrul,Winter,14.892,69.11,-0.066,-0.034,Normal,prophet,prophet,26,ok
Meghalaya,East Garo Hills,Autumn,24.765,1063.4,-0.135,0.146,Normal,prophet,prophet,26,ok
Meghalaya,East Garo Hills,Kharif,26.735,2305.62,1.061,0.083,Hotter than normal,prophet,prophet,26,ok
Meghalaya,East Garo Hills,Rabi,20.123,432.6,-0.085,0.416,Normal,prophet,prophet,26,ok
Meghalaya,East Garo Hills,Summer,25.649,1587.42,0.398,0.086,Normal,prophet,prophet,27,ok
Meghalaya,East Garo Hills,Whole Year,23.493,3042.55,0.185,-0.351,Normal,prophet,prophet,26,ok
Meghalaya,East Garo Hills,Winter,18.375,43.18,0.121,-0.172,Normal,prophet,prophet,26,ok
Meghalaya,East Jaintia Hills,Autumn,22.072,982.25,0.203,0.209,Normal,prophet,prophet,26,ok
Meghalaya,East Jaintia Hills,Kharif,24.095,1968.69,1.235,-0.27,Hotter than normal,prophet,prophet,26,ok
Meghalaya,East Jaintia Hills,Rabi,16.554,377.84,-0.246,0.165,Normal,prophet,prophet,26,ok
Meghalaya,East Jaintia Hills,Summer,22.249,1436.87,1.621,0.215,Hotter than normal,prophet,prophet,27,ok
Meghalaya,East Jaintia Hills,Whole Year,20.226,2974.73,0.059,0.111,Normal,prophet,prophet,26,ok
Meghalaya,East Jaintia Hills,Winter,14.812,47.54,-0.186,-0.383,Normal,prophet,prophet,26,ok
Meghalaya,East Khasi Hills,Autumn,19.976,1397.07,0.098,0.326,Normal,prophet,prophet,26,ok
Meghalaya,East Khasi Hills,Kharif,21.917,2864.71,0.974,-0.242,Normal,prophet,prophet,26,ok
Meghalaya,East Khasi Hills,Rabi,14.561,488.13,-0.131,0.225,Normal,prophet,prophet,26,ok
Meghalaya,East Khasi Hills,Summer,20.004,2053.98,1.843,0.176,Hotter than normal,prophet,prophet,27,ok
Meghalaya,East Khasi Hills,Whole Year,18.046,4156.45,-0.115,-0.045,Normal,prophet,prophet,26,ok
Meghalaya,East Khasi Hills,Winter,12.886,49.94,-0.158,-0.359,Normal,prophet,prophet,26,ok
Meghalaya,North Garo Hills,Autumn,26.11,723.45,-0.205,-0.005,Normal,prophet,prophet,26,ok
Meghalaya,North Garo Hills,Kharif,28.412,1648.48,0.914,0.046,Normal,prophet,prophet,26,ok
Meghalaya,North Garo Hills,Rabi,20.48,308.9,-0.188,0.405,Normal,prophet,prophet,26,ok
Meghalaya,North Garo Hills,Summer,26.883,1215.12,0.886,0.112,Normal,prophet,prophet,27,ok
Meghalaya,North Garo Hills,Whole Year,24.48,2252.51,0.055,-0.341,Normal,prophet,prophet,26,ok
Meghalaya,North Garo Hills,Winter,18.591,24.04,-0.029,-0.302,Normal,prophet,prophet,26,ok
Meghalaya,Ri-Bhoi,Autumn,24.758,657.64,-0.547,0.052,Normal,prophet,prophet,26,ok
Meghalaya,Ri-Bhoi,Kharif,27.271,1405.4,0.935,-0.308,Normal,prophet,prophet,26,ok
Meghalaya,Ri-Bhoi,Rabi,19.08,272.05,-0.234,0.181,Normal,prophet,prophet,26,ok
Meghalaya,Ri-Bhoi,Summer,25.389,1058.47,0.819,-0.006,Normal,prophet,prophet,27,ok
Meghalaya,Ri-Bhoi,Whole Year,23.163,2065.52,-0.032,-0.289,Normal,prophet,prophet,26,ok
Meghalaya,Ri-Bhoi,Winter,17.195,26.0,-0.201,-0.474,Normal,prophet,prophet,26,ok
Meghalaya,South Garo Hills,Autumn,24.765,1063.4,-0.135,0.146,Normal,prophet,prophet,26,ok
Meghalaya,South Garo Hills,Kharif,26.735,2305.62,1.061,0.083,Hotter than normal,prophet,prophet,26,ok
Meghalaya,South Garo Hills,Rabi,20.123,432.6,-0.085,0.416,Normal,prophet,prophet,26,ok
Meghalaya,South Garo Hills,Summer,25.649,1587.42,0.398,0.086,Normal,prophet,prophet,27,ok
Meghalaya,South Garo Hills,Whole Year,23.493,3042.55,0.185,-0.351,Normal,prophet,prophet,26,ok
Meghalaya,South Garo Hills,Winter,18.375,43.18,0.121,-0.172,Normal,prophet,prophet,26,ok
Meghalaya,South West Garo Hills,Autumn,25.752,985.64,-0.023,0.16,Normal,prophet,prophet,26,ok
Meghalaya,South West Garo Hills,Kharif,27.888,2077.48,1.217,0.353,Hotter than normal,prophet,prophet,26,ok
Meghalaya,South West Garo Hills,Rabi,20.848,408.2,-0.118,0.544,Normal,prophet,prophet,26,ok
Meghalaya,South West Garo Hills,Summer,27.252,1277.32,0.631,0.013,Normal,prophet,prophet,27,ok
Meghalaya,South West Garo Hills,Whole Year,24.584,2599.6,0.245,-0.304,Normal,prophet,prophet,26,ok
Meghalaya,South West Garo Hills,Winter,18.827,39.5,-0.027,0.066,Normal,prophet,prophet,26,ok
Meghalaya,South West Khasi Hills,Autumn,20.888,1385.0,-0.177,0.296,Normal,prophet,prophet,26,ok
Meghalaya,South West Khasi Hills,Kharif,22.863,2848.81,0.881,-0.247,Normal,prophet,prophet,26,ok
Meghalaya,South West Khasi Hills,Rabi,15.75,489.1,-0.284,0.231,Normal,prophet,prophet,26,ok
Meghalaya,South West Khasi Hills,Summer,21.233,1978.62,1.834,0.028,Hotter than normal,prophet,prophet,27,ok
Meghalaya,South West Khasi Hills,Whole Year,19.197,4105.77,-0.128,-0.098,Normal,prophet,prophet,26,ok
Meghalaya,South West Khasi Hills,Winter,14.094,51.4,-0.138,-0.321,Normal,prophet,prophet,26,ok
Meghalaya,West Garo Hills,Autumn,25.752,985.64,-0.023,0.16,Normal,prophet,prophet,26,ok
Meghalaya,West Garo Hills,Kharif,27.888,2077.48,1.217,0.353,Hotter than normal,prophet,prophet,26,ok
Meghalaya,West Garo Hills,Rabi,20.848,408.2,-0.118,0.544,Normal,prophet,prophet,26,ok
Meghalaya,West Garo Hills,Summer,27.252,1277.32,0.631,0.013,Normal,prophet,prophet,27,ok
Meghalaya,West Garo Hills,Whole Year,24.584,2599.6,0.245,-0.304,Normal,prophet,prophet,26,ok
Meghalaya,West Garo Hills,Winter,18.827,39.5,-0.027,0.066,Normal,prophet,prophet,26,ok
Meghalaya,West Jaintia Hills,Autumn,22.072,982.25,0.203,0.209,Normal,prophet,prophet,26,ok
Meghalaya,West Jaintia Hills,Kharif,24.095,1968.69,1.235,-0.27,Hotter than normal,prophet,prophet,26,ok
Meghalaya,West Jaintia Hills,Rabi,16.554,377.84,-0.246,0.165,Normal,prophet,prophet,26,ok
Meghalaya,West Jaintia Hills,Summer,22.249,1436.87,1.621,0.215,Hotter than normal,prophet,prophet,27,ok
Meghalaya,West Jaintia Hills,Whole Year,20.226,2974.73,0.059,0.111,Normal,prophet,prophet,26,ok
Meghalaya,West Jaintia Hills,Winter,14.812,47.54,-0.186,-0.383,Normal,prophet,prophet,26,ok
Meghalaya,West Khasi Hills,Autumn,20.888,1385.0,-0.177,0.296,Normal,prophet,prophet,26,ok
Meghalaya,West Khasi Hills,Kharif,22.863,2848.81,0.881,-0.247,Normal,prophet,prophet,26,ok
Meghalaya,West Khasi Hills,Rabi,15.75,489.1,-0.284,0.231,Normal,prophet,prophet,26,ok
Meghalaya,West Khasi Hills,Summer,21.233,1978.62,1.834,0.028,Hotter than normal,prophet,prophet,27,ok
Meghalaya,West Khasi Hills,Whole Year,19.197,4105.77,-0.128,-0.098,Normal,prophet,prophet,26,ok
Meghalaya,West Khasi Hills,Winter,14.094,51.4,-0.138,-0.321,Normal,prophet,prophet,26,ok
Mizoram,Aizawl,Autumn,23.974,1250.06,0.607,0.42,Normal,prophet,prophet,26,ok
Mizoram,Aizawl,Kharif,25.495,2081.44,1.24,-0.008,Hotter than normal,prophet,prophet,26,ok
Mizoram,Aizawl,Rabi,20.334,441.69,1.439,0.127,Hotter than normal,prophet,prophet,26,ok
Mizoram,Aizawl,Summer,25.4,1079.97,0.583,-0.154,Normal,prophet,prophet,27,ok
Mizoram,Aizawl,Whole Year,23.084,2737.68,1.046,-0.127,Hotter than normal,prophet,prophet,26,ok
Mizoram,Aizawl,Winter,18.535,100.19,1.155,-0.13,Hotter than normal,prophet,prophet,26,ok
Mizoram,Champhai,Autumn,21.896,849.86,0.54,0.667,Normal,prophet,prophet,26,ok
Mizoram,Champhai,Kharif,23.427,1391.2,1.14,0.171,Hotter than normal,prophet,prophet,26,ok
Mizoram,Champhai,Rabi,18.288,334.31,1.034,0.448,Hotter than normal,prophet,prophet,26,ok
Mizoram,Champhai,Summer,22.763,730.31,0.445,0.046,Normal,prophet,prophet,27,ok
Mizoram,Champhai,Whole Year,20.956,1853.47,1.033,0.098,Hotter than normal,prophet,prophet,26,ok
Mizoram,Champhai,Winter,16.781,79.27,0.886,-0.01,Normal,prophet,prophet,26,ok
Mizoram,Kolasib,Autumn,24.82,1090.03,0.588,0.336,Normal,prophet,prophet,26,ok
Mizoram,Kolasib,Kharif,26.414,1926.96,1.385,0.11,Hotter than normal,prophet,prophet,26,ok
Mizoram,Kolasib,Rabi,21.085,447.34,1.151,0.119,Hotter than normal,prophet,prophet,26,ok
Mizoram,Kolasib,Summer,26.117,1181.1,0.547,-0.125,Normal,prophet,prophet,27,ok
Mizoram,Kolasib,Whole Year,23.927,2617.08,1.072,-0.167,Hotter than normal,prophet,prophet,26,ok
Mizoram,Kolasib,Winter,19.345,91.47,0.851,-0.16,Normal,prophet,prophet,26,ok
Mizoram,Lawngtlai,Autumn,25.686,1608.51,0.721,0.017,Normal,prophet,prophet,26,ok
Mizoram,Lawngtlai,Kharif,26.821,2557.67,1.028,-0.606,Hotter than normal,prophet,prophet,26,ok
Mizoram,Lawngtlai,Rabi,22.569,410.68,1.71,-0.419,Hotter than normal,prophet,prophet,26,ok
Mizoram,Lawngtlai,Summer,26.853,1178.31,0.512,-0.212,Normal,prophet,prophet,27,ok
Mizoram,Lawngtlai,Whole Year,24.87,3278.41,1.39,-0.511,Hotter than normal,prophet,prophet,26,ok
Mizoram,Lawngtlai,Winter,20.974,129.7,1.574,-0.005,Hotter than normal,prophet,prophet,26,ok
Mizoram,Lunglei,Autumn,25.638,1464.77,0.647,0.22,Normal,prophet,prophet,26,ok
Mizoram,Lunglei,Kharif,26.922,2414.04,1.184,-0.282,Hotter than normal,prophet,prophet,26,ok
Mizoram,Lunglei,Rabi,22.254,417.0,1.628,-0.244,Hotter than normal,prophet,prophet,26,ok
Mizoram,Lunglei,Summer,26.71,1138.83,0.498,-0.165,Normal,prophet,prophet,27,ok
Mizoram,Lunglei,Whole Year,24.734,3100.82,1.386,-0.268,Hotter than normal,prophet,prophet,26,ok
Mizoram,Lunglei,Winter,20.566,114.77,1.513,-0.08,Hotter than normal,prophet,prophet,26,ok
Mizoram,Mamit,Autumn,24.82,1090.03,0.588,0.336,Normal,prophet,prophet,26,ok
Mizoram,Mamit,Kharif,26.414,1926.96,1.385,0.11,Hotter than normal,prophet,prophet,26,ok
Mizoram,Mamit,Rabi,21.085,447.34,1.151,0.119,Hotter than normal,prophet,prophet,26,ok
Mizoram,Mamit,Summer,26.117,1181.1,0.547,-0.125,Normal,prophet,prophet,27,ok
Mizoram,Mamit,Whole Year,23.927,2617.08,1.072,-0.167,Hotter than normal,prophet,prophet,26,ok
Mizoram,Mamit,Winter,19.345,91.47,0.851,-0.16,Normal,prophet,prophet,26,ok
Mizoram,Serchhip,Autumn,21.896,849.86,0.54,0.667,Normal,prophet,prophet,26,ok
Mizoram,Serchhip,Kharif,23.427,1391.2,1.14,0.171,Hotter than normal,prophet,prophet,26,ok
Mizoram,Serchhip,Rabi,18.288,334.31,1.034,0.448,Hotter than normal,prophet,prophet,26,ok
Mizoram,Serchhip,Summer,22.763,730.31,0.445,0.046,Normal,prophet,prophet,27,ok
Mizoram,Serchhip,Whole Year,20.956,1853.47,1.033,0.098,Hotter than normal,prophet,prophet,26,ok
Mizoram,Serchhip,Winter,16.781,79.27,0.886,-0.01,Normal,prophet,prophet,26,ok
Mizoram,Siaha,Autumn,22.216,1136.14,1.117,0.224,Hotter than normal,prophet,prophet,26,ok
Mizoram,Siaha,Kharif,23.498,1844.52,1.29,-0.424,Hotter than normal,prophet,prophet,26,ok
Mizoram,Siaha,Rabi,18.773,318.14,1.486,-0.261,Hotter than normal,prophet,prophet,26,ok
Mizoram,Siaha,Summer,23.228,823.45,0.698,-0.164,Normal,prophet,prophet,27,ok
Mizoram,Siaha,Whole Year,21.298,2322.64,1.421,-0.362,Hotter than normal,prophet,prophet,26,ok
Mizoram,Siaha,Winter,17.315,93.6,1.462,0.043,Hotter than normal,prophet,prophet,26,ok
Nagaland,Dimapur,Autumn,24.545,588.65,0.111,0.152,Normal,prophet,prophet,26,ok
Nagaland,Dimapur,Kharif,26.788,1064.55,1.303,-0.239,Hotter than normal,prophet,prophet,26,ok
Nagaland,Dimapur,Rabi,19.251,242.18,-0.225,0.017,Normal,prophet,prophet,26,ok
Nagaland,Dimapur,Summer,25.314,560.66,0.797,-0.621,Normal,prophet,prophet,27,ok
Nagaland,Dimapur,Whole Year,23.154,1416.79,0.604,-0.583,Normal,prophet,prophet,26,ok
Nagaland,Dimapur,Winter,17.399,51.43,-0.221,-0.24,Normal,prophet,prophet,26,ok
Nagaland,Kiphire,Autumn,19.851,738.95,0.885,0.449,Normal,prophet,prophet,26,ok
Nagaland,Kiphire,Kharif,21.856,1466.36,1.524,0.38,Hotter than normal,prophet,prophet,26,ok
Nagaland,Kiphire,Rabi,13.999,305.12,-0.185,0.67,Normal,prophet,prophet,26,ok
Nagaland,Kiphire,Summer,19.327,882.85,1.485,0.604,Hotter than normal,prophet,prophet,27,ok
Nagaland,Kiphire,Whole Year,17.651,1983.19,0.124,0.316,Normal,prophet,prophet,26,ok
Nagaland,Kiphire,Winter,12.27,71.32,-0.338,0.123,Normal,prophet,prophet,26,ok
Nagaland,Kohima,Autumn,20.289,657.32,0.461,0.557,Normal,prophet,prophet,26,ok
Nagaland,Kohima,Kharif,22.357,1162.0,1.417,0.114,Hotter than normal,prophet,prophet,26,ok
Nagaland,Kohima,Rabi,14.757,276.66,-0.151,0.398,Normal,prophet,prophet,26,ok
Nagaland,Kohima,Summer,20.17,633.32,1.182,0.086,Hotter than normal,prophet,prophet,27,ok
Nagaland,Kohima,Whole Year,18.422,1547.9,0.492,-0.099,Normal,prophet,prophet,26,ok
Nagaland,Kohima,Winter,13.013,64.17,-0.308,-0.05,Normal,prophet,prophet,26,ok
Nagaland,Longleng,Autumn,21.863,762.55,0.103,0.333,Normal,prophet,prophet,26,ok
Nagaland,Longleng,Kharif,24.036,1531.91,1.455,0.259,Hotter than normal,prophet,prophet,26,ok
Nagaland,Longleng,Rabi,15.943,333.43,-0.608,0.668,Normal,prophet,prophet,26,ok
Nagaland,Longleng,Summer,21.505,947.86,0.764,0.427,Normal,prophet,prophet,27,ok
Nagaland,Longleng,Whole Year,19.772,2143.74,-0.497,0.276,Normal,prophet,prophet,26,ok
Nagaland,Longleng,Winter,14.225,73.98,-0.543,0.065,Normal,prophet,prophet,26,ok
Nagaland,Mokokchung,Autumn,24.667,713.28,-0.155,0.182,Normal,prophet,prophet,26,ok
Nagaland,Mokokchung,Kharif,26.982,1403.01,1.206,-0.041,Hotter than normal,prophet,prophet,26,ok
Nagaland,Mokokchung,Rabi,18.889,297.57,-0.604,0.409,Normal,prophet,prophet,26,ok
Nagaland,Mokokchung,Summer,24.922,800.0,0.423,-0.09,Normal,prophet,prophet,27,ok
Nagaland,Mokokchung,Whole Year,22.875,1912.83,-0.212,-0.21,Normal,prophet,prophet,26,ok
Nagaland,Mokokchung,Winter,17.008,61.57,-0.549,-0.155,Normal,prophet,prophet,26,ok
Nagaland,Mon,Autumn,21.863,762.55,0.103,0.333,Normal,prophet,prophet,26,ok
Nagaland,Mon,Kharif,24.036,1531.91,1.455,0.259,Hotter than normal,prophet,prophet,26,ok
Nagaland,Mon,Rabi,15.943,333.43,-0.608,0.668,Normal,prophet,prophet,26,ok
Nagaland,Mon,Summer,21.505,947.86,0.764,0.427,Normal,prophet,prophet,27,ok
Nagaland,Mon,Whole Year,19.772,2143.74,-0.497,0.276,Normal,prophet,prophet,26,ok
Nagaland,Mon,Winter,14.225,73.98,-0.543,0.065,Normal,prophet,prophet,26,ok
Nagaland,Peren,Autumn,22.233,564.32,0.4,0.208,Normal,prophet,prophet,26,ok
Nagaland,Peren,Kharif,24.281,985.03,1.427,-0.186,Hotter than normal,prophet,prophet,26,ok
Nagaland,Peren,Rabi,17.196,253.66,0.22,-0.004,Normal,prophet,prophet,26,ok
Nagaland,Peren,Summer,22.662,552.03,0.876,-0.343,Normal,prophet,prophet,27,ok
Nagaland,Peren,Whole Year,20.808,1348.7,0.977,-0.447,Normal,prophet,prophet,26,ok
Nagaland,Peren,Winter,15.46,58.54,0.111,-0.215,Normal,prophet,prophet,26,ok
Nagaland,Phek,Autumn,20.289,657.32,0.461,0.557,Normal,prophet,prophet,26,ok
Nagaland,Phek,Kharif,22.357,1162.0,1.417,0.114,Hotter than normal,prophet,prophet,26,ok
Nagaland,Phek,Rabi,14.757,276.66,-0.151,0.398,Normal,prophet,prophet,26,ok
Nagaland,Phek,Summer,20.17,633.32,1.182,0.086,Hotter than normal,prophet,prophet,27,ok
Nagaland,Phek,Whole Year,18.422,1547.9,0.492,-0.099,Normal,prophet,prophet,26,ok
Nagaland,Phek,Winter,13.013,64.17,-0.308,-0.05,Normal,prophet,prophet,26,ok
Nagaland,Tuensang,Autumn,19.851,738.95,0.885,0.449,Normal,prophet,prophet,26,ok
Nagaland,Tuensang,Kharif,21.856,1466.36,1.524,0.38,Hotter than normal,prophet,prophet,26,ok
Nagaland,Tuensang,Rabi,13.999,305.12,-0.185,0.67,Normal,prophet,prophet,26,ok
Nagaland,Tuensang,Summer,19.327,882.85,1.485,0.604,Hotter than normal,prophet,prophet,27,ok
Nagaland,Tuensang,Whole Year,17.651,1983.19,0.124,0.316,Normal,prophet,prophet,26,ok
Nagaland,Tuensang,Winter,12.27,71.32,-0.338,0.123,Normal,prophet,prophet,26,ok
Nagaland,Wokha,Autumn,22.111,719.28,-0.027,0.5,Normal,prophet,prophet,26,ok
Nagaland,Wokha,Kharif,24.368,1311.96,1.376,0.034,Hotter than normal,prophet,prophet,26,ok
Nagaland,Wokha,Rabi,16.508,284.33,-0.423,0.473,Normal,prophet,prophet,26,ok
Nagaland,Wokha,Summer,22.302,703.33,0.716,-0.061,Normal,prophet,prophet,27,ok
Nagaland,Wokha,Whole Year,20.369,1737.77,0.1,-0.208,Normal,prophet,prophet,26,ok
Nagaland,Wokha,Winter,14.673,61.08,-0.449,-0.085,Normal,prophet,prophet,26,ok
Nagaland,Zunheboto,Autumn,22.111,719.28,-0.027,0.5,Normal,prophet,prophet,26,ok
Nagaland,Zunheboto,Kharif,24.368,1311.96,1.376,0.034,Hotter than normal,prophet,prophet,26,ok
Nagaland,Zunheboto,Rabi,16.508,284.33,-0.423,0.473,Normal,prophet,prophet,26,ok
Nagaland,Zunheboto,Summer,22.302,703.33,0.716,-0.061,Normal,prophet,prophet,27,ok
Nagaland,Zunheboto,Whole Year,20.369,1737.77,0.1,-0.208,Normal,prophet,prophet,26,ok
Nagaland,Zunheboto,Winter,14.673,61.08,-0.449,-0.085,Normal,prophet,prophet,26,ok
Odisha,Angul,Autumn,24.944,639.69,-0.426,-0.816,Normal,prophet,prophet,26,ok
Odisha,Angul,Kharif,27.549,1130.99,0.219,-1.025,Drier than normal,prophet,prophet,26,ok
Odisha,Angul,Rabi,22.511,192.32,0.225,0.042,Normal,prophet,prophet,26,ok
Odisha,Angul,Summer,31.541,368.52,0.692,-0.113,Normal,prophet,prophet,27,ok
Odisha,Angul,Whole Year,26.038,1391.67,-0.0,-0.356,Normal,prophet,prophet,26,ok
Odisha,Angul,Winter,20.149,57.46,-0.146,0.086,Normal,prophet,prophet,26,ok
Odisha,Balangir,Autumn,24.748,661.24,-0.237,0.036,Normal,prophet,prophet,26,ok
Odisha,Balangir,Kharif,27.773,1117.86,0.499,-0.324,Normal,prophet,prophet,26,ok
Odisha,Balangir,Rabi,22.047,127.79,-0.166,-0.134,Normal,prophet,prophet,26,ok
Odisha,Balangir,Summer,32.21,236.04,0.242,-0.072,Normal,prophet,prophet,27,ok
Odisha,Balangir,Whole Year,26.073,1271.56,-0.404,-0.136,Normal,prophet,prophet,26,ok
Odisha,Balangir,Winter,19.722,41.84,-0.297,-0.012,Normal,prophet,prophet,26,ok
Odisha,Balasore,Autumn,26.378,995.66,-0.252,0.24,Normal,prophet,prophet,26,ok
Odisha,Balasore,Kharif,28.429,1538.02,0.332,0.318,Normal,prophet,prophet,26,ok
Odisha,Balasore,Rabi,22.88,364.15,-0.119,0.155,Normal,prophet,prophet,26,ok
Odisha,Balasore,Summer,30.321,571.73,1.106,0.045,Hotter than normal,prophet,prophet,27,ok
Odisha,Balasore,Whole Year,26.392,2015.76,0.373,0.359,Normal,prophet,prophet,26,ok
Odisha,Balasore,Winter,20.556,62.35,-0.433,-0.376,Normal,prophet,prophet,26,ok
Odisha,Bargarh,Autumn,25.174,647.37,-0.284,-0.127,Normal,prophet,prophet,26,ok
Odisha,Bargarh,Kharif,28.123,1129.96,0.294,-0.317,Normal,prophet,prophet,26,ok
Odisha,Bargarh,Rabi,22.499,134.29,-0.108,-0.059,Normal,prophet,prophet,26,ok
Odisha,Bargarh,Summer,32.668,251.5,0.371,-0.174,Normal,prophet,prophet,27,ok
Odisha,Bargarh,Whole Year,26.479,1281.34,-0.37,-0.202,Normal,prophet,prophet,26,ok
Odisha,Bargarh,Winter,20.221,45.48,-0.194,0.025,Normal,prophet,prophet,26,ok
Odisha,Bhadrak,Autumn,27.168,1032.89,-0.034,0.143,Normal,prophet,prophet,26,ok
Odisha,Bhadrak,Kharif,28.695,1658.16,0.589,0.246,Normal,prophet,prophet,26,ok
Odisha,Bhadrak,Rabi,23.888,381.2,0.032,0.135,Normal,prophet,prophet,26,ok
Odisha,Bhadrak,Summer,29.824,718.43,1.307,0.124,Hotter than normal,prophet,prophet,27,ok
Odisha,Bhadrak,Whole Year,26.802,2278.55,0.643,0.467,Normal,prophet,prophet,26,ok
Odisha,Bhadrak,Winter,21.874,65.65,-0.364,-0.409,Normal,prophet,prophet,26,ok
Odisha,Boudh,Autumn,24.417,638.93,-0.207,-0.265,Normal,prophet,prophet,26,ok
Odisha,Boudh,Kharif,27.276,1094.7,0.457,-0.482,Normal,prophet,prophet,26,ok
Odisha,Boudh,Rabi,21.978,147.97,-0.111,-0.143,Normal,prophet,prophet,26,ok
Odisha,Boudh,Summer,31.766,242.39,0.417,-0.181,Normal,prophet,prophet,27,ok
Odisha,Boudh,Whole Year,25.793,1245.42,-0.266,-0.404,Normal,prophet,prophet,26,ok
Odisha,Boudh,Winter,19.772,46.27,-0.206,0.024,Normal,prophet,prophet,26,ok
Odisha,Cuttack,Autumn,25.704,739.52,-0.254,-0.6,Normal,prophet,prophet,26,ok
Odisha,Cuttack,Kharif,28.166,1202.69,0.696,-0.537,Normal,prophet,prophet,26,ok
Odisha,Cuttack,Rabi,23.102,275.12,0.484,0.074,Normal,prophet,prophet,26,ok
Odisha,Cuttack,Summer,31.326,384.71,0.992,-0.099,Normal,prophet,prophet,27,ok
Odisha,Cuttack,Whole Year,26.528,1494.97,0.462,-0.4,Normal,prophet,prophet,26,ok
Odisha,Cuttack,Winter,20.857,73.73,0.173,0.088,Normal,prophet,prophet,26,ok
Odisha,Debagarh,Autumn,24.419,665.31,-0.553,-0.317,Normal,prophet,prophet,26,ok
Odisha,Debagarh,Kharif,27.114,1167.92,0.21,-0.464,Normal,prophet,prophet,26,ok
Odisha,Debagarh,Rabi,21.772,179.73,-0.001,0.086,Normal,prophet,prophet,26,ok
Odisha,Debagarh,Summer,30.941,380.51,0.688,-0.04,Normal,prophet,prophet,27,ok
Odisha,Debagarh,Whole Year,25.446,1431.91,-0.094,-0.038,Normal,prophet,prophet,26,ok
Odisha,Debagarh,Winter,19.439,56.54,-0.272,0.082,Normal,prophet,prophet,26,ok
Odisha,Dhenkanal,Autumn,25.118,733.6,-0.443,-0.546,Normal,prophet,prophet,26,ok
Odisha,Dhenkanal,Kharif,27.544,1195.24,0.341,-0.719,Normal,prophet,prophet,26,ok
Odisha,Dhenkanal,Rabi,22.559,261.54,0.266,0.116,Normal,prophet,prophet,26,ok
Odisha,Dhenkanal,Summer,30.927,410.98,0.807,-0.03,Normal,prophet,prophet,27,ok
Odisha,Dhenkanal,Whole Year,25.962,1526.03,0.161,-0.11,Normal,prophet,prophet,26,ok
Odisha,Dhenkanal,Winter,20.326,66.19,-0.011,0.085,Normal,prophet,prophet,26,ok
Odisha,Gajapati,Autumn,25.581,742.9,0.201,0.06,Normal,prophet,prophet,26,ok
Odisha,Gajapati,Kharif,27.526,1087.75,1.178,-0.137,Hotter than normal,prophet,prophet,26,ok
Odisha,Gajapati,Rabi,23.585,307.6,0.221,0.187,Normal,prophet,prophet,26,ok
Odisha,Gajapati,Summer,29.753,327.16,0.885,0.069,Normal,prophet,prophet,27,ok
Odisha,Gajapati,Whole Year,26.296,1371.99,0.828,0.032,Normal,prophet,prophet,26,ok
Odisha,Gajapati,Winter,21.919,95.16,0.067,0.143,Normal,prophet,prophet,26,ok
Odisha,Ganjam,Autumn,27.019,690.37,0.219,-0.341,Normal,prophet,prophet,26,ok
Odisha,Ganjam,Kharif,28.878,988.36,1.36,-0.756,Hotter than normal,prophet,prophet,26,ok
Odisha,Ganjam,Rabi,24.755,309.62,0.481,0.088,Normal,prophet,prophet,26,ok
Odisha,Ganjam,Summer,30.514,321.65,0.907,-0.197,Normal,prophet,prophet,27,ok
Odisha,Ganjam,Whole Year,27.415,1243.3,0.983,-0.759,Normal,prophet,prophet,26,ok
Odisha,Ganjam,Winter,23.055,100.93,0.226,0.135,Normal,prophet,prophet,26,ok
Odisha,Jagatsinghpur,Autumn,26.104,816.17,-0.313,-0.436,Normal,prophet,prophet,26,ok
Odisha,Jagatsinghpur,Kharif,28.212,1332.74,0.55,-0.326,Normal,prophet,prophet,26,ok
Odisha,Jagatsinghpur,Rabi,23.431,320.1,0.207,0.108,Normal,prophet,prophet,26,ok
Odisha,Jagatsinghpur,Summer,30.698,538.6,1.022,0.138,Hotter than normal,prophet,prophet,27,ok
Odisha,Jagatsinghpur,Whole Year,26.614,1764.85,0.512,0.051,Normal,prophet,prophet,26,ok
Odisha,Jagatsinghpur,Winter,21.313,83.69,-0.003,0.031,Normal,prophet,prophet,26,ok
Odisha,Jajpur,Autumn,25.631,830.56,-0.438,-0.211,Normal,prophet,prophet,26,ok
Odisha,Jajpur,Kharif,27.842,1293.76,0.28,-0.34,Normal,prophet,prophet,26,ok
Odisha,Jajpur,Rabi,23.006,319.39,0.085,0.141,Normal,prophet,prophet,26,ok
Odisha,Jajpur,Summer,30.755,476.15,0.767,0.015,Normal,prophet,prophet,27,ok
Odisha,Jajpur,Whole Year,26.276,1699.19,0.172,0.091,Normal,prophet,prophet,26,ok
Odisha,Jajpur,Winter,20.803,75.43,-0.147,0.048,Normal,prophet,prophet,26,ok
Odisha,Jharsuguda,Autumn,24.691,668.18,-0.509,0.087,Normal,prophet,prophet,26,ok
Odisha,Jharsuguda,Kharif,27.732,1203.39,0.115,0.135,Normal,prophet,prophet,26,ok
Odisha,Jharsuguda,Rabi,21.377,137.08,-0.233,0.095,Normal,prophet,prophet,26,ok
Odisha,Jharsuguda,Summer,31.594,275.65,0.268,-0.092,Normal,prophet,prophet,27,ok
Odisha,Jharsuguda,Whole Year,25.585,1361.74,-0.53,0.246,Normal,prophet,prophet,26,ok
Odisha,Jharsuguda,Winter,19.036,47.31,-0.329,0.063,Normal,prophet,prophet,26,ok
Odisha,Kalahandi,Autumn,24.253,668.62,-0.132,0.019,Normal,prophet,prophet,26,ok
Odisha,Kalahandi,Kharif,27.109,1101.97,0.65,-0.371,Normal,prophet,prophet,26,ok
Odisha,Kalahandi,Rabi,21.968,143.97,-0.159,-0.137,Normal,prophet,prophet,26,ok
Odisha,Kalahandi,Summer,31.426,255.61,0.182,0.038,Normal,prophet,prophet,27,ok
Odisha,Kalahandi,Whole Year,25.691,1267.9,-0.295,-0.246,Normal,prophet,prophet,26,ok
Odisha,Kalahandi,Winter,19.815,42.68,-0.201,-0.003,Normal,prophet,prophet,26,ok
Odisha,Kandhamal,Autumn,23.671,638.71,-0.234,-0.702,Normal,prophet,prophet,26,ok
Odisha,Kandhamal,Kharif,26.282,1053.88,0.675,-0.748,Normal,prophet,prophet,26,ok
Odisha,Kandhamal,Rabi,21.733,216.34,0.194,-0.042,Normal,prophet,prophet,26,ok
Odisha,Kandhamal,Summer,30.231,290.77,0.517,-0.205,Normal,prophet,prophet,27,ok
Odisha,Kandhamal,Whole Year,25.025,1266.69,0.096,-0.647,Normal,prophet,prophet,26,ok
Odisha,Kandhamal,Winter,19.62,64.5,-0.063,0.085,Normal,prophet,prophet,26,ok
Odisha,Kendrapara,Autumn,26.104,816.17,-0.313,-0.436,Normal,prophet,prophet,26,ok
Odisha,Kendrapara,Kharif,28.212,1332.74,0.55,-0.326,Normal,prophet,prophet,26,ok
Odisha,Kendrapara,Rabi,23.431,320.1,0.207,0.108,Normal,prophet,prophet,26,ok
Odisha,Kendrapara,Summer,30.698,538.6,1.022,0.138,Hotter than normal,prophet,prophet,27,ok
Odisha,Kendrapara,Whole Year,26.614,1764.85,0.512,0.051,Normal,prophet,prophet,26,ok
Odisha,Kendrapara,Winter,21.313,83.69,-0.003,0.031,Normal,prophet,prophet,26,ok
Odisha,Keonjhar,Autumn,24.119,745.06,-0.659,-0.296,Normal,prophet,prophet,26,ok
Odisha,Keonjhar,Kharif,26.653,1227.18,0.249,-0.392,Normal,prophet,prophet,26,ok
Odisha,Keonjhar,Rabi,21.415,246.54,-0.063,0.149,Normal,prophet,prophet,26,ok
Odisha,Keonjhar,Summer,29.95,440.52,0.773,0.031,Normal,prophet,prophet,27,ok
Odisha,Keonjhar,Whole Year,24.95,1576.96,-0.019,0.109,Normal,prophet,prophet,26,ok
Odisha,Keonjhar,Winter,19.115,64.1,-0.368,0.091,Normal,prophet,prophet,26,ok
Odisha,Khordha,Autumn,26.722,748.02,-0.015,-0.483,Normal,prophet,prophet,26,ok
Odisha,Khordha,Kharif,28.735,1168.15,1.189,-0.534,Hotter than normal,prophet,prophet,26,ok
Odisha,Khordha,Rabi,24.124,315.37,0.45,0.078,Normal,prophet,prophet,26,ok
Odisha,Khordha,Summer,30.593,377.92,1.147,-0.127,Hotter than normal,prophet,prophet,27,ok
Odisha,Khordha,Whole Year,27.105,1442.83,0.944,-0.632,Normal,prophet,prophet,26,ok
Odisha,Khordha,Winter,22.233,96.41,0.238,0.126,Normal,prophet,prophet,26,ok
Odisha,Koraput,Autumn,22.2,821.67,0.594,0.101,Normal,prophet,prophet,26,ok
Odisha,Koraput,Kharif,23.948,1337.06,0.942,-0.208,Normal,prophet,prophet,26,ok
Odisha,Koraput,Rabi,20.785,209.68,0.036,0.053,Normal,prophet,prophet,26,ok
Odisha,Koraput,Summer,27.618,344.66,0.403,-0.209,Normal,prophet,prophet,27,ok
Odisha,Koraput,Whole Year,23.242,1624.39,0.041,0.033,Normal,prophet,prophet,26,ok
Odisha,Koraput,Winter,19.101,58.96,-0.058,0.109,Normal,prophet,prophet,26,ok
Odisha,Malkangiri,Autumn,24.474,838.17,0.449,0.171,Normal,prophet,prophet,26,ok
Odisha,Malkangiri,Kharif,26.298,1383.59,0.857,-0.149,Normal,prophet,prophet,26,ok
Odisha,Malkangiri,Rabi,23.173,202.21,0.063,0.064,Normal,prophet,prophet,26,ok
Odisha,Malkangiri,Summer,30.326,349.48,0.239,-0.1,Normal,prophet,prophet,27,ok
Odisha,Malkangiri,Whole Year,25.766,1678.8,0.261,0.228,Normal,prophet,prophet,26,ok
Odisha,Malkangiri,Winter,21.381,55.15,-0.025,0.08,Normal,prophet,prophet,26,ok
Odisha,Mayurbhanj,Autumn,23.669,831.85,-0.534,0.15,Normal,prophet,prophet,26,ok
Odisha,Mayurbhanj,Kharif,26.377,1314.95,0.396,-0.075,Normal,prophet,prophet,26,ok
Odisha,Mayurbhanj,Rabi,20.325,279.63,-0.327,0.223,Normal,prophet,prophet,26,ok
Odisha,Mayurbhanj,Summer,29.319,448.29,0.887,-0.058,Normal,prophet,prophet,27,ok
Odisha,Mayurbhanj,Whole Year,24.284,1693.94,0.002,0.215,Normal,prophet,prophet,26,ok
Odisha,Mayurbhanj,Winter,18.004,68.23,-0.489,0.085,Normal,prophet,prophet,26,ok
Odisha,Nabarangpur,Autumn,22.719,822.88,0.222,-0.007,Normal,prophet,prophet,26,ok
Odisha,Nabarangpur,Kharif,24.926,1359.3,0.898,-0.284,Normal,prophet,prophet,26,ok
Odisha,Nabarangpur,Rabi,20.853,173.14,-0.193,-0.054,Normal,prophet,prophet,26,ok
Odisha,Nabarangpur,Summer,28.694,346.2,0.203,-0.141,Normal,prophet,prophet,27,ok
Odisha,Nabarangpur,Whole Year,23.887,1644.32,-0.115,-0.062,Normal,prophet,prophet,26,ok
Odisha,Nabarangpur,Winter,18.974,42.62,-0.17,-0.02,Normal,prophet,prophet,26,ok
Odisha,Nayagarh,Autumn,25.879,653.6,-0.122,-0.663,Normal,prophet,prophet,26,ok
Odisha,Nayagarh,Kharif,28.274,1068.01,0.917,-0.592,Normal,prophet,prophet,26,ok
Odisha,Nayagarh,Rabi,23.642,254.7,0.499,0.043,Normal,prophet,prophet,26,ok
Odisha,Nayagarh,Summer,31.261,322.02,0.726,-0.236,Normal,prophet,prophet,27,ok
Odisha,Nayagarh,Whole Year,26.8,1296.88,0.508,-0.625,Normal,prophet,prophet,26,ok
Odisha,Nayagarh,Winter,21.536,76.49,0.152,0.111,Normal,prophet,prophet,26,ok
Odisha,Nuapada,Autumn,23.75,767.59,-0.292,0.333,Normal,prophet,prophet,26,ok
Odisha,Nuapada,Kharif,26.687,1313.86,0.538,0.115,Normal,prophet,prophet,26,ok
Odisha,Nuapada,Rabi,21.148,118.45,-0.334,-0.118,Normal,prophet,prophet,26,ok
Odisha,Nuapada,Summer,31.222,277.93,0.32,-0.002,Normal,prophet,prophet,27,ok
Odisha,Nuapada,Whole Year,25.036,1496.49,-0.558,0.327,Normal,prophet,prophet,26,ok
Odisha,Nuapada,Winter,18.817,41.33,-0.564,-0.038,Normal,prophet,prophet,26,ok
Odisha,Puri,Autumn,26.722,748.02,-0.015,-0.483,Normal,prophet,prophet,26,ok
Odisha,Puri,Kharif,28.735,1168.15,1.189,-0.534,Hotter than normal,prophet,prophet,26,ok
Odisha,Puri,Rabi,24.124,315.37,0.45,0.078,Normal,prophet,prophet,26,ok
Odisha,Puri,Summer,30.593,377.92,1.147,-0.127,Hotter than normal,prophet,prophet,27,ok
Odisha,Puri,Whole Year,27.105,1442.83,0.944,-0.632,Normal,prophet,prophet,26,ok
Odisha,Puri,Winter,22.233,96.41,0.238,0.126,Normal,prophet,prophet,26,ok
Odisha,Rayagada,Autumn,23.704,705.87,-0.129,-0.017,Normal,prophet,prophet,26,ok
Odisha,Rayagada,Kharif,26.264,1097.01,0.811,-0.233,Normal,prophet,prophet,26,ok
Odisha,Rayagada,Rabi,21.963,224.44,-0.146,0.069,Normal,prophet,prophet,26,ok
Odisha,Rayagada,Summer,30.17,273.76,0.322,0.04,Normal,prophet,prophet,27,ok
Odisha,Rayagada,Whole Year,25.174,1291.71,0.04,-0.219,Normal,prophet,prophet,26,ok
Odisha,Rayagada,Winter,20.038,65.59,-0.175,0.095,Normal,prophet,prophet,26,ok
Odisha,Sambalpur,Autumn,24.698,655.53,-0.453,-0.16,Normal,prophet,prophet,26,ok
Odisha,Sambalpur,Kharif,27.588,1183.79,0.188,-0.185,Normal,prophet,prophet,26,ok
Odisha,Sambalpur,Rabi,21.769,144.5,-0.166,0.03,Normal,prophet,prophet,26,ok
Odisha,Sambalpur,Summer,31.782,311.83,0.527,-0.143,Normal,prophet,prophet,27,ok
Odisha,Sambalpur,Whole Year,25.792,1369.57,-0.294,-0.049,Normal,prophet,prophet,26,ok
Odisha,Sambalpur,Winter,19.47,50.94,-0.235,0.059,Normal,prophet,prophet,26,ok
Odisha,Subarnapur,Autumn,25.174,647.37,-0.284,-0.127,Normal,prophet,prophet,26,ok
Odisha,Subarnapur,Kharif,28.123,1129.96,0.294,-0.317,Normal,prophet,prophet,26,ok
Odisha,Subarnapur,Rabi,22.499,134.29,-0.108,-0.059,Normal,prophet,prophet,26,ok
Odisha,Subarnapur,Summer,32.668,251.5,0.371,-0.174,Normal,prophet,prophet,27,ok
Odisha,Subarnapur,Whole Year,26.479,1281.34,-0.37,-0.202,Normal,prophet,prophet,26,ok
Odisha,Subarnapur,Winter,20.221,45.48,-0.194,0.025,Normal,prophet,prophet,26,ok
Odisha,Sundargarh,Autumn,24.691,668.18,-0.509,0.087,Normal,prophet,prophet,26,ok
Odisha,Sundargarh,Kharif,27.732,1203.39,0.115,0.135,Normal,prophet,prophet,26,ok
Odisha,Sundargarh,Rabi,21.377,137.08,-0.233,0.095,Normal,prophet,prophet,26,ok
Odisha,Sundargarh,Summer,31.594,275.65,0.268,-0.092,Normal,prophet,prophet,27,ok
Odisha,Sundargarh,Whole Year,25.585,1361.74,-0.53,0.246,Normal,prophet,prophet,26,ok
Odisha,Sundargarh,Winter,19.036,47.31,-0.329,0.063,Normal,prophet,prophet,26,ok
Puducherry,Karaikal,Autumn,28.703,771.16,0.871,0.313,Normal,prophet,prophet,26,ok
Puducherry,Karaikal,Kharif,29.418,593.83,0.594,0.249,Normal,prophet,prophet,26,ok
Puducherry,Karaikal,Rabi,26.953,781.92,-0.062,0.437,Normal,prophet,prophet,26,ok
Puducherry,Karaikal,Summer,29.526,266.3,-0.391,0.667,Normal,prophet,prophet,27,ok
Puducherry,Karaikal,Whole Year,28.444,1332.13,0.276,0.533,Normal,prophet,prophet,26,ok
Puducherry,Karaikal,Winter,26.253,574.52,-0.34,0.51,Normal,prophet,prophet,26,ok
Puducherry,Mahe,Autumn,26.219,992.06,0.995,-0.083,Normal,prophet,prophet,26,ok
Puducherry,Mahe,Kharif,26.217,1634.92,0.861,-0.692,Normal,prophet,prophet,26,ok
Puducherry,Mahe,Rabi,27.127,543.91,0.229,0.278,Normal,prophet,prophet,26,ok
Puducherry,Mahe,Summer,28.433,865.4,0.478,0.288,Normal,prophet,prophet,27,ok
Puducherry,Mahe,Whole Year,27.115,2389.72,0.536,-0.012,Normal,prophet,prophet,26,ok
Puducherry,Mahe,Winter,26.811,238.25,-0.091,0.305,Normal,prophet,prophet,26,ok
Puducherry,Puducherry,Autumn,28.449,774.6,0.88,0.178,Normal,prophet,prophet,26,ok
Puducherry,Puducherry,Kharif,29.293,660.58,0.718,0.185,Normal,prophet,prophet,26,ok
Puducherry,Puducherry,Rabi,26.671,684.77,0.037,0.174,Normal,prophet,prophet,26,ok
Puducherry,Puducherry,Summer,29.519,224.13,-0.363,0.462,Normal,prophet,prophet,27,ok
Puducherry,Puducherry,Whole Year,28.237,1282.78,0.241,0.275,Normal,prophet,prophet,26,ok
Puducherry,Puducherry,Winter,25.918,512.84,-0.204,0.322,Normal,prophet,prophet,26,ok
Puducherry,Yanam,Autumn,28.495,701.05,0.887,0.173,Normal,prophet,prophet,26,ok
Puducherry,Yanam,Kharif,29.078,1121.19,0.816,0.359,Normal,prophet,prophet,26,ok
Puducherry,Yanam,Rabi,26.667,331.87,-0.239,0.215,Normal,prophet,prophet,26,ok
Puducherry,Yanam,Summer,29.356,313.81,0.557,0.24,Normal,prophet,prophet,27,ok
Puducherry,Yanam,Whole Year,28.097,1419.82,0.679,0.541,Normal,prophet,prophet,26,ok
Puducherry,Yanam,Winter,25.806,158.46,-0.609,0.313,Normal,prophet,prophet,26,ok
Punjab,Amritsar,Autumn,24.735,507.68,-1.289,1.139,Cooler & Wetter than normal,prophet,prophet,26,ok
Punjab,Amritsar,Kharif,29.658,990.88,-1.017,1.126,Cooler & Wetter than normal,prophet,prophet,26,ok
Punjab,Amritsar,Rabi,18.017,174.06,0.206,0.246,Normal,prophet,prophet,26,ok
Punjab,Amritsar,Summer,30.205,205.62,0.383,0.277,Normal,prophet,prophet,27,ok
Punjab,Amritsar,Whole Year,24.504,1171.7,-0.361,1.123,Wetter than normal,prophet,prophet,26,ok
Punjab,Amritsar,Winter,15.499,95.36,0.422,0.019,Normal,prophet,prophet,26,ok
Punjab,Barnala,Autumn,25.135,402.2,-0.916,0.746,Normal,prophet,prophet,26,ok
Punjab,Barnala,Kharif,29.73,771.17,-0.778,0.815,Normal,prophet,prophet,26,ok
Punjab,Barnala,Rabi,18.43,127.65,0.371,0.274,Normal,prophet,prophet,26,ok
Punjab,Barnala,Summer,30.634,172.79,0.469,0.16,Normal,prophet,prophet,27,ok
Punjab,Barnala,Whole Year,24.763,924.11,-0.234,0.818,Normal,prophet,prophet,26,ok
Punjab,Barnala,Winter,15.744,70.89,0.54,0.01,Normal,prophet,prophet,26,ok
Punjab,Bathinda,Autumn,26.038,307.49,-1.081,1.468,Cooler & Wetter than normal,prophet,prophet,26,ok
Punjab,Bathinda,Kharif,30.297,625.63,-1.123,1.345,Cooler & Wetter than normal,prophet,prophet,26,ok
Punjab,Bathinda,Rabi,19.611,97.43,0.671,0.204,Normal,prophet,prophet,26,ok
Punjab,Bathinda,Summer,31.297,141.53,0.513,0.089,Normal,prophet,prophet,27,ok
Punjab,Bathinda,Whole Year,25.544,723.9,-0.285,1.173,Wetter than normal,prophet,prophet,26,ok
Punjab,Bathinda,Winter,16.931,46.99,0.893,-0.089,Normal,prophet,prophet,26,ok
Punjab,Faridkot,Autumn,25.557,372.55,-1.144,1.29,Cooler & Wetter than normal,prophet,prophet,26,ok
Punjab,Faridkot,Kharif,30.093,739.21,-1.026,1.267,Cooler & Wetter than normal,prophet,prophet,26,ok
Punjab,Faridkot,Rabi,19.06,113.18,0.525,0.205,Normal,prophet,prophet,26,ok
Punjab,Faridkot,Summer,31.079,153.84,0.531,0.144,Normal,prophet,prophet,27,ok
Punjab,Faridkot,Whole Year,25.205,849.33,-0.313,1.12,Wetter than normal,prophet,prophet,26,ok
Punjab,Faridkot,Winter,16.382,58.57,0.716,-0.04,Normal,prophet,prophet,26,ok
Punjab,Fatehgarh Sahib,Autumn,24.807,481.33,-0.611,0.679,Normal,prophet,prophet,26,ok
Punjab,Fatehgarh Sahib,Kharif,29.047,918.39,-0.759,0.693,Normal,prophet,prophet,26,ok
Punjab,Fatehgarh Sahib,Rabi,18.387,157.24,0.434,0.338,Normal,prophet,prophet,26,ok
Punjab,Fatehgarh Sahib,Summer,30.179,216.53,0.36,0.143,Normal,prophet,prophet,27,ok
Punjab,Fatehgarh Sahib,Whole Year,24.471,1127.13,-0.135,0.762,Normal,prophet,prophet,26,ok
Punjab,Fatehgarh Sahib,Winter,15.824,91.25,0.598,0.044,Normal,prophet,prophet,26,ok
Punjab,Fazilka,Autumn,26.139,265.38,-1.294,0.607,Cooler than normal,prophet,prophet,26,ok
Punjab,Fazilka,Kharif,30.543,715.01,-1.276,1.719,Cooler & Wetter than normal,prophet,prophet,26,ok
Punjab,Fazilka,Rabi,19.765,107.28,0.822,0.136,Normal,prophet,prophet,26,ok
Punjab,Fazilka,Summer,31.468,141.17,0.595,0.118,Normal,prophet,prophet,27,ok
Punjab,Fazilka,Whole Year,25.725,784.95,-0.296,1.226,Wetter than normal,prophet,prophet,26,ok
Punjab,Fazilka,Winter,17.112,55.72,1.02,-0.029,Hotter than normal,prophet,prophet,26,ok
Punjab,Ferozepur,Autumn,24.807,481.33,-0.611,0.679,Normal,prophet,prophet,26,ok
Punjab,Ferozepur,Kharif,29.047,918.39,-0.759,0.693,Normal,prophet,prophet,26,ok
Punjab,Ferozepur,Rabi,18.387,157.24,0.434,0.338,Normal,prophet,prophet,26,ok
Punjab,Ferozepur,Summer,30.179,216.53,0.36,0.143,Normal,prophet,prophet,27,ok
Punjab,Ferozepur,Whole Year,24.471,1127.13,-0.135,0.762,Normal,prophet,prophet,26,ok
Punjab,Ferozepur,Winter,15.824,91.25,0.598,0.044,Normal,prophet,prophet,26,ok
Punjab,Gurdaspur,Autumn,24.637,626.67,-1.109,1.213,Cooler & Wetter than normal,prophet,prophet,26,ok
Punjab,Gurdaspur,Kharif,29.326,1149.79,-1.003,1.243,Cooler & Wetter than normal,prophet,prophet,26,ok
Punjab,Gurdaspur,Rabi,17.901,234.85,0.208,0.267,Normal,prophet,prophet,26,ok
Punjab,Gurdaspur,Summer,29.636,250.53,0.314,0.323,Normal,prophet,prophet,27,ok
Punjab,Gurdaspur,Whole Year,24.221,1415.87,-0.299,1.352,Wetter than normal,prophet,prophet,26,ok
Punjab,Gurdaspur,Winter,15.502,132.21,0.396,0.033,Normal,prophet,prophet,26,ok
Punjab,Hoshiarpur,Autumn,24.672,623.91,-0.823,1.008,Wetter than normal,prophet,prophet,26,ok
Punjab,Hoshiarpur,Kharif,29.084,1134.56,-0.891,1.018,Wetter than normal,prophet,prophet,26,ok
Punjab,Hoshiarpur,Rabi,17.909,206.17,0.273,0.333,Normal,prophet,prophet,26,ok
Punjab,Hoshiarpur,Summer,29.689,243.57,0.351,0.361,Normal,prophet,prophet,27,ok
Punjab,Hoshiarpur,Whole Year,24.178,1375.99,-0.206,1.088,Wetter than normal,prophet,prophet,26,ok
Punjab,Hoshiarpur,Winter,15.415,119.84,0.443,0.087,Normal,prophet,prophet,26,ok
Punjab,Jalandhar,Autumn,24.672,623.91,-0.823,1.008,Wetter than normal,prophet,prophet,26,ok
Punjab,Jalandhar,Kharif,29.084,1134.56,-0.891,1.018,Wetter than normal,prophet,prophet,26,ok
Punjab,Jalandhar,Rabi,17.909,206.17,0.273,0.333,Normal,prophet,prophet,26,ok
Punjab,Jalandhar,Summer,29.689,243.57,0.351,0.361,Normal,prophet,prophet,27,ok
Punjab,Jalandhar,Whole Year,24.178,1375.99,-0.206,1.088,Wetter than normal,prophet,prophet,26,ok
Punjab,Jalandhar,Winter,15.415,119.84,0.443,0.087,Normal,prophet,prophet,26,ok
Punjab,Kapurthala,Autumn,24.735,507.68,-1.289,1.139,Cooler & Wetter than normal,prophet,prophet,26,ok
Punjab,Kapurthala,Kharif,29.658,990.88,-1.017,1.126,Cooler & Wetter than normal,prophet,prophet,26,ok
Punjab,Kapurthala,Rabi,18.017,174.06,0.206,0.246,Normal,prophet,prophet,26,ok
Punjab,Kapurthala,Summer,30.205,205.62,0.383,0.277,Normal,prophet,prophet,27,ok
Punjab,Kapurthala,Whole Year,24.504,1171.7,-0.361,1.123,Wetter than normal,prophet,prophet,26,ok
Punjab,Kapurthala,Winter,15.499,95.36,0.422,0.019,Normal,prophet,prophet,26,ok
Punjab,Ludhiana,Autumn,24.862,501.22,-0.946,0.803,Normal,prophet,prophet,26,ok
Punjab,Ludhiana,Kharif,29.47,931.33,-0.817,0.863,Normal,prophet,prophet,26,ok
Punjab,Ludhiana,Rabi,18.134,156.16,0.283,0.302,Normal,prophet,prophet,26,ok
Punjab,Ludhiana,Summer,30.249,199.24,0.395,0.26,Normal,prophet,prophet,27,ok
Punjab,Ludhiana,Whole Year,24.514,1106.61,-0.254,0.845,Normal,prophet,prophet,26,ok
Punjab,Ludhiana,Winter,15.539,90.46,0.46,0.05,Normal,prophet,prophet,26,ok
Punjab,Mansa,Autumn,25.562,314.09,-0.897,0.815,Normal,prophet,prophet,26,ok
Punjab,Mansa,Kharif,30.064,634.81,-0.777,0.854,Normal,prophet,prophet,26,ok
Punjab,Mansa,Rabi,18.981,113.02,0.527,0.266,Normal,prophet,prophet,26,ok
Punjab,Mansa,Summer,30.928,158.33,0.458,0.105,Normal,prophet,prophet,27,ok
Punjab,Mansa,Whole Year,25.107,780.89,-0.238,0.939,Normal,prophet,prophet,26,ok
Punjab,Mansa,Winter,16.246,56.39,0.687,-0.054,Normal,prophet,prophet,26,ok
Punjab,Moga,Autumn,25.138,425.84,-1.236,1.101,Cooler & Wetter than normal,prophet,prophet,26,ok
Punjab,Moga,Kharif,29.894,853.32,-1.032,1.138,Cooler & Wetter than normal,prophet,prophet,26,ok
Punjab,Moga,Rabi,18.574,137.44,0.381,0.222,Normal,prophet,prophet,26,ok
Punjab,Moga,Summer,30.728,175.39,0.472,0.22,Normal,prophet,prophet,27,ok
Punjab,Moga,Whole Year,24.894,987.06,-0.359,1.055,Wetter than normal,prophet,prophet,26,ok
Punjab,Moga,Winter,15.961,73.66,0.577,-0.003,Normal,prophet,prophet,26,ok
Punjab,Pathankot,Autumn,21.454,726.05,0.533,1.093,Wetter than normal,prophet,prophet,26,ok
Punjab,Pathankot,Kharif,24.792,1255.97,-0.32,1.185,Wetter than normal,prophet,prophet,26,ok
Punjab,Pathankot,Rabi,14.929,384.33,0.775,0.344,Normal,prophet,prophet,26,ok
Punjab,Pathankot,Summer,23.288,381.16,0.043,0.502,Normal,prophet,prophet,27,ok
Punjab,Pathankot,Whole Year,20.148,1778.52,0.458,1.832,Wetter than normal,prophet,prophet,26,ok
Punjab,Pathankot,Winter,13.02,223.91,0.887,0.098,Normal,prophet,prophet,26,ok
Punjab,Patiala,Autumn,25.036,386.74,-0.594,0.681,Normal,prophet,prophet,26,ok
Punjab,Patiala,Kharif,29.334,770.79,-0.78,0.651,Normal,prophet,prophet,26,ok
Punjab,Patiala,Rabi,18.558,132.52,0.543,0.291,Normal,prophet,prophet,26,ok
Punjab,Patiala,Summer,30.522,186.6,0.395,0.073,Normal,prophet,prophet,27,ok
Punjab,Patiala,Whole Year,24.656,958.03,-0.164,0.811,Normal,prophet,prophet,26,ok
Punjab,Patiala,Winter,15.897,70.4,0.696,-0.006,Normal,prophet,prophet,26,ok
Punjab,Rupnagar,Autumn,24.836,587.17,-0.566,0.746,Normal,prophet,prophet,26,ok
Punjab,Rupnagar,Kharif,28.824,1076.44,-0.764,0.775,Normal,prophet,prophet,26,ok
Punjab,Rupnagar,Rabi,18.554,195.19,0.415,0.395,Normal,prophet,prophet,26,ok
Punjab,Rupnagar,Summer,29.586,260.04,0.26,0.26,Normal,prophet,prophet,27,ok
Punjab,Rupnagar,Whole Year,24.351,1339.19,-0.147,0.877,Normal,prophet,prophet,26,ok
Punjab,Rupnagar,Winter,16.126,117.28,0.548,0.098,Normal,prophet,prophet,26,ok
Punjab,S,Autumn,25.557,372.55,-1.144,1.29,Cooler & Wetter than normal,prophet,prophet,26,ok
Punjab,S,Kharif,30.093,739.21,-1.026,1.267,Cooler & Wetter than normal,prophet,prophet,26,ok
Punjab,S,Rabi,19.06,113.18,0.525,0.205,Normal,prophet,prophet,26,ok
Punjab,S,Summer,31.079,153.84,0.531,0.144,Normal,prophet,prophet,27,ok
Punjab,S,Whole Year,25.205,849.33,-0.313,1.12,Wetter than normal,prophet,prophet,26,ok
Punjab,S,Winter,16.382,58.57,0.716,-0.04,Normal,prophet,prophet,26,ok
Punjab,Sangrur,Autumn,25.562,314.09,-0.897,0.815,Normal,prophet,prophet,26,ok
Punjab,Sangrur,Kharif,30.064,634.81,-0.777,0.854,Normal,prophet,prophet,26,ok
Punjab,Sangrur,Rabi,18.981,113.02,0.527,0.266,Normal,prophet,prophet,26,ok
Punjab,Sangrur,Summer,30.928,158.33,0.458,0.105,Normal,prophet,prophet,27,ok
Punjab,Sangrur,Whole Year,25.107,780.89,-0.238,0.939,Normal,prophet,prophet,26,ok
Punjab,Sangrur,Winter,16.246,56.39,0.687,-0.054,Normal,prophet,prophet,26,ok
Punjab,Shaheed Bhagat Singh Nagar,Autumn,24.836,587.17,-0.566,0.746,Normal,prophet,prophet,26,ok
Punjab,Shaheed Bhagat Singh Nagar,Kharif,28.824,1076.44,-0.764,0.775,Normal,prophet,prophet,26,ok
Punjab,Shaheed Bhagat Singh Nagar,Rabi,18.554,195.19,0.415,0.395,Normal,prophet,prophet,26,ok
Punjab,Shaheed Bhagat Singh Nagar,Summer,29.586,260.04,0.26,0.26,Normal,prophet,prophet,27,ok
Punjab,Shaheed Bhagat Singh Nagar,Whole Year,24.351,1339.19,-0.147,0.877,Normal,prophet,prophet,26,ok
Punjab,Shaheed Bhagat Singh Nagar,Winter,16.126,117.28,0.548,0.098,Normal,prophet,prophet,26,ok
Punjab,Sri Muktsar Sahib,Autumn,26.139,265.38,-1.294,0.607,Cooler than normal,prophet,prophet,26,ok
Punjab,Sri Muktsar Sahib,Kharif,30.543,715.01,-1.276,1.719,Cooler & Wetter than normal,prophet,prophet,26,ok
Punjab,Sri Muktsar Sahib,Rabi,19.765,107.28,0.822,0.136,Normal,prophet,prophet,26,ok
Punjab,Sri Muktsar Sahib,Summer,31.468,141.17,0.595,0.118,Normal,prophet,prophet,27,ok
Punjab,Sri Muktsar Sahib,Whole Year,25.725,784.95,-0.296,1.226,Wetter than normal,prophet,prophet,26,ok
Punjab,Sri Muktsar Sahib,Winter,17.112,55.72,1.02,-0.029,Hotter than normal,prophet,prophet,26,ok
Punjab,Tarn Taran,Autumn,24.735,507.68,-1.289,1.139,Cooler & Wetter than normal,prophet,prophet,26,ok
Punjab,Tarn Taran,Kharif,29.658,990.88,-1.017,1.126,Cooler & Wetter than normal,prophet,prophet,26,ok
Punjab,Tarn Taran,Rabi,18.017,174.06,0.206,0.246,Normal,prophet,prophet,26,ok
Punjab,Tarn Taran,Summer,30.205,205.62,0.383,0.277,Normal,prophet,prophet,27,ok
Punjab,Tarn Taran,Whole Year,24.504,1171.7,-0.361,1.123,Wetter than normal,prophet,prophet,26,ok
Punjab,Tarn Taran,Winter,15.499,95.36,0.422,0.019,Normal,prophet,prophet,26,ok
Rajasthan,Ajmer,Autumn,25.043,319.57,-0.703,0.422,Normal,prophet,prophet,26,ok
Rajasthan,Ajmer,Kharif,28.17,704.68,-1.107,0.965,Cooler than normal,prophet,prophet,26,ok
Rajasthan,Ajmer,Rabi,20.449,58.98,0.201,0.202,Normal,prophet,prophet,26,ok
Rajasthan,Ajmer,Summer,30.832,169.48,0.144,0.195,Normal,prophet,prophet,27,ok
Rajasthan,Ajmer,Whole Year,25.28,831.73,-0.503,1.236,Wetter than normal,prophet,prophet,26,ok
Rajasthan,Ajmer,Winter,18.041,24.43,0.208,0.242,Normal,prophet,prophet,26,ok
Rajasthan,Alwar,Autumn,25.324,383.12,-0.958,0.565,Normal,prophet,prophet,26,ok
Rajasthan,Alwar,Kharif,29.161,698.38,-1.388,0.533,Cooler than normal,prophet,prophet,26,ok
Rajasthan,Alwar,Rabi,20.061,92.28,0.241,0.367,Normal,prophet,prophet,26,ok
Rajasthan,Alwar,Summer,31.526,129.58,0.051,0.098,Normal,prophet,prophet,27,ok
Rajasthan,Alwar,Whole Year,25.508,802.41,-0.876,0.666,Normal,prophet,prophet,26,ok
Rajasthan,Alwar,Winter,17.445,42.38,0.245,0.281,Normal,prophet,prophet,26,ok
Rajasthan,Banswara,Autumn,24.396,596.95,-1.133,0.448,Cooler than normal,prophet,prophet,26,ok
Rajasthan,Banswara,Kharif,27.193,1017.38,-0.882,0.612,Normal,prophet,prophet,26,ok
Rajasthan,Banswara,Rabi,22.421,75.54,-0.055,0.349,Normal,prophet,prophet,26,ok
Rajasthan,Banswara,Summer,31.564,185.61,0.146,0.35,Normal,prophet,prophet,27,ok
Rajasthan,Banswara,Whole Year,25.923,1139.31,-0.61,1.013,Wetter than normal,prophet,prophet,26,ok
Rajasthan,Banswara,Winter,20.273,20.82,-0.396,0.303,Normal,prophet,prophet,26,ok
Rajasthan,Baran,Autumn,24.043,524.98,-0.96,0.415,Normal,prophet,prophet,26,ok
Rajasthan,Baran,Kharif,27.548,1014.36,-1.225,0.485,Cooler than normal,prophet,prophet,26,ok
Rajasthan,Baran,Rabi,20.14,87.53,-0.663,0.477,Normal,prophet,prophet,26,ok
Rajasthan,Baran,Summer,31.378,167.9,-0.387,0.321,Normal,prophet,prophet,27,ok
Rajasthan,Baran,Whole Year,25.087,1079.67,-1.473,0.526,Cooler than normal,prophet,prophet,26,ok
Rajasthan,Baran,Winter,17.629,44.74,-0.815,0.342,Normal,prophet,prophet,26,ok
Rajasthan,Barmer,Autumn,28.098,232.39,-0.354,0.433,Normal,prophet,prophet,26,ok
Rajasthan,Barmer,Kharif,30.662,428.44,-0.892,0.582,Normal,prophet,prophet,26,ok
Rajasthan,Barmer,Rabi,23.173,25.68,0.935,-0.024,Normal,prophet,prophet,26,ok
Rajasthan,Barmer,Summer,31.944,103.54,-0.051,0.199,Normal,prophet,prophet,27,ok
Rajasthan,Barmer,Whole Year,27.51,476.52,-0.078,0.635,Normal,prophet,prophet,26,ok
Rajasthan,Barmer,Winter,20.768,13.72,1.124,-0.017,Hotter than normal,prophet,prophet,26,ok
Rajasthan,Bharatpur,Autumn,24.981,461.03,-1.033,0.733,Cooler than normal,prophet,prophet,26,ok
Rajasthan,Bharatpur,Kharif,28.963,862.03,-1.415,0.748,Cooler than normal,prophet,prophet,26,ok
Rajasthan,Bharatpur,Rabi,19.703,99.26,-0.368,0.537,Normal,prophet,prophet,26,ok
Rajasthan,Bharatpur,Summer,31.868,147.15,-0.122,0.305,Normal,prophet,prophet,27,ok
Rajasthan,Bharatpur,Whole Year,25.39,962.18,-1.345,0.918,Cooler than normal,prophet,prophet,26,ok
Rajasthan,Bharatpur,Winter,16.984,44.17,-0.494,0.376,Normal,prophet,prophet,26,ok
Rajasthan,Bhilwara,Autumn,24.708,483.23,-0.329,0.348,Normal,prophet,prophet,26,ok
Rajasthan,Bhilwara,Kharif,27.847,904.48,-0.914,0.518,Normal,prophet,prophet,26,ok
Rajasthan,Bhilwara,Rabi,20.501,80.75,-0.083,0.356,Normal,prophet,prophet,26,ok
Rajasthan,Bhilwara,Summer,31.406,194.7,0.076,0.505,Normal,prophet,prophet,27,ok
Rajasthan,Bhilwara,Whole Year,25.519,981.63,-0.171,0.597,Normal,prophet,prophet,26,ok
Rajasthan,Bhilwara,Winter,18.014,30.26,-0.22,0.251,Normal,prophet,prophet,26,ok
Rajasthan,Bikaner,Autumn,28.576,156.26,0.224,0.257,Normal,prophet,prophet,26,ok
Rajasthan,Bikaner,Kharif,32.023,327.13,-0.598,0.708,Normal,prophet,prophet,26,ok
Rajasthan,Bikaner,Rabi,21.835,44.0,1.198,0.051,Hotter than normal,prophet,prophet,26,ok
Rajasthan,Bikaner,Summer,32.207,97.75,0.472,0.117,Normal,prophet,prophet,27,ok
Rajasthan,Bikaner,Whole Year,27.359,397.7,0.672,0.73,Normal,prophet,prophet,26,ok
Rajasthan,Bikaner,Winter,19.07,17.92,1.284,-0.101,Hotter than normal,prophet,prophet,26,ok
Rajasthan,Bundi,Autumn,24.985,547.63,-0.332,0.418,Normal,prophet,prophet,26,ok
Rajasthan,Bundi,Kharif,28.286,1019.4,-0.885,0.493,Normal,prophet,prophet,26,ok
Rajasthan,Bundi,Rabi,20.54,89.06,-0.225,0.415,Normal,prophet,prophet,26,ok
Rajasthan,Bundi,Summer,31.863,202.75,-0.067,0.532,Normal,prophet,prophet,27,ok
Rajasthan,Bundi,Whole Year,25.74,1100.43,-0.545,0.557,Normal,prophet,prophet,26,ok
Rajasthan,Bundi,Winter,17.915,34.76,-0.429,0.285,Normal,prophet,prophet,26,ok
Rajasthan,Chittorgarh,Autumn,24.118,517.08,-0.645,0.312,Normal,prophet,prophet,26,ok
Rajasthan,Chittorgarh,Kharif,26.976,876.57,-0.949,0.4,Normal,prophet,prophet,26,ok
Rajasthan,Chittorgarh,Rabi,21.174,89.47,0.181,0.45,Normal,prophet,prophet,26,ok
Rajasthan,Chittorgarh,Summer,30.908,176.22,0.024,0.451,Normal,prophet,prophet,27,ok
Rajasthan,Chittorgarh,Whole Year,25.271,957.5,-0.218,0.525,Normal,prophet,prophet,26,ok
Rajasthan,Chittorgarh,Winter,18.958,27.83,0.035,0.194,Normal,prophet,prophet,26,ok
Rajasthan,Churu,Autumn,26.606,232.85,-0.627,0.35,Normal,prophet,prophet,26,ok
Rajasthan,Churu,Kharif,30.014,588.97,-1.332,0.854,Cooler than normal,prophet,prophet,26,ok
Rajasthan,Churu,Rabi,20.544,68.46,0.798,0.206,Normal,prophet,prophet,26,ok
Rajasthan,Churu,Summer,30.955,160.02,0.22,0.194,Normal,prophet,prophet,27,ok
Rajasthan,Churu,Whole Year,25.898,734.03,-0.088,1.243,Wetter than normal,prophet,prophet,26,ok
Rajasthan,Churu,Winter,17.949,23.55,0.921,-0.024,Normal,prophet,prophet,26,ok
Rajasthan,Dausa,Autumn,24.758,433.67,-0.807,0.548,Normal,prophet,prophet,26,ok
Rajasthan,Dausa,Kharif,28.346,775.52,-1.343,0.546,Cooler than normal,prophet,prophet,26,ok
Rajasthan,Dausa,Rabi,19.831,80.81,-0.071,0.323,Normal,prophet,prophet,26,ok
Rajasthan,Dausa,Summer,31.115,124.63,0.026,0.116,Normal,prophet,prophet,27,ok
Rajasthan,Dausa,Whole Year,25.214,889.2,-0.674,0.784,Normal,prophet,prophet,26,ok
Rajasthan,Dausa,Winter,17.257,35.62,-0.146,0.268,Normal,prophet,prophet,26,ok
Rajasthan,Dholpur,Autumn,24.91,470.72,-0.946,0.604,Normal,prophet,prophet,26,ok
Rajasthan,Dholpur,Kharif,28.924,947.94,-1.366,0.88,Cooler than normal,prophet,prophet,26,ok
Rajasthan,Dholpur,Rabi,19.728,96.0,-0.678,0.561,Normal,prophet,prophet,26,ok
Rajasthan,Dholpur,Summer,32.18,142.38,-0.249,0.261,Normal,prophet,prophet,27,ok
Rajasthan,Dholpur,Whole Year,25.506,1051.5,-1.43,1.108,Cooler & Wetter than normal,prophet,prophet,26,ok
Rajasthan,Dholpur,Winter,16.985,39.09,-0.823,0.28,Normal,prophet,prophet,26,ok
Rajasthan,Dungarpur,Autumn,24.083,524.72,-1.16,0.387,Cooler than normal,prophet,prophet,26,ok
Rajasthan,Dungarpur,Kharif,26.914,904.17,-1.109,0.571,Cooler than normal,prophet,prophet,26,ok
Rajasthan,Dungarpur,Rabi,21.757,77.4,-0.008,0.681,Normal,prophet,prophet,26,ok
Rajasthan,Dungarpur,Summer,31.154,165.78,0.1,0.429,Normal,prophet,prophet,27,ok
Rajasthan,Dungarpur,Whole Year,25.45,1013.85,-0.634,0.925,Normal,prophet,prophet,26,ok
Rajasthan,Dungarpur,Winter,19.585,20.93,-0.244,0.216,Normal,prophet,prophet,26,ok
Rajasthan,Hanumangarh,Autumn,27.403,178.68,-0.912,0.423,Normal,prophet,prophet,26,ok
Rajasthan,Hanumangarh,Kharif,31.383,491.06,-1.093,1.29,Cooler & Wetter than normal,prophet,prophet,26,ok
Rajasthan,Hanumangarh,Rabi,20.66,75.82,0.964,0.114,Normal,prophet,prophet,26,ok
Rajasthan,Hanumangarh,Summer,31.809,120.94,0.575,0.064,Normal,prophet,prophet,27,ok
Rajasthan,Hanumangarh,Whole Year,26.473,557.62,-0.072,0.937,Normal,prophet,prophet,26,ok
Rajasthan,Hanumangarh,Winter,17.969,38.89,1.152,-0.05,Hotter than normal,prophet,prophet,26,ok
Rajasthan,Jaipur,Autumn,24.594,414.54,-0.919,0.499,Normal,prophet,prophet,26,ok
Rajasthan,Jaipur,Kharif,28.068,852.23,-1.445,0.973,Cooler than normal,prophet,prophet,26,ok
Rajasthan,Jaipur,Rabi,19.639,76.72,-0.129,0.244,Normal,prophet,prophet,26,ok
Rajasthan,Jaipur,Summer,30.663,145.04,0.012,0.145,Normal,prophet,prophet,27,ok
Rajasthan,Jaipur,Whole Year,24.894,989.69,-0.858,1.341,Wetter than normal,prophet,prophet,26,ok
Rajasthan,Jaipur,Winter,17.119,30.44,-0.186,0.217,Normal,prophet,prophet,26,ok
Rajasthan,Jaisalmer,Autumn,28.718,180.5,-0.041,0.364,Normal,prophet,prophet,26,ok
Rajasthan,Jaisalmer,Kharif,31.839,346.5,-0.601,0.61,Normal,prophet,prophet,26,ok
Rajasthan,Jaisalmer,Rabi,22.862,35.9,1.281,0.012,Hotter than normal,prophet,prophet,26,ok
Rajasthan,Jaisalmer,Summer,32.208,108.66,0.247,0.305,Normal,prophet,prophet,27,ok
Rajasthan,Jaisalmer,Whole Year,27.833,417.26,0.654,0.646,Normal,prophet,prophet,26,ok
Rajasthan,Jaisalmer,Winter,20.221,18.07,1.351,-0.068,Hotter than normal,prophet,prophet,26,ok
Rajasthan,Jalore,Autumn,25.659,465.25,-0.342,0.442,Normal,prophet,prophet,26,ok
Rajasthan,Jalore,Kharif,28.297,821.83,-0.818,0.635,Normal,prophet,prophet,26,ok
Rajasthan,Jalore,Rabi,22.288,49.66,0.556,0.427,Normal,prophet,prophet,26,ok
Rajasthan,Jalore,Summer,31.391,129.8,0.211,0.137,Normal,prophet,prophet,27,ok
Rajasthan,Jalore,Whole Year,26.187,876.44,-0.241,0.656,Normal,prophet,prophet,26,ok
Rajasthan,Jalore,Winter,20.184,18.0,0.578,0.188,Normal,prophet,prophet,26,ok
Rajasthan,Jhalawar,Autumn,24.706,441.64,-0.487,-0.002,Normal,prophet,prophet,26,ok
Rajasthan,Jhalawar,Kharif,27.887,828.82,-0.869,0.078,Normal,prophet,prophet,26,ok
Rajasthan,Jhalawar,Rabi,21.207,72.25,-0.152,0.497,Normal,prophet,prophet,26,ok
Rajasthan,Jhalawar,Summer,31.823,145.71,-0.14,0.243,Normal,prophet,prophet,27,ok
Rajasthan,Jhalawar,Whole Year,25.813,867.71,-0.614,0.031,Normal,prophet,prophet,26,ok
Rajasthan,Jhalawar,Winter,18.726,33.94,-0.358,0.35,Normal,prophet,prophet,26,ok
Rajasthan,Jhunjhunu,Autumn,25.874,263.74,-0.682,0.366,Normal,prophet,prophet,26,ok
Rajasthan,Jhunjhunu,Kharif,29.309,605.59,-1.43,0.714,Cooler than normal,prophet,prophet,26,ok
Rajasthan,Jhunjhunu,Rabi,20.235,77.44,0.815,0.251,Normal,prophet,prophet,26,ok
Rajasthan,Jhunjhunu,Summer,30.803,152.43,0.304,0.115,Normal,prophet,prophet,27,ok
Rajasthan,Jhunjhunu,Whole Year,25.472,747.28,-0.117,1.065,Wetter than normal,prophet,prophet,26,ok
Rajasthan,Jhunjhunu,Winter,17.679,29.38,0.907,0.027,Normal,prophet,prophet,26,ok
Rajasthan,Jodhpur,Autumn,26.955,198.16,-0.042,0.082,Normal,prophet,prophet,26,ok
Rajasthan,Jodhpur,Kharif,29.881,439.94,-0.763,0.633,Normal,prophet,prophet,26,ok
Rajasthan,Jodhpur,Rabi,21.963,33.33,0.955,0.126,Normal,prophet,prophet,26,ok
Rajasthan,Jodhpur,Summer,31.861,110.86,0.331,0.115,Normal,prophet,prophet,27,ok
Rajasthan,Jodhpur,Whole Year,26.673,503.72,0.25,0.636,Normal,prophet,prophet,26,ok
Rajasthan,Jodhpur,Winter,19.536,13.12,1.13,0.068,Hotter than normal,prophet,prophet,26,ok
Rajasthan,Karauli,Autumn,24.669,473.39,-0.883,0.644,Normal,prophet,prophet,26,ok
Rajasthan,Karauli,Kharif,28.446,924.85,-1.297,0.805,Cooler than normal,prophet,prophet,26,ok
Rajasthan,Karauli,Rabi,19.711,91.3,-0.521,0.514,Normal,prophet,prophet,26,ok
Rajasthan,Karauli,Summer,31.723,134.4,-0.142,0.254,Normal,prophet,prophet,27,ok
Rajasthan,Karauli,Whole Year,25.288,1025.31,-1.259,1.013,Cooler & Wetter than normal,prophet,prophet,26,ok
Rajasthan,Karauli,Winter,17.034,41.6,-0.673,0.54,Normal,prophet,prophet,26,ok
Rajasthan,Kota,Autumn,24.606,549.69,-0.274,0.255,Normal,prophet,prophet,26,ok
Rajasthan,Kota,Kharif,27.742,1031.63,-0.864,0.445,Normal,prophet,prophet,26,ok
Rajasthan,Kota,Rabi,20.469,87.52,-0.14,0.451,Normal,prophet,prophet,26,ok
Rajasthan,Kota,Summer,31.318,206.08,-0.137,0.571,Normal,prophet,prophet,27,ok
Rajasthan,Kota,Whole Year,25.39,1106.6,-0.482,0.492,Normal,prophet,prophet,26,ok
Rajasthan,Kota,Winter,17.89,33.87,-0.371,0.296,Normal,prophet,prophet,26,ok
Rajasthan,Nagaur,Autumn,26.493,216.66,-0.328,0.238,Normal,prophet,prophet,26,ok
Rajasthan,Nagaur,Kharif,29.649,488.9,-0.899,0.863,Normal,prophet,prophet,26,ok
Rajasthan,Nagaur,Rabi,21.216,44.52,0.804,0.14,Normal,prophet,prophet,26,ok
Rajasthan,Nagaur,Summer,31.432,135.7,0.263,0.17,Normal,prophet,prophet,27,ok
Rajasthan,Nagaur,Whole Year,26.143,571.6,-0.019,0.855,Normal,prophet,prophet,26,ok
Rajasthan,Nagaur,Winter,18.731,16.65,0.979,0.026,Normal,prophet,prophet,26,ok
Rajasthan,Pali,Autumn,26.154,335.64,-0.214,0.34,Normal,prophet,prophet,26,ok
Rajasthan,Pali,Kharif,28.855,616.09,-0.732,0.519,Normal,prophet,prophet,26,ok
Rajasthan,Pali,Rabi,22.583,40.46,0.84,0.268,Normal,prophet,prophet,26,ok
Rajasthan,Pali,Summer,31.771,117.27,0.224,0.08,Normal,prophet,prophet,27,ok
Rajasthan,Pali,Whole Year,26.539,679.0,-0.125,0.592,Normal,prophet,prophet,26,ok
Rajasthan,Pali,Winter,20.462,16.68,0.916,0.221,Normal,prophet,prophet,26,ok
Rajasthan,Pratapgarh,Autumn,24.386,558.14,-1.065,0.411,Cooler than normal,prophet,prophet,26,ok
Rajasthan,Pratapgarh,Kharif,27.268,940.41,-0.953,0.514,Normal,prophet,prophet,26,ok
Rajasthan,Pratapgarh,Rabi,22.073,83.4,0.096,0.413,Normal,prophet,prophet,26,ok
Rajasthan,Pratapgarh,Summer,31.489,181.91,0.048,0.437,Normal,prophet,prophet,27,ok
Rajasthan,Pratapgarh,Whole Year,25.806,1025.75,-0.504,0.669,Normal,prophet,prophet,26,ok
Rajasthan,Pratapgarh,Winter,19.842,24.83,-0.23,0.236,Normal,prophet,prophet,26,ok
Rajasthan,Rajsamand,Autumn,24.724,367.71,-0.32,0.346,Normal,prophet,prophet,26,ok
Rajasthan,Rajsamand,Kharif,27.518,681.45,-0.76,0.603,Normal,prophet,prophet,26,ok
Rajasthan,Rajsamand,Rabi,21.166,55.97,0.534,0.29,Normal,prophet,prophet,26,ok
Rajasthan,Rajsamand,Summer,30.64,142.11,0.289,0.23,Normal,prophet,prophet,27,ok
Rajasthan,Rajsamand,Whole Year,25.249,749.63,-0.148,0.682,Normal,prophet,prophet,26,ok
Rajasthan,Rajsamand,Winter,19.02,21.12,0.528,0.21,Normal,prophet,prophet,26,ok
Rajasthan,Sawai Madhopur,Autumn,24.759,528.52,-0.619,0.544,Normal,prophet,prophet,26,ok
Rajasthan,Sawai Madhopur,Kharif,28.446,1012.18,-1.046,0.61,Cooler than normal,prophet,prophet,26,ok
Rajasthan,Sawai Madhopur,Rabi,19.88,90.44,-0.434,0.413,Normal,prophet,prophet,26,ok
Rajasthan,Sawai Madhopur,Summer,31.834,150.06,-0.192,0.224,Normal,prophet,prophet,27,ok
Rajasthan,Sawai Madhopur,Whole Year,25.417,1115.28,-1.091,0.784,Cooler than normal,prophet,prophet,26,ok
Rajasthan,Sawai Madhopur,Winter,17.104,36.95,-0.663,0.345,Normal,prophet,prophet,26,ok
Rajasthan,Sikar,Autumn,25.617,280.88,-0.875,0.421,Normal,prophet,prophet,26,ok
Rajasthan,Sikar,Kharif,28.918,668.32,-1.499,0.967,Cooler than normal,prophet,prophet,26,ok
Rajasthan,Sikar,Rabi,20.108,72.65,0.438,0.18,Normal,prophet,prophet,26,ok
Rajasthan,Sikar,Summer,30.596,166.87,0.148,0.188,Normal,prophet,prophet,27,ok
Rajasthan,Sikar,Whole Year,25.295,830.56,-0.519,1.38,Wetter than normal,prophet,prophet,26,ok
Rajasthan,Sikar,Winter,17.603,24.34,0.554,0.1,Normal,prophet,prophet,26,ok
Rajasthan,Sirohi,Autumn,24.789,454.1,-0.522,0.415,Normal,prophet,prophet,26,ok
Rajasthan,Sirohi,Kharif,27.405,790.35,-0.813,0.55,Normal,prophet,prophet,26,ok
Rajasthan,Sirohi,Rabi,21.923,49.49,0.595,0.405,Normal,prophet,prophet,26,ok
Rajasthan,Sirohi,Summer,30.714,129.4,0.21,0.124,Normal,prophet,prophet,27,ok
Rajasthan,Sirohi,Whole Year,25.566,848.9,-0.178,0.601,Normal,prophet,prophet,26,ok
Rajasthan,Sirohi,Winter,19.962,18.84,0.635,0.226,Normal,prophet,prophet,26,ok
Rajasthan,Sri Ganganagar,Autumn,28.228,172.55,-0.646,0.312,Normal,prophet,prophet,26,ok
Rajasthan,Sri Ganganagar,Kharif,32.143,401.31,-0.971,1.116,Wetter than normal,prophet,prophet,26,ok
Rajasthan,Sri Ganganagar,Rabi,21.159,86.41,1.139,0.065,Hotter than normal,prophet,prophet,26,ok
Rajasthan,Sri Ganganagar,Summer,32.242,114.06,0.693,0.144,Normal,prophet,prophet,27,ok
Rajasthan,Sri Ganganagar,Whole Year,27.065,472.74,0.212,0.522,Normal,prophet,prophet,26,ok
Rajasthan,Sri Ganganagar,Winter,18.383,54.59,1.27,0.014,Hotter than normal,prophet,prophet,26,ok
Rajasthan,Tonk,Autumn,24.865,516.25,-0.432,0.503,Normal,prophet,prophet,26,ok
Rajasthan,Tonk,Kharif,28.279,1006.1,-1.014,0.719,Cooler than normal,prophet,prophet,26,ok
Rajasthan,Tonk,Rabi,20.093,84.16,-0.247,0.366,Normal,prophet,prophet,26,ok
Rajasthan,Tonk,Summer,31.641,180.68,-0.014,0.422,Normal,prophet,prophet,27,ok
Rajasthan,Tonk,Whole Year,25.494,1125.99,-0.62,0.97,Normal,prophet,prophet,26,ok
Rajasthan,Tonk,Winter,17.403,33.83,-0.447,0.299,Normal,prophet,prophet,26,ok
Rajasthan,Udaipur,Autumn,23.375,510.51,-0.864,0.393,Normal,prophet,prophet,26,ok
Rajasthan,Udaipur,Kharif,26.143,875.42,-0.918,0.585,Normal,prophet,prophet,26,ok
Rajasthan,Udaipur,Rabi,20.707,81.67,0.226,0.676,Normal,prophet,prophet,26,ok
Rajasthan,Udaipur,Summer,29.982,163.97,0.171,0.381,Normal,prophet,prophet,27,ok
Rajasthan,Udaipur,Whole Year,24.5,940.05,-0.315,0.626,Normal,prophet,prophet,26,ok
Rajasthan,Udaipur,Winter,18.646,24.11,0.104,0.202,Normal,prophet,prophet,26,ok
Sikkim,East Sikkim,Autumn,8.511,792.34,1.116,1.387,Hotter & Wetter than normal,prophet,prophet,26,ok
Sikkim,East Sikkim,Kharif,10.776,1654.71,1.511,1.111,Hotter & Wetter than normal,prophet,prophet,26,ok
Sikkim,East Sikkim,Rabi,1.45,256.44,0.165,1.069,Wetter than normal,prophet,prophet,26,ok
Sikkim,East Sikkim,Summer,6.671,856.46,0.632,1.309,Wetter than normal,prophet,prophet,27,ok
Sikkim,East Sikkim,Whole Year,5.929,2097.65,1.371,1.403,Hotter & Wetter than normal,prophet,prophet,26,ok
Sikkim,East Sikkim,Winter,-0.034,38.44,0.094,0.17,Normal,prophet,prophet,26,ok
Sikkim,North Sikkim,Autumn,10.41,829.78,1.152,1.534,Hotter & Wetter than normal,prophet,prophet,26,ok
Sikkim,North Sikkim,Kharif,12.706,1684.13,1.598,1.171,Hotter & Wetter than normal,prophet,prophet,26,ok
Sikkim,North Sikkim,Rabi,3.955,275.75,0.54,1.115,Wetter than normal,prophet,prophet,26,ok
Sikkim,North Sikkim,Summer,8.607,951.35,0.533,1.486,Wetter than normal,prophet,prophet,27,ok
Sikkim,North Sikkim,Whole Year,8.081,2102.96,1.633,1.293,Hotter & Wetter than normal,prophet,prophet,26,ok
Sikkim,North Sikkim,Winter,2.266,41.51,0.123,0.194,Normal,prophet,prophet,26,ok
Sikkim,South Sikkim,Autumn,10.41,829.78,1.152,1.534,Hotter & Wetter than normal,prophet,prophet,26,ok
Sikkim,South Sikkim,Kharif,12.706,1684.13,1.598,1.171,Hotter & Wetter than normal,prophet,prophet,26,ok
Sikkim,South Sikkim,Rabi,3.955,275.75,0.54,1.115,Wetter than normal,prophet,prophet,26,ok
Sikkim,South Sikkim,Summer,8.607,951.35,0.533,1.486,Wetter than normal,prophet,prophet,27,ok
Sikkim,South Sikkim,Whole Year,8.081,2102.96,1.633,1.293,Hotter & Wetter than normal,prophet,prophet,26,ok
Sikkim,South Sikkim,Winter,2.266,41.51,0.123,0.194,Normal,prophet,prophet,26,ok
Sikkim,West Sikkim,Autumn,19.909,1032.67,0.559,1.079,Wetter than normal,prophet,prophet,26,ok
Sikkim,West Sikkim,Kharif,21.924,2093.73,1.089,0.807,Hotter than normal,prophet,prophet,26,ok
Sikkim,West Sikkim,Rabi,14.918,289.49,0.137,0.761,Normal,prophet,prophet,26,ok
Sikkim,West Sikkim,Summer,20.298,1024.73,-0.001,1.015,Wetter than normal,prophet,prophet,27,ok
Sikkim,West Sikkim,Whole Year,18.469,2577.14,0.191,0.922,Normal,prophet,prophet,26,ok
Sikkim,West Sikkim,Winter,13.208,34.24,-0.027,0.06,Normal,prophet,prophet,26,ok
Tamil Nadu,Ariyalur,Autumn,28.32,724.59,0.554,0.249,Normal,prophet,prophet,26,ok
Tamil Nadu,Ariyalur,Kharif,29.427,535.01,0.196,0.105,Normal,prophet,prophet,26,ok
Tamil Nadu,Ariyalur,Rabi,26.058,738.87,-0.306,0.349,Normal,prophet,prophet,26,ok
Tamil Nadu,Ariyalur,Summer,29.784,295.16,-1.059,1.149,Cooler & Wetter than normal,prophet,prophet,27,ok
Tamil Nadu,Ariyalur,Whole Year,28.077,1199.01,-0.463,0.326,Normal,prophet,prophet,26,ok
Tamil Nadu,Ariyalur,Winter,25.023,540.02,-0.349,0.359,Normal,prophet,prophet,26,ok
Tamil Nadu,Chengalpattu,Autumn,28.091,864.72,0.628,0.235,Normal,prophet,prophet,26,ok
Tamil Nadu,Chengalpattu,Kharif,29.076,744.85,0.443,0.293,Normal,prophet,prophet,26,ok
Tamil Nadu,Chengalpattu,Rabi,26.264,766.02,-0.151,0.24,Normal,prophet,prophet,26,ok
Tamil Nadu,Chengalpattu,Summer,29.738,221.35,-0.445,0.487,Normal,prophet,prophet,27,ok
Tamil Nadu,Chengalpattu,Whole Year,27.99,1408.93,-0.183,0.326,Normal,prophet,prophet,26,ok
Tamil Nadu,Chengalpattu,Winter,25.406,588.68,-0.293,0.359,Normal,prophet,prophet,26,ok
Tamil Nadu,Chennai,Autumn,27.856,872.41,0.39,0.237,Normal,prophet,prophet,26,ok
Tamil Nadu,Chennai,Kharif,28.913,815.47,0.12,0.536,Normal,prophet,prophet,26,ok
Tamil Nadu,Chennai,Rabi,25.958,781.62,-0.454,0.259,Normal,prophet,prophet,26,ok
Tamil Nadu,Chennai,Summer,29.95,225.53,-0.62,0.545,Normal,prophet,prophet,27,ok
Tamil Nadu,Chennai,Whole Year,27.852,1469.7,-0.536,0.424,Normal,prophet,prophet,26,ok
Tamil Nadu,Chennai,Winter,25.024,616.12,-0.456,0.411,Normal,prophet,prophet,26,ok
Tamil Nadu,Coimbatore,Autumn,24.245,647.29,1.041,0.094,Hotter than normal,prophet,prophet,26,ok
Tamil Nadu,Coimbatore,Kharif,24.468,828.46,0.858,0.062,Normal,prophet,prophet,26,ok
Tamil Nadu,Coimbatore,Rabi,23.851,504.96,-0.366,0.527,Normal,prophet,prophet,26,ok
Tamil Nadu,Coimbatore,Summer,26.937,501.35,-0.004,0.949,Normal,prophet,prophet,27,ok
Tamil Nadu,Coimbatore,Whole Year,24.627,1408.79,-0.263,0.585,Normal,prophet,prophet,26,ok
Tamil Nadu,Coimbatore,Winter,22.751,250.72,-0.787,0.318,Normal,prophet,prophet,26,ok
Tamil Nadu,Cuddalore,Autumn,28.148,741.51,0.551,0.244,Normal,prophet,prophet,26,ok
Tamil Nadu,Cuddalore,Kharif,29.312,574.72,0.238,0.155,Normal,prophet,prophet,26,ok
Tamil Nadu,Cuddalore,Rabi,26.005,700.41,-0.19,0.28,Normal,prophet,prophet,26,ok
Tamil Nadu,Cuddalore,Summer,29.738,275.27,-1.128,1.034,Cooler & Wetter than normal,prophet,prophet,27,ok
Tamil Nadu,Cuddalore,Whole Year,28.022,1192.94,-0.411,0.28,Normal,prophet,prophet,26,ok
Tamil Nadu,Cuddalore,Winter,25.021,510.65,-0.146,0.318,Normal,prophet,prophet,26,ok
Tamil Nadu,Dharmapuri,Autumn,25.547,499.1,0.429,0.026,Normal,prophet,prophet,26,ok
Tamil Nadu,Dharmapuri,Kharif,26.335,598.69,0.257,0.172,Normal,prophet,prophet,26,ok
Tamil Nadu,Dharmapuri,Rabi,24.447,309.04,-0.185,-0.018,Normal,prophet,prophet,26,ok
Tamil Nadu,Dharmapuri,Summer,28.323,332.85,-0.571,0.606,Normal,prophet,prophet,27,ok
Tamil Nadu,Dharmapuri,Whole Year,25.894,973.68,-0.396,0.231,Normal,prophet,prophet,26,ok
Tamil Nadu,Dharmapuri,Winter,23.425,143.78,-0.15,-0.014,Normal,prophet,prophet,26,ok
Tamil Nadu,Dindigul,Autumn,27.149,556.9,0.569,0.256,Normal,prophet,prophet,26,ok
Tamil Nadu,Dindigul,Kharif,28.05,558.84,0.423,0.434,Normal,prophet,prophet,26,ok
Tamil Nadu,Dindigul,Rabi,25.408,501.45,-0.486,0.463,Normal,prophet,prophet,26,ok
Tamil Nadu,Dindigul,Summer,29.24,264.77,-0.563,0.675,Normal,prophet,prophet,27,ok
Tamil Nadu,Dindigul,Whole Year,27.033,1034.31,-0.608,0.623,Normal,prophet,prophet,26,ok
Tamil Nadu,Dindigul,Winter,24.223,258.42,-0.679,0.127,Normal,prophet,prophet,26,ok
Tamil Nadu,Erode,Autumn,26.089,496.58,0.592,0.163,Normal,prophet,prophet,26,ok
Tamil Nadu,Erode,Kharif,26.842,558.1,0.599,0.366,Normal,prophet,prophet,26,ok
Tamil Nadu,Erode,Rabi,24.97,389.91,-0.403,0.395,Normal,prophet,prophet,26,ok
Tamil Nadu,Erode,Summer,28.623,286.99,-0.562,0.558,Normal,prophet,prophet,27,ok
Tamil Nadu,Erode,Whole Year,26.335,973.92,-0.461,0.534,Normal,prophet,prophet,26,ok
Tamil Nadu,Erode,Winter,23.992,190.59,-0.395,0.206,Normal,prophet,prophet,26,ok
Tamil Nadu,Kallakurichi,Autumn,25.865,613.78,0.273,0.18,Normal,prophet,prophet,26,ok
Tamil Nadu,Kallakurichi,Kharif,26.977,649.69,0.064,0.363,Normal,prophet,prophet,26,ok
Tamil Nadu,Kallakurichi,Rabi,24.288,434.68,-0.234,0.139,Normal,prophet,prophet,26,ok
Tamil Nadu,Kallakurichi,Summer,28.562,289.71,-0.792,0.806,Normal,prophet,prophet,27,ok
Tamil Nadu,Kallakurichi,Whole Year,26.099,1102.35,-0.59,0.412,Normal,prophet,prophet,26,ok
Tamil Nadu,Kallakurichi,Winter,23.217,275.52,-0.177,0.258,Normal,prophet,prophet,26,ok
Tamil Nadu,Kanchipuram,Autumn,27.856,872.41,0.39,0.237,Normal,prophet,prophet,26,ok
Tamil Nadu,Kanchipuram,Kharif,28.913,815.47,0.12,0.536,Normal,prophet,prophet,26,ok
Tamil Nadu,Kanchipuram,Rabi,25.958,781.62,-0.454,0.259,Normal,prophet,prophet,26,ok
Tamil Nadu,Kanchipuram,Summer,29.95,225.53,-0.62,0.545,Normal,prophet,prophet,27,ok
Tamil Nadu,Kanchipuram,Whole Year,27.852,1469.7,-0.536,0.424,Normal,prophet,prophet,26,ok
Tamil Nadu,Kanchipuram,Winter,25.024,616.12,-0.456,0.411,Normal,prophet,prophet,26,ok
Tamil Nadu,Kanniyakumari,Autumn,25.99,586.05,0.923,-0.035,Normal,prophet,prophet,26,ok
Tamil Nadu,Kanniyakumari,Kharif,26.305,478.22,0.95,-0.161,Normal,prophet,prophet,26,ok
Tamil Nadu,Kanniyakumari,Rabi,25.532,653.79,-0.084,0.132,Normal,prophet,prophet,26,ok
Tamil Nadu,Kanniyakumari,Summer,27.983,299.28,0.002,-0.011,Normal,prophet,prophet,27,ok
Tamil Nadu,Kanniyakumari,Whole Year,26.152,1163.36,-0.212,0.135,Normal,prophet,prophet,26,ok
Tamil Nadu,Kanniyakumari,Winter,24.613,463.11,-0.427,0.284,Normal,prophet,prophet,26,ok
Tamil Nadu,Karur,Autumn,27.398,471.05,0.636,0.099,Normal,prophet,prophet,26,ok
Tamil Nadu,Karur,Kharif,28.254,477.79,0.576,0.215,Normal,prophet,prophet,26,ok
Tamil Nadu,Karur,Rabi,25.803,424.88,-0.426,0.428,Normal,prophet,prophet,26,ok
Tamil Nadu,Karur,Summer,29.546,275.61,-0.616,0.942,Normal,prophet,prophet,27,ok
Tamil Nadu,Karur,Whole Year,27.367,894.31,-0.497,0.443,Normal,prophet,prophet,26,ok
Tamil Nadu,Karur,Winter,24.659,214.14,-0.587,0.074,Normal,prophet,prophet,26,ok
Tamil Nadu,Krishnagiri,Autumn,24.337,541.67,0.32,0.006,Normal,prophet,prophet,26,ok
Tamil Nadu,Krishnagiri,Kharif,25.081,712.33,0.188,0.221,Normal,prophet,prophet,26,ok
Tamil Nadu,Krishnagiri,Rabi,23.641,284.48,0.022,-0.046,Normal,prophet,prophet,26,ok
Tamil Nadu,Krishnagiri,Summer,27.428,369.98,-0.461,0.795,Normal,prophet,prophet,27,ok
Tamil Nadu,Krishnagiri,Whole Year,24.921,1082.28,-0.254,0.28,Normal,prophet,prophet,26,ok
Tamil Nadu,Krishnagiri,Winter,22.664,118.82,0.083,0.025,Normal,prophet,prophet,26,ok
Tamil Nadu,Madurai,Autumn,27.308,635.21,0.573,0.293,Normal,prophet,prophet,26,ok
Tamil Nadu,Madurai,Kharif,28.267,625.78,0.435,0.498,Normal,prophet,prophet,26,ok
Tamil Nadu,Madurai,Rabi,25.496,592.4,-0.465,0.484,Normal,prophet,prophet,26,ok
Tamil Nadu,Madurai,Summer,29.171,291.27,-0.556,0.644,Normal,prophet,prophet,27,ok
Tamil Nadu,Madurai,Whole Year,27.128,1185.2,-0.574,0.68,Normal,prophet,prophet,26,ok
Tamil Nadu,Madurai,Winter,24.334,310.47,-0.648,0.134,Normal,prophet,prophet,26,ok
Tamil Nadu,Nagapattinam,Autumn,28.779,803.24,0.924,0.332,Normal,prophet,prophet,26,ok
Tamil Nadu,Nagapattinam,Kharif,29.462,598.28,0.874,0.248,Normal,prophet,prophet,26,ok
Tamil Nadu,Nagapattinam,Rabi,27.124,854.48,-0.138,0.459,Normal,prophet,prophet,26,ok
Tamil Nadu,Nagapattinam,Summer,29.541,283.1,-0.086,0.517,Normal,prophet,prophet,27,ok
Tamil Nadu,Nagapattinam,Whole Year,28.539,1427.44,0.45,0.592,Normal,prophet,prophet,26,ok
Tamil Nadu,Nagapattinam,Winter,26.487,633.65,-0.341,0.534,Normal,prophet,prophet,26,ok
Tamil Nadu,Namakkal,Autumn,26.871,462.41,0.589,0.049,Normal,prophet,prophet,26,ok
Tamil Nadu,Namakkal,Kharif,27.737,496.26,0.526,0.09,Normal,prophet,prophet,26,ok
Tamil Nadu,Namakkal,Rabi,25.424,370.07,-0.302,0.286,Normal,prophet,prophet,26,ok
Tamil Nadu,Namakkal,Summer,29.203,293.01,-0.627,0.655,Normal,prophet,prophet,27,ok
Tamil Nadu,Namakkal,Whole Year,26.981,889.61,-0.387,0.289,Normal,prophet,prophet,26,ok
Tamil Nadu,Namakkal,Winter,24.336,175.63,-0.379,-0.0,Normal,prophet,prophet,26,ok
Tamil Nadu,Nilgiris,Autumn,23.338,518.75,0.963,0.063,Normal,prophet,prophet,26,ok
Tamil Nadu,Nilgiris,Kharif,23.551,605.96,0.727,-0.088,Normal,prophet,prophet,26,ok
Tamil Nadu,Nilgiris,Rabi,22.752,424.23,-0.137,0.468,Normal,prophet,prophet,26,ok
Tamil Nadu,Nilgiris,Summer,25.884,412.84,-0.007,0.932,Normal,prophet,prophet,27,ok
Tamil Nadu,Nilgiris,Whole Year,23.577,1097.13,-0.25,0.343,Normal,prophet,prophet,26,ok
Tamil Nadu,Nilgiris,Winter,21.737,217.6,-0.41,0.318,Normal,prophet,prophet,26,ok
Tamil Nadu,Perambalur,Autumn,26.645,588.59,0.528,0.191,Normal,prophet,prophet,26,ok
Tamil Nadu,Perambalur,Kharif,27.754,570.94,0.408,0.276,Normal,prophet,prophet,26,ok
Tamil Nadu,Perambalur,Rabi,24.819,464.28,-0.25,0.162,Normal,prophet,prophet,26,ok
Tamil Nadu,Perambalur,Summer,28.887,288.07,-0.839,0.999,Normal,prophet,prophet,27,ok
Tamil Nadu,Perambalur,Whole Year,26.681,1033.89,-0.476,0.378,Normal,prophet,prophet,26,ok
Tamil Nadu,Perambalur,Winter,23.732,298.95,-0.25,0.226,Normal,prophet,prophet,26,ok
Tamil Nadu,Pudukkottai,Autumn,27.974,575.19,0.361,0.183,Normal,prophet,prophet,26,ok
Tamil Nadu,Pudukkottai,Kharif,29.066,519.55,0.113,0.397,Normal,prophet,prophet,26,ok
Tamil Nadu,Pudukkottai,Rabi,25.91,599.27,-0.508,0.54,Normal,prophet,prophet,26,ok
Tamil Nadu,Pudukkottai,Summer,29.728,285.76,-0.877,1.148,Wetter than normal,prophet,prophet,27,ok
Tamil Nadu,Pudukkottai,Whole Year,27.795,1098.99,-0.661,0.716,Normal,prophet,prophet,26,ok
Tamil Nadu,Pudukkottai,Winter,24.741,369.84,-0.665,0.265,Normal,prophet,prophet,26,ok
Tamil Nadu,Ramanathapuram,Autumn,28.734,618.31,0.529,0.295,Normal,prophet,prophet,26,ok
Tamil Nadu,Ramanathapuram,Kharif,29.692,427.5,0.622,0.271,Normal,prophet,prophet,26,ok
Tamil Nadu,Ramanathapuram,Rabi,26.78,810.52,-0.638,0.74,Normal,prophet,prophet,26,ok
Tamil Nadu,Ramanathapuram,Summer,29.832,279.58,-0.624,1.062,Wetter than normal,prophet,prophet,27,ok
Tamil Nadu,Ramanathapuram,Whole Year,28.409,1195.18,-0.461,0.834,Normal,prophet,prophet,26,ok
Tamil Nadu,Ramanathapuram,Winter,25.758,525.72,-0.935,0.442,Normal,prophet,prophet,26,ok
Tamil Nadu,Ranipet,Autumn,26.393,732.01,-0.051,0.278,Normal,prophet,prophet,26,ok
Tamil Nadu,Ranipet,Kharif,27.735,768.73,-0.293,0.575,Normal,prophet,prophet,26,ok
Tamil Nadu,Ranipet,Rabi,24.447,572.04,-0.598,0.263,Normal,prophet,prophet,26,ok
Tamil Nadu,Ranipet,Summer,29.509,249.44,-0.914,0.709,Normal,prophet,prophet,27,ok
Tamil Nadu,Ranipet,Whole Year,26.73,1256.13,-0.748,0.441,Normal,prophet,prophet,26,ok
Tamil Nadu,Ranipet,Winter,23.251,426.15,-0.546,0.416,Normal,prophet,prophet,26,ok
Tamil Nadu,Salem,Autumn,26.871,462.41,0.589,0.049,Normal,prophet,prophet,26,ok
Tamil Nadu,Salem,Kharif,27.737,496.26,0.526,0.09,Normal,prophet,prophet,26,ok
Tamil Nadu,Salem,Rabi,25.424,370.07,-0.302,0.286,Normal,prophet,prophet,26,ok
Tamil Nadu,Salem,Summer,29.203,293.01,-0.627,0.655,Normal,prophet,prophet,27,ok
Tamil Nadu,Salem,Whole Year,26.981,889.61,-0.387,0.289,Normal,prophet,prophet,26,ok
Tamil Nadu,Salem,Winter,24.336,175.63,-0.379,-0.0,Normal,prophet,prophet,26,ok
Tamil Nadu,Sivaganga,Autumn,28.266,641.53,0.276,0.378,Normal,prophet,prophet,26,ok
Tamil Nadu,Sivaganga,Kharif,29.378,508.01,0.1,0.404,Normal,prophet,prophet,26,ok
Tamil Nadu,Sivaganga,Rabi,26.138,739.53,-0.651,0.749,Normal,prophet,prophet,26,ok
Tamil Nadu,Sivaganga,Summer,29.71,294.71,-0.833,1.105,Wetter than normal,prophet,prophet,27,ok
Tamil Nadu,Sivaganga,Whole Year,28.002,1211.63,-0.687,0.859,Normal,prophet,prophet,26,ok
Tamil Nadu,Sivaganga,Winter,25.009,441.44,-0.826,0.283,Normal,prophet,prophet,26,ok
Tamil Nadu,Tenkasi,Autumn,25.982,589.22,0.992,-0.122,Normal,prophet,prophet,26,ok
Tamil Nadu,Tenkasi,Kharif,26.375,512.75,1.052,-0.285,Hotter than normal,prophet,prophet,26,ok
Tamil Nadu,Tenkasi,Rabi,25.49,617.36,-0.131,0.033,Normal,prophet,prophet,26,ok
Tamil Nadu,Tenkasi,Summer,28.182,321.88,-0.095,0.169,Normal,prophet,prophet,27,ok
Tamil Nadu,Tenkasi,Whole Year,26.188,1183.64,-0.243,0.079,Normal,prophet,prophet,26,ok
Tamil Nadu,Tenkasi,Winter,24.506,436.79,-0.358,0.23,Normal,prophet,prophet,26,ok
Tamil Nadu,Thanjavur,Autumn,28.584,722.21,0.543,0.254,Normal,prophet,prophet,26,ok
Tamil Nadu,Thanjavur,Kharif,29.614,537.47,0.213,0.208,Normal,prophet,prophet,26,ok
Tamil Nadu,Thanjavur,Rabi,26.35,788.05,-0.471,0.408,Normal,prophet,prophet,26,ok
Tamil Nadu,Thanjavur,Summer,29.912,305.61,-0.768,1.145,Wetter than normal,prophet,prophet,27,ok
Tamil Nadu,Thanjavur,Whole Year,28.268,1318.31,-0.439,0.657,Normal,prophet,prophet,26,ok
Tamil Nadu,Thanjavur,Winter,25.335,573.79,-0.586,0.395,Normal,prophet,prophet,26,ok
Tamil Nadu,Theni,Autumn,23.647,693.87,0.814,0.27,Normal,prophet,prophet,26,ok
Tamil Nadu,Theni,Kharif,24.167,736.31,0.628,0.345,Normal,prophet,prophet,26,ok
Tamil Nadu,Theni,Rabi,22.605,589.85,-0.359,0.377,Normal,prophet,prophet,26,ok
Tamil Nadu,Theni,Summer,25.887,348.4,-0.267,0.408,Normal,prophet,prophet,27,ok
Tamil Nadu,Theni,Whole Year,23.7,1340.1,-0.521,0.609,Normal,prophet,prophet,26,ok
Tamil Nadu,Theni,Winter,21.566,311.82,-0.615,0.232,Normal,prophet,prophet,26,ok
Tamil Nadu,Thoothukudi,Autumn,28.551,545.52,1.088,-0.009,Hotter than normal,prophet,prophet,26,ok
Tamil Nadu,Thoothukudi,Kharif,29.219,369.72,1.072,-0.063,Hotter than normal,prophet,prophet,26,ok
Tamil Nadu,Thoothukudi,Rabi,27.031,686.64,-0.202,0.199,Normal,prophet,prophet,26,ok
Tamil Nadu,Thoothukudi,Summer,29.732,237.72,-0.464,0.584,Normal,prophet,prophet,27,ok
Tamil Nadu,Thoothukudi,Whole Year,28.237,1062.71,-0.331,0.353,Normal,prophet,prophet,26,ok
Tamil Nadu,Thoothukudi,Winter,26.07,491.18,-0.452,0.24,Normal,prophet,prophet,26,ok
Tamil Nadu,Tiruchirappalli,Autumn,27.529,566.0,0.556,0.198,Normal,prophet,prophet,26,ok
Tamil Nadu,Tiruchirappalli,Kharif,28.609,523.56,0.422,0.307,Normal,prophet,prophet,26,ok
Tamil Nadu,Tiruchirappalli,Rabi,25.552,492.66,-0.345,0.214,Normal,prophet,prophet,26,ok
Tamil Nadu,Tiruchirappalli,Summer,29.456,282.47,-0.9,1.11,Wetter than normal,prophet,prophet,27,ok
Tamil Nadu,Tiruchirappalli,Whole Year,27.404,1013.09,-0.556,0.485,Normal,prophet,prophet,26,ok
Tamil Nadu,Tiruchirappalli,Winter,24.402,322.7,-0.449,0.232,Normal,prophet,prophet,26,ok
Tamil Nadu,Tirunelveli,Autumn,25.99,586.05,0.923,-0.035,Normal,prophet,prophet,26,ok
Tamil Nadu,Tirunelveli,Kharif,26.305,478.22,0.95,-0.161,Normal,prophet,prophet,26,ok
Tamil Nadu,Tirunelveli,Rabi,25.532,653.79,-0.084,0.132,Normal,prophet,prophet,26,ok
Tamil Nadu,Tirunelveli,Summer,27.983,299.28,0.002,-0.011,Normal,prophet,prophet,27,ok
Tamil Nadu,Tirunelveli,Whole Year,26.152,1163.36,-0.212,0.135,Normal,prophet,prophet,26,ok
Tamil Nadu,Tirunelveli,Winter,24.613,463.11,-0.427,0.284,Normal,prophet,prophet,26,ok
Tamil Nadu,Tirupathur,Autumn,25.415,622.64,0.048,0.248,Normal,prophet,prophet,26,ok
Tamil Nadu,Tirupathur,Kharif,26.535,709.15,-0.101,0.416,Normal,prophet,prophet,26,ok
Tamil Nadu,Tirupathur,Rabi,24.078,384.69,-0.22,0.124,Normal,prophet,prophet,26,ok
Tamil Nadu,Tirupathur,Summer,28.48,288.71,-0.795,0.687,Normal,prophet,prophet,27,ok
Tamil Nadu,Tirupathur,Whole Year,25.873,1107.99,-0.536,0.4,Normal,prophet,prophet,26,ok
Tamil Nadu,Tirupathur,Winter,22.967,239.71,-0.156,0.314,Normal,prophet,prophet,26,ok
Tamil Nadu,Tiruppur,Autumn,26.749,532.14,0.676,0.315,Normal,prophet,prophet,26,ok
Tamil Nadu,Tiruppur,Kharif,27.411,566.35,0.714,0.451,Normal,prophet,prophet,26,ok
Tamil Nadu,Tiruppur,Rabi,25.578,441.72,-0.492,0.493,Normal,prophet,prophet,26,ok
Tamil Nadu,Tiruppur,Summer,29.191,275.87,-0.518,0.664,Normal,prophet,prophet,27,ok
Tamil Nadu,Tiruppur,Whole Year,26.917,1006.47,-0.486,0.669,Normal,prophet,prophet,26,ok
Tamil Nadu,Tiruppur,Winter,24.478,220.55,-0.631,0.228,Normal,prophet,prophet,26,ok
Tamil Nadu,Tiruvallur,Autumn,27.856,872.41,0.39,0.237,Normal,prophet,prophet,26,ok
Tamil Nadu,Tiruvallur,Kharif,28.913,815.47,0.12,0.536,Normal,prophet,prophet,26,ok
Tamil Nadu,Tiruvallur,Rabi,25.958,781.62,-0.454,0.259,Normal,prophet,prophet,26,ok
Tamil Nadu,Tiruvallur,Summer,29.95,225.53,-0.62,0.545,Normal,prophet,prophet,27,ok
Tamil Nadu,Tiruvallur,Whole Year,27.852,1469.7,-0.536,0.424,Normal,prophet,prophet,26,ok
Tamil Nadu,Tiruvallur,Winter,25.024,616.12,-0.456,0.411,Normal,prophet,prophet,26,ok
Tamil Nadu,Tiruvannamalai,Autumn,25.415,622.64,0.048,0.248,Normal,prophet,prophet,26,ok
Tamil Nadu,Tiruvannamalai,Kharif,26.535,709.15,-0.101,0.416,Normal,prophet,prophet,26,ok
Tamil Nadu,Tiruvannamalai,Rabi,24.078,384.69,-0.22,0.124,Normal,prophet,prophet,26,ok
Tamil Nadu,Tiruvannamalai,Summer,28.48,288.71,-0.795,0.687,Normal,prophet,prophet,27,ok
Tamil Nadu,Tiruvannamalai,Whole Year,25.873,1107.99,-0.536,0.4,Normal,prophet,prophet,26,ok
Tamil Nadu,Tiruvannamalai,Winter,22.967,239.71,-0.156,0.314,Normal,prophet,prophet,26,ok
Tamil Nadu,Tiruvarur,Autumn,28.32,724.59,0.554,0.249,Normal,prophet,prophet,26,ok
Tamil Nadu,Tiruvarur,Kharif,29.427,535.01,0.196,0.105,Normal,prophet,prophet,26,ok
Tamil Nadu,Tiruvarur,Rabi,26.058,738.87,-0.306,0.349,Normal,prophet,prophet,26,ok
Tamil Nadu,Tiruvarur,Summer,29.784,295.16,-1.059,1.149,Cooler & Wetter than normal,prophet,prophet,27,ok
Tamil Nadu,Tiruvarur,Whole Year,28.077,1199.01,-0.463,0.326,Normal,prophet,prophet,26,ok
Tamil Nadu,Tiruvarur,Winter,25.023,540.02,-0.349,0.359,Normal,prophet,prophet,26,ok
Tamil Nadu,Tuticorin,Autumn,28.551,545.52,1.088,-0.009,Hotter than normal,prophet,prophet,26,ok
Tamil Nadu,Tuticorin,Kharif,29.219,369.72,1.072,-0.063,Hotter than normal,prophet,prophet,26,ok
Tamil Nadu,Tuticorin,Rabi,27.031,686.64,-0.202,0.199,Normal,prophet,prophet,26,ok
Tamil Nadu,Tuticorin,Summer,29.732,237.72,-0.464,0.584,Normal,prophet,prophet,27,ok
Tamil Nadu,Tuticorin,Whole Year,28.237,1062.71,-0.331,0.353,Normal,prophet,prophet,26,ok
Tamil Nadu,Tuticorin,Winter,26.07,491.18,-0.452,0.24,Normal,prophet,prophet,26,ok
Tamil Nadu,Vellore,Autumn,24.629,568.66,-0.083,0.132,Normal,prophet,prophet,26,ok
Tamil Nadu,Vellore,Kharif,25.798,694.61,-0.084,0.252,Normal,prophet,prophet,26,ok
Tamil Nadu,Vellore,Rabi,23.378,350.55,-0.235,0.147,Normal,prophet,prophet,26,ok
Tamil Nadu,Vellore,Summer,27.976,279.99,-0.684,0.539,Normal,prophet,prophet,27,ok
Tamil Nadu,Vellore,Whole Year,25.235,1056.35,-0.424,0.353,Normal,prophet,prophet,26,ok
Tamil Nadu,Vellore,Winter,22.236,214.55,-0.168,0.398,Normal,prophet,prophet,26,ok
Tamil Nadu,Viluppuram,Autumn,27.677,767.01,0.404,0.256,Normal,prophet,prophet,26,ok
Tamil Nadu,Viluppuram,Kharif,28.889,643.22,0.035,0.202,Normal,prophet,prophet,26,ok
Tamil Nadu,Viluppuram,Rabi,25.7,656.79,-0.165,0.231,Normal,prophet,prophet,26,ok
Tamil Nadu,Viluppuram,Summer,29.72,253.21,-1.027,0.878,Cooler than normal,prophet,prophet,27,ok
Tamil Nadu,Viluppuram,Whole Year,27.71,1223.31,-0.486,0.271,Normal,prophet,prophet,26,ok
Tamil Nadu,Viluppuram,Winter,24.677,478.0,-0.13,0.301,Normal,prophet,prophet,26,ok
Tamil Nadu,Virudhunagar,Autumn,28.129,610.11,0.759,0.126,Normal,prophet,prophet,26,ok
Tamil Nadu,Virudhunagar,Kharif,28.943,536.33,0.687,0.272,Normal,prophet,prophet,26,ok
Tamil Nadu,Virudhunagar,Rabi,26.522,641.61,-0.417,0.332,Normal,prophet,prophet,26,ok
Tamil Nadu,Virudhunagar,Summer,29.649,285.68,-0.601,0.627,Normal,prophet,prophet,27,ok
Tamil Nadu,Virudhunagar,Whole Year,27.923,1171.31,-0.468,0.553,Normal,prophet,prophet,26,ok
Tamil Nadu,Virudhunagar,Winter,25.399,386.61,-0.658,0.164,Normal,prophet,prophet,26,ok
Telangana,Adilabad,Autumn,24.092,538.48,-0.885,0.403,Normal,prophet,prophet,26,ok
Telangana,Adilabad,Kharif,26.804,1208.56,-0.157,0.873,Normal,prophet,prophet,26,ok
Telangana,Adilabad,Rabi,23.183,80.44,-0.674,-0.15,Normal,prophet,prophet,26,ok
Telangana,Adilabad,Summer,32.539,242.47,0.018,0.263,Normal,prophet,prophet,27,ok
Telangana,Adilabad,Whole Year,26.35,1371.57,-1.088,1.078,Cooler & Wetter than normal,prophet,prophet,26,ok
Telangana,Adilabad,Winter,21.132,24.72,-0.811,-0.008,Normal,prophet,prophet,26,ok
Telangana,Bhadradri Kothagudem,Autumn,25.795,597.99,0.208,0.025,Normal,prophet,prophet,26,ok
Telangana,Bhadradri Kothagudem,Kharif,27.554,1122.45,0.435,0.14,Normal,prophet,prophet,26,ok
Telangana,Bhadradri Kothagudem,Rabi,25.049,167.22,-0.094,-0.032,Normal,prophet,prophet,26,ok
Telangana,Bhadradri Kothagudem,Summer,31.826,285.41,0.131,0.371,Normal,prophet,prophet,27,ok
Telangana,Bhadradri Kothagudem,Whole Year,27.316,1320.02,-0.205,0.317,Normal,prophet,prophet,26,ok
Telangana,Bhadradri Kothagudem,Winter,23.542,60.03,-0.151,0.101,Normal,prophet,prophet,26,ok
Telangana,Hanamkonda,Autumn,24.535,566.82,-0.855,0.2,Normal,prophet,prophet,26,ok
Telangana,Hanamkonda,Kharif,26.9,1111.79,-0.124,0.717,Normal,prophet,prophet,26,ok
Telangana,Hanamkonda,Rabi,23.725,110.66,-0.61,-0.095,Normal,prophet,prophet,26,ok
Telangana,Hanamkonda,Summer,31.993,227.43,0.084,0.19,Normal,prophet,prophet,27,ok
Telangana,Hanamkonda,Whole Year,26.623,1260.16,-0.737,0.887,Normal,prophet,prophet,26,ok
Telangana,Hanamkonda,Winter,22.006,24.73,-0.624,-0.029,Normal,prophet,prophet,26,ok
Telangana,Hanumakonda,Autumn,24.535,566.82,-0.855,0.2,Normal,prophet,prophet,26,ok
Telangana,Hanumakonda,Kharif,26.9,1111.79,-0.124,0.717,Normal,prophet,prophet,26,ok
Telangana,Hanumakonda,Rabi,23.725,110.66,-0.61,-0.095,Normal,prophet,prophet,26,ok
Telangana,Hanumakonda,Summer,31.993,227.43,0.084,0.19,Normal,prophet,prophet,27,ok
Telangana,Hanumakonda,Whole Year,26.623,1260.16,-0.737,0.887,Normal,prophet,prophet,26,ok
Telangana,Hanumakonda,Winter,22.006,24.73,-0.624,-0.029,Normal,prophet,prophet,26,ok
Telangana,Jagtial,Autumn,24.133,550.16,-0.968,0.492,Normal,prophet,prophet,26,ok
Telangana,Jagtial,Kharif,26.619,1132.36,-0.374,0.815,Normal,prophet,prophet,26,ok
Telangana,Jagtial,Rabi,23.67,80.83,-0.606,-0.209,Normal,prophet,prophet,26,ok
Telangana,Jagtial,Summer,32.277,231.41,-0.082,0.257,Normal,prophet,prophet,27,ok
Telangana,Jagtial,Whole Year,26.482,1318.31,-1.067,1.166,Cooler & Wetter than normal,prophet,prophet,26,ok
Telangana,Jagtial,Winter,21.858,20.64,-0.672,-0.01,Normal,prophet,prophet,26,ok
Telangana,Jangaon,Autumn,24.844,538.12,-0.862,0.245,Normal,prophet,prophet,26,ok
Telangana,Jangaon,Kharif,27.134,982.55,-0.172,0.612,Normal,prophet,prophet,26,ok
Telangana,Jangaon,Rabi,24.106,119.42,-0.555,-0.073,Normal,prophet,prophet,26,ok
Telangana,Jangaon,Summer,31.82,210.59,0.014,0.199,Normal,prophet,prophet,27,ok
Telangana,Jangaon,Whole Year,26.84,1125.81,-0.702,0.756,Normal,prophet,prophet,26,ok
Telangana,Jangaon,Winter,22.523,30.52,-0.543,0.019,Normal,prophet,prophet,26,ok
Telangana,Jayashankar Bhupalpally,Autumn,25.445,646.23,-0.098,0.077,Normal,prophet,prophet,26,ok
Telangana,Jayashankar Bhupalpally,Kharif,27.507,1337.62,0.273,0.459,Normal,prophet,prophet,26,ok
Telangana,Jayashankar Bhupalpally,Rabi,24.83,114.69,-0.032,-0.097,Normal,prophet,prophet,26,ok
Telangana,Jayashankar Bhupalpally,Summer,32.792,286.57,0.226,0.336,Normal,prophet,prophet,27,ok
Telangana,Jayashankar Bhupalpally,Whole Year,27.44,1503.21,-0.195,0.678,Normal,prophet,prophet,26,ok
Telangana,Jayashankar Bhupalpally,Winter,23.174,27.4,-0.105,-0.055,Normal,prophet,prophet,26,ok
Telangana,Jogulamba Gadwal,Autumn,25.548,364.35,-0.228,-0.028,Normal,prophet,prophet,26,ok
Telangana,Jogulamba Gadwal,Kharif,26.93,545.9,-0.055,-0.091,Normal,prophet,prophet,26,ok
Telangana,Jogulamba Gadwal,Rabi,25.854,122.1,0.1,0.214,Normal,prophet,prophet,26,ok
Telangana,Jogulamba Gadwal,Summer,30.852,212.56,-0.867,0.717,Normal,prophet,prophet,27,ok
Telangana,Jogulamba Gadwal,Whole Year,27.247,705.01,-0.629,0.187,Normal,prophet,prophet,26,ok
Telangana,Jogulamba Gadwal,Winter,24.597,31.38,-0.051,0.225,Normal,prophet,prophet,26,ok
Telangana,Kamareddy,Autumn,23.726,620.33,-1.154,0.896,Cooler than normal,prophet,prophet,26,ok
Telangana,Kamareddy,Kharif,25.989,1097.25,-1.008,1.044,Cooler & Wetter than normal,prophet,prophet,26,ok
Telangana,Kamareddy,Rabi,23.7,82.49,-0.741,-0.252,Normal,prophet,prophet,26,ok
Telangana,Kamareddy,Summer,31.397,259.46,-0.403,0.773,Normal,prophet,prophet,27,ok
Telangana,Kamareddy,Whole Year,26.026,1323.63,-1.493,1.406,Cooler & Wetter than normal,prophet,prophet,26,ok
Telangana,Kamareddy,Winter,22.059,14.0,-0.822,-0.03,Normal,prophet,prophet,26,ok
Telangana,Karimnagar,Autumn,24.773,559.0,-0.842,0.08,Normal,prophet,prophet,26,ok
Telangana,Karimnagar,Kharif,27.201,1175.6,-0.085,0.655,Normal,prophet,prophet,26,ok
Telangana,Karimnagar,Rabi,24.206,104.42,-0.434,-0.111,Normal,prophet,prophet,26,ok
Telangana,Karimnagar,Summer,32.663,242.01,0.105,0.253,Normal,prophet,prophet,27,ok
Telangana,Karimnagar,Whole Year,27.052,1324.19,-0.674,0.848,Normal,prophet,prophet,26,ok
Telangana,Karimnagar,Winter,22.46,23.65,-0.475,-0.037,Normal,prophet,prophet,26,ok
Telangana,Khammam,Autumn,26.073,534.89,-0.388,0.14,Normal,prophet,prophet,26,ok
Telangana,Khammam,Kharif,28.149,940.14,0.282,0.423,Normal,prophet,prophet,26,ok
Telangana,Khammam,Rabi,25.265,160.93,-0.399,-0.012,Normal,prophet,prophet,26,ok
Telangana,Khammam,Summer,32.216,214.77,0.016,0.138,Normal,prophet,prophet,27,ok
Telangana,Khammam,Whole Year,27.737,1108.48,-0.486,0.589,Normal,prophet,prophet,26,ok
Telangana,Khammam,Winter,23.809,59.1,-0.394,0.105,Normal,prophet,prophet,26,ok
Telangana,Komaram Bheem Asifabad,Autumn,24.688,602.5,-0.536,0.248,Normal,prophet,prophet,26,ok
Telangana,Komaram Bheem Asifabad,Kharif,27.305,1326.99,0.208,0.653,Normal,prophet,prophet,26,ok
Telangana,Komaram Bheem Asifabad,Rabi,23.86,105.63,-0.126,-0.071,Normal,prophet,prophet,26,ok
Telangana,Komaram Bheem Asifabad,Summer,32.915,262.27,0.15,0.34,Normal,prophet,prophet,27,ok
Telangana,Komaram Bheem Asifabad,Whole Year,26.859,1506.58,-0.664,0.867,Normal,prophet,prophet,26,ok
Telangana,Komaram Bheem Asifabad,Winter,21.798,36.36,-0.455,-0.01,Normal,prophet,prophet,26,ok
Telangana,Mahabubabad,Autumn,25.428,557.85,-0.363,0.089,Normal,prophet,prophet,26,ok
Telangana,Mahabubabad,Kharif,27.553,1089.22,0.292,0.482,Normal,prophet,prophet,26,ok
Telangana,Mahabubabad,Rabi,24.594,133.46,-0.38,-0.059,Normal,prophet,prophet,26,ok
Telangana,Mahabubabad,Summer,32.022,235.74,0.137,0.132,Normal,prophet,prophet,27,ok
Telangana,Mahabubabad,Whole Year,27.241,1231.87,-0.342,0.564,Normal,prophet,prophet,26,ok
Telangana,Mahabubabad,Winter,23.047,40.7,-0.373,0.04,Normal,prophet,prophet,26,ok
Telangana,Mahabubnagar,Autumn,24.56,437.48,-0.491,0.189,Normal,prophet,prophet,26,ok
Telangana,Mahabubnagar,Kharif,26.162,687.48,-0.232,0.194,Normal,prophet,prophet,26,ok
Telangana,Mahabubnagar,Rabi,24.561,113.63,-0.3,0.007,Normal,prophet,prophet,26,ok
Telangana,Mahabubnagar,Summer,30.431,206.91,-0.694,0.653,Normal,prophet,prophet,27,ok
Telangana,Mahabubnagar,Whole Year,26.356,869.27,-0.861,0.562,Normal,prophet,prophet,26,ok
Telangana,Mahabubnagar,Winter,23.152,26.06,-0.441,0.143,Normal,prophet,prophet,26,ok
Telangana,Mancherial,Autumn,24.87,578.28,-0.649,0.161,Normal,prophet,prophet,26,ok
Telangana,Mancherial,Kharif,27.328,1228.3,0.047,0.537,Normal,prophet,prophet,26,ok
Telangana,Mancherial,Rabi,24.348,103.5,-0.146,-0.1,Normal,prophet,prophet,26,ok
Telangana,Mancherial,Summer,32.879,258.94,0.073,0.375,Normal,prophet,prophet,27,ok
Telangana,Mancherial,Whole Year,27.142,1388.7,-0.593,0.763,Normal,prophet,prophet,26,ok
Telangana,Mancherial,Winter,22.495,28.31,-0.335,-0.021,Normal,prophet,prophet,26,ok
Telangana,Medak,Autumn,23.309,629.02,-1.103,0.746,Cooler than normal,prophet,prophet,26,ok
Telangana,Medak,Kharif,25.469,1071.47,-1.013,1.01,Cooler & Wetter than normal,prophet,prophet,26,ok
Telangana,Medak,Rabi,23.096,94.89,-0.737,-0.255,Normal,prophet,prophet,26,ok
Telangana,Medak,Summer,30.676,259.16,-0.404,0.668,Normal,prophet,prophet,27,ok
Telangana,Medak,Whole Year,25.45,1296.93,-1.416,1.322,Cooler & Wetter than normal,prophet,prophet,26,ok
Telangana,Medak,Winter,21.425,14.43,-0.789,-0.037,Normal,prophet,prophet,26,ok
Telangana,Medchal Malkajgiri,Autumn,23.597,558.55,-0.881,0.435,Normal,prophet,prophet,26,ok
Telangana,Medchal Malkajgiri,Kharif,25.751,940.98,-0.456,0.683,Normal,prophet,prophet,26,ok
Telangana,Medchal Malkajgiri,Rabi,22.952,110.7,-0.602,-0.163,Normal,prophet,prophet,26,ok
Telangana,Medchal Malkajgiri,Summer,30.46,213.86,-0.258,0.375,Normal,prophet,prophet,27,ok
Telangana,Medchal Malkajgiri,Whole Year,25.521,1108.09,-0.985,0.9,Normal,prophet,prophet,26,ok
Telangana,Medchal Malkajgiri,Winter,21.333,22.8,-0.626,0.019,Normal,prophet,prophet,26,ok
Telangana,Mulugu,Autumn,25.339,719.9,0.222,0.086,Normal,prophet,prophet,26,ok
Telangana,Mulugu,Kharif,27.182,1425.96,0.451,0.288,Normal,prophet,prophet,26,ok
Telangana,Mulugu,Rabi,24.714,123.02,0.168,-0.141,Normal,prophet,prophet,26,ok
Telangana,Mulugu,Summer,32.064,321.76,0.27,0.214,Normal,prophet,prophet,27,ok
Telangana,Mulugu,Whole Year,27.088,1597.71,0.064,0.401,Normal,prophet,prophet,26,ok
Telangana,Mulugu,Winter,23.07,31.48,0.052,-0.06,Normal,prophet,prophet,26,ok
Telangana,Nagarkurnool,Autumn,24.66,457.47,-0.575,0.285,Normal,prophet,prophet,26,ok
Telangana,Nagarkurnool,Kharif,26.458,676.0,-0.231,0.196,Normal,prophet,prophet,26,ok
Telangana,Nagarkurnool,Rabi,24.056,149.05,-0.522,0.28,Normal,prophet,prophet,26,ok
Telangana,Nagarkurnool,Summer,30.546,169.16,-0.545,0.127,Normal,prophet,prophet,27,ok
Telangana,Nagarkurnool,Whole Year,26.3,840.21,-0.85,0.473,Normal,prophet,prophet,26,ok
Telangana,Nagarkurnool,Winter,22.624,39.65,-0.515,0.16,Normal,prophet,prophet,26,ok
Telangana,Nalgonda,Autumn,25.634,493.74,-0.668,0.251,Normal,prophet,prophet,26,ok
Telangana,Nalgonda,Kharif,27.746,820.97,-0.176,0.43,Normal,prophet,prophet,26,ok
Telangana,Nalgonda,Rabi,24.915,133.4,-0.472,-0.031,Normal,prophet,prophet,26,ok
Telangana,Nalgonda,Summer,32.075,189.7,-0.073,0.233,Normal,prophet,prophet,27,ok
Telangana,Nalgonda,Whole Year,27.423,969.83,-0.705,0.602,Normal,prophet,prophet,26,ok
Telangana,Nalgonda,Winter,23.428,41.97,-0.46,0.093,Normal,prophet,prophet,26,ok
Telangana,Narayanapet,Autumn,23.726,620.33,-1.154,0.896,Cooler than normal,prophet,prophet,26,ok
Telangana,Narayanapet,Kharif,25.989,1097.25,-1.008,1.044,Cooler & Wetter than normal,prophet,prophet,26,ok
Telangana,Narayanapet,Rabi,23.7,82.49,-0.741,-0.252,Normal,prophet,prophet,26,ok
Telangana,Narayanapet,Summer,31.397,259.46,-0.403,0.773,Normal,prophet,prophet,27,ok
Telangana,Narayanapet,Whole Year,26.026,1323.63,-1.493,1.406,Cooler & Wetter than normal,prophet,prophet,26,ok
Telangana,Narayanapet,Winter,22.059,14.0,-0.822,-0.03,Normal,prophet,prophet,26,ok
Telangana,Nirmal,Autumn,23.914,572.84,-1.131,0.958,Cooler than normal,prophet,prophet,26,ok
Telangana,Nirmal,Kharif,26.307,1080.43,-0.901,0.945,Normal,prophet,prophet,26,ok
Telangana,Nirmal,Rabi,23.727,73.54,-0.771,-0.221,Normal,prophet,prophet,26,ok
Telangana,Nirmal,Summer,31.96,248.14,-0.291,0.681,Normal,prophet,prophet,27,ok
Telangana,Nirmal,Whole Year,26.285,1267.25,-1.473,1.262,Cooler & Wetter than normal,prophet,prophet,26,ok
Telangana,Nirmal,Winter,22.036,14.6,-0.817,-0.028,Normal,prophet,prophet,26,ok
Telangana,Nizamabad,Autumn,23.726,620.33,-1.154,0.896,Cooler than normal,prophet,prophet,26,ok
Telangana,Nizamabad,Kharif,25.989,1097.25,-1.008,1.044,Cooler & Wetter than normal,prophet,prophet,26,ok
Telangana,Nizamabad,Rabi,23.7,82.49,-0.741,-0.252,Normal,prophet,prophet,26,ok
Telangana,Nizamabad,Summer,31.397,259.46,-0.403,0.773,Normal,prophet,prophet,27,ok
Telangana,Nizamabad,Whole Year,26.026,1323.63,-1.493,1.406,Cooler & Wetter than normal,prophet,prophet,26,ok
Telangana,Nizamabad,Winter,22.059,14.0,-0.822,-0.03,Normal,prophet,prophet,26,ok
Telangana,Peddapalli,Autumn,24.773,559.0,-0.842,0.08,Normal,prophet,prophet,26,ok
Telangana,Peddapalli,Kharif,27.201,1175.6,-0.085,0.655,Normal,prophet,prophet,26,ok
Telangana,Peddapalli,Rabi,24.206,104.42,-0.434,-0.111,Normal,prophet,prophet,26,ok
Telangana,Peddapalli,Summer,32.663,242.01,0.105,0.253,Normal,prophet,prophet,27,ok
Telangana,Peddapalli,Whole Year,27.052,1324.19,-0.674,0.848,Normal,prophet,prophet,26,ok
Telangana,Peddapalli,Winter,22.46,23.65,-0.475,-0.037,Normal,prophet,prophet,26,ok
Telangana,Rajanna Sircilla,Autumn,23.921,573.45,-1.053,0.469,Cooler than normal,prophet,prophet,26,ok
Telangana,Rajanna Sircilla,Kharif,26.269,1110.27,-0.572,0.904,Normal,prophet,prophet,26,ok
Telangana,Rajanna Sircilla,Rabi,23.653,88.13,-0.611,-0.227,Normal,prophet,prophet,26,ok
Telangana,Rajanna Sircilla,Summer,31.743,230.04,-0.174,0.346,Normal,prophet,prophet,27,ok
Telangana,Rajanna Sircilla,Whole Year,26.252,1289.39,-1.102,1.184,Cooler & Wetter than normal,prophet,prophet,26,ok
Telangana,Rajanna Sircilla,Winter,21.955,18.79,-0.648,-0.013,Normal,prophet,prophet,26,ok
Telangana,Ranga Reddy,Autumn,23.484,506.88,-0.687,0.397,Normal,prophet,prophet,26,ok
Telangana,Ranga Reddy,Kharif,25.263,809.79,-0.454,0.452,Normal,prophet,prophet,26,ok
Telangana,Ranga Reddy,Rabi,23.282,102.55,-0.475,-0.229,Normal,prophet,prophet,26,ok
Telangana,Ranga Reddy,Summer,29.887,233.14,-0.485,0.786,Normal,prophet,prophet,27,ok
Telangana,Ranga Reddy,Whole Year,25.379,1000.61,-0.996,0.801,Normal,prophet,prophet,26,ok
Telangana,Ranga Reddy,Winter,21.844,18.38,-0.484,-0.037,Normal,prophet,prophet,26,ok
Telangana,Sangareddy,Autumn,23.309,629.02,-1.103,0.746,Cooler than normal,prophet,prophet,26,ok
Telangana,Sangareddy,Kharif,25.469,1071.47,-1.013,1.01,Cooler & Wetter than normal,prophet,prophet,26,ok
Telangana,Sangareddy,Rabi,23.096,94.89,-0.737,-0.255,Normal,prophet,prophet,26,ok
Telangana,Sangareddy,Summer,30.676,259.16,-0.404,0.668,Normal,prophet,prophet,27,ok
Telangana,Sangareddy,Whole Year,25.45,1296.93,-1.416,1.322,Cooler & Wetter than normal,prophet,prophet,26,ok
Telangana,Sangareddy,Winter,21.425,14.43,-0.789,-0.037,Normal,prophet,prophet,26,ok
Telangana,Siddipet,Autumn,23.413,590.41,-1.129,0.464,Cooler than normal,prophet,prophet,26,ok
Telangana,Siddipet,Kharif,25.747,1065.44,-0.575,0.873,Normal,prophet,prophet,26,ok
Telangana,Siddipet,Rabi,22.931,100.12,-0.711,-0.21,Normal,prophet,prophet,26,ok
Telangana,Siddipet,Summer,30.86,226.77,-0.211,0.353,Normal,prophet,prophet,27,ok
Telangana,Siddipet,Whole Year,25.547,1231.15,-1.17,1.045,Cooler & Wetter than normal,prophet,prophet,26,ok
Telangana,Siddipet,Winter,21.214,19.54,-0.752,-0.015,Normal,prophet,prophet,26,ok
Telangana,Suryapet,Autumn,26.073,534.89,-0.388,0.14,Normal,prophet,prophet,26,ok
Telangana,Suryapet,Kharif,28.149,940.14,0.282,0.423,Normal,prophet,prophet,26,ok
Telangana,Suryapet,Rabi,25.265,160.93,-0.399,-0.012,Normal,prophet,prophet,26,ok
Telangana,Suryapet,Summer,32.216,214.77,0.016,0.138,Normal,prophet,prophet,27,ok
Telangana,Suryapet,Whole Year,27.737,1108.48,-0.486,0.589,Normal,prophet,prophet,26,ok
Telangana,Suryapet,Winter,23.809,59.1,-0.394,0.105,Normal,prophet,prophet,26,ok
Telangana,Vikarabad,Autumn,23.215,603.05,-0.924,0.672,Normal,prophet,prophet,26,ok
Telangana,Vikarabad,Kharif,25.189,984.48,-0.744,0.772,Normal,prophet,prophet,26,ok
Telangana,Vikarabad,Rabi,23.409,99.03,-0.584,-0.252,Normal,prophet,prophet,26,ok
Telangana,Vikarabad,Summer,30.297,284.48,-0.449,0.943,Normal,prophet,prophet,27,ok
Telangana,Vikarabad,Whole Year,25.43,1224.16,-1.302,1.197,Cooler & Wetter than normal,prophet,prophet,26,ok
Telangana,Vikarabad,Winter,22.007,11.09,-0.553,-0.321,Normal,prophet,prophet,26,ok
Telangana,Wanaparthy,Autumn,24.56,437.48,-0.491,0.189,Normal,prophet,prophet,26,ok
Telangana,Wanaparthy,Kharif,26.162,687.48,-0.232,0.194,Normal,prophet,prophet,26,ok
Telangana,Wanaparthy,Rabi,24.561,113.63,-0.3,0.007,Normal,prophet,prophet,26,ok
Telangana,Wanaparthy,Summer,30.431,206.91,-0.694,0.653,Normal,prophet,prophet,27,ok
Telangana,Wanaparthy,Whole Year,26.356,869.27,-0.861,0.562,Normal,prophet,prophet,26,ok
Telangana,Wanaparthy,Winter,23.152,26.06,-0.441,0.143,Normal,prophet,prophet,26,ok
Telangana,Warangal,Autumn,24.535,566.82,-0.855,0.2,Normal,prophet,prophet,26,ok
Telangana,Warangal,Kharif,26.9,1111.79,-0.124,0.717,Normal,prophet,prophet,26,ok
Telangana,Warangal,Rabi,23.725,110.66,-0.61,-0.095,Normal,prophet,prophet,26,ok
Telangana,Warangal,Summer,31.993,227.43,0.084,0.19,Normal,prophet,prophet,27,ok
Telangana,Warangal,Whole Year,26.623,1260.16,-0.737,0.887,Normal,prophet,prophet,26,ok
Telangana,Warangal,Winter,22.006,24.73,-0.624,-0.029,Normal,prophet,prophet,26,ok
Telangana,Yadadri Bhuvanagiri,Autumn,24.844,538.12,-0.862,0.245,Normal,prophet,prophet,26,ok
Telangana,Yadadri Bhuvanagiri,Kharif,27.134,982.55,-0.172,0.612,Normal,prophet,prophet,26,ok
Telangana,Yadadri Bhuvanagiri,Rabi,24.106,119.42,-0.555,-0.073,Normal,prophet,prophet,26,ok
Telangana,Yadadri Bhuvanagiri,Summer,31.82,210.59,0.014,0.199,Normal,prophet,prophet,27,ok
Telangana,Yadadri Bhuvanagiri,Whole Year,26.84,1125.81,-0.702,0.756,Normal,prophet,prophet,26,ok
Telangana,Yadadri Bhuvanagiri,Winter,22.523,30.52,-0.543,0.019,Normal,prophet,prophet,26,ok
Tripura,Dhalai,Autumn,25.665,1128.97,0.176,0.278,Normal,prophet,prophet,26,ok
Tripura,Dhalai,Kharif,27.354,2017.87,0.973,0.182,Normal,prophet,prophet,26,ok
Tripura,Dhalai,Rabi,21.893,504.5,0.994,0.276,Normal,prophet,prophet,26,ok
Tripura,Dhalai,Summer,27.468,1173.54,0.779,-0.33,Normal,prophet,prophet,27,ok
Tripura,Dhalai,Whole Year,24.906,2603.12,0.956,-0.327,Normal,prophet,prophet,26,ok
Tripura,Dhalai,Winter,19.968,105.21,0.527,-0.175,Normal,prophet,prophet,26,ok
Tripura,Gomati,Autumn,26.188,1303.88,-0.025,0.175,Normal,prophet,prophet,26,ok
Tripura,Gomati,Kharif,27.841,2315.02,0.755,0.127,Normal,prophet,prophet,26,ok
Tripura,Gomati,Rabi,21.966,500.73,0.721,0.016,Normal,prophet,prophet,26,ok
Tripura,Gomati,Summer,28.094,1106.59,0.932,-0.31,Normal,prophet,prophet,27,ok
Tripura,Gomati,Whole Year,25.138,2866.96,0.524,-0.272,Normal,prophet,prophet,26,ok
Tripura,Gomati,Winter,19.736,128.65,0.183,-0.149,Normal,prophet,prophet,26,ok
Tripura,Khowai,Autumn,25.665,1128.97,0.176,0.278,Normal,prophet,prophet,26,ok
Tripura,Khowai,Kharif,27.354,2017.87,0.973,0.182,Normal,prophet,prophet,26,ok
Tripura,Khowai,Rabi,21.893,504.5,0.994,0.276,Normal,prophet,prophet,26,ok
Tripura,Khowai,Summer,27.468,1173.54,0.779,-0.33,Normal,prophet,prophet,27,ok
Tripura,Khowai,Whole Year,24.906,2603.12,0.956,-0.327,Normal,prophet,prophet,26,ok
Tripura,Khowai,Winter,19.968,105.21,0.527,-0.175,Normal,prophet,prophet,26,ok
Tripura,North Tripura,Autumn,24.82,1090.03,0.588,0.336,Normal,prophet,prophet,26,ok
Tripura,North Tripura,Kharif,26.414,1926.96,1.385,0.11,Hotter than normal,prophet,prophet,26,ok
Tripura,North Tripura,Rabi,21.085,447.34,1.151,0.119,Hotter than normal,prophet,prophet,26,ok
Tripura,North Tripura,Summer,26.117,1181.1,0.547,-0.125,Normal,prophet,prophet,27,ok
Tripura,North Tripura,Whole Year,23.927,2617.08,1.072,-0.167,Hotter than normal,prophet,prophet,26,ok
Tripura,North Tripura,Winter,19.345,91.47,0.851,-0.16,Normal,prophet,prophet,26,ok
Tripura,Sepahijala,Autumn,26.188,1303.88,-0.025,0.175,Normal,prophet,prophet,26,ok
Tripura,Sepahijala,Kharif,27.841,2315.02,0.755,0.127,Normal,prophet,prophet,26,ok
Tripura,Sepahijala,Rabi,21.966,500.73,0.721,0.016,Normal,prophet,prophet,26,ok
Tripura,Sepahijala,Summer,28.094,1106.59,0.932,-0.31,Normal,prophet,prophet,27,ok
Tripura,Sepahijala,Whole Year,25.138,2866.96,0.524,-0.272,Normal,prophet,prophet,26,ok
Tripura,Sepahijala,Winter,19.736,128.65,0.183,-0.149,Normal,prophet,prophet,26,ok
Tripura,South Tripura,Autumn,26.289,1729.83,0.262,0.158,Normal,prophet,prophet,26,ok
Tripura,South Tripura,Kharif,27.774,2640.3,0.882,-0.428,Normal,prophet,prophet,26,ok
Tripura,South Tripura,Rabi,21.906,545.97,1.065,-0.042,Hotter than normal,prophet,prophet,26,ok
Tripura,South Tripura,Summer,27.495,1245.5,1.064,-0.23,Hotter than normal,prophet,prophet,27,ok
Tripura,South Tripura,Whole Year,24.952,3357.65,0.847,-0.489,Normal,prophet,prophet,26,ok
Tripura,South Tripura,Winter,19.85,148.43,0.778,-0.117,Normal,prophet,prophet,26,ok
Tripura,Unakoti,Autumn,25.665,1128.97,0.176,0.278,Normal,prophet,prophet,26,ok
Tripura,Unakoti,Kharif,27.354,2017.87,0.973,0.182,Normal,prophet,prophet,26,ok
Tripura,Unakoti,Rabi,21.893,504.5,0.994,0.276,Normal,prophet,prophet,26,ok
Tripura,Unakoti,Summer,27.468,1173.54,0.779,-0.33,Normal,prophet,prophet,27,ok
Tripura,Unakoti,Whole Year,24.906,2603.12,0.956,-0.327,Normal,prophet,prophet,26,ok
Tripura,Unakoti,Winter,19.968,105.21,0.527,-0.175,Normal,prophet,prophet,26,ok
Tripura,West Tripura,Autumn,26.359,1176.02,-0.094,0.328,Normal,prophet,prophet,26,ok
Tripura,West Tripura,Kharif,28.069,2109.55,0.86,0.244,Normal,prophet,prophet,26,ok
Tripura,West Tripura,Rabi,22.203,519.76,0.507,0.329,Normal,prophet,prophet,26,ok
Tripura,West Tripura,Summer,28.196,1169.34,0.688,-0.391,Normal,prophet,prophet,27,ok
Tripura,West Tripura,Whole Year,25.436,2688.35,0.604,-0.309,Normal,prophet,prophet,26,ok
Tripura,West Tripura,Winter,20.103,108.49,0.208,-0.158,Normal,prophet,prophet,26,ok
Uttar Pradesh,Agra,Autumn,25.052,437.55,-0.952,0.624,Normal,prophet,prophet,26,ok
Uttar Pradesh,Agra,Kharif,29.11,791.79,-1.374,0.496,Cooler than normal,prophet,prophet,26,ok
Uttar Pradesh,Agra,Rabi,19.711,95.74,-0.461,0.542,Normal,prophet,prophet,26,ok
Uttar Pradesh,Agra,Summer,32.006,137.18,-0.172,0.262,Normal,prophet,prophet,27,ok
Uttar Pradesh,Agra,Whole Year,25.465,888.76,-1.334,0.637,Cooler than normal,prophet,prophet,26,ok
Uttar Pradesh,Agra,Winter,16.876,41.24,-0.682,0.322,Normal,prophet,prophet,26,ok
Uttar Pradesh,Aligarh,Autumn,25.026,382.34,-0.815,0.398,Normal,prophet,prophet,26,ok
Uttar Pradesh,Aligarh,Kharif,29.13,659.09,-1.194,0.162,Cooler than normal,prophet,prophet,26,ok
Uttar Pradesh,Aligarh,Rabi,19.18,105.84,-0.158,0.279,Normal,prophet,prophet,26,ok
Uttar Pradesh,Aligarh,Summer,31.248,139.34,-0.052,-0.026,Normal,prophet,prophet,27,ok
Uttar Pradesh,Aligarh,Whole Year,24.956,819.23,-1.287,0.553,Cooler than normal,prophet,prophet,26,ok
Uttar Pradesh,Aligarh,Winter,16.268,46.85,-0.388,0.131,Normal,prophet,prophet,26,ok
Uttar Pradesh,Ambedkar Nagar,Autumn,25.324,534.55,0.013,0.232,Normal,prophet,prophet,26,ok
Uttar Pradesh,Ambedkar Nagar,Kharif,29.685,986.16,0.487,0.138,Normal,prophet,prophet,26,ok
Uttar Pradesh,Ambedkar Nagar,Rabi,19.968,106.43,0.088,0.248,Normal,prophet,prophet,26,ok
Uttar Pradesh,Ambedkar Nagar,Summer,32.906,194.32,0.922,0.042,Normal,prophet,prophet,27,ok
Uttar Pradesh,Ambedkar Nagar,Whole Year,25.897,1088.79,0.32,0.156,Normal,prophet,prophet,26,ok
Uttar Pradesh,Ambedkar Nagar,Winter,16.991,31.35,-0.157,0.077,Normal,prophet,prophet,26,ok
Uttar Pradesh,Amethi,Autumn,25.114,526.2,-0.133,0.187,Normal,prophet,prophet,26,ok
Uttar Pradesh,Amethi,Kharif,29.493,1009.21,0.28,0.279,Normal,prophet,prophet,26,ok
Uttar Pradesh,Amethi,Rabi,19.871,103.09,0.114,0.214,Normal,prophet,prophet,26,ok
Uttar Pradesh,Amethi,Summer,32.863,200.3,0.87,-0.019,Normal,prophet,prophet,27,ok
Uttar Pradesh,Amethi,Whole Year,25.69,1116.24,0.076,0.204,Normal,prophet,prophet,26,ok
Uttar Pradesh,Amethi,Winter,16.771,23.8,-0.239,-0.12,Normal,prophet,prophet,26,ok
Uttar Pradesh,Amroha,Autumn,24.747,422.94,-0.696,0.519,Normal,prophet,prophet,26,ok
Uttar Pradesh,Amroha,Kharif,28.923,696.09,-1.005,-0.144,Cooler than normal,prophet,prophet,26,ok
Uttar Pradesh,Amroha,Rabi,18.738,122.95,0.024,0.197,Normal,prophet,prophet,26,ok
Uttar Pradesh,Amroha,Summer,30.609,154.16,0.019,-0.107,Normal,prophet,prophet,27,ok
Uttar Pradesh,Amroha,Whole Year,24.579,940.3,-0.865,0.524,Normal,prophet,prophet,26,ok
Uttar Pradesh,Amroha,Winter,15.904,55.95,-0.168,0.022,Normal,prophet,prophet,26,ok
Uttar Pradesh,Auraiya,Autumn,24.857,454.33,-1.004,0.42,Cooler than normal,prophet,prophet,26,ok
Uttar Pradesh,Auraiya,Kharif,29.25,875.09,-1.252,0.74,Cooler than normal,prophet,prophet,26,ok
Uttar Pradesh,Auraiya,Rabi,19.633,103.88,-0.615,0.356,Normal,prophet,prophet,26,ok
Uttar Pradesh,Auraiya,Summer,32.575,133.0,0.179,0.14,Normal,prophet,prophet,27,ok
Uttar Pradesh,Auraiya,Whole Year,25.687,968.16,-0.947,0.911,Normal,prophet,prophet,26,ok
Uttar Pradesh,Auraiya,Winter,16.86,44.96,-0.696,0.256,Normal,prophet,prophet,26,ok
Uttar Pradesh,Ayodhya,Autumn,25.417,580.26,0.048,0.287,Normal,prophet,prophet,26,ok
Uttar Pradesh,Ayodhya,Kharif,29.592,1109.88,0.55,0.087,Normal,prophet,prophet,26,ok
Uttar Pradesh,Ayodhya,Rabi,19.881,125.05,0.059,0.205,Normal,prophet,prophet,26,ok
Uttar Pradesh,Ayodhya,Summer,32.185,260.81,0.844,0.138,Normal,prophet,prophet,27,ok
Uttar Pradesh,Ayodhya,Whole Year,25.697,1238.6,0.3,0.089,Normal,prophet,prophet,26,ok
Uttar Pradesh,Ayodhya,Winter,17.0,33.52,-0.175,-0.057,Normal,prophet,prophet,26,ok
Uttar Pradesh,Azamgarh,Autumn,25.465,494.12,-0.046,0.196,Normal,prophet,prophet,26,ok
Uttar Pradesh,Azamgarh,Kharif,29.838,921.68,0.367,0.259,Normal,prophet,prophet,26,ok
Uttar Pradesh,Azamgarh,Rabi,20.092,97.28,-0.065,0.307,Normal,prophet,prophet,26,ok
Uttar Pradesh,Azamgarh,Summer,33.205,177.54,0.912,-0.033,Normal,prophet,prophet,27,ok
Uttar Pradesh,Azamgarh,Whole Year,26.087,1025.61,0.202,0.302,Normal,prophet,prophet,26,ok
Uttar Pradesh,Azamgarh,Winter,17.29,22.9,-0.122,0.094,Normal,prophet,prophet,26,ok
Uttar Pradesh,Baghpat,Autumn,24.597,476.01,-0.844,0.825,Normal,prophet,prophet,26,ok
Uttar Pradesh,Baghpat,Kharif,28.835,786.16,-1.096,0.371,Cooler than normal,prophet,prophet,26,ok
Uttar Pradesh,Baghpat,Rabi,18.515,127.68,-0.013,0.214,Normal,prophet,prophet,26,ok
Uttar Pradesh,Baghpat,Summer,30.621,150.94,0.043,-0.065,Normal,prophet,prophet,27,ok
Uttar Pradesh,Baghpat,Whole Year,24.439,973.57,-0.975,0.712,Normal,prophet,prophet,26,ok
Uttar Pradesh,Baghpat,Winter,15.744,55.82,-0.123,0.049,Normal,prophet,prophet,26,ok
Uttar Pradesh,Bahraich,Autumn,25.333,567.75,-0.298,0.221,Normal,prophet,prophet,26,ok
Uttar Pradesh,Bahraich,Kharif,29.428,1093.11,0.052,-0.029,Normal,prophet,prophet,26,ok
Uttar Pradesh,Bahraich,Rabi,19.771,154.29,-0.048,0.212,Normal,prophet,prophet,26,ok
Uttar Pradesh,Bahraich,Summer,31.831,289.61,0.712,0.161,Normal,prophet,prophet,27,ok
Uttar Pradesh,Bahraich,Whole Year,25.601,1243.85,0.126,-0.048,Normal,prophet,prophet,26,ok
Uttar Pradesh,Bahraich,Winter,17.033,49.75,-0.177,0.034,Normal,prophet,prophet,26,ok
Uttar Pradesh,Ballia,Autumn,25.971,457.38,-0.125,0.247,Normal,prophet,prophet,26,ok
Uttar Pradesh,Ballia,Kharif,30.178,748.24,0.308,-0.291,Normal,prophet,prophet,26,ok
Uttar Pradesh,Ballia,Rabi,20.65,104.32,-0.072,0.188,Normal,prophet,prophet,26,ok
Uttar Pradesh,Ballia,Summer,32.879,160.32,0.928,-0.304,Normal,prophet,prophet,27,ok
Uttar Pradesh,Ballia,Whole Year,26.423,856.52,0.204,-0.21,Normal,prophet,prophet,26,ok
Uttar Pradesh,Ballia,Winter,17.927,14.61,-0.113,-0.134,Normal,prophet,prophet,26,ok
Uttar Pradesh,Balrampur,Autumn,25.571,596.85,0.006,0.218,Normal,prophet,prophet,26,ok
Uttar Pradesh,Balrampur,Kharif,29.194,1190.77,0.412,0.022,Normal,prophet,prophet,26,ok
Uttar Pradesh,Balrampur,Rabi,20.275,149.62,0.017,0.213,Normal,prophet,prophet,26,ok
Uttar Pradesh,Balrampur,Summer,31.356,331.76,0.767,0.19,Normal,prophet,prophet,27,ok
Uttar Pradesh,Balrampur,Whole Year,25.663,1357.58,0.366,0.025,Normal,prophet,prophet,26,ok
Uttar Pradesh,Balrampur,Winter,17.742,39.97,-0.089,-0.081,Normal,prophet,prophet,26,ok
Uttar Pradesh,Banda,Autumn,25.19,475.52,-0.619,0.13,Normal,prophet,prophet,26,ok
Uttar Pradesh,Banda,Kharif,29.491,877.04,-0.444,0.054,Normal,prophet,prophet,26,ok
Uttar Pradesh,Banda,Rabi,20.382,92.94,-0.215,0.391,Normal,prophet,prophet,26,ok
Uttar Pradesh,Banda,Summer,33.176,161.4,0.331,0.039,Normal,prophet,prophet,27,ok
Uttar Pradesh,Banda,Whole Year,26.092,975.31,-0.524,0.149,Normal,prophet,prophet,26,ok
Uttar Pradesh,Banda,Winter,17.629,32.37,-0.254,0.164,Normal,prophet,prophet,26,ok
Uttar Pradesh,Barabanki,Autumn,25.155,561.84,-0.252,0.226,Normal,prophet,prophet,26,ok
Uttar Pradesh,Barabanki,Kharif,29.464,1041.72,0.149,0.033,Normal,prophet,prophet,26,ok
Uttar Pradesh,Barabanki,Rabi,19.653,127.06,-0.041,0.198,Normal,prophet,prophet,26,ok
Uttar Pradesh,Barabanki,Summer,32.283,227.4,0.675,0.102,Normal,prophet,prophet,27,ok
Uttar Pradesh,Barabanki,Whole Year,25.605,1162.3,0.043,0.037,Normal,prophet,prophet,26,ok
Uttar Pradesh,Barabanki,Winter,16.746,41.84,-0.234,0.051,Normal,prophet,prophet,26,ok
Uttar Pradesh,Bareilly,Autumn,24.915,502.32,-0.334,0.163,Normal,prophet,prophet,26,ok
Uttar Pradesh,Bareilly,Kharif,29.164,878.55,-0.251,-0.198,Normal,prophet,prophet,26,ok
Uttar Pradesh,Bareilly,Rabi,18.912,160.04,-0.186,0.17,Normal,prophet,prophet,26,ok
Uttar Pradesh,Bareilly,Summer,31.061,209.22,0.318,0.118,Normal,prophet,prophet,27,ok
Uttar Pradesh,Bareilly,Whole Year,24.827,1052.07,-0.617,-0.125,Normal,prophet,prophet,26,ok
Uttar Pradesh,Bareilly,Winter,16.369,60.18,-0.125,0.008,Normal,prophet,prophet,26,ok
Uttar Pradesh,Basti,Autumn,25.417,580.26,0.048,0.287,Normal,prophet,prophet,26,ok
Uttar Pradesh,Basti,Kharif,29.592,1109.88,0.55,0.087,Normal,prophet,prophet,26,ok
Uttar Pradesh,Basti,Rabi,19.881,125.05,0.059,0.205,Normal,prophet,prophet,26,ok
Uttar Pradesh,Basti,Summer,32.185,260.81,0.844,0.138,Normal,prophet,prophet,27,ok
Uttar Pradesh,Basti,Whole Year,25.697,1238.6,0.3,0.089,Normal,prophet,prophet,26,ok
Uttar Pradesh,Basti,Winter,17.0,33.52,-0.175,-0.057,Normal,prophet,prophet,26,ok
Uttar Pradesh,Bijnor,Autumn,23.914,592.9,-0.591,0.822,Normal,prophet,prophet,26,ok
Uttar Pradesh,Bijnor,Kharif,27.491,1113.75,-0.769,1.114,Wetter than normal,prophet,prophet,26,ok
Uttar Pradesh,Bijnor,Rabi,18.575,170.05,0.285,0.219,Normal,prophet,prophet,26,ok
Uttar Pradesh,Bijnor,Summer,28.423,219.74,-0.056,0.073,Normal,prophet,prophet,27,ok
Uttar Pradesh,Bijnor,Whole Year,23.622,1285.45,-0.441,1.077,Wetter than normal,prophet,prophet,26,ok
Uttar Pradesh,Bijnor,Winter,16.236,75.2,0.176,0.043,Normal,prophet,prophet,26,ok
Uttar Pradesh,Budaun,Autumn,24.879,435.05,-0.545,0.168,Normal,prophet,prophet,26,ok
Uttar Pradesh,Budaun,Kharif,29.21,777.59,-0.542,-0.158,Normal,prophet,prophet,26,ok
Uttar Pradesh,Budaun,Rabi,19.033,137.92,-0.235,0.18,Normal,prophet,prophet,26,ok
Uttar Pradesh,Budaun,Summer,31.458,175.99,0.267,0.134,Normal,prophet,prophet,27,ok
Uttar Pradesh,Budaun,Whole Year,24.936,922.51,-0.993,-0.056,Normal,prophet,prophet,26,ok
Uttar Pradesh,Budaun,Winter,16.39,55.05,-0.19,0.041,Normal,prophet,prophet,26,ok
Uttar Pradesh,Bulandshahr,Autumn,24.907,376.9,-0.682,0.173,Normal,prophet,prophet,26,ok
Uttar Pradesh,Bulandshahr,Kharif,29.108,677.25,-1.005,-0.018,Cooler than normal,prophet,prophet,26,ok
Uttar Pradesh,Bulandshahr,Rabi,18.88,115.19,-0.094,0.208,Normal,prophet,prophet,26,ok
Uttar Pradesh,Bulandshahr,Summer,30.941,143.71,0.002,-0.12,Normal,prophet,prophet,27,ok
Uttar Pradesh,Bulandshahr,Whole Year,24.762,823.59,-1.052,0.127,Cooler than normal,prophet,prophet,26,ok
Uttar Pradesh,Bulandshahr,Winter,16.058,52.22,-0.218,0.05,Normal,prophet,prophet,26,ok
Uttar Pradesh,Chandauli,Autumn,24.941,551.26,-0.371,0.408,Normal,prophet,prophet,26,ok
Uttar Pradesh,Chandauli,Kharif,29.104,953.03,0.035,0.393,Normal,prophet,prophet,26,ok
Uttar Pradesh,Chandauli,Rabi,19.976,107.17,-0.387,0.379,Normal,prophet,prophet,26,ok
Uttar Pradesh,Chandauli,Summer,33.038,166.6,0.758,-0.027,Normal,prophet,prophet,27,ok
Uttar Pradesh,Chandauli,Whole Year,25.733,1041.81,-0.325,0.453,Normal,prophet,prophet,26,ok
Uttar Pradesh,Chandauli,Winter,17.216,23.5,-0.453,0.028,Normal,prophet,prophet,26,ok
Uttar Pradesh,Chitrakoot,Autumn,24.729,521.59,-0.503,0.144,Normal,prophet,prophet,26,ok
Uttar Pradesh,Chitrakoot,Kharif,28.682,967.29,-0.324,0.24,Normal,prophet,prophet,26,ok
Uttar Pradesh,Chitrakoot,Rabi,20.198,84.82,-0.286,0.352,Normal,prophet,prophet,26,ok
Uttar Pradesh,Chitrakoot,Summer,32.773,190.71,0.496,0.091,Normal,prophet,prophet,27,ok
Uttar Pradesh,Chitrakoot,Whole Year,25.579,1077.34,-0.55,0.342,Normal,prophet,prophet,26,ok
Uttar Pradesh,Chitrakoot,Winter,17.542,25.63,-0.315,-0.067,Normal,prophet,prophet,26,ok
Uttar Pradesh,Deoria,Autumn,25.785,555.4,0.179,0.38,Normal,prophet,prophet,26,ok
Uttar Pradesh,Deoria,Kharif,29.88,968.38,0.482,-0.138,Normal,prophet,prophet,26,ok
Uttar Pradesh,Deoria,Rabi,20.438,114.64,0.155,0.224,Normal,prophet,prophet,26,ok
Uttar Pradesh,Deoria,Summer,32.515,229.4,0.905,-0.035,Normal,prophet,prophet,27,ok
Uttar Pradesh,Deoria,Whole Year,26.141,1104.64,0.409,-0.045,Normal,prophet,prophet,26,ok
Uttar Pradesh,Deoria,Winter,17.558,20.91,-0.095,-0.071,Normal,prophet,prophet,26,ok
Uttar Pradesh,Etah,Autumn,24.963,421.77,-0.967,0.668,Normal,prophet,prophet,26,ok
Uttar Pradesh,Etah,Kharif,29.131,750.36,-1.269,0.537,Cooler than normal,prophet,prophet,26,ok
Uttar Pradesh,Etah,Rabi,19.376,109.17,-0.406,0.334,Normal,prophet,prophet,26,ok
Uttar Pradesh,Etah,Summer,31.619,150.35,-0.044,0.253,Normal,prophet,prophet,27,ok
Uttar Pradesh,Etah,Whole Year,25.188,860.54,-1.337,0.711,Cooler than normal,prophet,prophet,26,ok
Uttar Pradesh,Etah,Winter,16.535,48.67,-0.581,0.229,Normal,prophet,prophet,26,ok
Uttar Pradesh,Etawah,Autumn,24.857,454.33,-1.004,0.42,Cooler than normal,prophet,prophet,26,ok
Uttar Pradesh,Etawah,Kharif,29.25,875.09,-1.252,0.74,Cooler than normal,prophet,prophet,26,ok
Uttar Pradesh,Etawah,Rabi,19.633,103.88,-0.615,0.356,Normal,prophet,prophet,26,ok
Uttar Pradesh,Etawah,Summer,32.575,133.0,0.179,0.14,Normal,prophet,prophet,27,ok
Uttar Pradesh,Etawah,Whole Year,25.687,968.16,-0.947,0.911,Normal,prophet,prophet,26,ok
Uttar Pradesh,Etawah,Winter,16.86,44.96,-0.696,0.256,Normal,prophet,prophet,26,ok
Uttar Pradesh,Farrukhabad,Autumn,25.102,403.86,-0.754,0.411,Normal,prophet,prophet,26,ok
Uttar Pradesh,Farrukhabad,Kharif,29.348,718.39,-0.956,0.122,Normal,prophet,prophet,26,ok
Uttar Pradesh,Farrukhabad,Rabi,19.382,125.81,-0.41,0.205,Normal,prophet,prophet,26,ok
Uttar Pradesh,Farrukhabad,Summer,31.833,146.53,0.191,0.141,Normal,prophet,prophet,27,ok
Uttar Pradesh,Farrukhabad,Whole Year,25.348,842.37,-0.959,0.329,Normal,prophet,prophet,26,ok
Uttar Pradesh,Farrukhabad,Winter,16.674,58.62,-0.43,0.091,Normal,prophet,prophet,26,ok
Uttar Pradesh,Fatehpur,Autumn,25.182,503.7,-0.426,0.447,Normal,prophet,prophet,26,ok
Uttar Pradesh,Fatehpur,Kharif,29.672,852.57,-0.076,0.122,Normal,prophet,prophet,26,ok
Uttar Pradesh,Fatehpur,Rabi,19.869,96.01,-0.273,0.274,Normal,prophet,prophet,26,ok
Uttar Pradesh,Fatehpur,Summer,32.996,134.24,0.454,-0.065,Normal,prophet,prophet,27,ok
Uttar Pradesh,Fatehpur,Whole Year,25.993,945.11,-0.207,0.25,Normal,prophet,prophet,26,ok
Uttar Pradesh,Fatehpur,Winter,17.088,32.97,-0.3,0.112,Normal,prophet,prophet,26,ok
Uttar Pradesh,Firozabad,Autumn,24.9,455.16,-0.998,0.695,Normal,prophet,prophet,26,ok
Uttar Pradesh,Firozabad,Kharif,29.099,838.1,-1.363,0.689,Cooler than normal,prophet,prophet,26,ok
Uttar Pradesh,Firozabad,Rabi,19.476,104.33,-0.606,0.445,Normal,prophet,prophet,26,ok
Uttar Pradesh,Firozabad,Summer,32.001,147.04,-0.108,0.312,Normal,prophet,prophet,27,ok
Uttar Pradesh,Firozabad,Whole Year,25.378,941.39,-1.306,0.879,Cooler than normal,prophet,prophet,26,ok
Uttar Pradesh,Firozabad,Winter,16.709,49.38,-0.719,0.366,Normal,prophet,prophet,26,ok
Uttar Pradesh,Gautam Buddha Nagar,Autumn,25.065,463.01,-0.696,0.884,Normal,prophet,prophet,26,ok
Uttar Pradesh,Gautam Buddha Nagar,Kharif,29.231,721.93,-1.026,0.318,Cooler than normal,prophet,prophet,26,ok
Uttar Pradesh,Gautam Buddha Nagar,Rabi,19.009,117.28,0.121,0.229,Normal,prophet,prophet,26,ok
Uttar Pradesh,Gautam Buddha Nagar,Summer,31.016,137.47,0.068,-0.096,Normal,prophet,prophet,27,ok
Uttar Pradesh,Gautam Buddha Nagar,Whole Year,24.854,850.13,-0.986,0.402,Normal,prophet,prophet,26,ok
Uttar Pradesh,Gautam Buddha Nagar,Winter,16.257,50.47,0.071,0.083,Normal,prophet,prophet,26,ok
Uttar Pradesh,Ghaziabad,Autumn,24.597,476.01,-0.844,0.825,Normal,prophet,prophet,26,ok
Uttar Pradesh,Ghaziabad,Kharif,28.835,786.16,-1.096,0.371,Cooler than normal,prophet,prophet,26,ok
Uttar Pradesh,Ghaziabad,Rabi,18.515,127.68,-0.013,0.214,Normal,prophet,prophet,26,ok
Uttar Pradesh,Ghaziabad,Summer,30.621,150.94,0.043,-0.065,Normal,prophet,prophet,27,ok
Uttar Pradesh,Ghaziabad,Whole Year,24.439,973.57,-0.975,0.712,Normal,prophet,prophet,26,ok
Uttar Pradesh,Ghaziabad,Winter,15.744,55.82,-0.123,0.049,Normal,prophet,prophet,26,ok
Uttar Pradesh,Ghazipur,Autumn,25.832,500.82,-0.217,0.502,Normal,prophet,prophet,26,ok
Uttar Pradesh,Ghazipur,Kharif,30.04,825.53,0.039,0.07,Normal,prophet,prophet,26,ok
Uttar Pradesh,Ghazipur,Rabi,20.498,110.41,-0.281,0.275,Normal,prophet,prophet,26,ok
Uttar Pradesh,Ghazipur,Summer,33.355,151.25,0.81,-0.179,Normal,prophet,prophet,27,ok
Uttar Pradesh,Ghazipur,Whole Year,26.391,916.41,-0.137,0.107,Normal,prophet,prophet,26,ok
Uttar Pradesh,Ghazipur,Winter,17.799,19.64,-0.259,0.074,Normal,prophet,prophet,26,ok
Uttar Pradesh,Gonda,Autumn,25.166,600.82,-0.102,0.306,Normal,prophet,prophet,26,ok
Uttar Pradesh,Gonda,Kharif,29.346,1191.8,0.238,0.38,Normal,prophet,prophet,26,ok
Uttar Pradesh,Gonda,Rabi,19.682,124.5,0.089,0.178,Normal,prophet,prophet,26,ok
Uttar Pradesh,Gonda,Summer,32.181,269.45,0.843,0.053,Normal,prophet,prophet,27,ok
Uttar Pradesh,Gonda,Whole Year,25.458,1357.56,0.086,0.441,Normal,prophet,prophet,26,ok
Uttar Pradesh,Gonda,Winter,16.749,30.27,-0.163,-0.102,Normal,prophet,prophet,26,ok
Uttar Pradesh,Gorakhpur,Autumn,25.63,546.7,0.249,0.363,Normal,prophet,prophet,26,ok
Uttar Pradesh,Gorakhpur,Kharif,29.813,992.0,0.517,-0.017,Normal,prophet,prophet,26,ok
Uttar Pradesh,Gorakhpur,Rabi,20.284,107.68,0.205,0.241,Normal,prophet,prophet,26,ok
Uttar Pradesh,Gorakhpur,Summer,32.728,219.08,0.888,0.024,Normal,prophet,prophet,27,ok
Uttar Pradesh,Gorakhpur,Whole Year,26.033,1117.13,0.396,0.047,Normal,prophet,prophet,26,ok
Uttar Pradesh,Gorakhpur,Winter,17.313,25.56,-0.087,0.013,Normal,prophet,prophet,26,ok
Uttar Pradesh,Hamirpur,Autumn,25.027,504.23,-0.842,0.666,Normal,prophet,prophet,26,ok
Uttar Pradesh,Hamirpur,Kharif,29.461,900.75,-0.85,0.7,Normal,prophet,prophet,26,ok
Uttar Pradesh,Hamirpur,Rabi,19.973,95.1,-0.458,0.288,Normal,prophet,prophet,26,ok
Uttar Pradesh,Hamirpur,Summer,33.076,123.39,0.341,-0.087,Normal,prophet,prophet,27,ok
Uttar Pradesh,Hamirpur,Whole Year,26.032,982.91,-0.571,0.821,Normal,prophet,prophet,26,ok
Uttar Pradesh,Hamirpur,Winter,17.164,33.43,-0.514,0.136,Normal,prophet,prophet,26,ok
Uttar Pradesh,Hapur,Autumn,24.907,376.9,-0.682,0.173,Normal,prophet,prophet,26,ok
Uttar Pradesh,Hapur,Kharif,29.108,677.25,-1.005,-0.018,Cooler than normal,prophet,prophet,26,ok
Uttar Pradesh,Hapur,Rabi,18.88,115.19,-0.094,0.208,Normal,prophet,prophet,26,ok
Uttar Pradesh,Hapur,Summer,30.941,143.71,0.002,-0.12,Normal,prophet,prophet,27,ok
Uttar Pradesh,Hapur,Whole Year,24.762,823.59,-1.052,0.127,Cooler than normal,prophet,prophet,26,ok
Uttar Pradesh,Hapur,Winter,16.058,52.22,-0.218,0.05,Normal,prophet,prophet,26,ok
Uttar Pradesh,Hardoi,Autumn,24.985,418.6,-0.736,0.147,Normal,prophet,prophet,26,ok
Uttar Pradesh,Hardoi,Kharif,29.347,730.59,-0.712,-0.419,Normal,prophet,prophet,26,ok
Uttar Pradesh,Hardoi,Rabi,19.411,150.06,-0.263,0.165,Normal,prophet,prophet,26,ok
Uttar Pradesh,Hardoi,Summer,31.868,157.11,0.324,0.02,Normal,prophet,prophet,27,ok
Uttar Pradesh,Hardoi,Whole Year,25.438,889.52,-0.47,-0.085,Normal,prophet,prophet,26,ok
Uttar Pradesh,Hardoi,Winter,16.644,69.15,-0.362,0.052,Normal,prophet,prophet,26,ok
Uttar Pradesh,Hathras,Autumn,25.048,394.87,-0.964,0.565,Normal,prophet,prophet,26,ok
Uttar Pradesh,Hathras,Kharif,29.14,706.52,-1.337,0.436,Cooler than normal,prophet,prophet,26,ok
Uttar Pradesh,Hathras,Rabi,19.474,97.88,-0.356,0.405,Normal,prophet,prophet,26,ok
Uttar Pradesh,Hathras,Summer,31.612,137.68,-0.138,0.167,Normal,prophet,prophet,27,ok
Uttar Pradesh,Hathras,Whole Year,25.245,831.38,-1.356,0.696,Cooler than normal,prophet,prophet,26,ok
Uttar Pradesh,Hathras,Winter,16.696,43.97,-0.457,0.306,Normal,prophet,prophet,26,ok
Uttar Pradesh,Jalaun,Autumn,24.956,473.73,-0.92,0.4,Normal,prophet,prophet,26,ok
Uttar Pradesh,Jalaun,Kharif,29.258,941.51,-1.134,0.775,Cooler than normal,prophet,prophet,26,ok
Uttar Pradesh,Jalaun,Rabi,19.859,97.77,-0.613,0.432,Normal,prophet,prophet,26,ok
Uttar Pradesh,Jalaun,Summer,32.845,143.28,0.122,0.163,Normal,prophet,prophet,27,ok
Uttar Pradesh,Jalaun,Whole Year,25.878,1016.15,-0.897,0.863,Normal,prophet,prophet,26,ok
Uttar Pradesh,Jalaun,Winter,17.071,32.63,-0.667,0.151,Normal,prophet,prophet,26,ok
Uttar Pradesh,Jaunpur,Autumn,25.392,494.98,-0.028,0.149,Normal,prophet,prophet,26,ok
Uttar Pradesh,Jaunpur,Kharif,29.78,922.33,0.389,0.308,Normal,prophet,prophet,26,ok
Uttar Pradesh,Jaunpur,Rabi,20.068,95.78,-0.043,0.346,Normal,prophet,prophet,26,ok
Uttar Pradesh,Jaunpur,Summer,33.297,166.82,0.893,0.018,Normal,prophet,prophet,27,ok
Uttar Pradesh,Jaunpur,Whole Year,26.098,1018.47,0.235,0.44,Normal,prophet,prophet,26,ok
Uttar Pradesh,Jaunpur,Winter,17.252,23.94,-0.113,-0.037,Normal,prophet,prophet,26,ok
Uttar Pradesh,Jhansi,Autumn,24.578,500.81,-0.972,0.534,Normal,prophet,prophet,26,ok
Uttar Pradesh,Jhansi,Kharif,28.601,1062.66,-1.289,1.009,Cooler & Wetter than normal,prophet,prophet,26,ok
Uttar Pradesh,Jhansi,Rabi,19.688,94.92,-0.787,0.547,Normal,prophet,prophet,26,ok
Uttar Pradesh,Jhansi,Summer,32.163,174.24,-0.317,0.321,Normal,prophet,prophet,27,ok
Uttar Pradesh,Jhansi,Whole Year,25.379,1154.41,-1.448,1.187,Cooler & Wetter than normal,prophet,prophet,26,ok
Uttar Pradesh,Jhansi,Winter,16.966,28.21,-0.892,0.016,Normal,prophet,prophet,26,ok
Uttar Pradesh,Kannauj,Autumn,25.085,459.34,-0.755,0.494,Normal,prophet,prophet,26,ok
Uttar Pradesh,Kannauj,Kharif,29.371,789.07,-1.119,0.282,Cooler than normal,prophet,prophet,26,ok
Uttar Pradesh,Kannauj,Rabi,19.734,129.24,-0.287,0.161,Normal,prophet,prophet,26,ok
Uttar Pradesh,Kannauj,Summer,32.327,127.74,0.347,-0.127,Normal,prophet,prophet,27,ok
Uttar Pradesh,Kannauj,Whole Year,25.711,921.42,-0.477,0.546,Normal,prophet,prophet,26,ok
Uttar Pradesh,Kannauj,Winter,16.882,62.84,-0.46,0.069,Normal,prophet,prophet,26,ok
Uttar Pradesh,Kanpur Dehat,Autumn,24.968,503.34,-0.805,0.687,Normal,prophet,prophet,26,ok
Uttar Pradesh,Kanpur Dehat,Kharif,29.418,850.59,-0.901,0.576,Normal,prophet,prophet,26,ok
Uttar Pradesh,Kanpur Dehat,Rabi,19.618,106.32,-0.5,0.203,Normal,prophet,prophet,26,ok
Uttar Pradesh,Kanpur Dehat,Summer,32.699,117.61,0.387,-0.159,Normal,prophet,prophet,27,ok
Uttar Pradesh,Kanpur Dehat,Whole Year,25.804,954.2,-0.521,0.791,Normal,prophet,prophet,26,ok
Uttar Pradesh,Kanpur Dehat,Winter,16.835,43.62,-0.549,0.093,Normal,prophet,prophet,26,ok
Uttar Pradesh,Kanpur Nagar,Autumn,24.968,503.34,-0.805,0.687,Normal,prophet,prophet,26,ok
Uttar Pradesh,Kanpur Nagar,Kharif,29.418,850.59,-0.901,0.576,Normal,prophet,prophet,26,ok
Uttar Pradesh,Kanpur Nagar,Rabi,19.618,106.32,-0.5,0.203,Normal,prophet,prophet,26,ok
Uttar Pradesh,Kanpur Nagar,Summer,32.699,117.61,0.387,-0.159,Normal,prophet,prophet,27,ok
Uttar Pradesh,Kanpur Nagar,Whole Year,25.804,954.2,-0.521,0.791,Normal,prophet,prophet,26,ok
Uttar Pradesh,Kanpur Nagar,Winter,16.835,43.62,-0.549,0.093,Normal,prophet,prophet,26,ok
Uttar Pradesh,Kasganj,Autumn,24.864,420.18,-0.767,0.447,Normal,prophet,prophet,26,ok
Uttar Pradesh,Kasganj,Kharif,29.094,737.26,-0.99,0.264,Normal,prophet,prophet,26,ok
Uttar Pradesh,Kasganj,Rabi,18.97,118.33,-0.357,0.246,Normal,prophet,prophet,26,ok
Uttar Pradesh,Kasganj,Summer,31.324,154.44,0.05,0.112,Normal,prophet,prophet,27,ok
Uttar Pradesh,Kasganj,Whole Year,24.933,863.48,-1.211,0.417,Cooler than normal,prophet,prophet,26,ok
Uttar Pradesh,Kasganj,Winter,16.262,48.87,-0.341,0.12,Normal,prophet,prophet,26,ok
Uttar Pradesh,Kaushambi,Autumn,25.342,486.8,-0.423,0.134,Normal,prophet,prophet,26,ok
Uttar Pradesh,Kaushambi,Kharif,29.558,906.91,-0.201,0.257,Normal,prophet,prophet,26,ok
Uttar Pradesh,Kaushambi,Rabi,20.576,92.88,-0.111,0.452,Normal,prophet,prophet,26,ok
Uttar Pradesh,Kaushambi,Summer,33.317,170.42,0.5,0.065,Normal,prophet,prophet,27,ok
Uttar Pradesh,Kaushambi,Whole Year,26.163,1003.96,-0.381,0.369,Normal,prophet,prophet,26,ok
Uttar Pradesh,Kaushambi,Winter,17.821,23.19,-0.166,-0.093,Normal,prophet,prophet,26,ok
Uttar Pradesh,Kushinagar,Autumn,25.785,555.4,0.179,0.38,Normal,prophet,prophet,26,ok
Uttar Pradesh,Kushinagar,Kharif,29.88,968.38,0.482,-0.138,Normal,prophet,prophet,26,ok
Uttar Pradesh,Kushinagar,Rabi,20.438,114.64,0.155,0.224,Normal,prophet,prophet,26,ok
Uttar Pradesh,Kushinagar,Summer,32.515,229.4,0.905,-0.035,Normal,prophet,prophet,27,ok
Uttar Pradesh,Kushinagar,Whole Year,26.141,1104.64,0.409,-0.045,Normal,prophet,prophet,26,ok
Uttar Pradesh,Kushinagar,Winter,17.558,20.91,-0.095,-0.071,Normal,prophet,prophet,26,ok
Uttar Pradesh,Lakhimpur Kheri,Autumn,25.097,509.61,-0.392,0.098,Normal,prophet,prophet,26,ok
Uttar Pradesh,Lakhimpur Kheri,Kharif,29.217,946.85,-0.221,-0.408,Normal,prophet,prophet,26,ok
Uttar Pradesh,Lakhimpur Kheri,Rabi,19.448,194.38,-0.122,0.227,Normal,prophet,prophet,26,ok
Uttar Pradesh,Lakhimpur Kheri,Summer,31.626,289.3,0.664,0.173,Normal,prophet,prophet,27,ok
Uttar Pradesh,Lakhimpur Kheri,Whole Year,25.399,1128.3,0.09,-0.427,Normal,prophet,prophet,26,ok
Uttar Pradesh,Lakhimpur Kheri,Winter,16.783,69.07,-0.212,0.04,Normal,prophet,prophet,26,ok
Uttar Pradesh,Lalitpur,Autumn,23.735,582.61,-0.902,0.255,Normal,prophet,prophet,26,ok
Uttar Pradesh,Lalitpur,Kharif,27.49,1158.23,-0.895,0.443,Normal,prophet,prophet,26,ok
Uttar Pradesh,Lalitpur,Rabi,19.68,89.05,-0.549,0.511,Normal,prophet,prophet,26,ok
Uttar Pradesh,Lalitpur,Summer,31.609,206.24,0.059,0.392,Normal,prophet,prophet,27,ok
Uttar Pradesh,Lalitpur,Whole Year,24.783,1227.16,-1.079,0.467,Cooler than normal,prophet,prophet,26,ok
Uttar Pradesh,Lalitpur,Winter,17.039,31.8,-0.715,0.099,Normal,prophet,prophet,26,ok
Uttar Pradesh,Lucknow,Autumn,25.131,496.27,-0.389,0.095,Normal,prophet,prophet,26,ok
Uttar Pradesh,Lucknow,Kharif,29.449,880.68,-0.273,-0.083,Normal,prophet,prophet,26,ok
Uttar Pradesh,Lucknow,Rabi,19.736,132.48,-0.058,0.172,Normal,prophet,prophet,26,ok
Uttar Pradesh,Lucknow,Summer,32.303,160.67,0.483,-0.083,Normal,prophet,prophet,27,ok
Uttar Pradesh,Lucknow,Whole Year,25.7,995.57,-0.061,-0.058,Normal,prophet,prophet,26,ok
Uttar Pradesh,Lucknow,Winter,16.833,55.24,-0.245,0.063,Normal,prophet,prophet,26,ok
Uttar Pradesh,Maharajganj,Autumn,25.176,522.86,-0.199,0.146,Normal,prophet,prophet,26,ok
Uttar Pradesh,Maharajganj,Kharif,29.547,949.58,0.185,0.085,Normal,prophet,prophet,26,ok
Uttar Pradesh,Maharajganj,Rabi,19.831,106.77,-0.044,0.229,Normal,prophet,prophet,26,ok
Uttar Pradesh,Maharajganj,Summer,32.763,172.66,0.685,-0.0,Normal,prophet,prophet,27,ok
Uttar Pradesh,Maharajganj,Whole Year,25.817,1045.36,0.073,0.094,Normal,prophet,prophet,26,ok
Uttar Pradesh,Maharajganj,Winter,16.872,34.67,-0.25,0.084,Normal,prophet,prophet,26,ok
Uttar Pradesh,Mahoba,Autumn,24.972,492.61,-0.765,0.313,Normal,prophet,prophet,26,ok
Uttar Pradesh,Mahoba,Kharif,29.158,946.5,-0.986,0.481,Normal,prophet,prophet,26,ok
Uttar Pradesh,Mahoba,Rabi,20.01,92.77,-0.403,0.371,Normal,prophet,prophet,26,ok
Uttar Pradesh,Mahoba,Summer,32.898,149.2,0.175,0.044,Normal,prophet,prophet,27,ok
Uttar Pradesh,Mahoba,Whole Year,25.828,1037.2,-0.81,0.571,Normal,prophet,prophet,26,ok
Uttar Pradesh,Mahoba,Winter,17.239,33.41,-0.444,0.179,Normal,prophet,prophet,26,ok
Uttar Pradesh,Mainpuri,Autumn,24.894,420.93,-1.037,0.453,Cooler than normal,prophet,prophet,26,ok
Uttar Pradesh,Mainpuri,Kharif,29.277,762.75,-1.268,0.431,Cooler than normal,prophet,prophet,26,ok
Uttar Pradesh,Mainpuri,Rabi,19.544,115.49,-0.541,0.252,Normal,prophet,prophet,26,ok
Uttar Pradesh,Mainpuri,Summer,32.204,133.6,0.164,0.148,Normal,prophet,prophet,27,ok
Uttar Pradesh,Mainpuri,Whole Year,25.517,882.72,-0.994,0.705,Normal,prophet,prophet,26,ok
Uttar Pradesh,Mainpuri,Winter,16.766,55.84,-0.651,0.138,Normal,prophet,prophet,26,ok
Uttar Pradesh,Mathura,Autumn,25.245,425.87,-0.994,0.717,Normal,prophet,prophet,26,ok
Uttar Pradesh,Mathura,Kharif,29.232,746.92,-1.385,0.553,Cooler than normal,prophet,prophet,26,ok
Uttar Pradesh,Mathura,Rabi,19.611,101.38,-0.153,0.409,Normal,prophet,prophet,26,ok
Uttar Pradesh,Mathura,Summer,31.622,147.56,-0.119,0.241,Normal,prophet,prophet,27,ok
Uttar Pradesh,Mathura,Whole Year,25.346,861.18,-1.333,0.751,Cooler than normal,prophet,prophet,26,ok
Uttar Pradesh,Mathura,Winter,16.913,44.44,-0.149,0.324,Normal,prophet,prophet,26,ok
Uttar Pradesh,Mau,Autumn,25.631,482.02,-0.104,0.324,Normal,prophet,prophet,26,ok
Uttar Pradesh,Mau,Kharif,29.934,838.03,0.269,-0.084,Normal,prophet,prophet,26,ok
Uttar Pradesh,Mau,Rabi,20.258,102.46,-0.093,0.251,Normal,prophet,prophet,26,ok
Uttar Pradesh,Mau,Summer,32.983,168.27,0.856,-0.154,Normal,prophet,prophet,27,ok
Uttar Pradesh,Mau,Whole Year,26.191,940.76,0.181,-0.023,Normal,prophet,prophet,26,ok
Uttar Pradesh,Mau,Winter,17.509,17.95,-0.108,-0.022,Normal,prophet,prophet,26,ok
Uttar Pradesh,Meerut,Autumn,24.597,476.01,-0.844,0.825,Normal,prophet,prophet,26,ok
Uttar Pradesh,Meerut,Kharif,28.835,786.16,-1.096,0.371,Cooler than normal,prophet,prophet,26,ok
Uttar Pradesh,Meerut,Rabi,18.515,127.68,-0.013,0.214,Normal,prophet,prophet,26,ok
Uttar Pradesh,Meerut,Summer,30.621,150.94,0.043,-0.065,Normal,prophet,prophet,27,ok
Uttar Pradesh,Meerut,Whole Year,24.439,973.57,-0.975,0.712,Normal,prophet,prophet,26,ok
Uttar Pradesh,Meerut,Winter,15.744,55.82,-0.123,0.049,Normal,prophet,prophet,26,ok
Uttar Pradesh,Mirzapur,Autumn,25.082,521.88,-0.436,0.173,Normal,prophet,prophet,26,ok
Uttar Pradesh,Mirzapur,Kharif,29.18,962.15,-0.067,0.346,Normal,prophet,prophet,26,ok
Uttar Pradesh,Mirzapur,Rabi,20.304,93.86,-0.349,0.493,Normal,prophet,prophet,26,ok
Uttar Pradesh,Mirzapur,Summer,33.216,176.72,0.697,0.055,Normal,prophet,prophet,27,ok
Uttar Pradesh,Mirzapur,Whole Year,25.889,1058.12,-0.447,0.446,Normal,prophet,prophet,26,ok
Uttar Pradesh,Mirzapur,Winter,17.622,24.45,-0.363,-0.046,Normal,prophet,prophet,26,ok
Uttar Pradesh,Moradabad,Autumn,24.924,509.66,-0.715,0.638,Normal,prophet,prophet,26,ok
Uttar Pradesh,Moradabad,Kharif,28.95,830.14,-0.9,0.142,Normal,prophet,prophet,26,ok
Uttar Pradesh,Moradabad,Rabi,19.104,144.93,0.038,0.192,Normal,prophet,prophet,26,ok
Uttar Pradesh,Moradabad,Summer,30.539,174.87,0.083,0.021,Normal,prophet,prophet,27,ok
Uttar Pradesh,Moradabad,Whole Year,24.709,1047.05,-0.83,0.659,Normal,prophet,prophet,26,ok
Uttar Pradesh,Moradabad,Winter,16.42,59.35,-0.076,0.027,Normal,prophet,prophet,26,ok
Uttar Pradesh,Muzaffarnagar,Autumn,24.207,572.68,-0.917,1.046,Wetter than normal,prophet,prophet,26,ok
Uttar Pradesh,Muzaffarnagar,Kharif,28.556,1027.83,-0.945,0.906,Normal,prophet,prophet,26,ok
Uttar Pradesh,Muzaffarnagar,Rabi,18.176,146.2,-0.053,0.232,Normal,prophet,prophet,26,ok
Uttar Pradesh,Muzaffarnagar,Summer,30.176,192.67,0.024,0.014,Normal,prophet,prophet,27,ok
Uttar Pradesh,Muzaffarnagar,Whole Year,24.127,1230.24,-0.813,1.088,Wetter than normal,prophet,prophet,26,ok
Uttar Pradesh,Muzaffarnagar,Winter,15.525,67.15,-0.121,0.044,Normal,prophet,prophet,26,ok
Uttar Pradesh,Pilibhit,Autumn,24.88,548.32,-0.318,0.198,Normal,prophet,prophet,26,ok
Uttar Pradesh,Pilibhit,Kharif,28.959,936.88,-0.137,-0.542,Normal,prophet,prophet,26,ok
Uttar Pradesh,Pilibhit,Rabi,19.076,202.99,-0.128,0.189,Normal,prophet,prophet,26,ok
Uttar Pradesh,Pilibhit,Summer,30.787,286.43,0.344,0.121,Normal,prophet,prophet,27,ok
Uttar Pradesh,Pilibhit,Whole Year,24.892,1173.51,-0.171,-0.406,Normal,prophet,prophet,26,ok
Uttar Pradesh,Pilibhit,Winter,16.512,78.8,-0.168,0.024,Normal,prophet,prophet,26,ok
Uttar Pradesh,Pratapgarh,Autumn,25.185,488.66,-0.215,0.11,Normal,prophet,prophet,26,ok
Uttar Pradesh,Pratapgarh,Kharif,29.593,920.17,0.194,0.256,Normal,prophet,prophet,26,ok
Uttar Pradesh,Pratapgarh,Rabi,19.916,94.2,-0.131,0.319,Normal,prophet,prophet,26,ok
Uttar Pradesh,Pratapgarh,Summer,33.248,172.9,0.822,-0.011,Normal,prophet,prophet,27,ok
Uttar Pradesh,Pratapgarh,Whole Year,25.931,1021.79,0.019,0.345,Normal,prophet,prophet,26,ok
Uttar Pradesh,Pratapgarh,Winter,17.14,18.45,-0.16,-0.192,Normal,prophet,prophet,26,ok
Uttar Pradesh,Prayagraj,Autumn,25.3,492.85,-0.431,0.114,Normal,prophet,prophet,26,ok
Uttar Pradesh,Prayagraj,Kharif,29.575,919.2,-0.095,0.295,Normal,prophet,prophet,26,ok
Uttar Pradesh,Prayagraj,Rabi,20.467,95.68,-0.132,0.417,Normal,prophet,prophet,26,ok
Uttar Pradesh,Prayagraj,Summer,33.587,174.33,0.734,0.029,Normal,prophet,prophet,27,ok
Uttar Pradesh,Prayagraj,Whole Year,26.147,1011.24,-0.282,0.394,Normal,prophet,prophet,26,ok
Uttar Pradesh,Prayagraj,Winter,17.659,19.15,-0.209,-0.124,Normal,prophet,prophet,26,ok
Uttar Pradesh,Rae Bareli,Autumn,25.176,522.86,-0.199,0.146,Normal,prophet,prophet,26,ok
Uttar Pradesh,Rae Bareli,Kharif,29.547,949.58,0.185,0.085,Normal,prophet,prophet,26,ok
Uttar Pradesh,Rae Bareli,Rabi,19.831,106.77,-0.044,0.229,Normal,prophet,prophet,26,ok
Uttar Pradesh,Rae Bareli,Summer,32.763,172.66,0.685,-0.0,Normal,prophet,prophet,27,ok
Uttar Pradesh,Rae Bareli,Whole Year,25.817,1045.36,0.073,0.094,Normal,prophet,prophet,26,ok
Uttar Pradesh,Rae Bareli,Winter,16.872,34.67,-0.25,0.084,Normal,prophet,prophet,26,ok
Uttar Pradesh,Rampur,Autumn,24.686,551.99,-0.373,0.159,Normal,prophet,prophet,26,ok
Uttar Pradesh,Rampur,Kharif,28.506,950.11,-0.248,-0.23,Normal,prophet,prophet,26,ok
Uttar Pradesh,Rampur,Rabi,19.152,194.54,0.03,0.178,Normal,prophet,prophet,26,ok
Uttar Pradesh,Rampur,Summer,29.825,250.6,0.139,0.093,Normal,prophet,prophet,27,ok
Uttar Pradesh,Rampur,Whole Year,24.517,1174.93,-0.306,-0.11,Normal,prophet,prophet,26,ok
Uttar Pradesh,Rampur,Winter,16.611,78.13,-0.138,0.022,Normal,prophet,prophet,26,ok
Uttar Pradesh,Saharanpur,Autumn,24.309,657.64,-0.133,0.765,Normal,prophet,prophet,26,ok
Uttar Pradesh,Saharanpur,Kharif,28.268,1216.77,-0.53,0.73,Normal,prophet,prophet,26,ok
Uttar Pradesh,Saharanpur,Rabi,18.366,179.4,0.422,0.28,Normal,prophet,prophet,26,ok
Uttar Pradesh,Saharanpur,Summer,29.36,267.93,-0.013,0.08,Normal,prophet,prophet,27,ok
Uttar Pradesh,Saharanpur,Whole Year,23.93,1459.1,-0.361,0.841,Normal,prophet,prophet,26,ok
Uttar Pradesh,Saharanpur,Winter,15.798,91.84,0.293,0.065,Normal,prophet,prophet,26,ok
Uttar Pradesh,Sambhal,Autumn,24.818,424.8,-0.631,0.208,Normal,prophet,prophet,26,ok
Uttar Pradesh,Sambhal,Kharif,29.127,767.38,-0.752,0.127,Normal,prophet,prophet,26,ok
Uttar Pradesh,Sambhal,Rabi,18.775,128.87,-0.254,0.198,Normal,prophet,prophet,26,ok
Uttar Pradesh,Sambhal,Summer,31.023,156.86,0.139,0.02,Normal,prophet,prophet,27,ok
Uttar Pradesh,Sambhal,Whole Year,24.757,905.3,-1.021,0.237,Cooler than normal,prophet,prophet,26,ok
Uttar Pradesh,Sambhal,Winter,16.14,51.92,-0.199,0.047,Normal,prophet,prophet,26,ok
Uttar Pradesh,Sant Kabir Nagar,Autumn,25.67,628.58,0.25,0.339,Normal,prophet,prophet,26,ok
Uttar Pradesh,Sant Kabir Nagar,Kharif,29.563,1174.82,0.525,-0.016,Normal,prophet,prophet,26,ok
Uttar Pradesh,Sant Kabir Nagar,Rabi,20.16,133.29,0.128,0.228,Normal,prophet,prophet,26,ok
Uttar Pradesh,Sant Kabir Nagar,Summer,31.921,305.64,0.841,0.136,Normal,prophet,prophet,27,ok
Uttar Pradesh,Sant Kabir Nagar,Whole Year,25.769,1342.47,0.38,0.051,Normal,prophet,prophet,26,ok
Uttar Pradesh,Sant Kabir Nagar,Winter,17.337,32.07,-0.13,-0.012,Normal,prophet,prophet,26,ok
Uttar Pradesh,Sant Ravidas Nagar,Autumn,25.424,496.08,-0.349,0.157,Normal,prophet,prophet,26,ok
Uttar Pradesh,Sant Ravidas Nagar,Kharif,29.717,918.68,0.085,0.342,Normal,prophet,prophet,26,ok
Uttar Pradesh,Sant Ravidas Nagar,Rabi,20.51,93.76,-0.125,0.444,Normal,prophet,prophet,26,ok
Uttar Pradesh,Sant Ravidas Nagar,Summer,33.587,168.92,0.808,0.046,Normal,prophet,prophet,27,ok
Uttar Pradesh,Sant Ravidas Nagar,Whole Year,26.236,1011.67,-0.153,0.474,Normal,prophet,prophet,26,ok
Uttar Pradesh,Sant Ravidas Nagar,Winter,17.658,22.17,-0.234,-0.058,Normal,prophet,prophet,26,ok
Uttar Pradesh,Shahjahanpur,Autumn,25.006,450.99,-0.349,-0.003,Normal,prophet,prophet,26,ok
Uttar Pradesh,Shahjahanpur,Kharif,29.3,815.08,-0.205,-0.519,Normal,prophet,prophet,26,ok
Uttar Pradesh,Shahjahanpur,Rabi,19.176,169.08,-0.2,0.191,Normal,prophet,prophet,26,ok
Uttar Pradesh,Shahjahanpur,Summer,31.571,211.58,0.451,0.12,Normal,prophet,prophet,27,ok
Uttar Pradesh,Shahjahanpur,Whole Year,25.211,978.92,-0.288,-0.619,Normal,prophet,prophet,26,ok
Uttar Pradesh,Shahjahanpur,Winter,16.556,64.89,-0.189,0.028,Normal,prophet,prophet,26,ok
Uttar Pradesh,Shamli,Autumn,24.207,572.68,-0.917,1.046,Wetter than normal,prophet,prophet,26,ok
Uttar Pradesh,Shamli,Kharif,28.556,1027.83,-0.945,0.906,Normal,prophet,prophet,26,ok
Uttar Pradesh,Shamli,Rabi,18.176,146.2,-0.053,0.232,Normal,prophet,prophet,26,ok
Uttar Pradesh,Shamli,Summer,30.176,192.67,0.024,0.014,Normal,prophet,prophet,27,ok
Uttar Pradesh,Shamli,Whole Year,24.127,1230.24,-0.813,1.088,Wetter than normal,prophet,prophet,26,ok
Uttar Pradesh,Shamli,Winter,15.525,67.15,-0.121,0.044,Normal,prophet,prophet,26,ok
Uttar Pradesh,Shravasti,Autumn,25.322,675.95,-0.123,0.435,Normal,prophet,prophet,26,ok
Uttar Pradesh,Shravasti,Kharif,29.166,1360.12,0.178,0.47,Normal,prophet,prophet,26,ok
Uttar Pradesh,Shravasti,Rabi,19.851,153.87,0.05,0.2,Normal,prophet,prophet,26,ok
Uttar Pradesh,Shravasti,Summer,31.548,367.3,0.86,0.152,Normal,prophet,prophet,27,ok
Uttar Pradesh,Shravasti,Whole Year,25.435,1539.99,0.207,0.367,Normal,prophet,prophet,26,ok
Uttar Pradesh,Shravasti,Winter,17.136,38.5,-0.112,-0.088,Normal,prophet,prophet,26,ok
Uttar Pradesh,Siddharthnagar,Autumn,25.438,716.71,-0.005,0.347,Normal,prophet,prophet,26,ok
Uttar Pradesh,Siddharthnagar,Kharif,28.754,1390.83,0.423,0.16,Normal,prophet,prophet,26,ok
Uttar Pradesh,Siddharthnagar,Rabi,20.442,168.56,0.074,0.263,Normal,prophet,prophet,26,ok
Uttar Pradesh,Siddharthnagar,Summer,30.811,430.26,0.867,0.275,Normal,prophet,prophet,27,ok
Uttar Pradesh,Siddharthnagar,Whole Year,25.438,1613.14,0.379,0.187,Normal,prophet,prophet,26,ok
Uttar Pradesh,Siddharthnagar,Winter,18.043,41.54,-0.035,0.002,Normal,prophet,prophet,26,ok
Uttar Pradesh,Sitapur,Autumn,25.108,494.17,-0.421,0.189,Normal,prophet,prophet,26,ok
Uttar Pradesh,Sitapur,Kharif,29.313,876.53,-0.338,-0.297,Normal,prophet,prophet,26,ok
Uttar Pradesh,Sitapur,Rabi,19.514,164.39,-0.114,0.199,Normal,prophet,prophet,26,ok
Uttar Pradesh,Sitapur,Summer,31.878,211.84,0.548,0.091,Normal,prophet,prophet,27,ok
Uttar Pradesh,Sitapur,Whole Year,25.494,1015.63,-0.066,-0.324,Normal,prophet,prophet,26,ok
Uttar Pradesh,Sitapur,Winter,16.73,63.65,-0.25,0.05,Normal,prophet,prophet,26,ok
Uttar Pradesh,Sonbhadra,Autumn,24.678,570.68,-0.36,0.289,Normal,prophet,prophet,26,ok
Uttar Pradesh,Sonbhadra,Kharif,28.741,1004.54,0.144,0.371,Normal,prophet,prophet,26,ok
Uttar Pradesh,Sonbhadra,Rabi,19.885,115.83,-0.461,0.406,Normal,prophet,prophet,26,ok
Uttar Pradesh,Sonbhadra,Summer,32.403,174.58,0.548,-0.051,Normal,prophet,prophet,27,ok
Uttar Pradesh,Sonbhadra,Whole Year,25.486,1099.01,-0.4,0.401,Normal,prophet,prophet,26,ok
Uttar Pradesh,Sonbhadra,Winter,17.304,26.48,-0.478,-0.041,Normal,prophet,prophet,26,ok
Uttar Pradesh,Sultanpur,Autumn,25.324,534.55,0.013,0.232,Normal,prophet,prophet,26,ok
Uttar Pradesh,Sultanpur,Kharif,29.685,986.16,0.487,0.138,Normal,prophet,prophet,26,ok
Uttar Pradesh,Sultanpur,Rabi,19.968,106.43,0.088,0.248,Normal,prophet,prophet,26,ok
Uttar Pradesh,Sultanpur,Summer,32.906,194.32,0.922,0.042,Normal,prophet,prophet,27,ok
Uttar Pradesh,Sultanpur,Whole Year,25.897,1088.79,0.32,0.156,Normal,prophet,prophet,26,ok
Uttar Pradesh,Sultanpur,Winter,16.991,31.35,-0.157,0.077,Normal,prophet,prophet,26,ok
Uttar Pradesh,Unnao,Autumn,25.202,523.41,-0.391,0.391,Normal,prophet,prophet,26,ok
Uttar Pradesh,Unnao,Kharif,29.594,861.24,-0.148,-0.009,Normal,prophet,prophet,26,ok
Uttar Pradesh,Unnao,Rabi,19.821,108.18,-0.199,0.192,Normal,prophet,prophet,26,ok
Uttar Pradesh,Unnao,Summer,32.689,132.14,0.505,-0.156,Normal,prophet,prophet,27,ok
Uttar Pradesh,Unnao,Whole Year,25.907,953.79,-0.067,0.025,Normal,prophet,prophet,26,ok
Uttar Pradesh,Unnao,Winter,16.889,40.72,-0.368,0.077,Normal,prophet,prophet,26,ok
Uttar Pradesh,Varanasi,Autumn,25.529,503.01,-0.355,0.261,Normal,prophet,prophet,26,ok
Uttar Pradesh,Varanasi,Kharif,29.863,899.94,0.08,0.253,Normal,prophet,prophet,26,ok
Uttar Pradesh,Varanasi,Rabi,20.51,99.41,-0.187,0.357,Normal,prophet,prophet,26,ok
Uttar Pradesh,Varanasi,Summer,33.625,166.7,0.854,-0.037,Normal,prophet,prophet,27,ok
Uttar Pradesh,Varanasi,Whole Year,26.322,993.28,-0.13,0.341,Normal,prophet,prophet,26,ok
Uttar Pradesh,Varanasi,Winter,17.692,21.7,-0.263,0.066,Normal,prophet,prophet,26,ok
Uttarakhand,Almora,Autumn,20.895,563.31,-0.044,0.243,Normal,prophet,prophet,26,ok
Uttarakhand,Almora,Kharif,24.223,1098.14,0.205,0.676,Normal,prophet,prophet,26,ok
Uttarakhand,Almora,Rabi,15.619,225.49,0.35,0.201,Normal,prophet,prophet,26,ok
Uttarakhand,Almora,Summer,24.282,297.6,0.218,0.106,Normal,prophet,prophet,27,ok
Uttarakhand,Almora,Whole Year,20.458,1291.1,0.494,0.356,Normal,prophet,prophet,26,ok
Uttarakhand,Almora,Winter,13.525,100.2,0.165,0.044,Normal,prophet,prophet,26,ok
Uttarakhand,Bageshwar,Autumn,14.714,372.34,0.738,0.128,Normal,prophet,prophet,26,ok
Uttarakhand,Bageshwar,Kharif,17.526,721.93,1.176,0.396,Hotter than normal,prophet,prophet,26,ok
Uttarakhand,Bageshwar,Rabi,8.427,250.19,0.429,0.207,Normal,prophet,prophet,26,ok
Uttarakhand,Bageshwar,Summer,14.576,355.79,-0.106,0.103,Normal,prophet,prophet,27,ok
Uttarakhand,Bageshwar,Whole Year,13.334,1029.06,1.201,0.102,Hotter than normal,prophet,prophet,26,ok
Uttarakhand,Bageshwar,Winter,6.551,87.69,0.215,-0.195,Normal,prophet,prophet,26,ok
Uttarakhand,Chamoli,Autumn,9.704,379.2,0.706,0.383,Normal,prophet,prophet,26,ok
Uttarakhand,Chamoli,Kharif,12.697,690.53,1.2,0.41,Hotter than normal,prophet,prophet,26,ok
Uttarakhand,Chamoli,Rabi,2.097,203.45,0.045,0.246,Normal,prophet,prophet,26,ok
Uttarakhand,Chamoli,Summer,8.432,278.9,-0.072,0.156,Normal,prophet,prophet,27,ok
Uttarakhand,Chamoli,Whole Year,7.468,930.05,0.766,0.208,Normal,prophet,prophet,26,ok
Uttarakhand,Chamoli,Winter,0.426,110.26,0.018,0.096,Normal,prophet,prophet,26,ok
Uttarakhand,Champawat,Autumn,24.251,570.93,0.028,0.132,Normal,prophet,prophet,26,ok
Uttarakhand,Champawat,Kharif,27.646,981.05,-0.129,-0.473,Normal,prophet,prophet,26,ok
Uttarakhand,Champawat,Rabi,18.801,248.62,0.032,0.183,Normal,prophet,prophet,26,ok
Uttarakhand,Champawat,Summer,28.834,355.32,0.256,0.083,Normal,prophet,prophet,27,ok
Uttarakhand,Champawat,Whole Year,24.009,1323.01,0.116,-0.096,Normal,prophet,prophet,26,ok
Uttarakhand,Champawat,Winter,16.419,78.65,-0.125,-0.18,Normal,prophet,prophet,26,ok
Uttarakhand,Dehradun,Autumn,19.308,687.07,1.097,0.534,Hotter than normal,prophet,prophet,26,ok
Uttarakhand,Dehradun,Kharif,22.361,1231.68,0.316,0.322,Normal,prophet,prophet,26,ok
Uttarakhand,Dehradun,Rabi,13.405,214.43,0.563,0.38,Normal,prophet,prophet,26,ok
Uttarakhand,Dehradun,Summer,21.604,329.16,0.145,0.209,Normal,prophet,prophet,27,ok
Uttarakhand,Dehradun,Whole Year,18.383,1538.36,0.768,0.516,Normal,prophet,prophet,26,ok
Uttarakhand,Dehradun,Winter,11.269,121.06,0.262,0.129,Normal,prophet,prophet,26,ok
Uttarakhand,Haridwar,Autumn,23.426,612.54,-0.178,0.652,Normal,prophet,prophet,26,ok
Uttarakhand,Haridwar,Kharif,27.066,1115.24,-0.477,0.378,Normal,prophet,prophet,26,ok
Uttarakhand,Haridwar,Rabi,17.814,168.22,0.293,0.27,Normal,prophet,prophet,26,ok
Uttarakhand,Haridwar,Summer,27.902,255.59,-0.026,0.085,Normal,prophet,prophet,27,ok
Uttarakhand,Haridwar,Whole Year,23.07,1360.17,-0.223,0.611,Normal,prophet,prophet,26,ok
Uttarakhand,Haridwar,Winter,15.292,86.87,-0.004,0.055,Normal,prophet,prophet,26,ok
Uttarakhand,Nainital,Autumn,20.895,563.31,-0.044,0.243,Normal,prophet,prophet,26,ok
Uttarakhand,Nainital,Kharif,24.223,1098.14,0.205,0.676,Normal,prophet,prophet,26,ok
Uttarakhand,Nainital,Rabi,15.619,225.49,0.35,0.201,Normal,prophet,prophet,26,ok
Uttarakhand,Nainital,Summer,24.282,297.6,0.218,0.106,Normal,prophet,prophet,27,ok
Uttarakhand,Nainital,Whole Year,20.458,1291.1,0.494,0.356,Normal,prophet,prophet,26,ok
Uttarakhand,Nainital,Winter,13.525,100.2,0.165,0.044,Normal,prophet,prophet,26,ok
Uttarakhand,Pauri Garhwal,Autumn,19.914,642.06,0.352,0.727,Normal,prophet,prophet,26,ok
Uttarakhand,Pauri Garhwal,Kharif,23.126,1197.16,0.203,0.947,Normal,prophet,prophet,26,ok
Uttarakhand,Pauri Garhwal,Rabi,14.172,200.36,0.11,0.255,Normal,prophet,prophet,26,ok
Uttarakhand,Pauri Garhwal,Summer,22.942,282.56,0.108,0.114,Normal,prophet,prophet,27,ok
Uttarakhand,Pauri Garhwal,Whole Year,19.24,1397.15,0.354,0.738,Normal,prophet,prophet,26,ok
Uttarakhand,Pauri Garhwal,Winter,12.232,100.83,0.075,0.074,Normal,prophet,prophet,26,ok
Uttarakhand,Pithoragarh,Autumn,19.158,510.92,0.529,0.168,Normal,prophet,prophet,26,ok
Uttarakhand,Pithoragarh,Kharif,22.083,947.26,0.681,0.204,Normal,prophet,prophet,26,ok
Uttarakhand,Pithoragarh,Rabi,13.675,270.2,0.292,0.19,Normal,prophet,prophet,26,ok
Uttarakhand,Pithoragarh,Summer,21.495,382.02,0.197,0.074,Normal,prophet,prophet,27,ok
Uttarakhand,Pithoragarh,Whole Year,18.434,1259.01,0.841,0.012,Normal,prophet,prophet,26,ok
Uttarakhand,Pithoragarh,Winter,11.762,89.58,0.177,-0.188,Normal,prophet,prophet,26,ok
Uttarakhand,Rudraprayag,Autumn,15.596,571.35,1.114,0.483,Hotter than normal,prophet,prophet,26,ok
Uttarakhand,Rudraprayag,Kharif,18.373,1028.26,0.818,0.404,Normal,prophet,prophet,26,ok
Uttarakhand,Rudraprayag,Rabi,9.575,216.04,0.615,0.299,Normal,prophet,prophet,26,ok
Uttarakhand,Rudraprayag,Summer,15.949,310.25,-0.085,0.159,Normal,prophet,prophet,27,ok
Uttarakhand,Rudraprayag,Whole Year,14.258,1322.54,1.153,0.519,Hotter than normal,prophet,prophet,26,ok
Uttarakhand,Rudraprayag,Winter,7.765,120.04,0.372,0.108,Normal,prophet,prophet,26,ok
Uttarakhand,Tehri Garhwal,Autumn,15.596,571.35,1.114,0.483,Hotter than normal,prophet,prophet,26,ok
Uttarakhand,Tehri Garhwal,Kharif,18.373,1028.26,0.818,0.404,Normal,prophet,prophet,26,ok
Uttarakhand,Tehri Garhwal,Rabi,9.575,216.04,0.615,0.299,Normal,prophet,prophet,26,ok
Uttarakhand,Tehri Garhwal,Summer,15.949,310.25,-0.085,0.159,Normal,prophet,prophet,27,ok
Uttarakhand,Tehri Garhwal,Whole Year,14.258,1322.54,1.153,0.519,Hotter than normal,prophet,prophet,26,ok
Uttarakhand,Tehri Garhwal,Winter,7.765,120.04,0.372,0.108,Normal,prophet,prophet,26,ok
Uttarakhand,Udham Singh Nagar,Autumn,24.686,551.99,-0.373,0.159,Normal,prophet,prophet,26,ok
Uttarakhand,Udham Singh Nagar,Kharif,28.506,950.11,-0.248,-0.23,Normal,prophet,prophet,26,ok
Uttarakhand,Udham Singh Nagar,Rabi,19.152,194.54,0.03,0.178,Normal,prophet,prophet,26,ok
Uttarakhand,Udham Singh Nagar,Summer,29.825,250.6,0.139,0.093,Normal,prophet,prophet,27,ok
Uttarakhand,Udham Singh Nagar,Whole Year,24.517,1174.93,-0.306,-0.11,Normal,prophet,prophet,26,ok
Uttarakhand,Udham Singh Nagar,Winter,16.611,78.13,-0.138,0.022,Normal,prophet,prophet,26,ok
Uttarakhand,Uttarkashi,Autumn,4.317,395.62,1.065,0.396,Hotter than normal,prophet,prophet,26,ok
Uttarakhand,Uttarkashi,Kharif,7.647,651.99,1.512,-0.08,Hotter than normal,prophet,prophet,26,ok
Uttarakhand,Uttarkashi,Rabi,-4.253,203.03,0.713,0.36,Normal,prophet,prophet,26,ok
Uttarakhand,Uttarkashi,Summer,1.641,269.78,-0.077,0.208,Normal,prophet,prophet,27,ok
Uttarakhand,Uttarkashi,Whole Year,0.758,989.96,0.081,0.487,Normal,prophet,prophet,26,ok
Uttarakhand,Uttarkashi,Winter,-5.999,119.08,0.578,0.137,Normal,prophet,prophet,26,ok
West Bengal,Alipurduar,Autumn,25.382,1124.45,-0.061,0.452,Normal,prophet,prophet,26,ok
West Bengal,Alipurduar,Kharif,27.592,2375.69,1.129,0.59,Hotter than normal,prophet,prophet,26,ok
West Bengal,Alipurduar,Rabi,20.529,350.97,-0.202,0.609,Normal,prophet,prophet,26,ok
West Bengal,Alipurduar,Summer,26.586,1278.19,-0.089,0.575,Normal,prophet,prophet,27,ok
West Bengal,Alipurduar,Whole Year,24.268,2815.65,0.031,0.073,Normal,prophet,prophet,26,ok
West Bengal,Alipurduar,Winter,18.65,27.06,-0.093,-0.026,Normal,prophet,prophet,26,ok
West Bengal,Bankura,Autumn,25.857,795.85,-0.05,0.218,Normal,prophet,prophet,26,ok
West Bengal,Bankura,Kharif,28.656,1330.88,0.484,0.171,Normal,prophet,prophet,26,ok
West Bengal,Bankura,Rabi,20.971,229.38,-0.525,0.034,Normal,prophet,prophet,26,ok
West Bengal,Bankura,Summer,30.375,412.57,0.707,-0.134,Normal,prophet,prophet,27,ok
West Bengal,Bankura,Whole Year,25.65,1628.37,0.057,0.206,Normal,prophet,prophet,26,ok
West Bengal,Bankura,Winter,18.561,65.54,-0.566,0.14,Normal,prophet,prophet,26,ok
West Bengal,Birbhum,Autumn,25.713,716.18,0.09,0.34,Normal,prophet,prophet,26,ok
West Bengal,Birbhum,Kharif,28.724,1176.12,0.563,0.115,Normal,prophet,prophet,26,ok
West Bengal,Birbhum,Rabi,20.898,192.48,-0.445,0.053,Normal,prophet,prophet,26,ok
West Bengal,Birbhum,Summer,30.758,362.16,0.718,-0.178,Normal,prophet,prophet,27,ok
West Bengal,Birbhum,Whole Year,25.646,1423.7,-0.031,0.154,Normal,prophet,prophet,26,ok
West Bengal,Birbhum,Winter,18.344,44.04,-0.569,0.167,Normal,prophet,prophet,26,ok
West Bengal,Cooch Behar,Autumn,25.382,1124.45,-0.061,0.452,Normal,prophet,prophet,26,ok
West Bengal,Cooch Behar,Kharif,27.592,2375.69,1.129,0.59,Hotter than normal,prophet,prophet,26,ok
West Bengal,Cooch Behar,Rabi,20.529,350.97,-0.202,0.609,Normal,prophet,prophet,26,ok
West Bengal,Cooch Behar,Summer,26.586,1278.19,-0.089,0.575,Normal,prophet,prophet,27,ok
West Bengal,Cooch Behar,Whole Year,24.268,2815.65,0.031,0.073,Normal,prophet,prophet,26,ok
West Bengal,Cooch Behar,Winter,18.65,27.06,-0.093,-0.026,Normal,prophet,prophet,26,ok
West Bengal,Dakshin Dinajpur,Autumn,25.959,988.98,-0.009,0.464,Normal,prophet,prophet,26,ok
West Bengal,Dakshin Dinajpur,Kharif,28.414,1808.02,0.758,0.432,Normal,prophet,prophet,26,ok
West Bengal,Dakshin Dinajpur,Rabi,20.905,284.94,-0.179,0.327,Normal,prophet,prophet,26,ok
West Bengal,Dakshin Dinajpur,Summer,28.799,867.59,0.419,0.308,Normal,prophet,prophet,27,ok
West Bengal,Dakshin Dinajpur,Whole Year,25.166,2125.38,0.076,-0.078,Normal,prophet,prophet,26,ok
West Bengal,Dakshin Dinajpur,Winter,18.47,32.11,-0.334,0.118,Normal,prophet,prophet,26,ok
West Bengal,Darjeeling,Autumn,19.909,1032.67,0.559,1.079,Wetter than normal,prophet,prophet,26,ok
West Bengal,Darjeeling,Kharif,21.924,2093.73,1.089,0.807,Hotter than normal,prophet,prophet,26,ok
West Bengal,Darjeeling,Rabi,14.918,289.49,0.137,0.761,Normal,prophet,prophet,26,ok
West Bengal,Darjeeling,Summer,20.298,1024.73,-0.001,1.015,Wetter than normal,prophet,prophet,27,ok
West Bengal,Darjeeling,Whole Year,18.469,2577.14,0.191,0.922,Normal,prophet,prophet,26,ok
West Bengal,Darjeeling,Winter,13.208,34.24,-0.027,0.06,Normal,prophet,prophet,26,ok
West Bengal,Hooghly,Autumn,26.053,758.42,-0.071,0.129,Normal,prophet,prophet,26,ok
West Bengal,Hooghly,Kharif,28.642,1283.38,0.516,0.143,Normal,prophet,prophet,26,ok
West Bengal,Hooghly,Rabi,21.594,238.31,-0.297,-0.056,Normal,prophet,prophet,26,ok
West Bengal,Hooghly,Summer,30.712,425.36,0.89,-0.168,Normal,prophet,prophet,27,ok
West Bengal,Hooghly,Whole Year,25.987,1613.75,0.197,0.161,Normal,prophet,prophet,26,ok
West Bengal,Hooghly,Winter,19.097,79.01,-0.419,0.156,Normal,prophet,prophet,26,ok
West Bengal,Howrah,Autumn,26.134,860.17,-0.273,0.131,Normal,prophet,prophet,26,ok
West Bengal,Howrah,Kharif,28.561,1421.47,0.417,0.158,Normal,prophet,prophet,26,ok
West Bengal,Howrah,Rabi,21.965,279.29,-0.176,-0.005,Normal,prophet,prophet,26,ok
West Bengal,Howrah,Summer,30.575,436.7,1.075,-0.188,Hotter than normal,prophet,prophet,27,ok
West Bengal,Howrah,Whole Year,26.147,1759.35,0.419,0.154,Normal,prophet,prophet,26,ok
West Bengal,Howrah,Winter,19.495,74.76,-0.342,-0.053,Normal,prophet,prophet,26,ok
West Bengal,Jalpaiguri,Autumn,25.609,1289.88,-0.221,0.754,Normal,prophet,prophet,26,ok
West Bengal,Jalpaiguri,Kharif,27.788,2652.13,0.661,0.821,Normal,prophet,prophet,26,ok
West Bengal,Jalpaiguri,Rabi,21.039,344.02,-0.243,0.567,Normal,prophet,prophet,26,ok
West Bengal,Jalpaiguri,Summer,27.397,1218.85,-0.027,0.633,Normal,prophet,prophet,27,ok
West Bengal,Jalpaiguri,Whole Year,24.685,3161.63,-0.185,0.705,Normal,prophet,prophet,26,ok
West Bengal,Jalpaiguri,Winter,19.082,32.96,-0.225,0.04,Normal,prophet,prophet,26,ok
West Bengal,Jhargram,Autumn,25.511,817.29,-0.263,0.282,Normal,prophet,prophet,26,ok
West Bengal,Jhargram,Kharif,28.305,1308.62,0.39,0.12,Normal,prophet,prophet,26,ok
West Bengal,Jhargram,Rabi,21.035,266.44,-0.39,0.198,Normal,prophet,prophet,26,ok
West Bengal,Jhargram,Summer,30.491,420.46,0.848,-0.097,Normal,prophet,prophet,27,ok
West Bengal,Jhargram,Whole Year,25.523,1647.21,-0.024,0.224,Normal,prophet,prophet,26,ok
West Bengal,Jhargram,Winter,18.622,71.84,-0.463,0.11,Normal,prophet,prophet,26,ok
West Bengal,Kalimpong,Autumn,20.447,1180.14,0.519,1.191,Wetter than normal,prophet,prophet,26,ok
West Bengal,Kalimpong,Kharif,22.469,2469.41,1.421,1.025,Hotter & Wetter than normal,prophet,prophet,26,ok
West Bengal,Kalimpong,Rabi,15.254,342.49,0.155,0.863,Normal,prophet,prophet,26,ok
West Bengal,Kalimpong,Summer,20.271,1302.33,-0.313,1.232,Wetter than normal,prophet,prophet,27,ok
West Bengal,Kalimpong,Whole Year,18.842,3075.42,0.275,1.276,Wetter than normal,prophet,prophet,26,ok
West Bengal,Kalimpong,Winter,13.565,41.03,0.056,0.11,Normal,prophet,prophet,26,ok
West Bengal,Malda,Autumn,26.161,740.3,-0.057,0.589,Normal,prophet,prophet,26,ok
West Bengal,Malda,Kharif,29.002,1229.9,0.7,0.366,Normal,prophet,prophet,26,ok
West Bengal,Malda,Rabi,21.206,208.08,-0.161,0.243,Normal,prophet,prophet,26,ok
West Bengal,Malda,Summer,30.407,469.67,0.745,-0.074,Normal,prophet,prophet,27,ok
West Bengal,Malda,Whole Year,25.833,1561.12,0.203,0.502,Normal,prophet,prophet,26,ok
West Bengal,Malda,Winter,18.523,32.48,-0.452,0.156,Normal,prophet,prophet,26,ok
West Bengal,Murshidabad,Autumn,26.198,669.14,0.083,0.409,Normal,prophet,prophet,26,ok
West Bengal,Murshidabad,Kharif,29.009,1073.32,0.722,-0.005,Normal,prophet,prophet,26,ok
West Bengal,Murshidabad,Rabi,21.462,203.01,-0.512,0.048,Normal,prophet,prophet,26,ok
West Bengal,Murshidabad,Summer,30.929,402.21,0.878,-0.211,Normal,prophet,prophet,27,ok
West Bengal,Murshidabad,Whole Year,26.105,1380.09,0.217,0.043,Normal,prophet,prophet,26,ok
West Bengal,Murshidabad,Winter,18.963,52.12,-0.521,0.2,Normal,prophet,prophet,26,ok
West Bengal,Nadia,Autumn,26.22,816.5,0.011,0.167,Normal,prophet,prophet,26,ok
West Bengal,Nadia,Kharif,28.575,1384.97,0.913,0.18,Normal,prophet,prophet,26,ok
West Bengal,Nadia,Rabi,21.884,307.78,-0.249,0.149,Normal,prophet,prophet,26,ok
West Bengal,Nadia,Summer,30.282,560.48,0.837,-0.206,Normal,prophet,prophet,27,ok
West Bengal,Nadia,Whole Year,26.03,1818.54,0.436,0.122,Normal,prophet,prophet,26,ok
West Bengal,Nadia,Winter,19.314,94.24,-0.513,0.199,Normal,prophet,prophet,26,ok
West Bengal,North 24 Parganas,Autumn,26.247,1032.84,-0.263,0.14,Normal,prophet,prophet,26,ok
West Bengal,North 24 Parganas,Kharif,28.419,1689.37,0.661,0.041,Normal,prophet,prophet,26,ok
West Bengal,North 24 Parganas,Rabi,22.532,360.94,0.036,-0.01,Normal,prophet,prophet,26,ok
West Bengal,North 24 Parganas,Summer,30.28,597.7,0.985,0.074,Normal,prophet,prophet,27,ok
West Bengal,North 24 Parganas,Whole Year,26.332,2142.73,0.798,0.101,Normal,prophet,prophet,26,ok
West Bengal,North 24 Parganas,Winter,20.087,80.89,-0.248,-0.267,Normal,prophet,prophet,26,ok
West Bengal,Paschim Bardhaman,Autumn,25.857,757.86,0.089,0.245,Normal,prophet,prophet,26,ok
West Bengal,Paschim Bardhaman,Kharif,28.76,1275.36,0.505,0.17,Normal,prophet,prophet,26,ok
West Bengal,Paschim Bardhaman,Rabi,20.91,210.02,-0.581,0.059,Normal,prophet,prophet,26,ok
West Bengal,Paschim Bardhaman,Summer,30.538,394.64,0.569,-0.138,Normal,prophet,prophet,27,ok
West Bengal,Paschim Bardhaman,Whole Year,25.671,1549.83,-0.035,0.22,Normal,prophet,prophet,26,ok
West Bengal,Paschim Bardhaman,Winter,18.481,55.57,-0.588,0.164,Normal,prophet,prophet,26,ok
West Bengal,Paschim Medinipur,Autumn,25.893,832.21,-0.196,0.174,Normal,prophet,prophet,26,ok
West Bengal,Paschim Medinipur,Kharif,28.578,1352.35,0.519,0.147,Normal,prophet,prophet,26,ok
West Bengal,Paschim Medinipur,Rabi,21.186,254.45,-0.368,-0.015,Normal,prophet,prophet,26,ok
West Bengal,Paschim Medinipur,Summer,30.384,414.4,0.999,-0.167,Normal,prophet,prophet,27,ok
West Bengal,Paschim Medinipur,Whole Year,25.728,1670.95,0.234,0.174,Normal,prophet,prophet,26,ok
West Bengal,Paschim Medinipur,Winter,18.756,71.77,-0.474,0.104,Normal,prophet,prophet,26,ok
West Bengal,Purba Bardhaman,Autumn,26.119,672.64,0.06,0.115,Normal,prophet,prophet,26,ok
West Bengal,Purba Bardhaman,Kharif,28.813,1147.34,0.627,0.085,Normal,prophet,prophet,26,ok
West Bengal,Purba Bardhaman,Rabi,21.562,209.2,-0.373,-0.04,Normal,prophet,prophet,26,ok
West Bengal,Purba Bardhaman,Summer,30.815,407.09,0.793,-0.194,Normal,prophet,prophet,27,ok
West Bengal,Purba Bardhaman,Whole Year,26.035,1460.81,0.152,0.113,Normal,prophet,prophet,26,ok
West Bengal,Purba Bardhaman,Winter,19.102,65.45,-0.415,0.186,Normal,prophet,prophet,26,ok
West Bengal,Purba Medinipur,Autumn,26.875,1097.92,-0.114,0.336,Normal,prophet,prophet,26,ok
West Bengal,Purba Medinipur,Kharif,28.823,1724.17,0.566,0.288,Normal,prophet,prophet,26,ok
West Bengal,Purba Medinipur,Rabi,22.939,369.6,-0.121,0.097,Normal,prophet,prophet,26,ok
West Bengal,Purba Medinipur,Summer,30.026,554.83,1.076,0.033,Hotter than normal,prophet,prophet,27,ok
West Bengal,Purba Medinipur,Whole Year,26.597,2158.9,0.827,0.338,Normal,prophet,prophet,26,ok
West Bengal,Purba Medinipur,Winter,20.697,63.17,-0.283,-0.45,Normal,prophet,prophet,26,ok
West Bengal,Purulia,Autumn,24.845,841.21,-0.085,0.223,Normal,prophet,prophet,26,ok
West Bengal,Purulia,Kharif,27.922,1408.01,0.524,0.129,Normal,prophet,prophet,26,ok
West Bengal,Purulia,Rabi,20.521,227.52,-0.341,0.225,Normal,prophet,prophet,26,ok
West Bengal,Purulia,Summer,30.874,435.83,1.069,-0.038,Hotter than normal,prophet,prophet,27,ok
West Bengal,Purulia,Whole Year,25.249,1709.44,0.181,0.208,Normal,prophet,prophet,26,ok
West Bengal,Purulia,Winter,17.996,56.71,-0.496,0.1,Normal,prophet,prophet,26,ok
West Bengal,South 24 Parganas,Autumn,26.924,1203.5,-0.045,0.233,Normal,prophet,prophet,26,ok
West Bengal,South 24 Parganas,Kharif,28.715,2007.98,0.814,0.267,Normal,prophet,prophet,26,ok
West Bengal,South 24 Parganas,Rabi,23.362,413.83,0.165,0.029,Normal,prophet,prophet,26,ok
West Bengal,South 24 Parganas,Summer,29.911,656.0,1.044,0.116,Hotter than normal,prophet,prophet,27,ok
West Bengal,South 24 Parganas,Whole Year,26.722,2384.81,1.114,0.049,Hotter than normal,prophet,prophet,26,ok
West Bengal,South 24 Parganas,Winter,21.168,68.19,-0.097,-0.481,Normal,prophet,prophet,26,ok
West Bengal,Uttar Dinajpur,Autumn,25.816,956.48,-0.127,0.482,Normal,prophet,prophet,26,ok
West Bengal,Uttar Dinajpur,Kharif,28.365,1784.3,0.211,0.396,Normal,prophet,prophet,26,ok
West Bengal,Uttar Dinajpur,Rabi,20.787,222.45,-0.073,0.247,Normal,prophet,prophet,26,ok
West Bengal,Uttar Dinajpur,Summer,28.936,756.21,0.396,0.316,Normal,prophet,prophet,27,ok
West Bengal,Uttar Dinajpur,Whole Year,25.029,2173.72,-0.173,0.412,Normal,prophet,prophet,26,ok
West Bengal,Uttar Dinajpur,Winter,18.38,20.16,-0.269,-0.065,Normal,prophet,prophet,26,ok
